{"type": "FeatureCollection", "features": [{"type": "Feature", "id": 1, "geometry": {"type": "LineString", "coordinates": [[-123.35594962278873, 48.4378503046156], [-123.35606549923011, 48.4382528210785]]}, "properties": {"OBJECTID_12": 1, "OWNER": "VC", "BikeLaneType": "AAA shared-use street", "Imp_Date": 2000, "Lanes": 2, "Width": null, "SHAPE_1_Length_1": null, "Shape_Length": 45.555302733314385}}, {"type": "Feature", "id": 2, "geometry": {"type": "LineString", "coordinates": [[-123.35606549923011, 48.4382528210785], [-123.35638688493448, 48.43936915782156]]}, "properties": {"OBJECTID_12": 2, "OWNER": "VC", "BikeLaneType": "AAA shared-use street", "Imp_Date": 2000, "Lanes": 2, "Width": null, "SHAPE_1_Length_1": null, "Shape_Length": 126.34295829551276}}, {"type": "Feature", "id": 3, "geometry": {"type": "LineString", "coordinates": [[-123.35638688493448, 48.43936915782156], [-123.35650265469654, 48.43977127642677]]}, "properties": {"OBJECTID_12": 3, "OWNER": "VC", "BikeLaneType": "AAA shared-use street", "Imp_Date": 2000, "Lanes": 2, "Width": null, "SHAPE_1_Length_1": null, "Shape_Length": 45.510348566178386}}, {"type": "Feature", "id": 4, "geometry": {"type": "LineString", "coordinates": [[-123.35650265469654, 48.43977127642677], [-123.35694561206482, 48.4413046783362]]}, "properties": {"OBJECTID_12": 4, "OWNER": "VC", "BikeLaneType": "AAA shared-use street", "Imp_Date": 2000, "Lanes": 2, "Width": null, "SHAPE_1_Length_1": null, "Shape_Length": 173.56565868274672}}, {"type": "Feature", "id": 5, "geometry": {"type": "LineString", "coordinates": [[-123.35694561206482, 48.4413046783362], [-123.35738918526005, 48.442838373121454]]}, "properties": {"OBJECTID_12": 5, "OWNER": "VC", "BikeLaneType": "AAA shared-use street", "Imp_Date": 2000, "Lanes": 2, "Width": null, "SHAPE_1_Length_1": null, "Shape_Length": 173.60609116089645}}, {"type": "Feature", "id": 6, "geometry": {"type": "LineString", "coordinates": [[-123.36464023869505, 48.43416001177743], [-123.36450503319925, 48.43028226834305]]}, "properties": {"OBJECTID_12": 6, "OWNER": "VC", "BikeLaneType": "Shared bus & bike lane", "Imp_Date": 2006, "Lanes": 2, "Width": null, "SHAPE_1_Length_1": null, "Shape_Length": 431.14748716280866}}, {"type": "Feature", "id": 7, "geometry": {"type": "LineString", "coordinates": [[-123.36450503319925, 48.43028226834305], [-123.3644456356535, 48.4285785201477], [-123.3644978663343, 48.42804581198873], [-123.36450130884603, 48.42803194461968]]}, "properties": {"OBJECTID_12": 7, "OWNER": "VC", "BikeLaneType": "Painted bike lane", "Imp_Date": 2006, "Lanes": 2, "Width": null, "SHAPE_1_Length_1": null, "Shape_Length": 250.3329136426384}}, {"type": "Feature", "id": 8, "geometry": {"type": "LineString", "coordinates": [[-123.36450130884603, 48.42803194461968], [-123.36470745643112, 48.427201091044765]]}, "properties": {"OBJECTID_12": 8, "OWNER": "VC", "BikeLaneType": "Painted bike lane", "Imp_Date": 2006, "Lanes": 2, "Width": null, "SHAPE_1_Length_1": null, "Shape_Length": 93.60431733585015}}, {"type": "Feature", "id": 9, "geometry": {"type": "LineString", "coordinates": [[-123.36470745643112, 48.427201091044765], [-123.36492665004519, 48.42633062162982]]}, "properties": {"OBJECTID_12": 9, "OWNER": "VC", "BikeLaneType": "Painted bike lane", "Imp_Date": 2006, "Lanes": 2, "Width": null, "SHAPE_1_Length_1": null, "Shape_Length": 98.10653742938861}}, {"type": "Feature", "id": 10, "geometry": {"type": "LineString", "coordinates": [[-123.36492665004519, 48.42633062162982], [-123.36515380627408, 48.4254284909596]]}, "properties": {"OBJECTID_12": 10, "OWNER": "VC", "BikeLaneType": "Painted bike lane", "Imp_Date": 2006, "Lanes": 2, "Width": null, "SHAPE_1_Length_1": null, "Shape_Length": 101.67484093346303}}, {"type": "Feature", "id": 11, "geometry": {"type": "LineString", "coordinates": [[-123.36515380627408, 48.4254284909596], [-123.36535726080876, 48.42462048119684]]}, "properties": {"OBJECTID_12": 11, "OWNER": "VC", "BikeLaneType": "Painted bike lane", "Imp_Date": 2006, "Lanes": 2, "Width": null, "SHAPE_1_Length_1": null, "Shape_Length": 91.06692687685664}}, {"type": "Feature", "id": 12, "geometry": {"type": "LineString", "coordinates": [[-123.38002233878088, 48.42746081346895], [-123.37979576434957, 48.427402587376804], [-123.37970185197638, 48.42738087916179], [-123.37960695950514, 48.427361147943905], [-123.37951118173491, 48.42734341859842], [-123.3794146106805, 48.42732770521419], [-123.37931734377646, 48.42731402366187], [-123.37921947575367, 48.42730238982123], [-123.37912110939936, 48.427292812348675], [-123.37902233671348, 48.427285303535044], [-123.37892148384996, 48.427279816711135], [-123.37882041495727, 48.427276543658536], [-123.37871923814757, 48.42727548222169], [-123.37861806430342, 48.427276639232616], [-123.37851700421362, 48.42728000892899], [-123.37841616330032, 48.427285590964416], [-123.37831565232587, 48.42729337597877], [-123.37821558207956, 48.4273033582109], [-123.37811605790397, 48.42731552651987], [-123.37752432954034, 48.427472461696766]]}, "properties": {"OBJECTID_12": 12, "OWNER": "VC", "BikeLaneType": "AAA protected lanes/multi use pathways", "Imp_Date": 2023, "Lanes": 2, "Width": null, "SHAPE_1_Length_1": null, "Shape_Length": 191.2983863577586}}, {"type": "Feature", "id": 13, "geometry": {"type": "LineString", "coordinates": [[-123.34235908190107, 48.42713272750002], [-123.34321126160971, 48.426831050616855]]}, "properties": {"OBJECTID_12": 13, "OWNER": "VC", "BikeLaneType": "Painted bike lane", "Imp_Date": 2013, "Lanes": 1, "Width": null, "SHAPE_1_Length_1": null, "Shape_Length": 71.40636188661455}}, {"type": "Feature", "id": 14, "geometry": {"type": "LineString", "coordinates": [[-123.35738918526005, 48.442838373121454], [-123.35775325662853, 48.44411299937399], [-123.35764150752006, 48.44425867633286]]}, "properties": {"OBJECTID_12": 14, "OWNER": "VC", "BikeLaneType": "AAA shared-use street", "Imp_Date": 2000, "Lanes": 2, "Width": null, "SHAPE_1_Length_1": null, "Shape_Length": 162.3970336112634}}, {"type": "Feature", "id": 15, "geometry": {"type": "LineString", "coordinates": [[-123.3832596786939, 48.43213674474831], [-123.38227831579054, 48.432870588486836]]}, "properties": {"OBJECTID_12": 15, "OWNER": "VC", "BikeLaneType": "AAA protected lanes/multi use pathways", "Imp_Date": 2025, "Lanes": 2, "Width": null, "SHAPE_1_Length_1": null, "Shape_Length": 109.19418101494088}}, {"type": "Feature", "id": 16, "geometry": {"type": "LineString", "coordinates": [[-123.38227831579054, 48.432870588486836], [-123.3820965785086, 48.433026103323115], [-123.38152089525484, 48.43342578773639], [-123.38091140166988, 48.43370608565625], [-123.38059017661233, 48.43378618298725]]}, "properties": {"OBJECTID_12": 16, "OWNER": "VC", "BikeLaneType": "AAA protected lanes/multi use pathways", "Imp_Date": 2025, "Lanes": 2, "Width": null, "SHAPE_1_Length_1": null, "Shape_Length": 163.6135010153373}}, {"type": "Feature", "id": 17, "geometry": {"type": "LineString", "coordinates": [[-123.37453636113372, 48.43506660269229], [-123.37272325778214, 48.43539351962015], [-123.37261654282818, 48.43541973021754]]}, "properties": {"OBJECTID_12": 17, "OWNER": "VC", "BikeLaneType": "Painted bike lane", "Imp_Date": 2002, "Lanes": 2, "Width": null, "SHAPE_1_Length_1": null, "Shape_Length": 147.3589348373178}}, {"type": "Feature", "id": 18, "geometry": {"type": "LineString", "coordinates": [[-123.37261654282818, 48.43541973021754], [-123.37249443538656, 48.435484218576306], [-123.37236995485173, 48.435546665074945], [-123.37197007211698, 48.43573551787509], [-123.37190892466737, 48.43576335822945], [-123.37184638239682, 48.43578978520585], [-123.37178250997933, 48.43581476800492], [-123.371717388326, 48.43583827757419], [-123.37165109024991, 48.43586028668687], [-123.37158369939334, 48.4358807698806], [-123.37151528857025, 48.43589969992882], [-123.3714459441803, 48.435917058557806], [-123.37137574447239, 48.4359328221224], [-123.3713047731561, 48.435946974157254], [-123.37123311392826, 48.43595949639786], [-123.37116085052537, 48.43597037597774], [-123.3710880720789, 48.43597959821394], [-123.3710148569442, 48.43598715385636], [-123.37094129429249, 48.43599303362019], [-123.37086747599915, 48.43599722821217], [-123.37079348317631, 48.43599973557117], [-123.37071940233096, 48.436000551819575], [-123.37064532540417, 48.43599967666107], [-123.37057133622518, 48.435997109825735], [-123.37051991411691, 48.435990385863455], [-123.37046887015521, 48.435982487514075], [-123.37038671261386, 48.43596955587031]]}, "properties": {"OBJECTID_12": 18, "OWNER": "VC", "BikeLaneType": "Painted bike lane", "Imp_Date": 2002, "Lanes": 2, "Width": null, "SHAPE_1_Length_1": null, "Shape_Length": 182.92915279399756}}, {"type": "Feature", "id": 19, "geometry": {"type": "LineString", "coordinates": [[-123.37038671261386, 48.43596955587031], [-123.36906221162705, 48.435901502567766]]}, "properties": {"OBJECTID_12": 19, "OWNER": "VC", "BikeLaneType": "Painted bike lane", "Imp_Date": 2002, "Lanes": 2, "Width": null, "SHAPE_1_Length_1": null, "Shape_Length": 98.2590735087855}}, {"type": "Feature", "id": 20, "geometry": {"type": "LineString", "coordinates": [[-123.36906221162705, 48.435901502567766], [-123.36734910088104, 48.43577657383105]]}, "properties": {"OBJECTID_12": 20, "OWNER": "VC", "BikeLaneType": "Painted bike lane", "Imp_Date": 2002, "Lanes": 2, "Width": null, "SHAPE_1_Length_1": null, "Shape_Length": 127.4700848269513}}, {"type": "Feature", "id": 21, "geometry": {"type": "LineString", "coordinates": [[-123.35515087434017, 48.43514008181559], [-123.35461199719472, 48.43511032236128]]}, "properties": {"OBJECTID_12": 21, "OWNER": "VC", "BikeLaneType": "AAA protected lanes/multi use pathways", "Imp_Date": 2021, "Lanes": 2, "Width": null, "SHAPE_1_Length_1": null, "Shape_Length": 39.99598531099051}}, {"type": "Feature", "id": 22, "geometry": {"type": "LineString", "coordinates": [[-123.35461199719472, 48.43511032236128], [-123.35344312474938, 48.43504576242608]]}, "properties": {"OBJECTID_12": 22, "OWNER": "VC", "BikeLaneType": "Painted bike lane", "Imp_Date": 2009, "Lanes": 2, "Width": null, "SHAPE_1_Length_1": null, "Shape_Length": 86.75500782371175}}, {"type": "Feature", "id": 23, "geometry": {"type": "LineString", "coordinates": [[-123.35344312474938, 48.43504576242608], [-123.3522843772154, 48.43498174979668]]}, "properties": {"OBJECTID_12": 23, "OWNER": "VC", "BikeLaneType": "Painted bike lane", "Imp_Date": 2009, "Lanes": 2, "Width": null, "SHAPE_1_Length_1": null, "Shape_Length": 86.00373828585005}}, {"type": "Feature", "id": 24, "geometry": {"type": "LineString", "coordinates": [[-123.3522843772154, 48.43498174979668], [-123.35099619714325, 48.43491057406726]]}, "properties": {"OBJECTID_12": 24, "OWNER": "VC", "BikeLaneType": "Painted bike lane", "Imp_Date": 2009, "Lanes": 2, "Width": null, "SHAPE_1_Length_1": null, "Shape_Length": 95.6106271407703}}, {"type": "Feature", "id": 25, "geometry": {"type": "LineString", "coordinates": [[-123.35099619714325, 48.43491057406726], [-123.3497411990139, 48.43483679464003]]}, "properties": {"OBJECTID_12": 25, "OWNER": "VC", "BikeLaneType": "Painted bike lane", "Imp_Date": 2009, "Lanes": 2, "Width": null, "SHAPE_1_Length_1": null, "Shape_Length": 93.19004815617025}}, {"type": "Feature", "id": 26, "geometry": {"type": "LineString", "coordinates": [[-123.34293834984499, 48.426180378303656], [-123.34315682408553, 48.42595284514796], [-123.34360081322534, 48.425675247428416], [-123.34376328365981, 48.42561171085656]]}, "properties": {"OBJECTID_12": 26, "OWNER": "VC", "BikeLaneType": "Painted bike lane", "Imp_Date": 2013, "Lanes": 1, "Width": null, "SHAPE_1_Length_1": null, "Shape_Length": 89.02236521057446}}, {"type": "Feature", "id": 27, "geometry": {"type": "LineString", "coordinates": [[-123.34376328365981, 48.42561171085656], [-123.34393748801648, 48.425552788394626], [-123.3442706865257, 48.425498266231386], [-123.3446838378439, 48.42547204606053], [-123.34546049601958, 48.425449518059956]]}, "properties": {"OBJECTID_12": 27, "OWNER": "VC", "BikeLaneType": "Painted bike lane", "Imp_Date": 2013, "Lanes": 1, "Width": null, "SHAPE_1_Length_1": null, "Shape_Length": 128.05684526951205}}, {"type": "Feature", "id": 28, "geometry": {"type": "LineString", "coordinates": [[-123.34546049601958, 48.425449518059956], [-123.34593767573439, 48.425422289662066], [-123.34624827590501, 48.42542665986511], [-123.3473835453469, 48.42548181837419]]}, "properties": {"OBJECTID_12": 28, "OWNER": "VC", "BikeLaneType": "Painted bike lane", "Imp_Date": 2013, "Lanes": 1, "Width": null, "SHAPE_1_Length_1": null, "Shape_Length": 142.626678792696}}, {"type": "Feature", "id": 29, "geometry": {"type": "LineString", "coordinates": [[-123.3473835453469, 48.42548181837419], [-123.35069134569115, 48.42567500805516]]}, "properties": {"OBJECTID_12": 29, "OWNER": "VC", "BikeLaneType": "Painted bike lane", "Imp_Date": 2013, "Lanes": 1, "Width": null, "SHAPE_1_Length_1": null, "Shape_Length": 245.6531887738033}}, {"type": "Feature", "id": 30, "geometry": {"type": "LineString", "coordinates": [[-123.32247140722966, 48.43215679888583], [-123.3231902869522, 48.43201759416781]]}, "properties": {"OBJECTID_12": 30, "OWNER": "VC", "BikeLaneType": "AAA protected lanes/multi use pathways", "Imp_Date": 2007, "Lanes": 2, "Width": null, "SHAPE_1_Length_1": null, "Shape_Length": 55.38173057910962}}, {"type": "Feature", "id": 31, "geometry": {"type": "LineString", "coordinates": [[-123.3231902869522, 48.43201759416781], [-123.32393559311019, 48.43187258337897]]}, "properties": {"OBJECTID_12": 31, "OWNER": "VC", "BikeLaneType": "AAA protected lanes/multi use pathways", "Imp_Date": 2007, "Lanes": 2, "Width": null, "SHAPE_1_Length_1": null, "Shape_Length": 57.43918356714055}}, {"type": "Feature", "id": 32, "geometry": {"type": "LineString", "coordinates": [[-123.32393559311019, 48.43187258337897], [-123.32492749492013, 48.431661000977066]]}, "properties": {"OBJECTID_12": 32, "OWNER": "VC", "BikeLaneType": "AAA protected lanes/multi use pathways", "Imp_Date": 2007, "Lanes": 2, "Width": null, "SHAPE_1_Length_1": null, "Shape_Length": 77.04952973724049}}, {"type": "Feature", "id": 33, "geometry": {"type": "LineString", "coordinates": [[-123.32562800199581, 48.43151156784876], [-123.32674534414038, 48.43123513302734]]}, "properties": {"OBJECTID_12": 33, "OWNER": "VC", "BikeLaneType": "AAA protected lanes/multi use pathways", "Imp_Date": 2007, "Lanes": 2, "Width": null, "SHAPE_1_Length_1": null, "Shape_Length": 88.17891534731353}}, {"type": "Feature", "id": 34, "geometry": {"type": "LineString", "coordinates": [[-123.32674534414038, 48.43123513302734], [-123.32686620856575, 48.43120505626316], [-123.32778065174497, 48.430720419485645]]}, "properties": {"OBJECTID_12": 34, "OWNER": "VC", "BikeLaneType": "AAA protected lanes/multi use pathways", "Imp_Date": 2007, "Lanes": 2, "Width": null, "SHAPE_1_Length_1": null, "Shape_Length": 96.01855960736032}}, {"type": "Feature", "id": 35, "geometry": {"type": "LineString", "coordinates": [[-123.32778065174497, 48.430720419485645], [-123.32888215900442, 48.43010920315214]]}, "properties": {"OBJECTID_12": 35, "OWNER": "VC", "BikeLaneType": "AAA protected lanes/multi use pathways", "Imp_Date": 2007, "Lanes": 2, "Width": null, "SHAPE_1_Length_1": null, "Shape_Length": 106.09039487067783}}, {"type": "Feature", "id": 36, "geometry": {"type": "LineString", "coordinates": [[-123.32888215900442, 48.43010920315214], [-123.3300952747524, 48.42957915206364]]}, "properties": {"OBJECTID_12": 36, "OWNER": "VC", "BikeLaneType": "AAA protected lanes/multi use pathways", "Imp_Date": 2007, "Lanes": 2, "Width": null, "SHAPE_1_Length_1": null, "Shape_Length": 107.35204440270411}}, {"type": "Feature", "id": 37, "geometry": {"type": "LineString", "coordinates": [[-123.33297074016747, 48.42840109119964], [-123.33429053096648, 48.42791944007179]]}, "properties": {"OBJECTID_12": 37, "OWNER": "VC", "BikeLaneType": "AAA protected lanes/multi use pathways", "Imp_Date": 2006, "Lanes": 2, "Width": null, "SHAPE_1_Length_1": null, "Shape_Length": 111.34930936299536}}, {"type": "Feature", "id": 38, "geometry": {"type": "LineString", "coordinates": [[-123.33429053096648, 48.42791944007179], [-123.33435525471091, 48.42789476886755], [-123.33469027146236, 48.42773735605883], [-123.33531648930092, 48.42739274170688], [-123.33588985115085, 48.427038412614735], [-123.33709329234368, 48.426480092586594]]}, "properties": {"OBJECTID_12": 38, "OWNER": "VC", "BikeLaneType": "AAA protected lanes/multi use pathways", "Imp_Date": 2006, "Lanes": 2, "Width": null, "SHAPE_1_Length_1": null, "Shape_Length": 262.374323757434}}, {"type": "Feature", "id": 39, "geometry": {"type": "LineString", "coordinates": [[-123.33934170968314, 48.42554149430737], [-123.33999050310442, 48.42537595832046]]}, "properties": {"OBJECTID_12": 39, "OWNER": "VC", "BikeLaneType": "AAA protected lanes/multi use pathways", "Imp_Date": 2005, "Lanes": 2, "Width": null, "SHAPE_1_Length_1": null, "Shape_Length": 51.40417974142683}}, {"type": "Feature", "id": 40, "geometry": {"type": "LineString", "coordinates": [[-123.34128280045189, 48.425030983289645], [-123.34209726811461, 48.424762639789265]]}, "properties": {"OBJECTID_12": 40, "OWNER": "VC", "BikeLaneType": "AAA protected lanes/multi use pathways", "Imp_Date": 2005, "Lanes": 2, "Width": null, "SHAPE_1_Length_1": null, "Shape_Length": 67.23407899228802}}, {"type": "Feature", "id": 41, "geometry": {"type": "LineString", "coordinates": [[-123.34209726811461, 48.424762639789265], [-123.3425100934846, 48.424631095109824]]}, "properties": {"OBJECTID_12": 41, "OWNER": "VC", "BikeLaneType": "AAA protected lanes/multi use pathways", "Imp_Date": 2005, "Lanes": 2, "Width": null, "SHAPE_1_Length_1": null, "Shape_Length": 33.8612607946737}}, {"type": "Feature", "id": 42, "geometry": {"type": "LineString", "coordinates": [[-123.3425100934846, 48.424631095109824], [-123.3430463691641, 48.424462140439985]]}, "properties": {"OBJECTID_12": 42, "OWNER": "VC", "BikeLaneType": "AAA protected lanes/multi use pathways", "Imp_Date": 2005, "Lanes": 2, "Width": null, "SHAPE_1_Length_1": null, "Shape_Length": 43.895098317904925}}, {"type": "Feature", "id": 43, "geometry": {"type": "LineString", "coordinates": [[-123.3430463691641, 48.424462140439985], [-123.34383855568605, 48.42421255120478]]}, "properties": {"OBJECTID_12": 43, "OWNER": "VC", "BikeLaneType": "AAA protected lanes/multi use pathways", "Imp_Date": 2005, "Lanes": 2, "Width": null, "SHAPE_1_Length_1": null, "Shape_Length": 64.84251104519323}}, {"type": "Feature", "id": 44, "geometry": {"type": "LineString", "coordinates": [[-123.3455563146584, 48.42360038753653], [-123.34591206694941, 48.42346431478917], [-123.34629852149268, 48.423358060247075], [-123.34701206177579, 48.42323422708772]]}, "properties": {"OBJECTID_12": 44, "OWNER": "VC", "BikeLaneType": "AAA protected lanes/multi use pathways", "Imp_Date": 2005, "Lanes": 1, "Width": null, "SHAPE_1_Length_1": null, "Shape_Length": 115.84641747743748}}, {"type": "Feature", "id": 45, "geometry": {"type": "LineString", "coordinates": [[-123.34701206177579, 48.42323422708772], [-123.34841754133716, 48.42306260127941], [-123.3484187028013, 48.42306246101528]]}, "properties": {"OBJECTID_12": 45, "OWNER": "VC", "BikeLaneType": "AAA protected lanes/multi use pathways", "Imp_Date": 2005, "Lanes": 1, "Width": null, "SHAPE_1_Length_1": null, "Shape_Length": 105.80588422621025}}, {"type": "Feature", "id": 46, "geometry": {"type": "LineString", "coordinates": [[-123.3484187028013, 48.42306246101528], [-123.34846353759286, 48.42305698490726], [-123.34926266849924, 48.422958407149125], [-123.34980858597, 48.422946818523215]]}, "properties": {"OBJECTID_12": 46, "OWNER": "VC", "BikeLaneType": "AAA protected lanes/multi use pathways", "Imp_Date": 2005, "Lanes": 1, "Width": null, "SHAPE_1_Length_1": null, "Shape_Length": 103.91224166693019}}, {"type": "Feature", "id": 47, "geometry": {"type": "LineString", "coordinates": [[-123.34980858597, 48.422946818523215], [-123.35061865316544, 48.42302359468947]]}, "properties": {"OBJECTID_12": 47, "OWNER": "VC", "BikeLaneType": "AAA protected lanes/multi use pathways", "Imp_Date": 2005, "Lanes": 1, "Width": null, "SHAPE_1_Length_1": null, "Shape_Length": 60.53680201953179}}, {"type": "Feature", "id": 48, "geometry": {"type": "LineString", "coordinates": [[-123.35061865316544, 48.42302359468947], [-123.35405643024625, 48.42339968603493]]}, "properties": {"OBJECTID_12": 48, "OWNER": "VC", "BikeLaneType": "AAA protected lanes/multi use pathways", "Imp_Date": 2005, "Lanes": 1, "Width": null, "SHAPE_1_Length_1": null, "Shape_Length": 257.7530776092008}}, {"type": "Feature", "id": 49, "geometry": {"type": "LineString", "coordinates": [[-123.35405643024625, 48.42339968603493], [-123.35691862020217, 48.42371272229586]]}, "properties": {"OBJECTID_12": 49, "OWNER": "VC", "BikeLaneType": "AAA protected lanes/multi use pathways", "Imp_Date": 2018, "Lanes": 2, "Width": 3, "SHAPE_1_Length_1": null, "Shape_Length": 214.59453992370857}}, {"type": "Feature", "id": 50, "geometry": {"type": "LineString", "coordinates": [[-123.35691862020217, 48.42371272229586], [-123.3597235000789, 48.42401900937435]]}, "properties": {"OBJECTID_12": 50, "OWNER": "VC", "BikeLaneType": "AAA protected lanes/multi use pathways", "Imp_Date": 2018, "Lanes": 2, "Width": 3, "SHAPE_1_Length_1": null, "Shape_Length": 210.28779839441003}}, {"type": "Feature", "id": 51, "geometry": {"type": "LineString", "coordinates": [[-123.36535726080876, 48.42462048119684], [-123.3655433366926, 48.42388440134292]]}, "properties": {"OBJECTID_12": 51, "OWNER": "VC", "BikeLaneType": "Painted bike lane", "Imp_Date": 2006, "Lanes": 2, "Width": null, "SHAPE_1_Length_1": null, "Shape_Length": 82.96905585380634}}, {"type": "Feature", "id": 52, "geometry": {"type": "LineString", "coordinates": [[-123.3688825480621, 48.420654275799315], [-123.36834206773268, 48.42294956686803]]}, "properties": {"OBJECTID_12": 52, "OWNER": "VC", "BikeLaneType": "AAA protected lanes/multi use pathways", "Imp_Date": 2023, "Lanes": 2, "Width": null, "SHAPE_1_Length_1": null, "Shape_Length": 258.2479255787907}}, {"type": "Feature", "id": 53, "geometry": {"type": "LineString", "coordinates": [[-123.3670534645573, 48.42853881831722], [-123.367087033348, 48.429378490094074], [-123.36712057194276, 48.430217371040314]]}, "properties": {"OBJECTID_12": 53, "OWNER": "VC", "BikeLaneType": "AAA protected lanes/multi use pathways", "Imp_Date": 2022, "Lanes": 2, "Width": 2, "SHAPE_1_Length_1": null, "Shape_Length": 186.64587830583568}}, {"type": "Feature", "id": 54, "geometry": {"type": "LineString", "coordinates": [[-123.36712057194276, 48.430217371040314], [-123.36715469863299, 48.43106228485222]]}, "properties": {"OBJECTID_12": 54, "OWNER": "VC", "BikeLaneType": "AAA protected lanes/multi use pathways", "Imp_Date": 2022, "Lanes": 2, "Width": 2, "SHAPE_1_Length_1": null, "Shape_Length": 93.95049945270448}}, {"type": "Feature", "id": 55, "geometry": {"type": "LineString", "coordinates": [[-123.36715469863299, 48.43106228485222], [-123.36718871482535, 48.43190445314208]]}, "properties": {"OBJECTID_12": 55, "OWNER": "VC", "BikeLaneType": "AAA protected lanes/multi use pathways", "Imp_Date": 2022, "Lanes": 2, "Width": 2, "SHAPE_1_Length_1": null, "Shape_Length": 93.6452237150924}}, {"type": "Feature", "id": 56, "geometry": {"type": "LineString", "coordinates": [[-123.36718871482535, 48.43190445314208], [-123.36722169369659, 48.432728199717985]]}, "properties": {"OBJECTID_12": 56, "OWNER": "VC", "BikeLaneType": "AAA protected lanes/multi use pathways", "Imp_Date": 2022, "Lanes": 2, "Width": 2, "SHAPE_1_Length_1": null, "Shape_Length": 91.59624629441076}}, {"type": "Feature", "id": 57, "geometry": {"type": "LineString", "coordinates": [[-123.36722169369659, 48.432728199717985], [-123.36725519593422, 48.43356062794551]]}, "properties": {"OBJECTID_12": 57, "OWNER": "VC", "BikeLaneType": "AAA protected lanes/multi use pathways", "Imp_Date": 2022, "Lanes": 2, "Width": 2, "SHAPE_1_Length_1": null, "Shape_Length": 92.56195952887983}}, {"type": "Feature", "id": 58, "geometry": {"type": "LineString", "coordinates": [[-123.36725519593422, 48.43356062794551], [-123.36728196539029, 48.434284467864835]]}, "properties": {"OBJECTID_12": 58, "OWNER": "VC", "BikeLaneType": "AAA protected lanes/multi use pathways", "Imp_Date": 2022, "Lanes": 2, "Width": 2, "SHAPE_1_Length_1": null, "Shape_Length": 80.48299043558603}}, {"type": "Feature", "id": 59, "geometry": {"type": "LineString", "coordinates": [[-123.36728196539029, 48.434284467864835], [-123.36734910088104, 48.43577657383105]]}, "properties": {"OBJECTID_12": 59, "OWNER": "VC", "BikeLaneType": "AAA protected lanes/multi use pathways", "Imp_Date": 2022, "Lanes": 2, "Width": 2, "SHAPE_1_Length_1": null, "Shape_Length": 165.92981166348582}}, {"type": "Feature", "id": 60, "geometry": {"type": "LineString", "coordinates": [[-123.36736040720392, 48.43632486327446], [-123.36737978459938, 48.437264585376]]}, "properties": {"OBJECTID_12": 60, "OWNER": "VC", "BikeLaneType": "AAA protected lanes/multi use pathways", "Imp_Date": 2022, "Lanes": 2, "Width": 2, "SHAPE_1_Length_1": null, "Shape_Length": 104.46495846432242}}, {"type": "Feature", "id": 61, "geometry": {"type": "LineString", "coordinates": [[-123.36737978459938, 48.437264585376], [-123.3674145359163, 48.4381344020549]]}, "properties": {"OBJECTID_12": 61, "OWNER": "VC", "BikeLaneType": "AAA protected lanes/multi use pathways", "Imp_Date": 2022, "Lanes": 2, "Width": 2, "SHAPE_1_Length_1": null, "Shape_Length": 96.71893990862931}}, {"type": "Feature", "id": 62, "geometry": {"type": "LineString", "coordinates": [[-123.36741413441725, 48.43813441053399], [-123.36741960083668, 48.43838453773331]]}, "properties": {"OBJECTID_12": 62, "OWNER": "VC", "BikeLaneType": "AAA protected lanes/multi use pathways", "Imp_Date": 2022, "Lanes": 2, "Width": 2, "SHAPE_1_Length_1": null, "Shape_Length": 27.805919655490115}}, {"type": "Feature", "id": 63, "geometry": {"type": "LineString", "coordinates": [[-123.39309153438842, 48.4394747722469], [-123.39400545296392, 48.43980451724129]]}, "properties": {"OBJECTID_12": 63, "OWNER": "VC", "BikeLaneType": "Painted bike lane", "Imp_Date": 2011, "Lanes": 2, "Width": null, "SHAPE_1_Length_1": null, "Shape_Length": 76.89177940085388}}, {"type": "Feature", "id": 64, "geometry": {"type": "LineString", "coordinates": [[-123.37075242050976, 48.44504056886375], [-123.37374794614753, 48.44423178414342], [-123.37394825692144, 48.44422462535275]]}, "properties": {"OBJECTID_12": 64, "OWNER": "VC", "BikeLaneType": "Painted bike lane", "Imp_Date": 1999, "Lanes": 2, "Width": null, "SHAPE_1_Length_1": null, "Shape_Length": 253.9099250406314}}, {"type": "Feature", "id": 65, "geometry": {"type": "LineString", "coordinates": [[-123.34181031906296, 48.44831608004095], [-123.34396557450648, 48.44836843994128]]}, "properties": {"OBJECTID_12": 65, "OWNER": "VC", "BikeLaneType": "Painted bike lane", "Imp_Date": 0, "Lanes": 2, "Width": null, "SHAPE_1_Length_1": null, "Shape_Length": 159.48189755022682}}, {"type": "Feature", "id": 66, "geometry": {"type": "LineString", "coordinates": [[-123.34396557450648, 48.44836843994128], [-123.34548098458772, 48.448401417920955], [-123.34559200967844, 48.44840048360749], [-123.34570293160873, 48.448397102448226], [-123.34581362055413, 48.44839127663285], [-123.3459239602378, 48.448383011909456], [-123.34603382630597, 48.4483723194487], [-123.34614309981436, 48.44835921040549], [-123.34625165912678, 48.44834369774255], [-123.34635938536098, 48.44832580161196], [-123.34642461566723, 48.44831182083556], [-123.34648927026186, 48.44829670819618], [-123.34655331136253, 48.44828047640361], [-123.34710986236244, 48.448114917034395]]}, "properties": {"OBJECTID_12": 66, "OWNER": "VC", "BikeLaneType": "Painted bike lane", "Imp_Date": 2003, "Lanes": 2, "Width": null, "SHAPE_1_Length_1": null, "Shape_Length": 238.09278465894735}}, {"type": "Feature", "id": 67, "geometry": {"type": "LineString", "coordinates": [[-123.3498465801844, 48.447736091232734], [-123.34999075531695, 48.44771799272646], [-123.35297471297564, 48.447313184292334]]}, "properties": {"OBJECTID_12": 67, "OWNER": "VC", "BikeLaneType": "Painted bike lane", "Imp_Date": 2001, "Lanes": 2, "Width": null, "SHAPE_1_Length_1": null, "Shape_Length": 236.0505200473123}}, {"type": "Feature", "id": 68, "geometry": {"type": "LineString", "coordinates": [[-123.35297471297564, 48.447313184292334], [-123.35372746538424, 48.44721832782032]]}, "properties": {"OBJECTID_12": 68, "OWNER": "VC", "BikeLaneType": "Painted bike lane", "Imp_Date": 2001, "Lanes": 2, "Width": null, "SHAPE_1_Length_1": null, "Shape_Length": 56.65510739370042}}, {"type": "Feature", "id": 69, "geometry": {"type": "LineString", "coordinates": [[-123.35372746538424, 48.44721832782032], [-123.35486346187241, 48.447075183219106]]}, "properties": {"OBJECTID_12": 69, "OWNER": "VC", "BikeLaneType": "Painted bike lane", "Imp_Date": 2001, "Lanes": 2, "Width": null, "SHAPE_1_Length_1": null, "Shape_Length": 85.4996462636969}}, {"type": "Feature", "id": 70, "geometry": {"type": "LineString", "coordinates": [[-123.35486346187241, 48.447075183219106], [-123.35599852776335, 48.44693214363106]]}, "properties": {"OBJECTID_12": 70, "OWNER": "VC", "BikeLaneType": "Painted bike lane", "Imp_Date": 2001, "Lanes": 2, "Width": null, "SHAPE_1_Length_1": null, "Shape_Length": 85.43009542431966}}, {"type": "Feature", "id": 71, "geometry": {"type": "LineString", "coordinates": [[-123.35599852776335, 48.44693214363106], [-123.3560004598332, 48.44693190014668], [-123.35663315091402, 48.44685216465319]]}, "properties": {"OBJECTID_12": 71, "OWNER": "VC", "BikeLaneType": "Painted bike lane", "Imp_Date": 2001, "Lanes": 2, "Width": null, "SHAPE_1_Length_1": null, "Shape_Length": 47.76475151790368}}, {"type": "Feature", "id": 72, "geometry": {"type": "LineString", "coordinates": [[-123.35663315091402, 48.44685216465319], [-123.35813243821593, 48.446659443992395], [-123.35813787236482, 48.44665877213596]]}, "properties": {"OBJECTID_12": 72, "OWNER": "VC", "BikeLaneType": "Painted bike lane", "Imp_Date": 2001, "Lanes": 2, "Width": null, "SHAPE_1_Length_1": null, "Shape_Length": 113.33129313223498}}, {"type": "Feature", "id": 73, "geometry": {"type": "LineString", "coordinates": [[-123.35813787236482, 48.44665877213596], [-123.35979789426088, 48.44645316824892]]}, "properties": {"OBJECTID_12": 73, "OWNER": "VC", "BikeLaneType": "Painted bike lane", "Imp_Date": 2001, "Lanes": 2, "Width": null, "SHAPE_1_Length_1": null, "Shape_Length": 124.86804286292156}}, {"type": "Feature", "id": 74, "geometry": {"type": "LineString", "coordinates": [[-123.35979789426088, 48.44645316824892], [-123.36115118225352, 48.44628550962212], [-123.36115698920868, 48.44628478967126]]}, "properties": {"OBJECTID_12": 74, "OWNER": "VC", "BikeLaneType": "Painted bike lane", "Imp_Date": 2001, "Lanes": 2, "Width": null, "SHAPE_1_Length_1": null, "Shape_Length": 102.2334139470117}}, {"type": "Feature", "id": 75, "geometry": {"type": "LineString", "coordinates": [[-123.36115698920868, 48.44628478967126], [-123.36233763841143, 48.44613848564442]]}, "properties": {"OBJECTID_12": 75, "OWNER": "VC", "BikeLaneType": "Painted bike lane", "Imp_Date": 2004, "Lanes": 2, "Width": null, "SHAPE_1_Length_1": null, "Shape_Length": 88.81136890817825}}, {"type": "Feature", "id": 76, "geometry": {"type": "LineString", "coordinates": [[-123.36233763841143, 48.44613848564442], [-123.36351089165018, 48.44597165563009]]}, "properties": {"OBJECTID_12": 76, "OWNER": "VC", "BikeLaneType": "Painted bike lane", "Imp_Date": 2004, "Lanes": 2, "Width": null, "SHAPE_1_Length_1": null, "Shape_Length": 88.72267851491922}}, {"type": "Feature", "id": 77, "geometry": {"type": "LineString", "coordinates": [[-123.36351089165018, 48.44597165563009], [-123.36364269810039, 48.44595291333475], [-123.3646823772891, 48.4458211677005]]}, "properties": {"OBJECTID_12": 77, "OWNER": "VC", "BikeLaneType": "Painted bike lane", "Imp_Date": 2004, "Lanes": 2, "Width": null, "SHAPE_1_Length_1": null, "Shape_Length": 88.23499572959818}}, {"type": "Feature", "id": 78, "geometry": {"type": "LineString", "coordinates": [[-123.3646823772891, 48.4458211677005], [-123.36621731485938, 48.44562664707121], [-123.36634000646366, 48.44560957884939]]}, "properties": {"OBJECTID_12": 78, "OWNER": "VC", "BikeLaneType": "Painted bike lane", "Imp_Date": 2004, "Lanes": 2, "Width": null, "SHAPE_1_Length_1": null, "Shape_Length": 124.82113592700472}}, {"type": "Feature", "id": 79, "geometry": {"type": "LineString", "coordinates": [[-123.38720180429308, 48.43564730700522], [-123.38736508729235, 48.43589886176486], [-123.38790250264245, 48.436419915224995]]}, "properties": {"OBJECTID_12": 79, "OWNER": "VC", "BikeLaneType": "Painted bike lane", "Imp_Date": 2012, "Lanes": 2, "Width": null, "SHAPE_1_Length_1": null, "Shape_Length": 100.70486153936028}}, {"type": "Feature", "id": 80, "geometry": {"type": "LineString", "coordinates": [[-123.38790250264245, 48.436419915224995], [-123.3886523669398, 48.43713487425673]]}, "properties": {"OBJECTID_12": 80, "OWNER": "VC", "BikeLaneType": "Painted bike lane", "Imp_Date": 2012, "Lanes": 2, "Width": null, "SHAPE_1_Length_1": null, "Shape_Length": 96.9118628215152}}, {"type": "Feature", "id": 81, "geometry": {"type": "LineString", "coordinates": [[-123.3886523669398, 48.43713487425673], [-123.38919121915741, 48.43764270445717]]}, "properties": {"OBJECTID_12": 81, "OWNER": "VC", "BikeLaneType": "Painted bike lane", "Imp_Date": 2011, "Lanes": 2, "Width": null, "SHAPE_1_Length_1": null, "Shape_Length": 69.10023365460076}}, {"type": "Feature", "id": 82, "geometry": {"type": "LineString", "coordinates": [[-123.38919121915741, 48.43764270445717], [-123.3897310183654, 48.43813788517623]]}, "properties": {"OBJECTID_12": 82, "OWNER": "VC", "BikeLaneType": "Painted bike lane", "Imp_Date": 2011, "Lanes": 2, "Width": null, "SHAPE_1_Length_1": null, "Shape_Length": 67.99733848144714}}, {"type": "Feature", "id": 83, "geometry": {"type": "LineString", "coordinates": [[-123.3897310183654, 48.43813788517623], [-123.39016139985102, 48.4384819311032], [-123.39048943197042, 48.438594800832874]]}, "properties": {"OBJECTID_12": 83, "OWNER": "VC", "BikeLaneType": "Painted bike lane", "Imp_Date": 2011, "Lanes": 2, "Width": null, "SHAPE_1_Length_1": null, "Shape_Length": 77.0708875349332}}, {"type": "Feature", "id": 84, "geometry": {"type": "LineString", "coordinates": [[-123.39048943197042, 48.438594800832874], [-123.39076573336362, 48.438688373221936]]}, "properties": {"OBJECTID_12": 84, "OWNER": "VC", "BikeLaneType": "Painted bike lane", "Imp_Date": 2011, "Lanes": 2, "Width": null, "SHAPE_1_Length_1": null, "Shape_Length": 22.930361026185125}}, {"type": "Feature", "id": 85, "geometry": {"type": "LineString", "coordinates": [[-123.39076573336362, 48.438688373221936], [-123.39139383531487, 48.43890108107291]]}, "properties": {"OBJECTID_12": 85, "OWNER": "VC", "BikeLaneType": "Painted bike lane", "Imp_Date": 2011, "Lanes": 2, "Width": null, "SHAPE_1_Length_1": null, "Shape_Length": 52.12602624727711}}, {"type": "Feature", "id": 86, "geometry": {"type": "LineString", "coordinates": [[-123.39139383531487, 48.43890108107291], [-123.39289780605007, 48.43940681465336]]}, "properties": {"OBJECTID_12": 86, "OWNER": "VC", "BikeLaneType": "Painted bike lane", "Imp_Date": 2011, "Lanes": 2, "Width": null, "SHAPE_1_Length_1": null, "Shape_Length": 124.63303411860574}}, {"type": "Feature", "id": 87, "geometry": {"type": "LineString", "coordinates": [[-123.39289780605007, 48.43940681465336], [-123.39309153438842, 48.4394747722469]]}, "properties": {"OBJECTID_12": 87, "OWNER": "VC", "BikeLaneType": "Painted bike lane", "Imp_Date": 2011, "Lanes": 2, "Width": null, "SHAPE_1_Length_1": null, "Shape_Length": 16.197524495602984}}, {"type": "Feature", "id": 88, "geometry": {"type": "LineString", "coordinates": [[-123.35030884970686, 48.44937850795791], [-123.3500726097051, 48.44856116411696]]}, "properties": {"OBJECTID_12": 88, "OWNER": "VC", "BikeLaneType": "Painted bike lane", "Imp_Date": 2014, "Lanes": 2, "Width": null, "SHAPE_1_Length_1": null, "Shape_Length": 92.51649358304209}}, {"type": "Feature", "id": 89, "geometry": {"type": "LineString", "coordinates": [[-123.3500726097051, 48.44856116411696], [-123.3498465801844, 48.447736091232734]]}, "properties": {"OBJECTID_12": 89, "OWNER": "VC", "BikeLaneType": "Painted bike lane", "Imp_Date": 2014, "Lanes": 2, "Width": null, "SHAPE_1_Length_1": null, "Shape_Length": 93.22201284775755}}, {"type": "Feature", "id": 90, "geometry": {"type": "LineString", "coordinates": [[-123.359397414889, 48.413252395605454], [-123.35940895538393, 48.412842375572346]]}, "properties": {"OBJECTID_12": 90, "OWNER": "VC", "BikeLaneType": "AAA shared-use street", "Imp_Date": 2021, "Lanes": 2, "Width": null, "SHAPE_1_Length_1": null, "Shape_Length": 45.58370834291346}}, {"type": "Feature", "id": 91, "geometry": {"type": "LineString", "coordinates": [[-123.35461199719472, 48.43511032236128], [-123.35539058975478, 48.43792209188565]]}, "properties": {"OBJECTID_12": 91, "OWNER": "VC", "BikeLaneType": "AAA shared-use street", "Imp_Date": 2000, "Lanes": 2, "Width": null, "SHAPE_1_Length_1": null, "Shape_Length": 317.80423828109315}}, {"type": "Feature", "id": 92, "geometry": {"type": "LineString", "coordinates": [[-123.35770525758522, 48.4205175985663], [-123.35764410596433, 48.42076608793918]]}, "properties": {"OBJECTID_12": 92, "OWNER": "VC", "BikeLaneType": "AAA shared-use street", "Imp_Date": 2021, "Lanes": 2, "Width": null, "SHAPE_1_Length_1": null, "Shape_Length": 27.98894445751633}}, {"type": "Feature", "id": 93, "geometry": {"type": "LineString", "coordinates": [[-123.32247140722966, 48.43215679888583], [-123.32240568507446, 48.43338278641894]]}, "properties": {"OBJECTID_12": 93, "OWNER": "VC", "BikeLaneType": "Painted bike lane", "Imp_Date": 0, "Lanes": 2, "Width": null, "SHAPE_1_Length_1": null, "Shape_Length": 136.36136332618554}}, {"type": "Feature", "id": 94, "geometry": {"type": "LineString", "coordinates": [[-123.39360624781553, 48.431502705382336], [-123.39427634208377, 48.431757161726615]]}, "properties": {"OBJECTID_12": 94, "OWNER": "VC", "BikeLaneType": "Painted bike lane", "Imp_Date": 2009, "Lanes": 2, "Width": null, "SHAPE_1_Length_1": null, "Shape_Length": 57.070107669637736}}, {"type": "Feature", "id": 95, "geometry": {"type": "LineString", "coordinates": [[-123.32454222153528, 48.42031179532342], [-123.32450212484304, 48.420321455535806], [-123.3241950422777, 48.42032093923375], [-123.32341498568078, 48.42031845427566]]}, "properties": {"OBJECTID_12": 95, "OWNER": "VC", "BikeLaneType": "AAA shared-use street", "Imp_Date": 2022, "Lanes": 2, "Width": null, "SHAPE_1_Length_1": null, "Shape_Length": 83.5910873315897}}, {"type": "Feature", "id": 96, "geometry": {"type": "LineString", "coordinates": [[-123.34321126160971, 48.426831050616855], [-123.3437133428624, 48.42679524466428]]}, "properties": {"OBJECTID_12": 96, "OWNER": "VC", "BikeLaneType": "Painted bike lane", "Imp_Date": 2013, "Lanes": 1, "Width": null, "SHAPE_1_Length_1": null, "Shape_Length": 37.35595101428735}}, {"type": "Feature", "id": 97, "geometry": {"type": "LineString", "coordinates": [[-123.3437133428624, 48.42679524466428], [-123.34537020935288, 48.42684084979451]]}, "properties": {"OBJECTID_12": 97, "OWNER": "VC", "BikeLaneType": "Painted bike lane", "Imp_Date": 2013, "Lanes": 1, "Width": null, "SHAPE_1_Length_1": null, "Shape_Length": 122.6776243892818}}, {"type": "Feature", "id": 98, "geometry": {"type": "LineString", "coordinates": [[-123.38720180429308, 48.43564730700522], [-123.38699301828791, 48.43559838987063], [-123.38606910230952, 48.43559766245293]]}, "properties": {"OBJECTID_12": 98, "OWNER": "VC", "BikeLaneType": "Painted bike lane", "Imp_Date": 2012, "Lanes": 2, "Width": null, "SHAPE_1_Length_1": null, "Shape_Length": 84.71088722058637}}, {"type": "Feature", "id": 99, "geometry": {"type": "LineString", "coordinates": [[-123.38606910230952, 48.43559766245293], [-123.384821290921, 48.435592307381754]]}, "properties": {"OBJECTID_12": 99, "OWNER": "VC", "BikeLaneType": "Painted bike lane", "Imp_Date": 2012, "Lanes": 2, "Width": null, "SHAPE_1_Length_1": null, "Shape_Length": 92.29768473054338}}, {"type": "Feature", "id": 100, "geometry": {"type": "LineString", "coordinates": [[-123.38470860607762, 48.429596992571334], [-123.38472072572524, 48.430149362734205]]}, "properties": {"OBJECTID_12": 100, "OWNER": "VC", "BikeLaneType": "AAA protected lanes/multi use pathways", "Imp_Date": 2023, "Lanes": 2, "Width": null, "SHAPE_1_Length_1": null, "Shape_Length": 61.40541627845282}}, {"type": "Feature", "id": 101, "geometry": {"type": "LineString", "coordinates": [[-123.3393880645485, 48.448271294021], [-123.33851013414221, 48.44823107615495]]}, "properties": {"OBJECTID_12": 101, "OWNER": "VC", "BikeLaneType": "Painted bike lane", "Imp_Date": 0, "Lanes": 2, "Width": null, "SHAPE_1_Length_1": null, "Shape_Length": 65.07456170485537}}, {"type": "Feature", "id": 102, "geometry": {"type": "LineString", "coordinates": [[-123.33851013414221, 48.44823107615495], [-123.33327364649443, 48.44816090723332]]}, "properties": {"OBJECTID_12": 102, "OWNER": "VC", "BikeLaneType": "Painted bike lane", "Imp_Date": 0, "Lanes": 2, "Width": null, "SHAPE_1_Length_1": null, "Shape_Length": 387.30448867256695}}, {"type": "Feature", "id": 103, "geometry": {"type": "LineString", "coordinates": [[-123.36915449699265, 48.44526519530651], [-123.37051182141005, 48.44510552483209], [-123.37075242050976, 48.44504056886375]]}, "properties": {"OBJECTID_12": 103, "OWNER": "VC", "BikeLaneType": "Painted bike lane", "Imp_Date": 2004, "Lanes": 2, "Width": null, "SHAPE_1_Length_1": null, "Shape_Length": 121.1360652766128}}, {"type": "Feature", "id": 104, "geometry": {"type": "LineString", "coordinates": [[-123.37948145464166, 48.44286995114697], [-123.3811757809692, 48.443091995853344], [-123.3819030578991, 48.44308524653908]]}, "properties": {"OBJECTID_12": 104, "OWNER": "VC", "BikeLaneType": "AAA protected lanes/multi use pathways", "Imp_Date": 1999, "Lanes": 2, "Width": null, "SHAPE_1_Length_1": null, "Shape_Length": 181.50335620009125}}, {"type": "Feature", "id": 105, "geometry": {"type": "LineString", "coordinates": [[-123.37476679906663, 48.44362280574298], [-123.37480096203556, 48.44358985721344], [-123.37530134035006, 48.443123605151385]]}, "properties": {"OBJECTID_12": 105, "OWNER": "VC", "BikeLaneType": "Painted bike lane", "Imp_Date": 1999, "Lanes": 2, "Width": null, "SHAPE_1_Length_1": null, "Shape_Length": 68.13121078841247}}, {"type": "Feature", "id": 106, "geometry": {"type": "LineString", "coordinates": [[-123.35889520364661, 48.41708652636069], [-123.35920751718155, 48.416867678728934], [-123.35921521650319, 48.416862098422804], [-123.35922262810934, 48.4168563480799], [-123.35922974395466, 48.416850436721866], [-123.35923655865872, 48.41684436796417], [-123.3592430614605, 48.41683814903773], [-123.35924924431478, 48.41683178896429], [-123.3592551045694, 48.41682529494937], [-123.35926063143808, 48.41681867062534], [-123.35926581960388, 48.416811928604055], [-123.35927066638924, 48.416805072492494], [-123.3592751610587, 48.41679811312011], [-123.35927930094752, 48.416791055893185], [-123.3592830834163, 48.41678390981656], [-123.35928650040711, 48.41677668211264], [-123.35928954929321, 48.41676938358557], [-123.35929222740992, 48.416762019641624], [-123.35929453213058, 48.41675460108483], [-123.35929646079033, 48.41674713332155], [-123.3592980107626, 48.41673962715582], [-123.359299179408, 48.41673209159247], [-123.35929996407451, 48.416724533837005], [-123.3593003675286, 48.41671696287738], [-123.35930183208441, 48.416664729714164]]}, "properties": {"OBJECTID_12": 106, "OWNER": "VC", "BikeLaneType": "AAA shared-use street", "Imp_Date": 2021, "Lanes": 2, "Width": null, "SHAPE_1_Length_1": null, "Shape_Length": 57.88673032224769}}, {"type": "Feature", "id": 107, "geometry": {"type": "LineString", "coordinates": [[-123.35078694893829, 48.41918696743596], [-123.35014583764699, 48.41911729313109]]}, "properties": {"OBJECTID_12": 107, "OWNER": "VC", "BikeLaneType": "AAA shared-use street", "Imp_Date": 2022, "Lanes": 2, "Width": null, "SHAPE_1_Length_1": null, "Shape_Length": 48.0637921369075}}, {"type": "Feature", "id": 108, "geometry": {"type": "LineString", "coordinates": [[-123.33405256045182, 48.41683712071043], [-123.33149276233787, 48.41760099112262]]}, "properties": {"OBJECTID_12": 108, "OWNER": "VC", "BikeLaneType": "AAA shared-use street", "Imp_Date": 2022, "Lanes": 2, "Width": null, "SHAPE_1_Length_1": null, "Shape_Length": 207.56690518526105}}, {"type": "Feature", "id": 109, "geometry": {"type": "LineString", "coordinates": [[-123.32646817007573, 48.419858332023736], [-123.32551118574375, 48.42008096903385]]}, "properties": {"OBJECTID_12": 109, "OWNER": "VC", "BikeLaneType": "AAA shared-use street", "Imp_Date": 2022, "Lanes": 2, "Width": null, "SHAPE_1_Length_1": null, "Shape_Length": 75.00600343680046}}, {"type": "Feature", "id": 110, "geometry": {"type": "LineString", "coordinates": [[-123.32492749492013, 48.431661000977066], [-123.32562800199581, 48.43151156784876]]}, "properties": {"OBJECTID_12": 110, "OWNER": "VC", "BikeLaneType": "AAA protected lanes/multi use pathways", "Imp_Date": 2007, "Lanes": 2, "Width": null, "SHAPE_1_Length_1": null, "Shape_Length": 54.41484989252458}}, {"type": "Feature", "id": 111, "geometry": {"type": "LineString", "coordinates": [[-123.3497411990139, 48.43483679464003], [-123.34932981900434, 48.43481260738487]]}, "properties": {"OBJECTID_12": 111, "OWNER": "VC", "BikeLaneType": "Painted bike lane", "Imp_Date": 2009, "Lanes": 2, "Width": null, "SHAPE_1_Length_1": null, "Shape_Length": 30.547131562880242}}, {"type": "Feature", "id": 112, "geometry": {"type": "LineString", "coordinates": [[-123.34710986236244, 48.448114917034395], [-123.3472427395112, 48.44807538859416], [-123.34726352762921, 48.44806947994125], [-123.34728459750379, 48.44806403825247], [-123.34730593293247, 48.44805906717517], [-123.34732750420221, 48.448054572196774], [-123.34734928972597, 48.44805056057954], [-123.3473712651877, 48.44804703599533], [-123.3473934035667, 48.448044002124156], [-123.3498465801844, 48.447736091232734]]}, "properties": {"OBJECTID_12": 112, "OWNER": "VC", "BikeLaneType": "Painted bike lane", "Imp_Date": 2003, "Lanes": 2, "Width": null, "SHAPE_1_Length_1": null, "Shape_Length": 207.07279744220938}}, {"type": "Feature", "id": 113, "geometry": {"type": "LineString", "coordinates": [[-123.3393880645485, 48.448271294021], [-123.34181031906296, 48.44831608004095]]}, "properties": {"OBJECTID_12": 113, "OWNER": "VC", "BikeLaneType": "Painted bike lane", "Imp_Date": 0, "Lanes": 2, "Width": null, "SHAPE_1_Length_1": null, "Shape_Length": 179.18888414940753}}, {"type": "Feature", "id": 114, "geometry": {"type": "LineString", "coordinates": [[-123.35784537554004, 48.41994821945063], [-123.35498118520022, 48.41963590507579]]}, "properties": {"OBJECTID_12": 114, "OWNER": "VC", "BikeLaneType": "AAA shared-use street", "Imp_Date": 2022, "Lanes": 2, "Width": null, "SHAPE_1_Length_1": null, "Shape_Length": 214.74303719119166}}, {"type": "Feature", "id": 115, "geometry": {"type": "LineString", "coordinates": [[-123.35498118520022, 48.41963590507579], [-123.35302570152422, 48.419427315477954]]}, "properties": {"OBJECTID_12": 115, "OWNER": "VC", "BikeLaneType": "AAA shared-use street", "Imp_Date": 2022, "Lanes": 2, "Width": null, "SHAPE_1_Length_1": null, "Shape_Length": 146.53088570018375}}, {"type": "Feature", "id": 116, "geometry": {"type": "LineString", "coordinates": [[-123.35302570152422, 48.419427315477954], [-123.35218819145388, 48.4193379677014]]}, "properties": {"OBJECTID_12": 116, "OWNER": "VC", "BikeLaneType": "AAA shared-use street", "Imp_Date": 2022, "Lanes": 2, "Width": null, "SHAPE_1_Length_1": null, "Shape_Length": 62.757785333731306}}, {"type": "Feature", "id": 117, "geometry": {"type": "LineString", "coordinates": [[-123.35218819145388, 48.4193379677014], [-123.35154497244103, 48.419269342245364]]}, "properties": {"OBJECTID_12": 117, "OWNER": "VC", "BikeLaneType": "AAA shared-use street", "Imp_Date": 2022, "Lanes": 2, "Width": null, "SHAPE_1_Length_1": null, "Shape_Length": 48.198986167183484}}, {"type": "Feature", "id": 118, "geometry": {"type": "LineString", "coordinates": [[-123.35154497244103, 48.419269342245364], [-123.35078694893829, 48.41918696743596]]}, "properties": {"OBJECTID_12": 118, "OWNER": "VC", "BikeLaneType": "AAA shared-use street", "Imp_Date": 2022, "Lanes": 2, "Width": null, "SHAPE_1_Length_1": null, "Shape_Length": 56.82846806929078}}, {"type": "Feature", "id": 119, "geometry": {"type": "LineString", "coordinates": [[-123.35014583764699, 48.41911729313109], [-123.34891919122954, 48.41898397471764]]}, "properties": {"OBJECTID_12": 119, "OWNER": "VC", "BikeLaneType": "AAA shared-use street", "Imp_Date": 2022, "Lanes": 2, "Width": null, "SHAPE_1_Length_1": null, "Shape_Length": 91.96141457226862}}, {"type": "Feature", "id": 120, "geometry": {"type": "LineString", "coordinates": [[-123.34891919122954, 48.41898397471764], [-123.3479242747343, 48.41887582947622]]}, "properties": {"OBJECTID_12": 120, "OWNER": "VC", "BikeLaneType": "AAA shared-use street", "Imp_Date": 2022, "Lanes": 2, "Width": null, "SHAPE_1_Length_1": null, "Shape_Length": 74.58906411253872}}, {"type": "Feature", "id": 121, "geometry": {"type": "LineString", "coordinates": [[-123.3479242747343, 48.41887582947622], [-123.34730483936681, 48.41880816280116], [-123.34700264092967, 48.41874990419988], [-123.34668393642255, 48.41862936824539], [-123.34659655778967, 48.41857144898674]]}, "properties": {"OBJECTID_12": 121, "OWNER": "VC", "BikeLaneType": "AAA shared-use street", "Imp_Date": 2022, "Lanes": 2, "Width": null, "SHAPE_1_Length_1": null, "Shape_Length": 105.9694450442511}}, {"type": "Feature", "id": 122, "geometry": {"type": "LineString", "coordinates": [[-123.34659655778967, 48.41857144898674], [-123.3465091766645, 48.41851353146813], [-123.34624261246019, 48.41827293305838], [-123.34608333191925, 48.418047881320376], [-123.34592405278848, 48.417822829349745], [-123.34580890554032, 48.41766567644617]]}, "properties": {"OBJECTID_12": 122, "OWNER": "VC", "BikeLaneType": "AAA shared-use street", "Imp_Date": 2022, "Lanes": 2, "Width": null, "SHAPE_1_Length_1": null, "Shape_Length": 117.09482283893333}}, {"type": "Feature", "id": 123, "geometry": {"type": "LineString", "coordinates": [[-123.34580890554032, 48.41766567644617], [-123.34559834255361, 48.41739446027812], [-123.34540840323598, 48.417126078697706], [-123.34522564955968, 48.41696575800262], [-123.34494626710512, 48.41679886595083]]}, "properties": {"OBJECTID_12": 123, "OWNER": "VC", "BikeLaneType": "AAA shared-use street", "Imp_Date": 2022, "Lanes": 2, "Width": null, "SHAPE_1_Length_1": null, "Shape_Length": 117.0573120764231}}, {"type": "Feature", "id": 124, "geometry": {"type": "LineString", "coordinates": [[-123.34494626710512, 48.41679886595083], [-123.34486502892008, 48.41677285571576], [-123.34478251932846, 48.41674868273003], [-123.34469883313206, 48.41672637729515], [-123.34461406238049, 48.416705962523984], [-123.34452830724359, 48.41668746330454], [-123.3444416624607, 48.41667090094276], [-123.34435422813996, 48.416656291330895], [-123.34426610441346, 48.416643653959945], [-123.34417738866132, 48.416633001132276], [-123.34408818638428, 48.41662434692552], [-123.3439985949376, 48.416617700044036]]}, "properties": {"OBJECTID_12": 124, "OWNER": "VC", "BikeLaneType": "AAA shared-use street", "Imp_Date": 2022, "Lanes": 2, "Width": null, "SHAPE_1_Length_1": null, "Shape_Length": 73.37249369932714}}, {"type": "Feature", "id": 125, "geometry": {"type": "LineString", "coordinates": [[-123.3439985949376, 48.416617700044036], [-123.34106408661087, 48.41629767074239]]}, "properties": {"OBJECTID_12": 125, "OWNER": "VC", "BikeLaneType": "AAA shared-use street", "Imp_Date": 2022, "Lanes": 2, "Width": null, "SHAPE_1_Length_1": null, "Shape_Length": 220.02985424570068}}, {"type": "Feature", "id": 126, "geometry": {"type": "LineString", "coordinates": [[-123.34106408661087, 48.41629767074239], [-123.33981811865367, 48.41619587427149]]}, "properties": {"OBJECTID_12": 126, "OWNER": "VC", "BikeLaneType": "AAA shared-use street", "Imp_Date": 2022, "Lanes": 2, "Width": null, "SHAPE_1_Length_1": null, "Shape_Length": 92.88596979128799}}, {"type": "Feature", "id": 127, "geometry": {"type": "LineString", "coordinates": [[-123.33981811865367, 48.41619587427149], [-123.33894303899615, 48.41614768226307]]}, "properties": {"OBJECTID_12": 127, "OWNER": "VC", "BikeLaneType": "AAA shared-use street", "Imp_Date": 2022, "Lanes": 2, "Width": null, "SHAPE_1_Length_1": null, "Shape_Length": 64.97197147944927}}, {"type": "Feature", "id": 128, "geometry": {"type": "LineString", "coordinates": [[-123.33894303899615, 48.41614768226307], [-123.33754236600812, 48.41620274518378]]}, "properties": {"OBJECTID_12": 128, "OWNER": "VC", "BikeLaneType": "AAA shared-use street", "Imp_Date": 2022, "Lanes": 2, "Width": null, "SHAPE_1_Length_1": null, "Shape_Length": 103.82214885884693}}, {"type": "Feature", "id": 129, "geometry": {"type": "LineString", "coordinates": [[-123.33754236600812, 48.41620274518378], [-123.336829255716, 48.41624645465205], [-123.33590313002962, 48.41634594497296], [-123.33499992139758, 48.4165543975165], [-123.33405256045182, 48.41683712071043]]}, "properties": {"OBJECTID_12": 129, "OWNER": "VC", "BikeLaneType": "AAA shared-use street", "Imp_Date": 2022, "Lanes": 2, "Width": null, "SHAPE_1_Length_1": null, "Shape_Length": 269.958303507089}}, {"type": "Feature", "id": 130, "geometry": {"type": "LineString", "coordinates": [[-123.33149276233787, 48.41760099112262], [-123.33045083765288, 48.417982170483896]]}, "properties": {"OBJECTID_12": 130, "OWNER": "VC", "BikeLaneType": "AAA shared-use street", "Imp_Date": 2022, "Lanes": 2, "Width": null, "SHAPE_1_Length_1": null, "Shape_Length": 87.96971076114541}}, {"type": "Feature", "id": 131, "geometry": {"type": "LineString", "coordinates": [[-123.33045083765288, 48.417982170483896], [-123.3300321516329, 48.418267576620885], [-123.32970067249379, 48.41862024327202]]}, "properties": {"OBJECTID_12": 131, "OWNER": "VC", "BikeLaneType": "AAA shared-use street", "Imp_Date": 2022, "Lanes": 2, "Width": null, "SHAPE_1_Length_1": null, "Shape_Length": 90.58211636158737}}, {"type": "Feature", "id": 132, "geometry": {"type": "LineString", "coordinates": [[-123.32969905502476, 48.41862426396494], [-123.32920413196568, 48.419233626173956]]}, "properties": {"OBJECTID_12": 132, "OWNER": "VC", "BikeLaneType": "AAA shared-use street", "Imp_Date": 2022, "Lanes": 2, "Width": null, "SHAPE_1_Length_1": null, "Shape_Length": 76.99878124580965}}, {"type": "Feature", "id": 133, "geometry": {"type": "LineString", "coordinates": [[-123.32920574949284, 48.419229605488255], [-123.32834383396528, 48.419425923884]]}, "properties": {"OBJECTID_12": 133, "OWNER": "VC", "BikeLaneType": "AAA shared-use street", "Imp_Date": 2022, "Lanes": 2, "Width": null, "SHAPE_1_Length_1": null, "Shape_Length": 67.40287897713476}}, {"type": "Feature", "id": 134, "geometry": {"type": "LineString", "coordinates": [[-123.32834383396528, 48.419425923884], [-123.32809720905337, 48.41947578986409], [-123.32739016846072, 48.41964382589827]]}, "properties": {"OBJECTID_12": 134, "OWNER": "VC", "BikeLaneType": "AAA shared-use street", "Imp_Date": 2022, "Lanes": 2, "Width": null, "SHAPE_1_Length_1": null, "Shape_Length": 74.61866133837363}}, {"type": "Feature", "id": 135, "geometry": {"type": "LineString", "coordinates": [[-123.32739016846072, 48.41964382589827], [-123.32646817007573, 48.419858332023736]]}, "properties": {"OBJECTID_12": 135, "OWNER": "VC", "BikeLaneType": "AAA shared-use street", "Imp_Date": 2022, "Lanes": 2, "Width": null, "SHAPE_1_Length_1": null, "Shape_Length": 72.26448046969745}}, {"type": "Feature", "id": 136, "geometry": {"type": "LineString", "coordinates": [[-123.32551118574375, 48.42008096903385], [-123.32494473685233, 48.42021481919903], [-123.32454222153528, 48.42031179532342]]}, "properties": {"OBJECTID_12": 136, "OWNER": "VC", "BikeLaneType": "AAA shared-use street", "Imp_Date": 2022, "Lanes": 2, "Width": null, "SHAPE_1_Length_1": null, "Shape_Length": 76.14523573770543}}, {"type": "Feature", "id": 137, "geometry": {"type": "LineString", "coordinates": [[-123.3300952747524, 48.42957915206364], [-123.33005147880316, 48.42977128701793]]}, "properties": {"OBJECTID_12": 137, "OWNER": "VC", "BikeLaneType": "Painted bike lane", "Imp_Date": 2000, "Lanes": 2, "Width": null, "SHAPE_1_Length_1": null, "Shape_Length": 21.601098721339877}}, {"type": "Feature", "id": 138, "geometry": {"type": "LineString", "coordinates": [[-123.33005147880316, 48.42977128701793], [-123.32981316001158, 48.430816792949834]]}, "properties": {"OBJECTID_12": 138, "OWNER": "VC", "BikeLaneType": "Painted bike lane", "Imp_Date": 2000, "Lanes": 2, "Width": null, "SHAPE_1_Length_1": null, "Shape_Length": 117.54278624736773}}, {"type": "Feature", "id": 139, "geometry": {"type": "LineString", "coordinates": [[-123.32981316001158, 48.430816792949834], [-123.32963886512614, 48.43158140519583]]}, "properties": {"OBJECTID_12": 139, "OWNER": "VC", "BikeLaneType": "Painted bike lane", "Imp_Date": 2000, "Lanes": 2, "Width": null, "SHAPE_1_Length_1": null, "Shape_Length": 85.96286469811525}}, {"type": "Feature", "id": 140, "geometry": {"type": "LineString", "coordinates": [[-123.32963886512614, 48.43158140519583], [-123.32948490986948, 48.432299813860624]]}, "properties": {"OBJECTID_12": 140, "OWNER": "VC", "BikeLaneType": "Painted bike lane", "Imp_Date": 2000, "Lanes": 2, "Width": null, "SHAPE_1_Length_1": null, "Shape_Length": 80.66271230360954}}, {"type": "Feature", "id": 141, "geometry": {"type": "LineString", "coordinates": [[-123.32948490986948, 48.432299813860624], [-123.32920515152684, 48.43368161159405]]}, "properties": {"OBJECTID_12": 141, "OWNER": "VC", "BikeLaneType": "Painted bike lane", "Imp_Date": 2000, "Lanes": 2, "Width": null, "SHAPE_1_Length_1": null, "Shape_Length": 154.98157028341933}}, {"type": "Feature", "id": 142, "geometry": {"type": "LineString", "coordinates": [[-123.32920515152684, 48.43368161159405], [-123.32903540448281, 48.43447673652172]]}, "properties": {"OBJECTID_12": 142, "OWNER": "VC", "BikeLaneType": "Painted bike lane", "Imp_Date": 2000, "Lanes": 2, "Width": null, "SHAPE_1_Length_1": null, "Shape_Length": 89.26958797898351}}, {"type": "Feature", "id": 143, "geometry": {"type": "LineString", "coordinates": [[-123.32903540448281, 48.43447673652172], [-123.32887680960579, 48.435214181309064]]}, "properties": {"OBJECTID_12": 143, "OWNER": "VC", "BikeLaneType": "Painted bike lane", "Imp_Date": 2000, "Lanes": 2, "Width": null, "SHAPE_1_Length_1": null, "Shape_Length": 82.80588698938324}}, {"type": "Feature", "id": 144, "geometry": {"type": "LineString", "coordinates": [[-123.37495640836329, 48.42815960771815], [-123.37713225998364, 48.428393391376694], [-123.3773488557004, 48.428452198817325], [-123.37741793085672, 48.42847095318138]]}, "properties": {"OBJECTID_12": 144, "OWNER": "VC", "BikeLaneType": "Painted bike lane", "Imp_Date": 2009, "Lanes": 2, "Width": null, "SHAPE_1_Length_1": null, "Shape_Length": 185.87036799297383}}, {"type": "Feature", "id": 145, "geometry": {"type": "LineString", "coordinates": [[-123.37741793085672, 48.42847095318138], [-123.37756545463185, 48.42851100763879], [-123.38002954681055, 48.429791306597636], [-123.38015953999272, 48.429858844253054], [-123.38018380686525, 48.4298713592323]]}, "properties": {"OBJECTID_12": 145, "OWNER": "VC", "BikeLaneType": "Painted bike lane", "Imp_Date": 2009, "Lanes": 2, "Width": null, "SHAPE_1_Length_1": null, "Shape_Length": 257.51353170466734}}, {"type": "Feature", "id": 146, "geometry": {"type": "LineString", "coordinates": [[-123.38018380686525, 48.4298713592323], [-123.38112139475861, 48.43035485340613], [-123.3812781485586, 48.43040421452833], [-123.38472601576247, 48.4303904449904]]}, "properties": {"OBJECTID_12": 146, "OWNER": "VC", "BikeLaneType": "Painted bike lane", "Imp_Date": 2009, "Lanes": 2, "Width": null, "SHAPE_1_Length_1": null, "Shape_Length": 355.62651934550047}}, {"type": "Feature", "id": 147, "geometry": {"type": "LineString", "coordinates": [[-123.38472601576247, 48.4303904449904], [-123.3859735643554, 48.43039291400314]]}, "properties": {"OBJECTID_12": 147, "OWNER": "VC", "BikeLaneType": "Painted bike lane", "Imp_Date": 2009, "Lanes": 2, "Width": null, "SHAPE_1_Length_1": null, "Shape_Length": 92.28615729217883}}, {"type": "Feature", "id": 148, "geometry": {"type": "LineString", "coordinates": [[-123.3859735643554, 48.43039291400314], [-123.38715632691635, 48.43044804087133]]}, "properties": {"OBJECTID_12": 148, "OWNER": "VC", "BikeLaneType": "Painted bike lane", "Imp_Date": 2009, "Lanes": 2, "Width": null, "SHAPE_1_Length_1": null, "Shape_Length": 87.70755893330987}}, {"type": "Feature", "id": 149, "geometry": {"type": "LineString", "coordinates": [[-123.38715632691635, 48.43044804087133], [-123.38781184373659, 48.43048733282199]]}, "properties": {"OBJECTID_12": 149, "OWNER": "VC", "BikeLaneType": "Painted bike lane", "Imp_Date": 2009, "Lanes": 2, "Width": null, "SHAPE_1_Length_1": null, "Shape_Length": 48.68720915273806}}, {"type": "Feature", "id": 150, "geometry": {"type": "LineString", "coordinates": [[-123.38781184373659, 48.43048733282199], [-123.38882583371456, 48.43054876176798]]}, "properties": {"OBJECTID_12": 150, "OWNER": "VC", "BikeLaneType": "Painted bike lane", "Imp_Date": 2009, "Lanes": 2, "Width": null, "SHAPE_1_Length_1": null, "Shape_Length": 75.31853537134099}}, {"type": "Feature", "id": 151, "geometry": {"type": "LineString", "coordinates": [[-123.38882583371456, 48.43054876176798], [-123.39037324589627, 48.43078305560019]]}, "properties": {"OBJECTID_12": 151, "OWNER": "VC", "BikeLaneType": "Painted bike lane", "Imp_Date": 2009, "Lanes": 2, "Width": null, "SHAPE_1_Length_1": null, "Shape_Length": 117.39238155467685}}, {"type": "Feature", "id": 152, "geometry": {"type": "LineString", "coordinates": [[-123.39037324589627, 48.43078305560019], [-123.39103327209298, 48.43087461256181]]}, "properties": {"OBJECTID_12": 152, "OWNER": "VC", "BikeLaneType": "Painted bike lane", "Imp_Date": 2009, "Lanes": 2, "Width": null, "SHAPE_1_Length_1": null, "Shape_Length": 49.87354451605346}}, {"type": "Feature", "id": 153, "geometry": {"type": "LineString", "coordinates": [[-123.39103327209298, 48.43087461256181], [-123.39216742439635, 48.43103192778549], [-123.39269454020793, 48.43119317081705]]}, "properties": {"OBJECTID_12": 153, "OWNER": "VC", "BikeLaneType": "Painted bike lane", "Imp_Date": 2009, "Lanes": 2, "Width": null, "SHAPE_1_Length_1": null, "Shape_Length": 128.61361109391152}}, {"type": "Feature", "id": 154, "geometry": {"type": "LineString", "coordinates": [[-123.39269454020793, 48.43119317081705], [-123.39291897446401, 48.43126182377978]]}, "properties": {"OBJECTID_12": 154, "OWNER": "VC", "BikeLaneType": "Painted bike lane", "Imp_Date": 2009, "Lanes": 2, "Width": null, "SHAPE_1_Length_1": null, "Shape_Length": 18.27182150715576}}, {"type": "Feature", "id": 155, "geometry": {"type": "LineString", "coordinates": [[-123.39291897446401, 48.43126182377978], [-123.39360624781553, 48.431502705382336]]}, "properties": {"OBJECTID_12": 155, "OWNER": "VC", "BikeLaneType": "Painted bike lane", "Imp_Date": 2009, "Lanes": 2, "Width": null, "SHAPE_1_Length_1": null, "Shape_Length": 57.45900013968594}}, {"type": "Feature", "id": 156, "geometry": {"type": "LineString", "coordinates": [[-123.37088488623232, 48.40899620710567], [-123.36984680639446, 48.40871938004409], [-123.36978006467791, 48.408705315823845], [-123.3697123919616, 48.40869679159457], [-123.36964424729845, 48.40869386517976], [-123.36957609294285, 48.40869655643051], [-123.3695083912149, 48.40870484709094], [-123.36944160136433, 48.40871868092195], [-123.36923485174128, 48.40877236221984]]}, "properties": {"OBJECTID_12": 156, "OWNER": "VC", "BikeLaneType": "AAA protected lanes/multi use pathways", "Imp_Date": 2020, "Lanes": 2, "Width": 4.75, "SHAPE_1_Length_1": null, "Shape_Length": 129.85749205457736}}, {"type": "Feature", "id": 157, "geometry": {"type": "LineString", "coordinates": [[-123.37210953470948, 48.409402272642055], [-123.3716889088294, 48.40921060810733], [-123.37088488623232, 48.40899620710567]]}, "properties": {"OBJECTID_12": 157, "OWNER": "VC", "BikeLaneType": "AAA protected lanes/multi use pathways", "Imp_Date": 2020, "Lanes": 2, "Width": 4.75, "SHAPE_1_Length_1": null, "Shape_Length": 101.81696245666834}}, {"type": "Feature", "id": 158, "geometry": {"type": "LineString", "coordinates": [[-123.35036644219188, 48.427046036301476], [-123.35047213333303, 48.42703781658564], [-123.35057806346126, 48.427033694816984], [-123.35068407374722, 48.42703367717561], [-123.35079000524141, 48.427037763687956], [-123.3518058824838, 48.42709455416341]]}, "properties": {"OBJECTID_12": 158, "OWNER": "VC", "BikeLaneType": "Painted bike lane", "Imp_Date": 2013, "Lanes": 1, "Width": null, "SHAPE_1_Length_1": null, "Shape_Length": 106.83631201112185}}, {"type": "Feature", "id": 159, "geometry": {"type": "LineString", "coordinates": [[-123.33312983290165, 48.432475227013896], [-123.3330840108765, 48.43241639003977], [-123.33304245892597, 48.432354463608256], [-123.3330053845935, 48.43228975702912], [-123.33297297305774, 48.43222259349837], [-123.33294538620761, 48.432153308484025], [-123.33292276183377, 48.43208224805045], [-123.33290857415032, 48.43202097969167], [-123.33289877222522, 48.43195885864522], [-123.33289340553013, 48.431896198444676], [-123.3328924533079, 48.43184118300902], [-123.33289498621633, 48.431786217663], [-123.33290099409179, 48.43173152296198]]}, "properties": {"OBJECTID_12": 159, "OWNER": "VC", "BikeLaneType": "Painted bike lane", "Imp_Date": 2013, "Lanes": 2, "Width": null, "SHAPE_1_Length_1": null, "Shape_Length": 85.62649444481423}}, {"type": "Feature", "id": 160, "geometry": {"type": "LineString", "coordinates": [[-123.33363355828065, 48.433198484584125], [-123.33360280143764, 48.43311451980752], [-123.33356654428131, 48.43303277945202], [-123.33352494642838, 48.43295362336738], [-123.33347819100725, 48.4328774000265], [-123.33312983290165, 48.432475227013896]]}, "properties": {"OBJECTID_12": 160, "OWNER": "VC", "BikeLaneType": "Painted bike lane", "Imp_Date": 2013, "Lanes": 2, "Width": null, "SHAPE_1_Length_1": null, "Shape_Length": 89.15444750757867}}, {"type": "Feature", "id": 161, "geometry": {"type": "LineString", "coordinates": [[-123.34537020935288, 48.42684084979451], [-123.34713616038376, 48.426921426052104]]}, "properties": {"OBJECTID_12": 161, "OWNER": "VC", "BikeLaneType": "Painted bike lane", "Imp_Date": 2013, "Lanes": 1, "Width": null, "SHAPE_1_Length_1": null, "Shape_Length": 130.94928090554407}}, {"type": "Feature", "id": 162, "geometry": {"type": "LineString", "coordinates": [[-123.3518058824838, 48.42709455416341], [-123.3532726373515, 48.42718511984085]]}, "properties": {"OBJECTID_12": 162, "OWNER": "VC", "BikeLaneType": "Painted bike lane", "Imp_Date": 2013, "Lanes": 1, "Width": null, "SHAPE_1_Length_1": null, "Shape_Length": 108.97396314113276}}, {"type": "Feature", "id": 163, "geometry": {"type": "LineString", "coordinates": [[-123.38387243981339, 48.41530625611757], [-123.38310773533544, 48.414766923944704], [-123.38297767456962, 48.414686128763464]]}, "properties": {"OBJECTID_12": 163, "OWNER": "VC", "BikeLaneType": "AAA protected lanes/multi use pathways", "Imp_Date": 2020, "Lanes": 2, "Width": 2.7, "SHAPE_1_Length_1": null, "Shape_Length": 95.6001246973483}}, {"type": "Feature", "id": 164, "geometry": {"type": "LineString", "coordinates": [[-123.38297767456962, 48.414686128763464], [-123.38217963814432, 48.41419037448782]]}, "properties": {"OBJECTID_12": 164, "OWNER": "VC", "BikeLaneType": "AAA protected lanes/multi use pathways", "Imp_Date": 2020, "Lanes": 2, "Width": 2.7, "SHAPE_1_Length_1": null, "Shape_Length": 80.76991721164299}}, {"type": "Feature", "id": 165, "geometry": {"type": "LineString", "coordinates": [[-123.38217963814432, 48.41419037448782], [-123.38217286845803, 48.41418617038829], [-123.38134849085343, 48.41379391506197]]}, "properties": {"OBJECTID_12": 165, "OWNER": "VC", "BikeLaneType": "AAA protected lanes/multi use pathways", "Imp_Date": 2020, "Lanes": 2, "Width": 2.7, "SHAPE_1_Length_1": null, "Shape_Length": 75.66695773260413}}, {"type": "Feature", "id": 166, "geometry": {"type": "LineString", "coordinates": [[-123.38134849085343, 48.41379391506197], [-123.37985096140014, 48.413087740581496]]}, "properties": {"OBJECTID_12": 166, "OWNER": "VC", "BikeLaneType": "AAA protected lanes/multi use pathways", "Imp_Date": 2020, "Lanes": 2, "Width": 2.7, "SHAPE_1_Length_1": null, "Shape_Length": 135.79874914546158}}, {"type": "Feature", "id": 167, "geometry": {"type": "LineString", "coordinates": [[-123.37985096140014, 48.413087740581496], [-123.37836984304421, 48.412386897724694]]}, "properties": {"OBJECTID_12": 167, "OWNER": "VC", "BikeLaneType": "AAA protected lanes/multi use pathways", "Imp_Date": 2020, "Lanes": 2, "Width": 2.7, "SHAPE_1_Length_1": null, "Shape_Length": 134.4666163780784}}, {"type": "Feature", "id": 168, "geometry": {"type": "LineString", "coordinates": [[-123.37836984304421, 48.412386897724694], [-123.37758386066827, 48.412012710722074], [-123.37758029954243, 48.41201102925454]]}, "properties": {"OBJECTID_12": 168, "OWNER": "VC", "BikeLaneType": "AAA protected lanes/multi use pathways", "Imp_Date": 2020, "Lanes": 2, "Width": 4.75, "SHAPE_1_Length_1": null, "Shape_Length": 71.82732787540921}}, {"type": "Feature", "id": 169, "geometry": {"type": "LineString", "coordinates": [[-123.37758029954243, 48.41201102925454], [-123.37485360720851, 48.410725065372546]]}, "properties": {"OBJECTID_12": 169, "OWNER": "VC", "BikeLaneType": "AAA protected lanes/multi use pathways", "Imp_Date": 2020, "Lanes": 2, "Width": 4.75, "SHAPE_1_Length_1": null, "Shape_Length": 247.2787777993234}}, {"type": "Feature", "id": 170, "geometry": {"type": "LineString", "coordinates": [[-123.37485360720851, 48.410725065372546], [-123.37392614388362, 48.41028994136541]]}, "properties": {"OBJECTID_12": 170, "OWNER": "VC", "BikeLaneType": "AAA protected lanes/multi use pathways", "Imp_Date": 2020, "Lanes": 2, "Width": 4.75, "SHAPE_1_Length_1": null, "Shape_Length": 83.96422885801749}}, {"type": "Feature", "id": 171, "geometry": {"type": "LineString", "coordinates": [[-123.37392614388362, 48.41028994136541], [-123.37210953470948, 48.409402272642055]]}, "properties": {"OBJECTID_12": 171, "OWNER": "VC", "BikeLaneType": "AAA protected lanes/multi use pathways", "Imp_Date": 2020, "Lanes": 2, "Width": 4.75, "SHAPE_1_Length_1": null, "Shape_Length": 166.75840647306416}}, {"type": "Feature", "id": 172, "geometry": {"type": "LineString", "coordinates": [[-123.36923485174128, 48.40877236221984], [-123.3691568034733, 48.40879720475965], [-123.36862649872731, 48.40896599901592], [-123.36832323185699, 48.40906252630194], [-123.36821150739725, 48.40909467594305], [-123.36818901199631, 48.40910114898358], [-123.36809242828002, 48.40912764789822], [-123.36801874604872, 48.40914534321922], [-123.3679630821068, 48.4091597070239], [-123.36795456537703, 48.40916107744624], [-123.36790082495092, 48.4091697267486], [-123.36785006513678, 48.40918189315104], [-123.36778944835605, 48.40919190757131], [-123.36772818395899, 48.409196441521956], [-123.36768060917487, 48.40919550226935], [-123.36767075120868, 48.40919508214156], [-123.36763302788437, 48.40919347263405], [-123.36757886264952, 48.40918818926183], [-123.36751972897228, 48.4091763740328], [-123.36746057960471, 48.409162377156235], [-123.36742277530374, 48.409151585943164], [-123.36736197905952, 48.40913650299117], [-123.36727653071516, 48.409114950995956], [-123.36695067475766, 48.40901874225336], [-123.3667965512867, 48.408973236916815], [-123.366576294195, 48.408908429429715], [-123.36649918169981, 48.40888731542254], [-123.36630753670389, 48.40883484234062], [-123.36604733425632, 48.408779803518534], [-123.36574551727328, 48.40872911398168], [-123.36572138011347, 48.40872506037785], [-123.36567899515772, 48.40871890738566], [-123.36550792827094, 48.40869407519736], [-123.36522802859575, 48.40866546062794], [-123.36520964462184, 48.408663209560494], [-123.36494814681937, 48.40863118288198], [-123.36472818375537, 48.40860676820605], [-123.36443007670296, 48.40858345980352], [-123.36415765126824, 48.40856248583213], [-123.36390868022436, 48.408541347074795], [-123.3635853705429, 48.40851507354924], [-123.36330201645816, 48.408504300903495], [-123.36329229144619, 48.40850393126129], [-123.36301410532717, 48.408503683766384], [-123.362741126786, 48.40849333583049], [-123.36262039610027, 48.40849539153028], [-123.36240461245262, 48.408499065414894], [-123.36213157736078, 48.40849234092766], [-123.36197330118128, 48.40855906716761]]}, "properties": {"OBJECTID_12": 172, "OWNER": "VC", "BikeLaneType": "AAA protected lanes/multi use pathways", "Imp_Date": 2020, "Lanes": 2, "Width": 3, "SHAPE_1_Length_1": null, "Shape_Length": 561.0673378165043}}, {"type": "Feature", "id": 173, "geometry": {"type": "LineString", "coordinates": [[-123.36197330118128, 48.40855906716761], [-123.3619012592239, 48.40851597980745], [-123.36179925192297, 48.408485500849864], [-123.36168233440927, 48.40844028551192], [-123.36160982848324, 48.40842813861911], [-123.36152263575832, 48.40839884538753], [-123.36146112060801, 48.40838166807515], [-123.36138882954072, 48.40836587945761], [-123.36132949280446, 48.408350050115864], [-123.36126085185211, 48.4083268583766], [-123.36119227068069, 48.40831229051738], [-123.3611384789093, 48.40829521114147], [-123.36108096735836, 48.40827568015345], [-123.36104019097033, 48.40826718399644], [-123.36099754597397, 48.40825623042754], [-123.36094376304837, 48.408240383462406], [-123.36088683065474, 48.40821884792475], [-123.36081265395228, 48.408198137439506], [-123.36074028627444, 48.40817126038606], [-123.3606512520159, 48.408143204796495], [-123.36056037537182, 48.40811638564152], [-123.3604640002213, 48.408096976119005], [-123.3601128749642, 48.40799618133884], [-123.35994423130445, 48.40795899990149], [-123.35978356779505, 48.40791541199988], [-123.35958459230108, 48.40787658583623], [-123.35932275600285, 48.40782171054556], [-123.3591567101508, 48.40778676808326], [-123.35902763279115, 48.40777324781896], [-123.35891948870756, 48.4077619832292], [-123.35876258894497, 48.40775783120865], [-123.35865802898984, 48.40776047738574], [-123.35856742722287, 48.40776540108612], [-123.35848032924252, 48.40777263401387], [-123.35839327879968, 48.40778682827122], [-123.35830973075579, 48.4078033317709], [-123.35821445452306, 48.40782205428932], [-123.3581029086654, 48.40784917527849], [-123.35804960308195, 48.40786918489085], [-123.35799020020849, 48.40789202577532], [-123.35792714600494, 48.40791406919572], [-123.35785379859654, 48.40794738310524]]}, "properties": {"OBJECTID_12": 173, "OWNER": "VC", "BikeLaneType": "AAA protected lanes/multi use pathways", "Imp_Date": 2020, "Lanes": 2, "Width": 3, "SHAPE_1_Length_1": null, "Shape_Length": 327.5034740299072}}, {"type": "Feature", "id": 174, "geometry": {"type": "LineString", "coordinates": [[-123.35785379859654, 48.40794738310524], [-123.35658855899666, 48.4078803551514]]}, "properties": {"OBJECTID_12": 174, "OWNER": "VC", "BikeLaneType": "AAA protected lanes/multi use pathways", "Imp_Date": 2020, "Lanes": 2, "Width": 3, "SHAPE_1_Length_1": null, "Shape_Length": 93.93150338962701}}, {"type": "Feature", "id": 175, "geometry": {"type": "LineString", "coordinates": [[-123.35658855899666, 48.4078803551514], [-123.3563640220882, 48.40786845918358], [-123.35551415547053, 48.40766032197804]]}, "properties": {"OBJECTID_12": 175, "OWNER": "VC", "BikeLaneType": "AAA protected lanes/multi use pathways", "Imp_Date": 2020, "Lanes": 2, "Width": 3, "SHAPE_1_Length_1": null, "Shape_Length": 83.68533457299168}}, {"type": "Feature", "id": 176, "geometry": {"type": "LineString", "coordinates": [[-123.35551415547053, 48.40766032197804], [-123.3544464325445, 48.407398904570286]]}, "properties": {"OBJECTID_12": 176, "OWNER": "VC", "BikeLaneType": "AAA protected lanes/multi use pathways", "Imp_Date": 2020, "Lanes": 2, "Width": 3, "SHAPE_1_Length_1": null, "Shape_Length": 84.19208679662788}}, {"type": "Feature", "id": 177, "geometry": {"type": "LineString", "coordinates": [[-123.34383855568605, 48.42421255120478], [-123.34550542009183, 48.424525125583365]]}, "properties": {"OBJECTID_12": 177, "OWNER": "VC", "BikeLaneType": "AAA protected lanes/multi use pathways", "Imp_Date": 2005, "Lanes": 1, "Width": null, "SHAPE_1_Length_1": null, "Shape_Length": 128.11942841769306}}, {"type": "Feature", "id": 178, "geometry": {"type": "LineString", "coordinates": [[-123.34550542009183, 48.424525125583365], [-123.34747404381405, 48.42458683035923]]}, "properties": {"OBJECTID_12": 178, "OWNER": "VC", "BikeLaneType": "Painted bike lane", "Imp_Date": 2005, "Lanes": 1, "Width": null, "SHAPE_1_Length_1": null, "Shape_Length": 145.80413112733558}}, {"type": "Feature", "id": 179, "geometry": {"type": "LineString", "coordinates": [[-123.34747404381405, 48.42458683035923], [-123.34946404210136, 48.42464726879711]]}, "properties": {"OBJECTID_12": 179, "OWNER": "VC", "BikeLaneType": "Painted bike lane", "Imp_Date": 2005, "Lanes": 1, "Width": null, "SHAPE_1_Length_1": null, "Shape_Length": 147.37708633343235}}, {"type": "Feature", "id": 180, "geometry": {"type": "LineString", "coordinates": [[-123.34946404210136, 48.42464726879711], [-123.35362740206827, 48.42507510137438]]}, "properties": {"OBJECTID_12": 180, "OWNER": "VC", "BikeLaneType": "Painted bike lane", "Imp_Date": 2005, "Lanes": 1, "Width": null, "SHAPE_1_Length_1": null, "Shape_Length": 311.66150434827824}}, {"type": "Feature", "id": 181, "geometry": {"type": "LineString", "coordinates": [[-123.35362740206827, 48.42507510137438], [-123.35650445058059, 48.425393681896914]]}, "properties": {"OBJECTID_12": 181, "OWNER": "VC", "BikeLaneType": "Painted bike lane", "Imp_Date": 1996, "Lanes": 1, "Width": null, "SHAPE_1_Length_1": null, "Shape_Length": 215.772719730614}}, {"type": "Feature", "id": 182, "geometry": {"type": "LineString", "coordinates": [[-123.35650445058059, 48.425393681896914], [-123.35930120703988, 48.42569837963]]}, "properties": {"OBJECTID_12": 182, "OWNER": "VC", "BikeLaneType": "Painted bike lane", "Imp_Date": 1996, "Lanes": 1, "Width": null, "SHAPE_1_Length_1": null, "Shape_Length": 209.65941162250402}}, {"type": "Feature", "id": 183, "geometry": {"type": "LineString", "coordinates": [[-123.35515087434017, 48.43514008181559], [-123.35521589571785, 48.43461868009034]]}, "properties": {"OBJECTID_12": 183, "OWNER": "VC", "BikeLaneType": "AAA shared-use street", "Imp_Date": 2021, "Lanes": 2, "Width": null, "SHAPE_1_Length_1": null, "Shape_Length": 58.15574025070771}}, {"type": "Feature", "id": 184, "geometry": {"type": "LineString", "coordinates": [[-123.35521589571785, 48.43461868009034], [-123.35533711853843, 48.433748617130604]]}, "properties": {"OBJECTID_12": 184, "OWNER": "VC", "BikeLaneType": "AAA shared-use street", "Imp_Date": 2021, "Lanes": 2, "Width": null, "SHAPE_1_Length_1": null, "Shape_Length": 97.12681858053911}}, {"type": "Feature", "id": 185, "geometry": {"type": "LineString", "coordinates": [[-123.35533711853843, 48.433748617130604], [-123.35545261259286, 48.43292187009122]]}, "properties": {"OBJECTID_12": 185, "OWNER": "VC", "BikeLaneType": "AAA shared-use street", "Imp_Date": 2021, "Lanes": 2, "Width": null, "SHAPE_1_Length_1": null, "Shape_Length": 92.29347268275201}}, {"type": "Feature", "id": 186, "geometry": {"type": "LineString", "coordinates": [[-123.35545261259286, 48.43292187009122], [-123.3555705711597, 48.43208615645632]]}, "properties": {"OBJECTID_12": 186, "OWNER": "VC", "BikeLaneType": "AAA shared-use street", "Imp_Date": 2021, "Lanes": 2, "Width": null, "SHAPE_1_Length_1": null, "Shape_Length": 93.3027947555253}}, {"type": "Feature", "id": 187, "geometry": {"type": "LineString", "coordinates": [[-123.3555705711597, 48.43208615645632], [-123.35565766442282, 48.431364207330134]]}, "properties": {"OBJECTID_12": 187, "OWNER": "VC", "BikeLaneType": "AAA shared-use street", "Imp_Date": 2021, "Lanes": 2, "Width": null, "SHAPE_1_Length_1": null, "Shape_Length": 80.50656852031946}}, {"type": "Feature", "id": 188, "geometry": {"type": "LineString", "coordinates": [[-123.35565766442282, 48.431364207330134], [-123.35574732139213, 48.43062099671544]]}, "properties": {"OBJECTID_12": 188, "OWNER": "VC", "BikeLaneType": "AAA shared-use street", "Imp_Date": 2021, "Lanes": 2, "Width": null, "SHAPE_1_Length_1": null, "Shape_Length": 82.87748698925824}}, {"type": "Feature", "id": 189, "geometry": {"type": "LineString", "coordinates": [[-123.35574732139213, 48.43062099671544], [-123.35588303469846, 48.429726271454165]]}, "properties": {"OBJECTID_12": 189, "OWNER": "VC", "BikeLaneType": "AAA shared-use street", "Imp_Date": 2021, "Lanes": 2, "Width": null, "SHAPE_1_Length_1": null, "Shape_Length": 99.95873404985795}}, {"type": "Feature", "id": 190, "geometry": {"type": "LineString", "coordinates": [[-123.35588303469846, 48.429726271454165], [-123.3558859239661, 48.42970580800259], [-123.35600859608269, 48.42883707597946]]}, "properties": {"OBJECTID_12": 190, "OWNER": "VC", "BikeLaneType": "AAA shared-use street", "Imp_Date": 2021, "Lanes": 2, "Width": null, "SHAPE_1_Length_1": null, "Shape_Length": 99.27412113178876}}, {"type": "Feature", "id": 191, "geometry": {"type": "LineString", "coordinates": [[-123.35600859608269, 48.42883707597946], [-123.3560738349925, 48.428324206626435]]}, "properties": {"OBJECTID_12": 191, "OWNER": "VC", "BikeLaneType": "AAA protected lanes/multi use pathways", "Imp_Date": 2021, "Lanes": 1, "Width": 1.8, "SHAPE_1_Length_1": null, "Shape_Length": 57.211970112385494}}, {"type": "Feature", "id": 192, "geometry": {"type": "LineString", "coordinates": [[-123.3560738349925, 48.428324206626435], [-123.35612083174811, 48.42796767336022]]}, "properties": {"OBJECTID_12": 192, "OWNER": "VC", "BikeLaneType": "AAA protected lanes/multi use pathways", "Imp_Date": 2021, "Lanes": 1, "Width": 1.8, "SHAPE_1_Length_1": null, "Shape_Length": 39.782700537315414}}, {"type": "Feature", "id": 193, "geometry": {"type": "LineString", "coordinates": [[-123.35612083174811, 48.42796767336022], [-123.35616686773454, 48.42735998763073]]}, "properties": {"OBJECTID_12": 193, "OWNER": "VC", "BikeLaneType": "AAA protected lanes/multi use pathways", "Imp_Date": 2021, "Lanes": 1, "Width": 1.8, "SHAPE_1_Length_1": null, "Shape_Length": 67.6331658042806}}, {"type": "Feature", "id": 194, "geometry": {"type": "LineString", "coordinates": [[-123.35691862020217, 48.42371272229586], [-123.35704166826638, 48.42321326098409]]}, "properties": {"OBJECTID_12": 194, "OWNER": "VC", "BikeLaneType": "AAA protected lanes/multi use pathways", "Imp_Date": 2021, "Lanes": 1, "Width": 1.8, "SHAPE_1_Length_1": null, "Shape_Length": 56.25906179487987}}, {"type": "Feature", "id": 195, "geometry": {"type": "LineString", "coordinates": [[-123.35704166826638, 48.42321326098409], [-123.35725759983832, 48.42233626628622]]}, "properties": {"OBJECTID_12": 195, "OWNER": "VC", "BikeLaneType": "AAA shared-use street", "Imp_Date": 2021, "Lanes": 2, "Width": null, "SHAPE_1_Length_1": null, "Shape_Length": 98.7827393132506}}, {"type": "Feature", "id": 196, "geometry": {"type": "LineString", "coordinates": [[-123.35725759983832, 48.42233626628622], [-123.35746170951765, 48.42150725575804]]}, "properties": {"OBJECTID_12": 196, "OWNER": "VC", "BikeLaneType": "AAA shared-use street", "Imp_Date": 2021, "Lanes": 2, "Width": null, "SHAPE_1_Length_1": null, "Shape_Length": 93.3778491971456}}, {"type": "Feature", "id": 197, "geometry": {"type": "LineString", "coordinates": [[-123.35746170681449, 48.42150725576644], [-123.35764410596433, 48.42076608793918]]}, "properties": {"OBJECTID_12": 197, "OWNER": "VC", "BikeLaneType": "AAA shared-use street", "Imp_Date": 2021, "Lanes": 2, "Width": null, "SHAPE_1_Length_1": null, "Shape_Length": 83.48248008249207}}, {"type": "Feature", "id": 198, "geometry": {"type": "LineString", "coordinates": [[-123.35770525758522, 48.4205175985663], [-123.35784537554004, 48.41994821945063]]}, "properties": {"OBJECTID_12": 198, "OWNER": "VC", "BikeLaneType": "AAA shared-use street", "Imp_Date": 2021, "Lanes": 2, "Width": null, "SHAPE_1_Length_1": null, "Shape_Length": 64.13278361956226}}, {"type": "Feature", "id": 199, "geometry": {"type": "LineString", "coordinates": [[-123.35784537554004, 48.41994821945063], [-123.35804217627627, 48.41914849424041], [-123.35804454646836, 48.419138810177124]]}, "properties": {"OBJECTID_12": 199, "OWNER": "VC", "BikeLaneType": "AAA shared-use street", "Imp_Date": 2021, "Lanes": 2, "Width": null, "SHAPE_1_Length_1": null, "Shape_Length": 91.16873729147453}}, {"type": "Feature", "id": 200, "geometry": {"type": "LineString", "coordinates": [[-123.35804454646836, 48.419138810177124], [-123.35823365283123, 48.418319364634]]}, "properties": {"OBJECTID_12": 200, "OWNER": "VC", "BikeLaneType": "AAA shared-use street", "Imp_Date": 2021, "Lanes": 2, "Width": null, "SHAPE_1_Length_1": null, "Shape_Length": 92.15384591934826}}, {"type": "Feature", "id": 201, "geometry": {"type": "LineString", "coordinates": [[-123.35823365283123, 48.418319364634], [-123.35844317632129, 48.41751479473536]]}, "properties": {"OBJECTID_12": 201, "OWNER": "VC", "BikeLaneType": "AAA shared-use street", "Imp_Date": 2021, "Lanes": 2, "Width": null, "SHAPE_1_Length_1": null, "Shape_Length": 90.76567776444115}}, {"type": "Feature", "id": 202, "geometry": {"type": "LineString", "coordinates": [[-123.35844317632129, 48.41751479473536], [-123.35845949541671, 48.417448419520014], [-123.35846148994288, 48.417441072120326], [-123.35846384970847, 48.41743377216419], [-123.35846657208627, 48.4174265304556], [-123.35846965441115, 48.41741935240082], [-123.35847309403059, 48.41741224520527], [-123.3584768856145, 48.417405219681406], [-123.35848102378209, 48.4173982794446], [-123.35848550591885, 48.4173914370981], [-123.35849032934703, 48.41738469624884], [-123.35849548330538, 48.41737806412754], [-123.35850096786965, 48.417371551529804], [-123.35850677226591, 48.417365163887055], [-123.35851289112615, 48.417358906613934], [-123.35851931910767, 48.41735278872356], [-123.35852605085512, 48.417346817429824], [-123.35853307287904, 48.41734099637332], [-123.3585403852426, 48.41733533455033], [-123.35854797175347, 48.417329835609905], [-123.35868242684862, 48.417235623922934]]}, "properties": {"OBJECTID_12": 202, "OWNER": "VC", "BikeLaneType": "AAA shared-use street", "Imp_Date": 2021, "Lanes": 2, "Width": null, "SHAPE_1_Length_1": null, "Shape_Length": 36.858416814069514}}, {"type": "Feature", "id": 203, "geometry": {"type": "LineString", "coordinates": [[-123.35868242684862, 48.417235623922934], [-123.35889520364661, 48.41708652636069]]}, "properties": {"OBJECTID_12": 203, "OWNER": "VC", "BikeLaneType": "AAA shared-use street", "Imp_Date": 2021, "Lanes": 2, "Width": null, "SHAPE_1_Length_1": null, "Shape_Length": 22.85899601792929}}, {"type": "Feature", "id": 204, "geometry": {"type": "LineString", "coordinates": [[-123.3593263627463, 48.41578806308316], [-123.35935170717956, 48.41488238347667]]}, "properties": {"OBJECTID_12": 204, "OWNER": "VC", "BikeLaneType": "AAA shared-use street", "Imp_Date": 2021, "Lanes": 2, "Width": null, "SHAPE_1_Length_1": null, "Shape_Length": 100.68817151064125}}, {"type": "Feature", "id": 205, "geometry": {"type": "LineString", "coordinates": [[-123.35935170717956, 48.41488238347667], [-123.35937975566581, 48.41387996069039]]}, "properties": {"OBJECTID_12": 205, "OWNER": "VC", "BikeLaneType": "AAA shared-use street", "Imp_Date": 2021, "Lanes": 2, "Width": null, "SHAPE_1_Length_1": null, "Shape_Length": 111.44349140953233}}, {"type": "Feature", "id": 206, "geometry": {"type": "LineString", "coordinates": [[-123.35937975566581, 48.41387996069039], [-123.359397414889, 48.413252395605454]]}, "properties": {"OBJECTID_12": 206, "OWNER": "VC", "BikeLaneType": "AAA shared-use street", "Imp_Date": 2021, "Lanes": 2, "Width": null, "SHAPE_1_Length_1": null, "Shape_Length": 69.76913684430053}}, {"type": "Feature", "id": 207, "geometry": {"type": "LineString", "coordinates": [[-123.35764150752006, 48.44425867633286], [-123.35748485880423, 48.4443662251072], [-123.35813787236482, 48.44665877213596]]}, "properties": {"OBJECTID_12": 207, "OWNER": "VC", "BikeLaneType": "AAA shared-use street", "Imp_Date": 2000, "Lanes": 2, "Width": null, "SHAPE_1_Length_1": null, "Shape_Length": 276.01135304441203}}, {"type": "Feature", "id": 208, "geometry": {"type": "LineString", "coordinates": [[-123.35594962278873, 48.4378503046156], [-123.35539058975478, 48.43792209188565]]}, "properties": {"OBJECTID_12": 208, "OWNER": "VC", "BikeLaneType": "AAA shared-use street", "Imp_Date": 2000, "Lanes": 2, "Width": null, "SHAPE_1_Length_1": null, "Shape_Length": 42.11051660112638}}, {"type": "Feature", "id": 209, "geometry": {"type": "LineString", "coordinates": [[-123.33368047906627, 48.433954717796], [-123.33363355828065, 48.433198484584125]]}, "properties": {"OBJECTID_12": 209, "OWNER": "VC", "BikeLaneType": "Painted bike lane", "Imp_Date": 2013, "Lanes": 2, "Width": null, "SHAPE_1_Length_1": null, "Shape_Length": 84.13079520364417}}, {"type": "Feature", "id": 210, "geometry": {"type": "LineString", "coordinates": [[-123.37394825692144, 48.44422462535275], [-123.37415025747036, 48.444217406740606], [-123.37476679906663, 48.44362280574298]]}, "properties": {"OBJECTID_12": 210, "OWNER": "VC", "BikeLaneType": "Painted bike lane", "Imp_Date": 1999, "Lanes": 2, "Width": null, "SHAPE_1_Length_1": null, "Shape_Length": 95.25513144960293}}, {"type": "Feature", "id": 211, "geometry": {"type": "LineString", "coordinates": [[-123.37530134035006, 48.443123605151385], [-123.37660133214655, 48.44190126978785]]}, "properties": {"OBJECTID_12": 211, "OWNER": "VC", "BikeLaneType": "AAA protected lanes/multi use pathways", "Imp_Date": 1999, "Lanes": 2, "Width": null, "SHAPE_1_Length_1": null, "Shape_Length": 166.4445736179446}}, {"type": "Feature", "id": 212, "geometry": {"type": "LineString", "coordinates": [[-123.37660133214655, 48.44190126978785], [-123.37837443896264, 48.44257223454619], [-123.37894756551783, 48.44277293407114], [-123.37935832119896, 48.44285381252235], [-123.37948145464166, 48.44286995114697]]}, "properties": {"OBJECTID_12": 212, "OWNER": "VC", "BikeLaneType": "AAA protected lanes/multi use pathways", "Imp_Date": 1999, "Lanes": 2, "Width": null, "SHAPE_1_Length_1": null, "Shape_Length": 239.71802376019656}}, {"type": "Feature", "id": 213, "geometry": {"type": "LineString", "coordinates": [[-123.3819030578991, 48.44308524653908], [-123.38190427748674, 48.44308523529464], [-123.38207733682377, 48.44308574763838], [-123.38230768887792, 48.44308886012571], [-123.38320484945343, 48.44315624695467], [-123.38383494107063, 48.44322323315807], [-123.3838689565878, 48.44322679927492]]}, "properties": {"OBJECTID_12": 213, "OWNER": "VC", "BikeLaneType": "AAA protected lanes/multi use pathways", "Imp_Date": 1999, "Lanes": 2, "Width": null, "SHAPE_1_Length_1": null, "Shape_Length": 146.43563876582294}}, {"type": "Feature", "id": 214, "geometry": {"type": "LineString", "coordinates": [[-123.3838689565878, 48.44322679927492], [-123.38507855403086, 48.44335361787094], [-123.38512297363557, 48.44335827516698]]}, "properties": {"OBJECTID_12": 214, "OWNER": "VC", "BikeLaneType": "AAA protected lanes/multi use pathways", "Imp_Date": 1999, "Lanes": 2, "Width": null, "SHAPE_1_Length_1": null, "Shape_Length": 93.88516917239699}}, {"type": "Feature", "id": 215, "geometry": {"type": "LineString", "coordinates": [[-123.38512297363557, 48.44335827516698], [-123.38634219900769, 48.443486088259], [-123.38638952367948, 48.44349114375529]]}, "properties": {"OBJECTID_12": 215, "OWNER": "VC", "BikeLaneType": "AAA protected lanes/multi use pathways", "Imp_Date": 1999, "Lanes": 2, "Width": null, "SHAPE_1_Length_1": null, "Shape_Length": 94.82462651532236}}, {"type": "Feature", "id": 216, "geometry": {"type": "LineString", "coordinates": [[-123.38638952367948, 48.44349114375529], [-123.38800420286348, 48.44366357761122]]}, "properties": {"OBJECTID_12": 216, "OWNER": "VC", "BikeLaneType": "AAA protected lanes/multi use pathways", "Imp_Date": 1999, "Lanes": 2, "Width": null, "SHAPE_1_Length_1": null, "Shape_Length": 120.94131912473999}}, {"type": "Feature", "id": 217, "geometry": {"type": "LineString", "coordinates": [[-123.3336128717351, 48.43026975494325], [-123.33377317971693, 48.43019803577781]]}, "properties": {"OBJECTID_12": 217, "OWNER": "VC", "BikeLaneType": "Painted bike lane", "Imp_Date": 0, "Lanes": 2, "Width": null, "SHAPE_1_Length_1": null, "Shape_Length": 14.289078846065564}}, {"type": "Feature", "id": 218, "geometry": {"type": "LineString", "coordinates": [[-123.33377317971693, 48.43019803577781], [-123.33398491732929, 48.430103306953946], [-123.33515937837197, 48.42967334524819]]}, "properties": {"OBJECTID_12": 218, "OWNER": "VC", "BikeLaneType": "Painted bike lane", "Imp_Date": 2013, "Lanes": 2, "Width": null, "SHAPE_1_Length_1": null, "Shape_Length": 118.03089805207281}}, {"type": "Feature", "id": 219, "geometry": {"type": "LineString", "coordinates": [[-123.33515937837197, 48.42967334524819], [-123.3357791556604, 48.42946630062109], [-123.33588188507477, 48.42942962065036]]}, "properties": {"OBJECTID_12": 219, "OWNER": "VC", "BikeLaneType": "Painted bike lane", "Imp_Date": 2013, "Lanes": 2, "Width": null, "SHAPE_1_Length_1": null, "Shape_Length": 59.923844901494576}}, {"type": "Feature", "id": 220, "geometry": {"type": "LineString", "coordinates": [[-123.33588188507477, 48.42942962065036], [-123.33611309452324, 48.429347069938125]]}, "properties": {"OBJECTID_12": 220, "OWNER": "VC", "BikeLaneType": "Painted bike lane", "Imp_Date": 2013, "Lanes": 2, "Width": null, "SHAPE_1_Length_1": null, "Shape_Length": 19.40964809245876}}, {"type": "Feature", "id": 221, "geometry": {"type": "LineString", "coordinates": [[-123.33611309452324, 48.429347069938125], [-123.3386826650525, 48.428411218101196], [-123.33871194155755, 48.428400535816344]]}, "properties": {"OBJECTID_12": 221, "OWNER": "VC", "BikeLaneType": "Painted bike lane", "Imp_Date": 2013, "Lanes": 2, "Width": null, "SHAPE_1_Length_1": null, "Shape_Length": 219.1579846920898}}, {"type": "Feature", "id": 222, "geometry": {"type": "LineString", "coordinates": [[-123.33871194155755, 48.428400535816344], [-123.34127130170174, 48.42753719147161]]}, "properties": {"OBJECTID_12": 222, "OWNER": "VC", "BikeLaneType": "Painted bike lane", "Imp_Date": 2013, "Lanes": 2, "Width": null, "SHAPE_1_Length_1": null, "Shape_Length": 212.26539482733}}, {"type": "Feature", "id": 223, "geometry": {"type": "LineString", "coordinates": [[-123.34127130170174, 48.42753719147161], [-123.34131812677688, 48.427521395026936], [-123.3419429763249, 48.42727810359058]]}, "properties": {"OBJECTID_12": 223, "OWNER": "VC", "BikeLaneType": "Painted bike lane", "Imp_Date": 2013, "Lanes": 2, "Width": null, "SHAPE_1_Length_1": null, "Shape_Length": 57.438069399360245}}, {"type": "Feature", "id": 224, "geometry": {"type": "LineString", "coordinates": [[-123.3419429763249, 48.42727810359058], [-123.34235908190107, 48.42713272750002]]}, "properties": {"OBJECTID_12": 224, "OWNER": "VC", "BikeLaneType": "Painted bike lane", "Imp_Date": 2013, "Lanes": 1, "Width": null, "SHAPE_1_Length_1": null, "Shape_Length": 34.766334401975705}}, {"type": "Feature", "id": 225, "geometry": {"type": "LineString", "coordinates": [[-123.38470860607762, 48.429596992571334], [-123.38470736218227, 48.42958156227246], [-123.38470530748334, 48.42956617067026], [-123.38470244483443, 48.42955083754754], [-123.38469877706214, 48.42953557908852], [-123.38469430972366, 48.42952041506698], [-123.38468905107986, 48.429505365247564], [-123.38468300397084, 48.42949044761376], [-123.38467617394005, 48.42947568013993], [-123.38466857462839, 48.42946107897419], [-123.38466021159287, 48.429446663890104], [-123.38465109848784, 48.42943245283504], [-123.3846412408431, 48.42941846198398], [-123.38463065503, 48.42940471107453], [-123.38461935466188, 48.429391212656036], [-123.38460735070282, 48.429377986484084], [-123.38459465948328, 48.4293650468983], [-123.38458129465715, 48.429352411845926], [-123.38456727525833, 48.429340095657565], [-123.38455261761712, 48.42932811267286], [-123.38453733806368, 48.42931647723148], [-123.38452145834891, 48.429305205454234], [-123.38450499478932, 48.42929430988155], [-123.38448796912202, 48.42928380483499], [-123.384470400367, 48.4292737028459], [-123.38445231293775, 48.429264014628316], [-123.38443372585411, 48.429254752713625], [-123.38441466626016, 48.42924593140537], [-123.38439515313492, 48.42923755783711], [-123.38437521089155, 48.42922964272294], [-123.38435486666043, 48.42922219856719], [-123.38433414481406, 48.42921523068614], [-123.38431306706188, 48.429208749802974], [-123.38429166049337, 48.42920276302421], [-123.38426995491507, 48.4291972792467], [-123.38424797469926, 48.429192303786806], [-123.38422574421818, 48.42918784196091], [-123.38420329596823, 48.429183900857616], [-123.38316045417142, 48.42901507082372], [-123.38263284760092, 48.42892907774468], [-123.38226778398547, 48.42884196842955], [-123.38221468546621, 48.42882473110872], [-123.38216249729838, 48.42880630499648], [-123.38211127913799, 48.42878671328704], [-123.38206108791029, 48.42876597558499], [-123.38201198058066, 48.428744116892915], [-123.38196401683112, 48.42872116400369], [-123.38191724821935, 48.4286971419379], [-123.38187172903304, 48.42867207930581], [-123.38182751624973, 48.42864600290938]]}, "properties": {"OBJECTID_12": 225, "OWNER": "VC", "BikeLaneType": "AAA protected lanes/multi use pathways", "Imp_Date": 2023, "Lanes": 2, "Width": null, "SHAPE_1_Length_1": null, "Shape_Length": 251.14919698709537}}, {"type": "Feature", "id": 226, "geometry": {"type": "LineString", "coordinates": [[-123.38182745706841, 48.42864604269054], [-123.38178723477613, 48.428620678158595], [-123.38174823911044, 48.428594478263264], [-123.38171051350308, 48.428567466252716], [-123.38167409332885, 48.42853967259911], [-123.38163901663883, 48.42851112416703], [-123.38160532148382, 48.42848184782116], [-123.38157303514065, 48.42845187585979], [-123.38154219567303, 48.42842123694679], [-123.38151283304735, 48.42838996157222], [-123.3813220526501, 48.42820439077826], [-123.38114207636916, 48.428035711764885], [-123.38093510688147, 48.427882680439126], [-123.38070719386805, 48.42774589560414], [-123.38053391577434, 48.42765188633118]]}, "properties": {"OBJECTID_12": 226, "OWNER": "VC", "BikeLaneType": "AAA protected lanes/multi use pathways", "Imp_Date": 2023, "Lanes": 2, "Width": null, "SHAPE_1_Length_1": null, "Shape_Length": 147.009683076099}}, {"type": "Feature", "id": 227, "geometry": {"type": "LineString", "coordinates": [[-123.38053391577434, 48.42765188633118], [-123.38025125363615, 48.427543861828106], [-123.38003796546961, 48.427464830096966], [-123.38002233878088, 48.42746081346895]]}, "properties": {"OBJECTID_12": 227, "OWNER": "VC", "BikeLaneType": "AAA protected lanes/multi use pathways", "Imp_Date": 2023, "Lanes": 2, "Width": null, "SHAPE_1_Length_1": null, "Shape_Length": 43.411510059774365}}, {"type": "Feature", "id": 228, "geometry": {"type": "LineString", "coordinates": [[-123.36916149894812, 48.423230915999], [-123.36834206773268, 48.42294956686803]]}, "properties": {"OBJECTID_12": 228, "OWNER": "VC", "BikeLaneType": "AAA protected lanes/multi use pathways", "Imp_Date": 2019, "Lanes": 2, "Width": null, "SHAPE_1_Length_1": null, "Shape_Length": 68.21591679213982}}, {"type": "Feature", "id": 229, "geometry": {"type": "LineString", "coordinates": [[-123.37823833983765, 48.43254462858984], [-123.37824000824702, 48.43271167878224], [-123.37816968616022, 48.432875676438684], [-123.37835209578832, 48.43316262214405], [-123.37875963738095, 48.43339950420564], [-123.37911693891641, 48.4336552145407], [-123.3795066046466, 48.433983606144054], [-123.37967398605069, 48.43413782220464], [-123.37992057334652, 48.434359048091615], [-123.38000795487791, 48.434569980956006], [-123.38001570769997, 48.434716736401555], [-123.3799895993836, 48.434789185283705], [-123.37972582559023, 48.435106164243], [-123.37968007311511, 48.43549478612073], [-123.37972403345618, 48.43563365269586], [-123.38006063992232, 48.43600495988367], [-123.38044194258325, 48.43634919081344], [-123.38084228805745, 48.43654272593301], [-123.38124370027846, 48.43679403989828], [-123.3815387983451, 48.43683876423519], [-123.38174621206782, 48.43702088664929], [-123.38192660006592, 48.437033618264174], [-123.38252799854341, 48.43725656174584], [-123.38270861109044, 48.437370514876164], [-123.38285479976042, 48.437544686224825], [-123.38307056159266, 48.43769440537231], [-123.38332066208399, 48.4377890571756]]}, "properties": {"OBJECTID_12": 229, "OWNER": "VC", "BikeLaneType": "AAA protected lanes/multi use pathways", "Imp_Date": 1998, "Lanes": 2, "Width": null, "SHAPE_1_Length_1": null, "Shape_Length": 767.7186875875078}}, {"type": "Feature", "id": 230, "geometry": {"type": "LineString", "coordinates": [[-123.37752432954034, 48.427472461696766], [-123.37456053304756, 48.42786038291372]]}, "properties": {"OBJECTID_12": 230, "OWNER": "VC", "BikeLaneType": "AAA protected lanes/multi use pathways", "Imp_Date": 2022, "Lanes": 2, "Width": null, "SHAPE_1_Length_1": null, "Shape_Length": 223.45432446684214}}, {"type": "Feature", "id": 231, "geometry": {"type": "LineString", "coordinates": [[-123.38332066208399, 48.4377890571756], [-123.38290094871336, 48.43862918493459], [-123.38242854986954, 48.43946196863179], [-123.38222455361272, 48.43973686119512], [-123.38096967412532, 48.44109346533753], [-123.37993732321156, 48.44201018124909], [-123.37971629764135, 48.44223306531085], [-123.37949563787049, 48.44250531341057], [-123.37931117051674, 48.44265402579683], [-123.37928459552943, 48.44284008934038]]}, "properties": {"OBJECTID_12": 231, "OWNER": "VC", "BikeLaneType": "AAA protected lanes/multi use pathways", "Imp_Date": 1996, "Lanes": 2, "Width": null, "SHAPE_1_Length_1": null, "Shape_Length": 642.0956155961612}}, {"type": "Feature", "id": 232, "geometry": {"type": "LineString", "coordinates": [[-123.37483310570676, 48.42897292206203], [-123.37486237310374, 48.429013449683616], [-123.3748841954887, 48.42903900612584], [-123.3748877230538, 48.429042223490576], [-123.37501241280755, 48.42915592657214], [-123.37501446418958, 48.42915803947073], [-123.37502540488782, 48.429169307063226], [-123.3750427040669, 48.42918712410169], [-123.37529886542055, 48.429450946335976], [-123.37548850391843, 48.42964625244536], [-123.37565231683904, 48.42981566595053], [-123.37660647339982, 48.43080242328176], [-123.37672377470425, 48.430923730037904], [-123.37808889988844, 48.4323354105441], [-123.37810182603242, 48.43234697359894], [-123.37813702011337, 48.432380429072154], [-123.37816858261229, 48.4324173303009], [-123.37819617805697, 48.432457285068516], [-123.37821951314025, 48.43249986870281], [-123.37823833983765, 48.43254462858984]]}, "properties": {"OBJECTID_12": 232, "OWNER": "VC", "BikeLaneType": "AAA protected lanes/multi use pathways", "Imp_Date": 2020, "Lanes": 2, "Width": 3, "SHAPE_1_Length_1": null, "Shape_Length": 470.6667223180374}}, {"type": "Feature", "id": 233, "geometry": {"type": "LineString", "coordinates": [[-123.35930183208441, 48.416664729714164], [-123.3593263627463, 48.41578806308316]]}, "properties": {"OBJECTID_12": 233, "OWNER": "VC", "BikeLaneType": "AAA shared-use street", "Imp_Date": 2021, "Lanes": 2, "Width": null, "SHAPE_1_Length_1": null, "Shape_Length": 97.46269010934141}}, {"type": "Feature", "id": 234, "geometry": {"type": "LineString", "coordinates": [[-123.35930120703988, 48.42569837963], [-123.3620836627735, 48.4260011039435]]}, "properties": {"OBJECTID_12": 234, "OWNER": "VC", "BikeLaneType": "Painted bike lane", "Imp_Date": 1996, "Lanes": 1, "Width": null, "SHAPE_1_Length_1": null, "Shape_Length": 208.57871880956864}}, {"type": "Feature", "id": 235, "geometry": {"type": "LineString", "coordinates": [[-123.35109264202354, 48.40604657468684], [-123.35101187549576, 48.406022211798394], [-123.35093006622076, 48.40600161993425], [-123.3508473901674, 48.40598484338677], [-123.3503038047045, 48.40588690845963], [-123.35003609435708, 48.40583867477897], [-123.35001324981981, 48.40583495761626]]}, "properties": {"OBJECTID_12": 235, "OWNER": "VC", "BikeLaneType": "AAA protected lanes/multi use pathways", "Imp_Date": 2020, "Lanes": 2, "Width": 3, "SHAPE_1_Length_1": null, "Shape_Length": 83.37836339991176}}, {"type": "Feature", "id": 236, "geometry": {"type": "LineString", "coordinates": [[-123.3544464325445, 48.407398904570286], [-123.35426164887505, 48.40733951780943], [-123.35332056293508, 48.406954226593115], [-123.35217996987033, 48.4064872369665], [-123.35120227273192, 48.40608692440403], [-123.35114781554861, 48.40606577639048], [-123.35109264202354, 48.40604657468684]]}, "properties": {"OBJECTID_12": 236, "OWNER": "VC", "BikeLaneType": "AAA protected lanes/multi use pathways", "Imp_Date": 2020, "Lanes": 2, "Width": 3, "SHAPE_1_Length_1": null, "Shape_Length": 290.2609587432167}}, {"type": "Feature", "id": 237, "geometry": {"type": "LineString", "coordinates": [[-123.34713616038376, 48.426921426052104], [-123.34962868631656, 48.42705957983069], [-123.34972700950021, 48.427062365067016], [-123.34989816473379, 48.42706384920275], [-123.3501391314118, 48.42706037861403], [-123.35036644219188, 48.427046036301476]]}, "properties": {"OBJECTID_12": 237, "OWNER": "VC", "BikeLaneType": "Painted bike lane", "Imp_Date": 2013, "Lanes": 1, "Width": null, "SHAPE_1_Length_1": null, "Shape_Length": 239.69682652676025}}, {"type": "Feature", "id": 238, "geometry": {"type": "LineString", "coordinates": [[-123.33336398840314, 48.430415591115036], [-123.33339576167167, 48.43038959599831], [-123.33343012014427, 48.43036712864316], [-123.33351931498805, 48.43031960330503], [-123.33356616974748, 48.430290648917115], [-123.3336128717351, 48.43026975494325]]}, "properties": {"OBJECTID_12": 238, "OWNER": "VC", "BikeLaneType": "Painted bike lane", "Imp_Date": 2013, "Lanes": 2, "Width": null, "SHAPE_1_Length_1": null, "Shape_Length": 24.63661859611369}}, {"type": "Feature", "id": 239, "geometry": {"type": "LineString", "coordinates": [[-123.33290099409179, 48.43173152296198], [-123.3329629048236, 48.43107328476309]]}, "properties": {"OBJECTID_12": 239, "OWNER": "VC", "BikeLaneType": "Painted bike lane", "Imp_Date": 2013, "Lanes": 2, "Width": null, "SHAPE_1_Length_1": null, "Shape_Length": 73.30968661840578}}, {"type": "Feature", "id": 240, "geometry": {"type": "LineString", "coordinates": [[-123.36174050104468, 48.4320423015388], [-123.3616375926158, 48.43163617975977], [-123.36166525083905, 48.4310359270852]]}, "properties": {"OBJECTID_12": 240, "OWNER": "VC", "BikeLaneType": "Painted bike lane", "Imp_Date": 1995, "Lanes": 2, "Width": null, "SHAPE_1_Length_1": null, "Shape_Length": 112.53244090881857}}, {"type": "Feature", "id": 241, "geometry": {"type": "LineString", "coordinates": [[-123.36203922279455, 48.43285403297573], [-123.36200218304894, 48.43275316526786], [-123.36190031958138, 48.432509161534], [-123.36181122916884, 48.432259732219016], [-123.36174050104468, 48.4320423015388]]}, "properties": {"OBJECTID_12": 241, "OWNER": "VC", "BikeLaneType": "Painted bike lane", "Imp_Date": 1995, "Lanes": 2, "Width": null, "SHAPE_1_Length_1": null, "Shape_Length": 92.91751505293911}}, {"type": "Feature", "id": 242, "geometry": {"type": "LineString", "coordinates": [[-123.36220784514659, 48.43328097058189], [-123.36214121950277, 48.43311317011281], [-123.36203922279455, 48.43285403297573]]}, "properties": {"OBJECTID_12": 242, "OWNER": "VC", "BikeLaneType": "Painted bike lane", "Imp_Date": 1995, "Lanes": 2, "Width": null, "SHAPE_1_Length_1": null, "Shape_Length": 49.06813800262014}}, {"type": "Feature", "id": 243, "geometry": {"type": "LineString", "coordinates": [[-123.3626578907161, 48.43441703803328], [-123.36256582924447, 48.43414739815115], [-123.3623733630455, 48.43368577723405], [-123.36220784514659, 48.43328097058189]]}, "properties": {"OBJECTID_12": 243, "OWNER": "VC", "BikeLaneType": "Painted bike lane", "Imp_Date": 1995, "Lanes": 2, "Width": null, "SHAPE_1_Length_1": null, "Shape_Length": 130.6179500323728}}, {"type": "Feature", "id": 244, "geometry": {"type": "LineString", "coordinates": [[-123.36273579726576, 48.43555527753978], [-123.3627741824979, 48.43527644781484], [-123.36275524793817, 48.43487780131335], [-123.36271246774344, 48.434647043935044], [-123.3626578907161, 48.43441703803328]]}, "properties": {"OBJECTID_12": 244, "OWNER": "VC", "BikeLaneType": "Painted bike lane", "Imp_Date": 1995, "Lanes": 2, "Width": null, "SHAPE_1_Length_1": null, "Shape_Length": 127.18443045881592}}, {"type": "Feature", "id": 245, "geometry": {"type": "LineString", "coordinates": [[-123.36276166921002, 48.43698229823597], [-123.36271233949584, 48.436784040831135], [-123.36267317129955, 48.436444372821434], [-123.36265569506865, 48.436219433855946], [-123.36273579726576, 48.43555527753978]]}, "properties": {"OBJECTID_12": 245, "OWNER": "VC", "BikeLaneType": "Painted bike lane", "Imp_Date": 1995, "Lanes": 2, "Width": null, "SHAPE_1_Length_1": null, "Shape_Length": 159.30265907065302}}, {"type": "Feature", "id": 246, "geometry": {"type": "LineString", "coordinates": [[-123.36302001026748, 48.437866870819825], [-123.36276166921002, 48.43698229823597]]}, "properties": {"OBJECTID_12": 246, "OWNER": "VC", "BikeLaneType": "Painted bike lane", "Imp_Date": 1995, "Lanes": 2, "Width": null, "SHAPE_1_Length_1": null, "Shape_Length": 100.16438178282223}}, {"type": "Feature", "id": 247, "geometry": {"type": "LineString", "coordinates": [[-123.36331682471462, 48.43888312024078], [-123.36302001026748, 48.437866870819825]]}, "properties": {"OBJECTID_12": 247, "OWNER": "VC", "BikeLaneType": "Painted bike lane", "Imp_Date": 1995, "Lanes": 2, "Width": null, "SHAPE_1_Length_1": null, "Shape_Length": 115.07496007580576}}, {"type": "Feature", "id": 248, "geometry": {"type": "LineString", "coordinates": [[-123.36355926930177, 48.43977237472611], [-123.36331682471462, 48.43888312024078]]}, "properties": {"OBJECTID_12": 248, "OWNER": "VC", "BikeLaneType": "Painted bike lane", "Imp_Date": 1995, "Lanes": 2, "Width": null, "SHAPE_1_Length_1": null, "Shape_Length": 100.45868617568271}}, {"type": "Feature", "id": 249, "geometry": {"type": "LineString", "coordinates": [[-123.36434315150427, 48.44193355233748], [-123.36409668887578, 48.44158772004887], [-123.36355926930177, 48.43977237472611]]}, "properties": {"OBJECTID_12": 249, "OWNER": "VC", "BikeLaneType": "Painted bike lane", "Imp_Date": 1995, "Lanes": 2, "Width": null, "SHAPE_1_Length_1": null, "Shape_Length": 248.20647023890115}}, {"type": "Feature", "id": 250, "geometry": {"type": "LineString", "coordinates": [[-123.36610078382213, 48.444858723135276], [-123.36503683484996, 48.44296888420153], [-123.36476270889942, 48.44254237763953], [-123.36434315150427, 48.44193355233748]]}, "properties": {"OBJECTID_12": 250, "OWNER": "VC", "BikeLaneType": "Painted bike lane", "Imp_Date": 1995, "Lanes": 2, "Width": null, "SHAPE_1_Length_1": null, "Shape_Length": 350.3283463232254}}, {"type": "Feature", "id": 251, "geometry": {"type": "LineString", "coordinates": [[-123.36651665372436, 48.44558285815055], [-123.36610078382213, 48.444858723135276]]}, "properties": {"OBJECTID_12": 251, "OWNER": "VC", "BikeLaneType": "Painted bike lane", "Imp_Date": 1995, "Lanes": 2, "Width": null, "SHAPE_1_Length_1": null, "Shape_Length": 86.16687849710515}}, {"type": "Feature", "id": 252, "geometry": {"type": "LineString", "coordinates": [[-123.36803334188671, 48.44825200279766], [-123.36651665372436, 48.44558285815055]]}, "properties": {"OBJECTID_12": 252, "OWNER": "VC", "BikeLaneType": "Painted bike lane", "Imp_Date": 1995, "Lanes": 2, "Width": null, "SHAPE_1_Length_1": null, "Shape_Length": 317.1822827505537}}, {"type": "Feature", "id": 253, "geometry": {"type": "LineString", "coordinates": [[-123.3597235000789, 48.42401900937435], [-123.36250847343416, 48.424322982288]]}, "properties": {"OBJECTID_12": 253, "OWNER": "VC", "BikeLaneType": "AAA protected lanes/multi use pathways", "Imp_Date": 2018, "Lanes": 2, "Width": 3, "SHAPE_1_Length_1": null, "Shape_Length": 208.79164942242764}}, {"type": "Feature", "id": 254, "geometry": {"type": "LineString", "coordinates": [[-123.3448731029146, 48.42384453765988], [-123.3455563146584, 48.42360038753653]]}, "properties": {"OBJECTID_12": 254, "OWNER": "VC", "BikeLaneType": "AAA protected lanes/multi use pathways", "Imp_Date": 2005, "Lanes": 1, "Width": null, "SHAPE_1_Length_1": null, "Shape_Length": 57.3708623970832}}, {"type": "Feature", "id": 255, "geometry": {"type": "LineString", "coordinates": [[-123.34383855568605, 48.42421255120478], [-123.3448731029146, 48.42384453765988]]}, "properties": {"OBJECTID_12": 255, "OWNER": "VC", "BikeLaneType": "AAA protected lanes/multi use pathways", "Imp_Date": 2005, "Lanes": 1, "Width": null, "SHAPE_1_Length_1": null, "Shape_Length": 86.7842752984509}}, {"type": "Feature", "id": 256, "geometry": {"type": "LineString", "coordinates": [[-123.33999050310442, 48.42537595832046], [-123.34082501415114, 48.4251699007395], [-123.34128280045189, 48.425030983289645]]}, "properties": {"OBJECTID_12": 256, "OWNER": "VC", "BikeLaneType": "AAA protected lanes/multi use pathways", "Imp_Date": 2005, "Lanes": 2, "Width": null, "SHAPE_1_Length_1": null, "Shape_Length": 103.07127153542228}}, {"type": "Feature", "id": 257, "geometry": {"type": "LineString", "coordinates": [[-123.33806119110048, 48.426069926935654], [-123.33869104125736, 48.42580691709608], [-123.33934170968314, 48.42554149430737]]}, "properties": {"OBJECTID_12": 257, "OWNER": "VC", "BikeLaneType": "AAA protected lanes/multi use pathways", "Imp_Date": 2005, "Lanes": 2, "Width": null, "SHAPE_1_Length_1": null, "Shape_Length": 111.46667322875643}}, {"type": "Feature", "id": 258, "geometry": {"type": "LineString", "coordinates": [[-123.33709329234368, 48.426480092586594], [-123.33780621399967, 48.426180143770004], [-123.33806119110048, 48.426069926935654]]}, "properties": {"OBJECTID_12": 258, "OWNER": "VC", "BikeLaneType": "AAA protected lanes/multi use pathways", "Imp_Date": 2005, "Lanes": 2, "Width": null, "SHAPE_1_Length_1": null, "Shape_Length": 84.88852787411248}}, {"type": "Feature", "id": 259, "geometry": {"type": "LineString", "coordinates": [[-123.33194371420936, 48.42879829263469], [-123.33297074016747, 48.42840109119964]]}, "properties": {"OBJECTID_12": 259, "OWNER": "VC", "BikeLaneType": "AAA protected lanes/multi use pathways", "Imp_Date": 2006, "Lanes": 2, "Width": null, "SHAPE_1_Length_1": null, "Shape_Length": 87.87240183388022}}, {"type": "Feature", "id": 260, "geometry": {"type": "LineString", "coordinates": [[-123.33092352943254, 48.429213306212844], [-123.33096001053195, 48.42919846498113], [-123.33194371420936, 48.42879829263469]]}, "properties": {"OBJECTID_12": 260, "OWNER": "VC", "BikeLaneType": "AAA protected lanes/multi use pathways", "Imp_Date": 2006, "Lanes": 2, "Width": null, "SHAPE_1_Length_1": null, "Shape_Length": 88.4509682504677}}, {"type": "Feature", "id": 261, "geometry": {"type": "LineString", "coordinates": [[-123.3300952747524, 48.42957915206364], [-123.33092352943254, 48.429213306212844]]}, "properties": {"OBJECTID_12": 261, "OWNER": "VC", "BikeLaneType": "AAA protected lanes/multi use pathways", "Imp_Date": 2006, "Lanes": 2, "Width": null, "SHAPE_1_Length_1": null, "Shape_Length": 73.53715160130267}}, {"type": "Feature", "id": 262, "geometry": {"type": "LineString", "coordinates": [[-123.35907654767202, 48.42658604600284], [-123.36185914527186, 48.42688878428351]]}, "properties": {"OBJECTID_12": 262, "OWNER": "VC", "BikeLaneType": "Painted bike lane", "Imp_Date": 9999, "Lanes": 1, "Width": null, "SHAPE_1_Length_1": null, "Shape_Length": 208.58578769499454}}, {"type": "Feature", "id": 263, "geometry": {"type": "LineString", "coordinates": [[-123.35628551796127, 48.426282050215704], [-123.35907654767202, 48.42658604600284]]}, "properties": {"OBJECTID_12": 263, "OWNER": "VC", "BikeLaneType": "Painted bike lane", "Imp_Date": 9999, "Lanes": 1, "Width": null, "SHAPE_1_Length_1": null, "Shape_Length": 209.22515240712897}}, {"type": "Feature", "id": 264, "geometry": {"type": "LineString", "coordinates": [[-123.35342677203877, 48.42596974878539], [-123.35628551796127, 48.426282050215704]]}, "properties": {"OBJECTID_12": 264, "OWNER": "VC", "BikeLaneType": "Painted bike lane", "Imp_Date": 9999, "Lanes": 1, "Width": null, "SHAPE_1_Length_1": null, "Shape_Length": 214.31934492734607}}, {"type": "Feature", "id": 265, "geometry": {"type": "LineString", "coordinates": [[-123.35069134569115, 48.42567500805516], [-123.35342677203877, 48.42596974878539]]}, "properties": {"OBJECTID_12": 265, "OWNER": "VC", "BikeLaneType": "Painted bike lane", "Imp_Date": 2013, "Lanes": 1, "Width": null, "SHAPE_1_Length_1": null, "Shape_Length": 205.0021508185895}}, {"type": "Feature", "id": 266, "geometry": {"type": "LineString", "coordinates": [[-123.34266979720606, 48.426730467227024], [-123.34271733007681, 48.42651130860728], [-123.3428392654586, 48.42630668623444], [-123.34293834984499, 48.426180378303656]]}, "properties": {"OBJECTID_12": 266, "OWNER": "VC", "BikeLaneType": "Painted bike lane", "Imp_Date": 2013, "Lanes": 1, "Width": null, "SHAPE_1_Length_1": null, "Shape_Length": 64.91953798409418}}, {"type": "Feature", "id": 267, "geometry": {"type": "LineString", "coordinates": [[-123.38432274055798, 48.431267124714445], [-123.3832596786939, 48.43213674474831]]}, "properties": {"OBJECTID_12": 267, "OWNER": "VC", "BikeLaneType": "AAA protected lanes/multi use pathways", "Imp_Date": 2025, "Lanes": 2, "Width": null, "SHAPE_1_Length_1": null, "Shape_Length": 124.60908959525915}}, {"type": "Feature", "id": 268, "geometry": {"type": "LineString", "coordinates": [[-123.33331354314257, 48.4456945812271], [-123.33473413269498, 48.445121906786376]]}, "properties": {"OBJECTID_12": 268, "OWNER": "VC", "BikeLaneType": "Painted bike lane", "Imp_Date": 2013, "Lanes": 2, "Width": null, "SHAPE_1_Length_1": null, "Shape_Length": 122.83572442329834}}, {"type": "Feature", "id": 269, "geometry": {"type": "LineString", "coordinates": [[-123.36634000646366, 48.44560957884939], [-123.36696032844216, 48.445523272855176], [-123.36915449699265, 48.44526519530651]]}, "properties": {"OBJECTID_12": 269, "OWNER": "VC", "BikeLaneType": "Painted bike lane", "Imp_Date": 2004, "Lanes": 2, "Width": null, "SHAPE_1_Length_1": null, "Shape_Length": 211.6452200825034}}, {"type": "Feature", "id": 270, "geometry": {"type": "LineString", "coordinates": [[-123.3329629048236, 48.43107328476309], [-123.3329696476256, 48.431008058419536], [-123.33297276940806, 48.43098948595107], [-123.33298525119164, 48.43093424443998], [-123.33299012986477, 48.43091704065686], [-123.33300528550905, 48.43087171727509], [-123.33303014413079, 48.43081313680322], [-123.33305947921254, 48.43075666490104], [-123.33309311338904, 48.430702643007976], [-123.33313084330189, 48.430651397750296], [-123.33313286382665, 48.43064883958598], [-123.33316248232947, 48.43061326895809], [-123.3331937295363, 48.43057912020491], [-123.33323814021408, 48.43053646591771], [-123.33336398840314, 48.430415591115036]]}, "properties": {"OBJECTID_12": 270, "OWNER": "VC", "BikeLaneType": "Painted bike lane", "Imp_Date": 2013, "Lanes": 2, "Width": null, "SHAPE_1_Length_1": null, "Shape_Length": 80.31904155633427}}, {"type": "Feature", "id": 271, "geometry": {"type": "LineString", "coordinates": [[-123.38800420286348, 48.44366357761122], [-123.39046583994416, 48.44392641751366]]}, "properties": {"OBJECTID_12": 271, "OWNER": "VC", "BikeLaneType": "AAA protected lanes/multi use pathways", "Imp_Date": 1999, "Lanes": 2, "Width": null, "SHAPE_1_Length_1": null, "Shape_Length": 184.37795102313288}}, {"type": "Feature", "id": 272, "geometry": {"type": "LineString", "coordinates": [[-123.37928459552943, 48.44284008934038], [-123.37914403875337, 48.44488830642056], [-123.37906568501091, 48.44545418057938], [-123.378870884885, 48.445816631111114], [-123.3783350502051, 48.44632647718338], [-123.37690292526882, 48.44681354935529], [-123.37597692512969, 48.44714863401451], [-123.37565029802099, 48.447368560468604]]}, "properties": {"OBJECTID_12": 272, "OWNER": "VC", "BikeLaneType": "AAA protected lanes/multi use pathways", "Imp_Date": 1995, "Lanes": 2, "Width": null, "SHAPE_1_Length_1": null, "Shape_Length": 634.2718976138291}}, {"type": "Feature", "id": 273, "geometry": {"type": "LineString", "coordinates": [[-123.34181031906296, 48.44831608004095], [-123.33826336679944, 48.44382860723728], [-123.33824585702413, 48.443700297419305]]}, "properties": {"OBJECTID_12": 273, "OWNER": "VC", "BikeLaneType": "Painted bike lane", "Imp_Date": 2013, "Lanes": 2, "Width": null, "SHAPE_1_Length_1": null, "Shape_Length": 577.8893422752711}}, {"type": "Feature", "id": 274, "geometry": {"type": "LineString", "coordinates": [[-123.37003456730648, 48.4278688540423], [-123.36965309808834, 48.42776219269471], [-123.36943662197584, 48.42772552705732], [-123.36724971005661, 48.4274828399832], [-123.36470745643112, 48.427201091044765]]}, "properties": {"OBJECTID_12": 274, "OWNER": "VC", "BikeLaneType": "Painted bike lane", "Imp_Date": 9999, "Lanes": 1, "Width": null, "SHAPE_1_Length_1": null, "Shape_Length": 401.81106612226586}}, {"type": "Feature", "id": 275, "geometry": {"type": "LineString", "coordinates": [[-123.37004301265937, 48.42784270633941], [-123.37013296719093, 48.42765919266251], [-123.37020659806034, 48.427545792861295], [-123.3702659314082, 48.42742873783988], [-123.3703105621902, 48.42730882691657], [-123.37034018551321, 48.427186874376616], [-123.37035459935514, 48.42706371216193], [-123.37035369906279, 48.42694017729304], [-123.37033650012829, 48.42689526704552], [-123.37012002168349, 48.42632988779573], [-123.37002057431127, 48.42607015543794], [-123.36997611233792, 48.42595403161397], [-123.36988277445178, 48.425674865843604], [-123.36982005045604, 48.425183186971374], [-123.36980679459839, 48.425079270039525], [-123.36979763355787, 48.42500746299629], [-123.36974246556487, 48.424575005572414], [-123.36971781203424, 48.42438174459274], [-123.36967860593282, 48.42407303543578], [-123.36948906233118, 48.423673394292656], [-123.36945546414073, 48.42358633735742], [-123.36942392760108, 48.42351971650004], [-123.36938629368473, 48.42345634000352], [-123.36934289283884, 48.42339676434953], [-123.36929410614754, 48.42334151264619], [-123.36924036198569, 48.42329107003486], [-123.36918213225759, 48.423245879430326], [-123.36916149894812, 48.423230915999]]}, "properties": {"OBJECTID_12": 275, "OWNER": "VC", "BikeLaneType": "AAA protected lanes/multi use pathways", "Imp_Date": 2019, "Lanes": 2, "Width": null, "SHAPE_1_Length_1": null, "Shape_Length": 529.5972775126656}}, {"type": "Feature", "id": 276, "geometry": {"type": "LineString", "coordinates": [[-123.38059017661233, 48.43378618298725], [-123.3793593127547, 48.43209538996508], [-123.37861299785011, 48.431034293086306], [-123.37736710848951, 48.42933197592071], [-123.37736710575261, 48.429331971431445], [-123.37727702444053, 48.42920888381223], [-123.37726182221829, 48.42919011649791], [-123.37724760837463, 48.42917100947092], [-123.37723440199352, 48.429151584260744], [-123.37722221677835, 48.429131866013094], [-123.3772110704744, 48.429111878061136], [-123.37720097406797, 48.42909164376011], [-123.37719194126223, 48.429071188255755], [-123.37718398170493, 48.429050536706875], [-123.37718118566941, 48.42904206843558], [-123.37717710503036, 48.429029712473216], [-123.37717132089946, 48.42900874251287], [-123.37716944427154, 48.42900029731772], [-123.37716663489779, 48.42898765109834], [-123.37716305396937, 48.4289664633973], [-123.37716058101604, 48.42894520638994], [-123.37715922027819, 48.42892390525275], [-123.377159209133, 48.42892294715817], [-123.37715897194086, 48.428902585175464], [-123.37715983889926, 48.42888127223855], [-123.37716181728966, 48.42885999254458], [-123.37716490729713, 48.4288387712832], [-123.37716910235449, 48.42881763456584], [-123.37717439994317, 48.42879660759089], [-123.37718079213771, 48.42877571557446], [-123.37718827101253, 48.42875498373273], [-123.3771968286488, 48.42873443818133], [-123.37720645440427, 48.42871410234593], [-123.37721713629824, 48.428694001455824], [-123.37722503866463, 48.428680630089055], [-123.37722886235011, 48.428674160740286], [-123.37724161650408, 48.42865460274301], [-123.37725538541454, 48.4286353508984], [-123.37727015033569, 48.42861642955817], [-123.37728589521855, 48.42859786216556], [-123.37730259993904, 48.42857966947819], [-123.3773202443865, 48.42856187405296], [-123.37737021362797, 48.428516949727396], [-123.37741793085672, 48.42847095318138]]}, "properties": {"OBJECTID_12": 276, "OWNER": "VC", "BikeLaneType": "Painted bike lane", "Imp_Date": 2001, "Lanes": 2, "Width": null, "SHAPE_1_Length_1": null, "Shape_Length": 653.0148306725023}}, {"type": "Feature", "id": 277, "geometry": {"type": "LineString", "coordinates": [[-123.32341498568078, 48.42031845427566], [-123.32342966390189, 48.42005640127733], [-123.32343761119235, 48.419914513334916], [-123.32345233424991, 48.41965168018868], [-123.32345283197526, 48.41964278750452], [-123.32345300679809, 48.41963966611177], [-123.32367301817975, 48.41944973767575], [-123.32386541304422, 48.41928364821701], [-123.32398733555839, 48.41917839538728], [-123.32425857372385, 48.418942201678355], [-123.32483326406008, 48.41844175561063], [-123.32490870907218, 48.418419033251254], [-123.32498415401113, 48.418396309942835], [-123.3250160423085, 48.418389782849474], [-123.32572421146602, 48.41824482981137], [-123.32584651328344, 48.41821979612666], [-123.32605433430741, 48.41817725654804], [-123.3261699871353, 48.418167987116014], [-123.32649836605154, 48.41814166848942], [-123.32651677381486, 48.418140193004206], [-123.32657025579614, 48.41813040683151], [-123.32663802417642, 48.418118006169244], [-123.32681109184323, 48.418086337233746], [-123.32684350026904, 48.418074362545916], [-123.32735581322217, 48.41788506551937], [-123.32736785965203, 48.41784681031461], [-123.32738674977682, 48.41778681887032], [-123.3273880941527, 48.41778254978201], [-123.327435782887, 48.41763110654689], [-123.32755014197514, 48.41726793498017], [-123.32756398939893, 48.4172239582168], [-123.32756377857044, 48.41720418350282], [-123.32756312540629, 48.41714269215068], [-123.32756144103612, 48.41698421283621], [-123.32756013545772, 48.416861344380536], [-123.32755904613664, 48.41675888487914], [-123.32755804543028, 48.41670577389791], [-123.32755244570077, 48.41640862479732], [-123.3275503604391, 48.41629797046612], [-123.3275350689725, 48.41548652689492]]}, "properties": {"OBJECTID_12": 277, "OWNER": "VC", "BikeLaneType": "Painted bike lane", "Imp_Date": 2012, "Lanes": 2, "Width": null, "SHAPE_1_Length_1": null, "Shape_Length": 709.7722072350871}}, {"type": "Feature", "id": 278, "geometry": {"type": "LineString", "coordinates": [[-123.33473623730886, 48.44511992953035], [-123.33573360136445, 48.44473025272924], [-123.33824585702413, 48.443700297419305]]}, "properties": {"OBJECTID_12": 278, "OWNER": "VC", "BikeLaneType": "Painted bike lane", "Imp_Date": 2013, "Lanes": 2, "Width": null, "SHAPE_1_Length_1": null, "Shape_Length": 303.7663749166863}}, {"type": "Feature", "id": 279, "geometry": {"type": "LineString", "coordinates": [[-123.33326987779236, 48.44815577304807], [-123.33331354314257, 48.4456945812271]]}, "properties": {"OBJECTID_12": 279, "OWNER": "VC", "BikeLaneType": "AAA protected lanes/multi use pathways", "Imp_Date": 2024, "Lanes": 2, "Width": 1.8, "SHAPE_1_Length_1": null, "Shape_Length": 273.593704019478}}, {"type": "Feature", "id": 280, "geometry": {"type": "LineString", "coordinates": [[-123.36134987235239, 48.44696120011399], [-123.3609034603132, 48.445398097518215]]}, "properties": {"OBJECTID_12": 280, "OWNER": "VC", "BikeLaneType": "Painted bike lane", "Imp_Date": 2004, "Lanes": 2, "Width": null, "SHAPE_1_Length_1": null, "Shape_Length": 176.85584767349437}}, {"type": "Feature", "id": 281, "geometry": {"type": "LineString", "coordinates": [[-123.35813787236482, 48.44665877213596], [-123.3581389011505, 48.44666238373061], [-123.3588941419471, 48.44932893569066]]}, "properties": {"OBJECTID_12": 281, "OWNER": "VC", "BikeLaneType": "AAA shared-use street", "Imp_Date": 2000, "Lanes": 2, "Width": null, "SHAPE_1_Length_1": null, "Shape_Length": 302.0261759379061}}, {"type": "Feature", "id": 282, "geometry": {"type": "LineString", "coordinates": [[-123.37823833983765, 48.43254462858984], [-123.37862813137257, 48.43244951832958], [-123.37947272385779, 48.43223219245208]]}, "properties": {"OBJECTID_12": 282, "OWNER": "VC", "BikeLaneType": "Painted bike lane", "Imp_Date": 2009, "Lanes": 2, "Width": null, "SHAPE_1_Length_1": null, "Shape_Length": 97.69307567107978}}, {"type": "Feature", "id": 283, "geometry": {"type": "LineString", "coordinates": [[-123.32897457193737, 48.41746167318868], [-123.32897387668318, 48.417385334062516], [-123.32896624839246, 48.41680039843993], [-123.32895819516564, 48.416745348183724]]}, "properties": {"OBJECTID_12": 283, "OWNER": "VC", "BikeLaneType": "AAA protected lanes/multi use pathways", "Imp_Date": 2012, "Lanes": 2, "Width": null, "SHAPE_1_Length_1": null, "Shape_Length": 79.65448158333797}}, {"type": "Feature", "id": 284, "geometry": {"type": "LineString", "coordinates": [[-123.32898812437305, 48.41839497770943], [-123.32897873192887, 48.41836659706472], [-123.32898133504554, 48.41829999717943], [-123.32908448528124, 48.41782364810761], [-123.328997292411, 48.417536499099754], [-123.32897457193737, 48.41746167318868]]}, "properties": {"OBJECTID_12": 284, "OWNER": "VC", "BikeLaneType": "AAA protected lanes/multi use pathways", "Imp_Date": 2012, "Lanes": 2, "Width": null, "SHAPE_1_Length_1": null, "Shape_Length": 105.18033950977183}}, {"type": "Feature", "id": 285, "geometry": {"type": "LineString", "coordinates": [[-123.32897446192102, 48.41744964871625], [-123.32940701335711, 48.41756127837599]]}, "properties": {"OBJECTID_12": 285, "OWNER": "VC", "BikeLaneType": "AAA protected lanes/multi use pathways", "Imp_Date": 2012, "Lanes": 2, "Width": null, "SHAPE_1_Length_1": null, "Shape_Length": 34.326514570629}}, {"type": "Feature", "id": 286, "geometry": {"type": "LineString", "coordinates": [[-123.35030884970686, 48.44937850795791], [-123.35032577797456, 48.44944135276633], [-123.35035045989693, 48.449516663809796], [-123.35038325734638, 48.449590591667594], [-123.35042399864618, 48.449662749106395], [-123.35047247027408, 48.449732760714404], [-123.350528419535, 48.44980025839509], [-123.35059155462879, 48.449864891263424], [-123.35066154460606, 48.449926319348656], [-123.35073802349314, 48.44998422347841], [-123.35098310287334, 48.45015638363973], [-123.35101515919264, 48.450178114978684]]}, "properties": {"OBJECTID_12": 286, "OWNER": "VC", "BikeLaneType": "Painted bike lane", "Imp_Date": 2014, "Lanes": 2, "Width": null, "SHAPE_1_Length_1": null, "Shape_Length": 105.37991869846977}}, {"type": "Feature", "id": 287, "geometry": {"type": "LineString", "coordinates": [[-123.38473620164127, 48.43092888950817], [-123.38432274055798, 48.431267124714445]]}, "properties": {"OBJECTID_12": 287, "OWNER": "VC", "BikeLaneType": "AAA protected lanes/multi use pathways", "Imp_Date": 2025, "Lanes": 2, "Width": null, "SHAPE_1_Length_1": null, "Shape_Length": 48.465845015128885}}, {"type": "Feature", "id": 288, "geometry": {"type": "LineString", "coordinates": [[-123.33248059122958, 48.4459921470903], [-123.33331354314257, 48.4456945812271]]}, "properties": {"OBJECTID_12": 288, "OWNER": "VC", "BikeLaneType": "Painted bike lane", "Imp_Date": 0, "Lanes": 2, "Width": null, "SHAPE_1_Length_1": null, "Shape_Length": 69.91635742221169}}, {"type": "Feature", "id": 289, "geometry": {"type": "LineString", "coordinates": [[-123.35862844955963, 48.43077728238154], [-123.36145080255999, 48.43094990309022], [-123.36157737468714, 48.43100323094559], [-123.36166525083905, 48.4310359270852]]}, "properties": {"OBJECTID_12": 289, "OWNER": "VC", "BikeLaneType": "Painted bike lane", "Imp_Date": 2005, "Lanes": 2, "Width": null, "SHAPE_1_Length_1": null, "Shape_Length": 228.18646042843466}}, {"type": "Feature", "id": 290, "geometry": {"type": "LineString", "coordinates": [[-123.3833799360634, 48.43557113627834], [-123.38304646582559, 48.435513584891595], [-123.38285948145236, 48.43539688252756], [-123.3826326320193, 48.43518906064206], [-123.3822968668536, 48.434825166761236], [-123.38185370682643, 48.43450725508379], [-123.38166663124566, 48.43437751509882]]}, "properties": {"OBJECTID_12": 290, "OWNER": "VC", "BikeLaneType": "Painted bike lane", "Imp_Date": 2014, "Lanes": 2, "Width": null, "SHAPE_1_Length_1": null, "Shape_Length": 188.6460008605055}}, {"type": "Feature", "id": 291, "geometry": {"type": "LineString", "coordinates": [[-123.384821290921, 48.435592307381754], [-123.3833799360634, 48.43557113627834]]}, "properties": {"OBJECTID_12": 291, "OWNER": "VC", "BikeLaneType": "Painted bike lane", "Imp_Date": 2014, "Lanes": 2, "Width": null, "SHAPE_1_Length_1": null, "Shape_Length": 106.63741419891377}}, {"type": "Feature", "id": 292, "geometry": {"type": "LineString", "coordinates": [[-123.38059017661233, 48.43378618298725], [-123.38083086382449, 48.43395009427286], [-123.38166663124566, 48.43437751509882]]}, "properties": {"OBJECTID_12": 292, "OWNER": "VC", "BikeLaneType": "Painted bike lane", "Imp_Date": 2014, "Lanes": 2, "Width": null, "SHAPE_1_Length_1": null, "Shape_Length": 103.44135548779602}}, {"type": "Feature", "id": 293, "geometry": {"type": "LineString", "coordinates": [[-123.34127501700296, 48.42661947271344], [-123.34266979720606, 48.426730467227024]]}, "properties": {"OBJECTID_12": 293, "OWNER": "VC", "BikeLaneType": "Painted bike lane", "Imp_Date": 2013, "Lanes": 2, "Width": null, "SHAPE_1_Length_1": null, "Shape_Length": 103.91929348544154}}, {"type": "Feature", "id": 294, "geometry": {"type": "LineString", "coordinates": [[-123.3399698164352, 48.426515588233706], [-123.34127501700296, 48.42661947271344]]}, "properties": {"OBJECTID_12": 294, "OWNER": "VC", "BikeLaneType": "Painted bike lane", "Imp_Date": 2013, "Lanes": 2, "Width": null, "SHAPE_1_Length_1": null, "Shape_Length": 97.24552727261064}}, {"type": "Feature", "id": 295, "geometry": {"type": "LineString", "coordinates": [[-123.33709329234368, 48.426480092586594], [-123.3399698164352, 48.426515588233706]]}, "properties": {"OBJECTID_12": 295, "OWNER": "VC", "BikeLaneType": "Painted bike lane", "Imp_Date": 2013, "Lanes": 2, "Width": null, "SHAPE_1_Length_1": null, "Shape_Length": 212.8393918714323}}, {"type": "Feature", "id": 296, "geometry": {"type": "LineString", "coordinates": [[-123.3498465801844, 48.447736091232734], [-123.3498429529518, 48.44772285040939], [-123.34973094313368, 48.44734380378519]]}, "properties": {"OBJECTID_12": 296, "OWNER": "VC", "BikeLaneType": "Painted bike lane", "Imp_Date": 2014, "Lanes": 2, "Width": null, "SHAPE_1_Length_1": null, "Shape_Length": 44.435589846658495}}, {"type": "Feature", "id": 297, "geometry": {"type": "LineString", "coordinates": [[-123.34973094313368, 48.44734380378519], [-123.34960743435923, 48.44692583079745]]}, "properties": {"OBJECTID_12": 297, "OWNER": "VC", "BikeLaneType": "Painted bike lane", "Imp_Date": 2014, "Lanes": 2, "Width": null, "SHAPE_1_Length_1": null, "Shape_Length": 47.3492093577648}}, {"type": "Feature", "id": 298, "geometry": {"type": "LineString", "coordinates": [[-123.37235603533226, 48.4477428330662], [-123.36735296300117, 48.43914887976256], [-123.36464023869505, 48.43416001177743]]}, "properties": {"OBJECTID_12": 298, "OWNER": "VC", "BikeLaneType": "Shared bus & bike lane", "Imp_Date": 2014, "Lanes": 2, "Width": null, "SHAPE_1_Length_1": null, "Shape_Length": 1614.1399284479357}}, {"type": "Feature", "id": 299, "geometry": {"type": "LineString", "coordinates": [[-123.3275350689725, 48.41548652689492], [-123.32753478198808, 48.41547130374715], [-123.32767416367798, 48.414956393211604], [-123.32768671782132, 48.414910012620695], [-123.32769030761553, 48.41488735807503]]}, "properties": {"OBJECTID_12": 299, "OWNER": "VC", "BikeLaneType": "Painted bike lane", "Imp_Date": 2015, "Lanes": 2, "Width": null, "SHAPE_1_Length_1": null, "Shape_Length": 67.61939323088211}}, {"type": "Feature", "id": 300, "geometry": {"type": "LineString", "coordinates": [[-123.36734910088104, 48.43577657383105], [-123.36736040720392, 48.43632486327446]]}, "properties": {"OBJECTID_12": 300, "OWNER": "VC", "BikeLaneType": "AAA protected lanes/multi use pathways", "Imp_Date": 2022, "Lanes": 2, "Width": 2, "SHAPE_1_Length_1": null, "Shape_Length": 60.95102680958677}}, {"type": "Feature", "id": 301, "geometry": {"type": "LineString", "coordinates": [[-123.38807833777169, 48.430496484440965], [-123.38872423001379, 48.43076804290418], [-123.38919183791472, 48.43111161172944], [-123.38957048800214, 48.43151498739717], [-123.38978800613866, 48.43189510556875], [-123.3899880080162, 48.43232288872097], [-123.39034906296163, 48.43276202681607], [-123.39090621331096, 48.43311718541886], [-123.39148052424589, 48.43337707084397], [-123.39207217726519, 48.43356548344879], [-123.3932734712735, 48.4339541395614], [-123.39422365949251, 48.4342484306387]]}, "properties": {"OBJECTID_12": 301, "OWNER": "VC", "BikeLaneType": "AAA protected lanes/multi use pathways", "Imp_Date": 9999, "Lanes": 2, "Width": null, "SHAPE_1_Length_1": null, "Shape_Length": 644.8472739284132}}, {"type": "Feature", "id": 302, "geometry": {"type": "LineString", "coordinates": [[-123.38648114438597, 48.43763609035669], [-123.38668753712398, 48.437681100263354], [-123.38688790352344, 48.437686139612595], [-123.38730375531223, 48.43780280487593], [-123.387362294281, 48.437973992517215], [-123.38755042334479, 48.43825138136527], [-123.38769379161505, 48.438343970185635], [-123.3878381488452, 48.438415965151876], [-123.38800007707172, 48.43861852570405], [-123.3883075551132, 48.43889318613002], [-123.38852111852815, 48.43903314302941], [-123.38867638668495, 48.43910379380582]]}, "properties": {"OBJECTID_12": 302, "OWNER": "VC", "BikeLaneType": "AAA protected lanes/multi use pathways", "Imp_Date": 9999, "Lanes": 2, "Width": null, "SHAPE_1_Length_1": null, "Shape_Length": 245.3913222998517}}, {"type": "Feature", "id": 303, "geometry": {"type": "LineString", "coordinates": [[-123.38865236828495, 48.437134873352534], [-123.38845184947579, 48.43711720736977], [-123.38811325106373, 48.43699838116137], [-123.38801314958255, 48.43700633517686], [-123.3876318231607, 48.43728945259855], [-123.38730038278204, 48.437359122060435], [-123.38684097293361, 48.4375358602079], [-123.38648114438597, 48.43763609035669], [-123.38622113966444, 48.43768295528999], [-123.38598989396492, 48.43768486651082], [-123.38578171613847, 48.43772151108666], [-123.38503050256026, 48.43791361787241], [-123.38473228053071, 48.4382145377532], [-123.38436880394687, 48.43840141808187], [-123.38421413616538, 48.4383842042266], [-123.38404752026872, 48.438300972172826], [-123.38388818603481, 48.43804442816607], [-123.38369504152605, 48.437858453833314], [-123.38332066208399, 48.4377890571756]]}, "properties": {"OBJECTID_12": 303, "OWNER": "VC", "BikeLaneType": "AAA protected lanes/multi use pathways", "Imp_Date": 9999, "Lanes": 2, "Width": null, "SHAPE_1_Length_1": null, "Shape_Length": 485.0571856736411}}, {"type": "Feature", "id": 304, "geometry": {"type": "LineString", "coordinates": [[-123.33615455857442, 48.43743822772058], [-123.3359240931657, 48.43744599984624], [-123.33583244210638, 48.437471753580766], [-123.3357249326768, 48.43752332673209], [-123.33569460302925, 48.4375968879721], [-123.33569069372649, 48.437783142586326], [-123.3356711529674, 48.43793527041883], [-123.33557493841718, 48.438173601564614], [-123.33561931023564, 48.438422799832885], [-123.33560574796115, 48.43927921413299], [-123.33567996223985, 48.439396968083315], [-123.33576454176362, 48.439512636038245], [-123.33577067454239, 48.439628302528924], [-123.33580395587656, 48.43975747453791], [-123.33592796592833, 48.439870841148576], [-123.33587199953992, 48.440034677187256]]}, "properties": {"OBJECTID_12": 304, "OWNER": "VC", "BikeLaneType": "AAA protected lanes/multi use pathways", "Imp_Date": 2022, "Lanes": 2, "Width": null, "SHAPE_1_Length_1": null, "Shape_Length": 321.09438814393917}}, {"type": "Feature", "id": 305, "geometry": {"type": "LineString", "coordinates": [[-123.32488913251588, 48.430092562069916], [-123.32494690994002, 48.42848807568073]]}, "properties": {"OBJECTID_12": 305, "OWNER": "VC", "BikeLaneType": "AAA protected lanes/multi use pathways", "Imp_Date": null, "Lanes": 2, "Width": null, "SHAPE_1_Length_1": null, "Shape_Length": 178.39784529717878}}, {"type": "Feature", "id": 306, "geometry": {"type": "LineString", "coordinates": [[-123.35871873136061, 48.422427541102415], [-123.3599319487583, 48.422552291713764]]}, "properties": {"OBJECTID_12": 306, "OWNER": "VC", "BikeLaneType": "AAA shared-use street", "Imp_Date": null, "Lanes": 2, "Width": null, "SHAPE_1_Length_1": null, "Shape_Length": 90.82472797009613}}, {"type": "Feature", "id": 307, "geometry": {"type": "LineString", "coordinates": [[-123.36208530766277, 48.41123713406716], [-123.36181252046754, 48.41101616750167], [-123.36154915134496, 48.41079019379191], [-123.36150296659524, 48.4107462935278], [-123.36145905302608, 48.41070137219778], [-123.36141746369805, 48.41065548091814], [-123.36137824628499, 48.410608673521004], [-123.36134144575773, 48.41056100384698], [-123.36130710305156, 48.410512528448145], [-123.36127526043991, 48.410463302073005], [-123.36126517409133, 48.41044611971683], [-123.36124595616091, 48.410413382181524], [-123.36121922170206, 48.41036282715452], [-123.36121741218459, 48.41035899670038], [-123.36119508584157, 48.410311694481344], [-123.36117358279412, 48.41026004613252], [-123.36115473052048, 48.410207938731524], [-123.36113855782948, 48.4101554342655], [-123.3611250786528, 48.41010259296879], [-123.36111430965006, 48.410049478665684], [-123.36110626338841, 48.409996149795134], [-123.36108960049894, 48.40990072964965], [-123.36107794058512, 48.40980498251976], [-123.3610713006432, 48.409709022609995], [-123.36106968416898, 48.40961296596588], [-123.36107309467732, 48.409516931331254], [-123.36108152889496, 48.40942103297231], [-123.36109497817546, 48.4093253896697], [-123.36110015223558, 48.40929866443031], [-123.36111342167968, 48.40923011574344], [-123.36113626801325, 48.40919119867268], [-123.36116107205673, 48.40915281614593], [-123.36118780303342, 48.40911501144205], [-123.36121643151814, 48.40907782783558], [-123.36124692537724, 48.40904130770984], [-123.36127924976202, 48.40900549165738], [-123.36131336712813, 48.40897042117873], [-123.36134924126998, 48.40893613597086], [-123.3613868278686, 48.40890267485662], [-123.36142608799757, 48.40887007484251], [-123.3614669746361, 48.40883837475978], [-123.36150944073842, 48.4088076098411], [-123.36153387748861, 48.40879106125115], [-123.36157859848012, 48.408762158708164], [-123.36153388152321, 48.40879105853949], [-123.36155344059752, 48.40877781351569], [-123.36159892447228, 48.408749021924365], [-123.36164583583387, 48.408721266731], [-123.36169412761247, 48.40869457956986], [-123.36174374191616, 48.40866899030986], [-123.36191560427602, 48.40858339094262], [-123.36197330118128, 48.40855906716761]]}, "properties": {"OBJECTID_12": 307, "OWNER": "VC", "BikeLaneType": "AAA protected lanes/multi use pathways", "Imp_Date": 2021, "Lanes": 2, "Width": null, "SHAPE_1_Length_1": null, "Shape_Length": 353.44682907611997}}, {"type": "Feature", "id": 308, "geometry": {"type": "LineString", "coordinates": [[-123.36578622882217, 48.41737608729137], [-123.36569327578565, 48.41736940141114], [-123.36546313509756, 48.41733151936925], [-123.36543054972242, 48.417324263676385], [-123.36541316057475, 48.417320014947634], [-123.36539595297371, 48.41731545076042], [-123.36537894045358, 48.41731057377079], [-123.3653706575817, 48.417308000966884], [-123.36536250318198, 48.41730525052241], [-123.36535448808556, 48.41730232510192], [-123.36534662041427, 48.41729922647896], [-123.3653389096671, 48.41729596002135], [-123.36533078370566, 48.41729227384281], [-123.3653228295799, 48.41728842607984], [-123.36531505271506, 48.41728441941426], [-123.36530746261015, 48.41728025921381], [-123.365300064684, 48.417275947260684], [-123.36529213269024, 48.41727103783208], [-123.3652844198985, 48.41726597566533], [-123.36527693309829, 48.417260765237195], [-123.36526968043074, 48.41725541102017], [-123.36526262928005, 48.41724988792743], [-123.36525582178668, 48.41724423001223], [-123.36524926609808, 48.417238442646614], [-123.36524296765239, 48.41723253031168], [-123.36523302641984, 48.41722258648781], [-123.36522353925724, 48.41721244869565], [-123.36521451298619, 48.41720212591018], [-123.36521020421202, 48.41719681542542], [-123.3652061650752, 48.4171914123199], [-123.36520239966872, 48.41718592197858], [-123.36519891210487, 48.4171803524853], [-123.36519077082865, 48.41716603241958], [-123.36518333518883, 48.41715154457726], [-123.36517524719507, 48.41713409534006], [-123.36516787720119, 48.41711650617641], [-123.36515239408237, 48.417074558500104], [-123.36514647404852, 48.417056373660174], [-123.36514110623953, 48.417038113295796], [-123.36513322555568, 48.417006956248684], [-123.36512687231638, 48.41697564501136], [-123.36512183950519, 48.4169430142876], [-123.36511834811837, 48.41691029500447], [-123.36511498757702, 48.41685658994488], [-123.36511308527864, 48.416785328881], [-123.36511402994871, 48.416647732588594], [-123.36511787751961, 48.41655863200365], [-123.36511997008498, 48.41651019151486], [-123.36512775717603, 48.4163425735937], [-123.36513054598313, 48.416174886959915], [-123.3651305009762, 48.416158409912704], [-123.3651304483527, 48.41613879309203], [-123.36513004647968, 48.41610513015879], [-123.3651295856096, 48.416093992087006], [-123.365128578855, 48.41608286924218], [-123.36512702766431, 48.41607177511455], [-123.3651249307638, 48.41606072050403], [-123.36512410631062, 48.416057315225096], [-123.36512458071859, 48.41605033779108], [-123.36512157682525, 48.41604756558792], [-123.36511952040269, 48.41604065376235], [-123.3651160098578, 48.41603073000584], [-123.36511196882422, 48.41602089519902], [-123.36511012006298, 48.416016938082656], [-123.36510807159854, 48.41601302478337], [-123.36510582751099, 48.41600915888684], [-123.36510338919047, 48.416005345786544], [-123.36510076071066, 48.41600158816854], [-123.36509794211665, 48.41599789233028], [-123.36509494019145, 48.415994261848816], [-123.3650917563123, 48.41599070031838], [-123.36508914071807, 48.41598798715927], [-123.3650863877092, 48.41598533471299], [-123.36508349866284, 48.41598274657381], [-123.36508048036197, 48.4159802263188], [-123.36507733281948, 48.415977775747244], [-123.36507406282476, 48.415975399335835], [-123.36507067172926, 48.415973097080304], [-123.36506716497091, 48.415970873461646], [-123.36506354527194, 48.41596873117018], [-123.36505075314382, 48.41596167707013], [-123.36503759157702, 48.41595493182284], [-123.36502407550164, 48.41594850437735], [-123.36501056757047, 48.415942081402676], [-123.36500309764185, 48.41593825277303], [-123.36499741415486, 48.4159353406232], [-123.36498463153005, 48.41592829008423], [-123.36491631033856, 48.415888743796856], [-123.36486619674119, 48.41585890999535], [-123.36481759410957, 48.415828505498155], [-123.36480204742399, 48.415818191654935], [-123.36478689892142, 48.415807618346136], [-123.36478155408464, 48.415803678605066], [-123.36477638285612, 48.41579963665231], [-123.36477139201878, 48.41579549606505], [-123.36476658430115, 48.4157912604332], [-123.36476196378331, 48.41578693334256], [-123.36474774001913, 48.41577281515337], [-123.36473405651984, 48.415758462239104], [-123.36472092145806, 48.41574388357064], [-123.36470321902297, 48.41572295791248], [-123.36468645344567, 48.41570169371084], [-123.364679873681, 48.41569269191848], [-123.36467372136929, 48.41568355562202], [-123.36466800604111, 48.41567429468754], [-123.36465934167346, 48.41565896412599], [-123.36465134109386, 48.415643474920124], [-123.36462367953825, 48.41558433015412], [-123.3646017164888, 48.41553114373684], [-123.3646002493376, 48.415527059451065], [-123.36459896849668, 48.41552294848489], [-123.36459787668163, 48.41551881262909], [-123.36459697257959, 48.41551465728571], [-123.36459644222666, 48.41551155155581], [-123.36459605776324, 48.415508436367084], [-123.36459581650576, 48.415505314427044], [-123.36459572118272, 48.41550218932563], [-123.36459597384984, 48.41547798779011], [-123.3645964101171, 48.415436180312724], [-123.36459830538095, 48.41539731728315], [-123.36460048098381, 48.41535267757609], [-123.3646007509444, 48.41534715013638], [-123.36460877931123, 48.41525823242659], [-123.36462048893658, 48.41516949647591], [-123.36463094612068, 48.41508894146154], [-123.36463772204988, 48.41500821188186], [-123.36464081052488, 48.41492738332827], [-123.36464100880559, 48.41487913686555], [-123.36464020644269, 48.41484309380399], [-123.36463922020052, 48.41482726119008], [-123.3646374476405, 48.41481145895722], [-123.364634888892, 48.41479570509802], [-123.36463398803738, 48.41479143548787], [-123.36463289272211, 48.41478718628636], [-123.36463160297852, 48.41478296199162], [-123.36463012017722, 48.414778765298315], [-123.36462844569552, 48.41477459980069], [-123.36462658228122, 48.41477047178759], [-123.36462445591646, 48.414766235749376], [-123.36462213798072, 48.414762046200586], [-123.36461963118334, 48.414757904032285], [-123.36461693556936, 48.414753815541935], [-123.36461405520586, 48.41474978251591], [-123.36461099148293, 48.41474581034777], [-123.36460445662867, 48.4147379671639], [-123.36459752553803, 48.41473027547763], [-123.36459020639683, 48.41472274605886], [-123.36458250737135, 48.414715386978514], [-123.36454042444271, 48.414676731651404], [-123.36450336606686, 48.41464297341224], [-123.36446333139862, 48.4146068773863], [-123.36442838098351, 48.41457533639482], [-123.36442073743552, 48.4145681696541], [-123.36441342120595, 48.41456085163377], [-123.36440643911598, 48.41455339130886], [-123.36439979796107, 48.41454579405579], [-123.36439350320467, 48.41453806795426], [-123.36438755894577, 48.41453021928894], [-123.36438201319885, 48.41452291545234], [-123.3643761156066, 48.414515734183176], [-123.36436987299038, 48.41450868445632], [-123.36436329080087, 48.41450177255204], [-123.36435637584654, 48.414495005646], [-123.3643491362873, 48.41448839090952], [-123.36433192243821, 48.414473536319186], [-123.36431421313647, 48.414458942395704], [-123.36426638121401, 48.414421170637404], [-123.36423051751682, 48.41439285054472], [-123.36421432561865, 48.414380484748136], [-123.36414845475419, 48.4143301820529], [-123.364146028447, 48.414328408412885], [-123.36414352545748, 48.4143266835969], [-123.36414094579213, 48.414325008504576], [-123.36413829352429, 48.41432338582195], [-123.36410872509336, 48.414306260877666], [-123.36403741874011, 48.41426557464467], [-123.36398516670408, 48.4142353756599], [-123.36391578414658, 48.41419514209019], [-123.36389267790913, 48.41418174281904], [-123.36387766420295, 48.414172730764136], [-123.36386310765675, 48.41416339248591], [-123.36384902590288, 48.414153736925336], [-123.36383543118714, 48.41414377573939], [-123.36383172098965, 48.41414104621957], [-123.36382554774217, 48.414136504483764], [-123.3638153508131, 48.41412942854407], [-123.3638048485404, 48.4141225523928], [-123.36379404908367, 48.41411588320127], [-123.36378296329895, 48.41410942723276], [-123.36378091467623, 48.41410830824], [-123.3637788082777, 48.41410723621199], [-123.36377664952815, 48.41410621383047], [-123.3637744397725, 48.41410524019162], [-123.36377218038143, 48.41410431799002], [-123.36376987541554, 48.41410344811247], [-123.36376752623259, 48.41410263145434], [-123.36376513823811, 48.41410186799857], [-123.36376271009357, 48.41410115954867], [-123.36376024856233, 48.41410050698292], [-123.36375775500214, 48.414099911196686], [-123.36375523077082, 48.414099373085335], [-123.36375268127391, 48.41409889263176], [-123.36375010922058, 48.41409847072706], [-123.36374751595584, 48.41409810646732], [-123.36374490555298, 48.41409780253864], [-123.36374230055577, 48.414097498592824], [-123.36373971270946, 48.414097136115075], [-123.36373714470409, 48.41409671329766], [-123.36373459926807, 48.414096233730476], [-123.36373252032354, 48.414095789574574], [-123.36370838385837, 48.41408477761064]]}, "properties": {"OBJECTID_12": 308, "OWNER": "VC", "BikeLaneType": "AAA protected lanes/multi use pathways", "Imp_Date": 2014, "Lanes": 2, "Width": null, "SHAPE_1_Length_1": null, "Shape_Length": 437.29218066112713}}, {"type": "Feature", "id": 309, "geometry": {"type": "LineString", "coordinates": [[-123.3532726373515, 48.42718511984085], [-123.35616686773454, 48.42735998763073], [-123.35637069811202, 48.42736983483984], [-123.35734990633861, 48.427417136507984], [-123.35820951562819, 48.42745865396743], [-123.35885269749727, 48.42748971410947], [-123.35902837812002, 48.427498197748314], [-123.35902859178407, 48.42749820967684], [-123.36044782559655, 48.427618641283054], [-123.36046830917397, 48.427620379126694], [-123.36104087012025, 48.427675180476356], [-123.36147291145818, 48.4277165298128], [-123.36166825573551, 48.427735225295436], [-123.36428740895444, 48.428022682580625], [-123.36450130883959, 48.42803194372004], [-123.36470480492581, 48.428040753421385], [-123.36568788717346, 48.4281490088661], [-123.36572840831197, 48.428155210951964], [-123.36576866957692, 48.428162119178005], [-123.36580864525422, 48.42816972912797], [-123.36585797136762, 48.42818017653251], [-123.36590675499455, 48.42819169263004], [-123.36594548334023, 48.428201795840145], [-123.36594548469196, 48.42820179583585], [-123.36594548334023, 48.428201795840145], [-123.3659549487356, 48.42820426497683], [-123.36600249977145, 48.42821787934716], [-123.36604935393704, 48.42823252241927], [-123.36609546515206, 48.428248177247255], [-123.36614078058992, 48.42826482870594], [-123.36618525414394, 48.42828245625091], [-123.36622883704251, 48.4283010447443], [-123.36627148180736, 48.428320570947236], [-123.3663131450475, 48.42834101610609], [-123.36635377927766, 48.42836235608248], [-123.3663832507956, 48.42837848390635], [-123.3664135352543, 48.4283939280964], [-123.36644459874269, 48.42840867256615], [-123.3664764032814, 48.42842269944295], [-123.36650891224905, 48.42843599174929], [-123.36654208767884, 48.42844853341183], [-123.36657588891977, 48.42846031106469], [-123.36661027801775, 48.428471310433736], [-123.36664521432142, 48.42848151815319], [-123.36668065584061, 48.428490922660856], [-123.3667165605849, 48.428499512394595], [-123.36675288657032, 48.42850727669194], [-123.36678959182579, 48.42851420668972], [-123.36682663304765, 48.42852029622805], [-123.36686396556118, 48.42852553645252], [-123.3669015474079, 48.42852992029935], [-123.36693933125458, 48.4285334452203], [-123.3669772764946, 48.42853610414745], [-123.3670153344558, 48.42853789633619], [-123.3670534645573, 48.42853881831722]]}, "properties": {"OBJECTID_12": 309, "OWNER": "VC", "BikeLaneType": "AAA protected lanes/multi use pathways", "Imp_Date": 2017, "Lanes": 2, "Width": 3, "SHAPE_1_Length_1": null, "Shape_Length": 1036.9639045736299}}, {"type": "Feature", "id": 310, "geometry": {"type": "LineString", "coordinates": [[-123.36470745643112, 48.427201091044765], [-123.36185914527186, 48.42688878428351]]}, "properties": {"OBJECTID_12": 310, "OWNER": "VC", "BikeLaneType": "Painted bike lane", "Imp_Date": 9999, "Lanes": 1, "Width": null, "SHAPE_1_Length_1": null, "Shape_Length": 213.55404935647277}}, {"type": "Feature", "id": 311, "geometry": {"type": "LineString", "coordinates": [[-123.36208527259893, 48.41123714407372], [-123.36260173084547, 48.41154162486714], [-123.36275881364028, 48.41163423157221], [-123.3627896537994, 48.41165241355506], [-123.36307583824376, 48.411796551661105], [-123.36310422416497, 48.41180936495819], [-123.3634034308969, 48.41194442230782], [-123.36375473037204, 48.41210299315925], [-123.36416407928854, 48.4122877607492]]}, "properties": {"OBJECTID_12": 311, "OWNER": "VC", "BikeLaneType": "AAA protected lanes/multi use pathways", "Imp_Date": 2014, "Lanes": 2, "Width": null, "SHAPE_1_Length_1": null, "Shape_Length": 193.47563015127884}}, {"type": "Feature", "id": 312, "geometry": {"type": "LineString", "coordinates": [[-123.36535726080876, 48.42462048119684], [-123.36250847343416, 48.424322982288]]}, "properties": {"OBJECTID_12": 312, "OWNER": "VC", "BikeLaneType": "AAA protected lanes/multi use pathways", "Imp_Date": 2018, "Lanes": 2, "Width": 3, "SHAPE_1_Length_1": null, "Shape_Length": 213.33798921977083}}, {"type": "Feature", "id": 313, "geometry": {"type": "LineString", "coordinates": [[-123.36650538029247, 48.42473887996239], [-123.36535726080876, 48.42462048119684]]}, "properties": {"OBJECTID_12": 313, "OWNER": "VC", "BikeLaneType": "AAA protected lanes/multi use pathways", "Imp_Date": 2018, "Lanes": 2, "Width": 3, "SHAPE_1_Length_1": null, "Shape_Length": 85.95355619244127}}, {"type": "Feature", "id": 314, "geometry": {"type": "LineString", "coordinates": [[-123.36786790941335, 48.42487937568099], [-123.36650538029247, 48.42473887996239]]}, "properties": {"OBJECTID_12": 314, "OWNER": "VC", "BikeLaneType": "AAA protected lanes/multi use pathways", "Imp_Date": 2018, "Lanes": 2, "Width": 3, "SHAPE_1_Length_1": null, "Shape_Length": 102.00477511626906}}, {"type": "Feature", "id": 315, "geometry": {"type": "LineString", "coordinates": [[-123.36980679459839, 48.425079270039525], [-123.36916690614129, 48.425013303601176]]}, "properties": {"OBJECTID_12": 315, "OWNER": "VC", "BikeLaneType": "AAA protected lanes/multi use pathways", "Imp_Date": 2018, "Lanes": 2, "Width": 3, "SHAPE_1_Length_1": null, "Shape_Length": 47.90432811174656}}, {"type": "Feature", "id": 316, "geometry": {"type": "LineString", "coordinates": [[-123.3686688959518, 48.42496196004748], [-123.36786790941335, 48.42487937568099]]}, "properties": {"OBJECTID_12": 316, "OWNER": "VC", "BikeLaneType": "AAA protected lanes/multi use pathways", "Imp_Date": 2018, "Lanes": 2, "Width": 3, "SHAPE_1_Length_1": null, "Shape_Length": 59.96501896740592}}, {"type": "Feature", "id": 317, "geometry": {"type": "LineString", "coordinates": [[-123.36916690614129, 48.425013303601176], [-123.3691598084359, 48.42501257156137], [-123.3686688959518, 48.42496196004748]]}, "properties": {"OBJECTID_12": 317, "OWNER": "VC", "BikeLaneType": "AAA protected lanes/multi use pathways", "Imp_Date": 2018, "Lanes": 2, "Width": 3, "SHAPE_1_Length_1": null, "Shape_Length": 37.28291490372963}}, {"type": "Feature", "id": 318, "geometry": {"type": "LineString", "coordinates": [[-123.36831083018271, 48.428520256135435], [-123.36790223961349, 48.42852628903426]]}, "properties": {"OBJECTID_12": 318, "OWNER": "VC", "BikeLaneType": "AAA protected lanes/multi use pathways", "Imp_Date": 2017, "Lanes": 2, "Width": 3, "SHAPE_1_Length_1": null, "Shape_Length": 30.233463832767214}}, {"type": "Feature", "id": 319, "geometry": {"type": "LineString", "coordinates": [[-123.36790223961349, 48.42852628903426], [-123.3670534645573, 48.42853881831722]]}, "properties": {"OBJECTID_12": 319, "OWNER": "VC", "BikeLaneType": "AAA protected lanes/multi use pathways", "Imp_Date": 2017, "Lanes": 2, "Width": 3, "SHAPE_1_Length_1": null, "Shape_Length": 62.80468371822697}}, {"type": "Feature", "id": 320, "geometry": {"type": "LineString", "coordinates": [[-123.36980525580601, 48.428578821443836], [-123.3694360110685, 48.42851182991118], [-123.36831083018271, 48.428520256135435]]}, "properties": {"OBJECTID_12": 320, "OWNER": "VC", "BikeLaneType": "AAA protected lanes/multi use pathways", "Imp_Date": 2017, "Lanes": 2, "Width": 3, "SHAPE_1_Length_1": null, "Shape_Length": 111.55418389803773}}, {"type": "Feature", "id": 321, "geometry": {"type": "LineString", "coordinates": [[-123.36834206773268, 48.42294956686803], [-123.36608118477069, 48.42221481053633], [-123.36552867177555, 48.42176715799324]]}, "properties": {"OBJECTID_12": 321, "OWNER": "VC", "BikeLaneType": "AAA protected lanes/multi use pathways", "Imp_Date": 2019, "Lanes": 2, "Width": null, "SHAPE_1_Length_1": null, "Shape_Length": 250.54195728568175}}, {"type": "Feature", "id": 322, "geometry": {"type": "LineString", "coordinates": [[-123.36980525580601, 48.428578821443836], [-123.37004301265937, 48.42784270633941]]}, "properties": {"OBJECTID_12": 322, "OWNER": "VC", "BikeLaneType": "AAA protected lanes/multi use pathways", "Imp_Date": 2019, "Lanes": 2, "Width": null, "SHAPE_1_Length_1": null, "Shape_Length": 83.69205331987078}}, {"type": "Feature", "id": 323, "geometry": {"type": "LineString", "coordinates": [[-123.36980525580601, 48.428578821443836], [-123.3706743351437, 48.428572455455864], [-123.37156971679583, 48.428494587072954], [-123.37221821047677, 48.42840322856223], [-123.37302328863267, 48.428269808414846], [-123.37363137638016, 48.42832825368604], [-123.37411212544187, 48.42841493878457], [-123.374483085026, 48.428520847646475], [-123.37464662868916, 48.42887379552401], [-123.37483310570676, 48.42897292206203]]}, "properties": {"OBJECTID_12": 323, "OWNER": "VC", "BikeLaneType": "AAA protected lanes/multi use pathways", "Imp_Date": 2019, "Lanes": 1, "Width": null, "SHAPE_1_Length_1": null, "Shape_Length": 412.37544637498286}}, {"type": "Feature", "id": 324, "geometry": {"type": "LineString", "coordinates": [[-123.37495640836329, 48.42815960771815], [-123.37442364420936, 48.42804909983552], [-123.37407442276893, 48.428029288047924], [-123.37357384818151, 48.42804995715534], [-123.37292779834945, 48.42813203186987], [-123.37132995480314, 48.42835428631543], [-123.37113536235576, 48.42835110494027], [-123.37084308579776, 48.42829301463794], [-123.3705677017238, 48.42819678415846], [-123.37035794638577, 48.42807558604698], [-123.37009922007577, 48.42790884265321], [-123.37003456730648, 48.4278688540423]]}, "properties": {"OBJECTID_12": 324, "OWNER": "VC", "BikeLaneType": "Painted bike lane", "Imp_Date": 2019, "Lanes": 2, "Width": null, "SHAPE_1_Length_1": null, "Shape_Length": 387.4214325197405}}, {"type": "Feature", "id": 325, "geometry": {"type": "LineString", "coordinates": [[-123.36552867177555, 48.42176715799324], [-123.36492042264608, 48.42119523840169], [-123.36386073089844, 48.42053209837162], [-123.36141808163292, 48.418992574302685]]}, "properties": {"OBJECTID_12": 325, "OWNER": "VC", "BikeLaneType": "AAA shared-use street", "Imp_Date": 2020, "Lanes": 2, "Width": 12, "SHAPE_1_Length_1": null, "Shape_Length": 434.39272242928985}}, {"type": "Feature", "id": 326, "geometry": {"type": "LineString", "coordinates": [[-123.36141808163292, 48.418992574302685], [-123.360196560077, 48.418187088260176], [-123.35868242684862, 48.417235623922934]]}, "properties": {"OBJECTID_12": 326, "OWNER": "VC", "BikeLaneType": "AAA shared-use street", "Imp_Date": 2020, "Lanes": 2, "Width": 9.3, "SHAPE_1_Length_1": null, "Shape_Length": 281.287785061229}}, {"type": "Feature", "id": 327, "geometry": {"type": "LineString", "coordinates": [[-123.35691862020217, 48.42371272229586], [-123.35671866678254, 48.42452430404324]]}, "properties": {"OBJECTID_12": 327, "OWNER": "VC", "BikeLaneType": "AAA protected lanes/multi use pathways", "Imp_Date": 2021, "Lanes": 1, "Width": 1.8, "SHAPE_1_Length_1": null, "Shape_Length": 91.41625389654386}}, {"type": "Feature", "id": 328, "geometry": {"type": "LineString", "coordinates": [[-123.35671866678254, 48.42452430404324], [-123.35650445057429, 48.425393680997246]]}, "properties": {"OBJECTID_12": 328, "OWNER": "VC", "BikeLaneType": "AAA protected lanes/multi use pathways", "Imp_Date": 2021, "Lanes": 1, "Width": 1.8, "SHAPE_1_Length_1": null, "Shape_Length": 97.92653563418135}}, {"type": "Feature", "id": 329, "geometry": {"type": "LineString", "coordinates": [[-123.35650445057429, 48.425393680997246], [-123.35630832700807, 48.42628453371034]]}, "properties": {"OBJECTID_12": 329, "OWNER": "VC", "BikeLaneType": "AAA protected lanes/multi use pathways", "Imp_Date": 2021, "Lanes": 1, "Width": 1.8, "SHAPE_1_Length_1": null, "Shape_Length": 100.08012591884054}}, {"type": "Feature", "id": 330, "geometry": {"type": "LineString", "coordinates": [[-123.35615391446125, 48.42691861625606], [-123.35615418837692, 48.4269929166756], [-123.35615775843655, 48.42706713178269], [-123.3561591767942, 48.42710452059757]]}, "properties": {"OBJECTID_12": 330, "OWNER": "VC", "BikeLaneType": "AAA protected lanes/multi use pathways", "Imp_Date": 2021, "Lanes": 1, "Width": 1.8, "SHAPE_1_Length_1": null, "Shape_Length": 20.6734081180218}}, {"type": "Feature", "id": 331, "geometry": {"type": "LineString", "coordinates": [[-123.3561591767942, 48.42710452059757], [-123.35616686773454, 48.42735998763073]]}, "properties": {"OBJECTID_12": 331, "OWNER": "VC", "BikeLaneType": "AAA protected lanes/multi use pathways", "Imp_Date": 2021, "Lanes": 1, "Width": 1.8, "SHAPE_1_Length_1": null, "Shape_Length": 28.402160535445585}}, {"type": "Feature", "id": 332, "geometry": {"type": "LineString", "coordinates": [[-123.35630832700807, 48.42628453371034], [-123.35615391446125, 48.42691861625606]]}, "properties": {"OBJECTID_12": 332, "OWNER": "VC", "BikeLaneType": "AAA protected lanes/multi use pathways", "Imp_Date": 2021, "Lanes": 1, "Width": 1.8, "SHAPE_1_Length_1": null, "Shape_Length": 71.40121037329415}}, {"type": "Feature", "id": 333, "geometry": {"type": "LineString", "coordinates": [[-123.36107149814814, 48.411987891778075], [-123.36106985016328, 48.41199237723661], [-123.36106385983376, 48.4120074922626], [-123.36105725111399, 48.41202249227337], [-123.36105002662337, 48.41203736556504], [-123.36104204508175, 48.41205238967483], [-123.36103345977726, 48.41206726543582], [-123.36102427603839, 48.41208198203532], [-123.36101852787077, 48.41209045683716], [-123.36101235171174, 48.41209879623382], [-123.36100575561174, 48.41210699210296], [-123.36099874625735, 48.412115034527396], [-123.36099133034135, 48.41212291448949], [-123.36098293635555, 48.412131794338336], [-123.36097494758774, 48.41214083845209], [-123.3609673693797, 48.41215003781748], [-123.36096020978862, 48.412159385212064], [-123.3609534755013, 48.41216887071875], [-123.3609379310315, 48.41219258853022], [-123.36092347249073, 48.41221660971601], [-123.36091011051916, 48.41224090995246], [-123.36090238429802, 48.41225631380567], [-123.36089529011504, 48.4122718524237], [-123.36088883193564, 48.41228751319907], [-123.36088301373164, 48.41230328442389], [-123.36087550961958, 48.41232601617649], [-123.36086875219208, 48.4123488517462], [-123.3608680842295, 48.41235147094042], [-123.36086753661891, 48.412354101452706], [-123.36086711071172, 48.412356743278835], [-123.36086680782745, 48.4123593919164], [-123.36086662660202, 48.41236204557034], [-123.36086561796404, 48.41238489010023], [-123.36086302143433, 48.41244592640874], [-123.3608601340803, 48.41251838296222], [-123.36085943468915, 48.4125326033189], [-123.36085922346123, 48.41253502765458], [-123.36085888381089, 48.4125374460954], [-123.36085841840898, 48.41253985413469], [-123.36085782724916, 48.41254225087286], [-123.36084310679962, 48.412599750866896], [-123.36083365136227, 48.41264255466169], [-123.3608268184277, 48.41267248964967], [-123.36082609755886, 48.41267508112007], [-123.36082524954216, 48.412677655895656], [-123.36082427435852, 48.412680211277625], [-123.36082317333374, 48.412682743663105], [-123.36082194915151, 48.41268525034476], [-123.36082060179262, 48.41268772862365], [-123.36081913394706, 48.412690176692045], [-123.36081754559574, 48.412692591851005], [-123.36081583806451, 48.412694970497775], [-123.36081401539467, 48.41269731082032], [-123.36080857450621, 48.4127037721168], [-123.36080282331065, 48.41271011473177], [-123.36079676850099, 48.41271632964762], [-123.36079041544446, 48.41272241144954], [-123.36078377221084, 48.412728354714304], [-123.36077684414822, 48.41273415132811], [-123.3607642702089, 48.412743987105], [-123.36070998523965, 48.412784684091115], [-123.36068864262826, 48.412800127913044], [-123.36066667560115, 48.41281518053849], [-123.36060119840421, 48.41285722785007]]}, "properties": {"OBJECTID_12": 333, "OWNER": "VC", "BikeLaneType": "AAA shared-use street", "Imp_Date": 2021, "Lanes": 2, "Width": null, "SHAPE_1_Length_1": null, "Shape_Length": 105.99679910984479}}, {"type": "Feature", "id": 334, "geometry": {"type": "LineString", "coordinates": [[-123.36060119840421, 48.41285722785007], [-123.35940895537759, 48.41284237467272]]}, "properties": {"OBJECTID_12": 334, "OWNER": "VC", "BikeLaneType": "AAA shared-use street", "Imp_Date": 2021, "Lanes": 2, "Width": null, "SHAPE_1_Length_1": null, "Shape_Length": 88.24027993237549}}, {"type": "Feature", "id": 335, "geometry": {"type": "LineString", "coordinates": [[-123.36370838385837, 48.41408477761064], [-123.36369451780492, 48.41407845187502], [-123.36369301457671, 48.41407744091487], [-123.36368868400447, 48.414074320201614], [-123.36368451491253, 48.414071102714665], [-123.36368051408992, 48.414067792930844], [-123.36367668425865, 48.41406439354054], [-123.36367303221411, 48.414060909920174], [-123.36366956067835, 48.41405734476024], [-123.36366530910851, 48.41405298407076], [-123.36366082988667, 48.41404872666134], [-123.3636561284505, 48.41404457701304], [-123.36365120889262, 48.41404054051089], [-123.36364607800206, 48.414036621631645], [-123.36364074393205, 48.41403282664709], [-123.36363521076244, 48.41402915914295], [-123.3636294866336, 48.41402562359173], [-123.36357049690096, 48.4139906811325], [-123.36356365960056, 48.41398663089349], [-123.36350666971222, 48.41395334734556], [-123.36346149476691, 48.41392776349019], [-123.36345107784344, 48.413921852367544], [-123.36344088268861, 48.41391577050854], [-123.36343790019998, 48.41391388525356], [-123.36343501185948, 48.41391193672524], [-123.36343222037627, 48.413909925814664], [-123.36342952847237, 48.413907855212244], [-123.36342694022116, 48.41390572760406], [-123.36342445833822, 48.41390354478085], [-123.36342208284913, 48.41390131034121], [-123.36341982051086, 48.41389902426377], [-123.36341766999767, 48.413896690151304], [-123.36341563538286, 48.41389431069002], [-123.36340903067195, 48.413886484751394], [-123.36340217394721, 48.413878756771076], [-123.36339076441281, 48.413866679837845], [-123.36337873920061, 48.41385487114585], [-123.36336744089215, 48.41384455718439], [-123.3633661119208, 48.41384334414679], [-123.3633484392714, 48.4138281345931], [-123.36333025904709, 48.413813191138146], [-123.36331717035716, 48.413802338533124], [-123.36330458925823, 48.41379121982512], [-123.36329208132774, 48.41377936856493], [-123.36328020922831, 48.413767231004684], [-123.36326899062365, 48.413754820583726], [-123.36324198678561, 48.41372256680336], [-123.363235026733, 48.41371360661059], [-123.36321650889468, 48.41368976840628], [-123.36319681096755, 48.41366265827675], [-123.36319610085847, 48.4136616223153], [-123.36317802862006, 48.413635260962764], [-123.36313652953052, 48.413569575812346], [-123.36311786428064, 48.413537167935075], [-123.36310048739111, 48.41350444380856], [-123.3630918437057, 48.413486774852856], [-123.36308241288738, 48.41346749979548], [-123.36306564868063, 48.41343028354759], [-123.36306136268595, 48.41341974410741], [-123.36305756126433, 48.41340912306878], [-123.36305424853356, 48.413398429415295], [-123.36305142592163, 48.41338767393839], [-123.36304909619497, 48.41337686562587], [-123.36304726213935, 48.413366016164545], [-123.36304558718712, 48.413356254784844], [-123.36304341657855, 48.41334653635307], [-123.3630407530999, 48.41333687255597], [-123.36303759954386, 48.41332727597986], [-123.363033958671, 48.413317754712914], [-123.36302983597038, 48.413308320433266], [-123.36302286414038, 48.41329408558174], [-123.36301524874423, 48.41327999760465], [-123.36300699662888, 48.41326606907554], [-123.36299039026265, 48.41324056853639], [-123.36297239228367, 48.41321549072451], [-123.36295115138903, 48.41318838181948], [-123.36294192372515, 48.41317750889512], [-123.36292855989694, 48.41316176118518], [-123.3629173248147, 48.41314947313393], [-123.3629055103683, 48.4131374280166], [-123.3628931301548, 48.41312563748562], [-123.36288085423617, 48.413114639221284], [-123.36286814743667, 48.413103860031114], [-123.36286600674714, 48.413102138542804], [-123.36285501926712, 48.41309330708229], [-123.36284469317816, 48.413085503641156], [-123.36283396610258, 48.41307794257132], [-123.36282285163725, 48.41307063552525], [-123.36279376138923, 48.41305274672374], [-123.36276381754139, 48.413035492164354], [-123.36274584073301, 48.41302571379844], [-123.36272751197453, 48.41301623162628], [-123.36270883670964, 48.413007051028515], [-123.36262633900363, 48.41296796908972], [-123.36255435779925, 48.41293381375985], [-123.36248252399518, 48.41289908843822], [-123.36242287050791, 48.41287028492907], [-123.3623783169467, 48.41284958831762], [-123.36233284683927, 48.41282979423093], [-123.3622875733076, 48.412810083175344], [-123.36224321638771, 48.412789468660655], [-123.36223612919768, 48.412785967918865], [-123.36217175732601, 48.41275417158281], [-123.36208979020489, 48.41271147636904], [-123.36202764546755, 48.41267794920289], [-123.3620274162082, 48.41267782577167], [-123.36196263036683, 48.41264212071569], [-123.3618782137113, 48.41259411518941], [-123.36177842466326, 48.41253515963919], [-123.36173455826736, 48.412508001087], [-123.36170395307944, 48.412489053377755], [-123.36167903618447, 48.41247282093594], [-123.36165464925287, 48.41245623685685], [-123.3616072749521, 48.41242223480193], [-123.36151414079202, 48.41235204389504], [-123.36142581332925, 48.412283515672804], [-123.36141271024852, 48.41227299846567], [-123.36139994238133, 48.412262300273], [-123.36137854319267, 48.41224357276685], [-123.36135775136287, 48.412224545563184], [-123.36127245516666, 48.41214643986033], [-123.36125119431148, 48.41212757784712], [-123.36124566806274, 48.41212273525458], [-123.36121269685276, 48.41209383834796], [-123.36116876974805, 48.41205533960427], [-123.36116696937023, 48.41205376186054], [-123.3611602804844, 48.41204808803223], [-123.3611533438914, 48.412042547230435], [-123.36114616637981, 48.41203714393208], [-123.36113875339318, 48.41203188351802], [-123.36110555746656, 48.412009594359844], [-123.36107149814814, 48.411987891778075], [-123.3610930363085, 48.41190527354752]]}, "properties": {"OBJECTID_12": 335, "OWNER": "VC", "BikeLaneType": "AAA shared-use street", "Imp_Date": 2014, "Lanes": 2, "Width": null, "SHAPE_1_Length_1": null, "Shape_Length": 320.589430487692}}, {"type": "Feature", "id": 336, "geometry": {"type": "LineString", "coordinates": [[-123.3610930363085, 48.41190527354752], [-123.36109439928295, 48.41190004316808], [-123.36109715561597, 48.411840815555244], [-123.36109804361871, 48.411821752654284], [-123.36110767103008, 48.41180806026382], [-123.36113547490764, 48.41176851768647], [-123.36121909346835, 48.41171233979264], [-123.36134022338032, 48.41161410927565], [-123.3613744627328, 48.411590484737985], [-123.36141900840671, 48.41155974932417], [-123.3614633213838, 48.41152917476266], [-123.36148931851501, 48.411511236718354], [-123.36149490066606, 48.41150738574659], [-123.3616706402666, 48.41140898150236], [-123.3618422771335, 48.41132456874727], [-123.36185781844999, 48.41131897709253], [-123.36193707777959, 48.411290462413966], [-123.36208530766277, 48.41123713406716]]}, "properties": {"OBJECTID_12": 336, "OWNER": "VC", "BikeLaneType": "AAA protected lanes/multi use pathways", "Imp_Date": 2021, "Lanes": 2, "Width": null, "SHAPE_1_Length_1": null, "Shape_Length": 108.45974890496916}}, {"type": "Feature", "id": 337, "geometry": {"type": "LineString", "coordinates": [[-123.33368047907217, 48.43395471869563], [-123.33366273710914, 48.43448860671549]]}, "properties": {"OBJECTID_12": 337, "OWNER": "VC", "BikeLaneType": "Painted bike lane", "Imp_Date": 2021, "Lanes": 2, "Width": 1.8, "SHAPE_1_Length_1": null, "Shape_Length": 59.35889013738641}}, {"type": "Feature", "id": 338, "geometry": {"type": "LineString", "coordinates": [[-123.33366273710914, 48.43448860671549], [-123.333634053013, 48.43535180628721]]}, "properties": {"OBJECTID_12": 338, "OWNER": "VC", "BikeLaneType": "Painted bike lane", "Imp_Date": 2021, "Lanes": 2, "Width": 1.8, "SHAPE_1_Length_1": null, "Shape_Length": 95.9725096554035}}, {"type": "Feature", "id": 339, "geometry": {"type": "LineString", "coordinates": [[-123.333634053013, 48.43535180628721], [-123.33361086284124, 48.43604963915662]]}, "properties": {"OBJECTID_12": 339, "OWNER": "VC", "BikeLaneType": "Painted bike lane", "Imp_Date": 2021, "Lanes": 2, "Width": 1.8, "SHAPE_1_Length_1": null, "Shape_Length": 77.58667198954716}}, {"type": "Feature", "id": 340, "geometry": {"type": "LineString", "coordinates": [[-123.35262895665733, 48.436531205522485], [-123.35267531828399, 48.43656711790928], [-123.35272795450052, 48.43661960692801], [-123.35275999378638, 48.43666187783694], [-123.35278526921492, 48.43670613431231], [-123.35321427088888, 48.43819663391648]]}, "properties": {"OBJECTID_12": 340, "OWNER": "VC", "BikeLaneType": "AAA shared-use street", "Imp_Date": 2021, "Lanes": 2, "Width": 9.1, "SHAPE_1_Length_1": null, "Shape_Length": 191.48961295079158}}, {"type": "Feature", "id": 341, "geometry": {"type": "LineString", "coordinates": [[-123.3500139893526, 48.40583127846883], [-123.34982800724258, 48.40579770477907], [-123.34973827194248, 48.405770762044604], [-123.34966749078896, 48.40572777743719], [-123.34967061323476, 48.405656004113894], [-123.34969846319915, 48.405498008089175], [-123.34973792228385, 48.40532699201832], [-123.34974873014511, 48.4051673267269], [-123.3497570620104, 48.40509270993734], [-123.34980148378288, 48.404972972694054], [-123.34977715124224, 48.40481209081867], [-123.34974639224872, 48.40466749876642], [-123.34971905836943, 48.404588302264116], [-123.3496363097805, 48.40452099848508], [-123.34955381052251, 48.404490049032844], [-123.34944121381817, 48.40448684908882], [-123.34939432470466, 48.40452989342831], [-123.34929263090852, 48.40492279903717], [-123.34926631555332, 48.40504990329556], [-123.34924472657097, 48.40510774659887], [-123.3491491998898, 48.40516207710311], [-123.34902354178989, 48.405223536046485], [-123.34894990628433, 48.40528829987574], [-123.34890494323288, 48.405347406941296], [-123.34889122703886, 48.405413343907014], [-123.34889733053808, 48.405487650560204], [-123.34891903457289, 48.40556190900643], [-123.34899089668819, 48.40568382219763], [-123.34903193969949, 48.405861226105394], [-123.34902284979873, 48.406003353584396], [-123.34898065549076, 48.4061200312124], [-123.3488968121266, 48.40622990955987], [-123.34874179196727, 48.40636191833269], [-123.34844053492482, 48.40654444742107], [-123.34560043828783, 48.40821943780436], [-123.34460941269256, 48.408752036054246]]}, "properties": {"OBJECTID_12": 341, "OWNER": "VC", "BikeLaneType": "AAA protected lanes/multi use pathways", "Imp_Date": 2022, "Lanes": 2, "Width": 5.3, "SHAPE_1_Length_1": null, "Shape_Length": 815.1811142506255}}, {"type": "Feature", "id": 342, "geometry": {"type": "LineString", "coordinates": [[-123.37456053304756, 48.42786038291372], [-123.37435881981551, 48.428485370184475]]}, "properties": {"OBJECTID_12": 342, "OWNER": "VC", "BikeLaneType": "AAA protected lanes/multi use pathways", "Imp_Date": 2022, "Lanes": 1, "Width": null, "SHAPE_1_Length_1": null, "Shape_Length": 71.05513552746281}}, {"type": "Feature", "id": 343, "geometry": {"type": "LineString", "coordinates": [[-123.35262895665733, 48.436531205522485], [-123.35261733806675, 48.436523477126016], [-123.35260533868649, 48.43651601259355], [-123.35259297073407, 48.43650881908474], [-123.35258024779158, 48.436501905554394], [-123.35256718342855, 48.436495279158024], [-123.3525537939247, 48.436488947942514], [-123.3525400928433, 48.436482918163755], [-123.35252609510582, 48.436477196973186], [-123.35251181833144, 48.43647179061422], [-123.35249727878731, 48.43646670533456], [-123.35248249003035, 48.43646194649047], [-123.35246746967972, 48.436457520325455], [-123.35245223669402, 48.436453431279595], [-123.3524368059821, 48.43644968470512], [-123.3524211951381, 48.436446283246966], [-123.35240542176862, 48.436443231349436], [-123.3523895034678, 48.43644053165755], [-123.35237345919411, 48.43643818861142], [-123.35235730518971, 48.436436204860286], [-123.35234106038823, 48.436434581245706], [-123.35232474374186, 48.43643332130828], [-123.3523083728261, 48.436432424994145], [-123.35213373181148, 48.43642939689412]]}, "properties": {"OBJECTID_12": 343, "OWNER": "VC", "BikeLaneType": "AAA shared-use street", "Imp_Date": 2022, "Lanes": 2, "Width": null, "SHAPE_1_Length_1": null, "Shape_Length": 39.651429760130426}}, {"type": "Feature", "id": 344, "geometry": {"type": "LineString", "coordinates": [[-123.35084489455967, 48.436350336025285], [-123.3495566908088, 48.43628223095634]]}, "properties": {"OBJECTID_12": 344, "OWNER": "VC", "BikeLaneType": "AAA shared-use street", "Imp_Date": 2022, "Lanes": 2, "Width": null, "SHAPE_1_Length_1": null, "Shape_Length": 95.58217458540008}}, {"type": "Feature", "id": 345, "geometry": {"type": "LineString", "coordinates": [[-123.35213373181148, 48.43642939689412], [-123.35084489455967, 48.436350336025285]]}, "properties": {"OBJECTID_12": 345, "OWNER": "VC", "BikeLaneType": "AAA shared-use street", "Imp_Date": 2022, "Lanes": 2, "Width": null, "SHAPE_1_Length_1": null, "Shape_Length": 95.73285429522723}}, {"type": "Feature", "id": 346, "geometry": {"type": "LineString", "coordinates": [[-123.34809519449556, 48.436258214930746], [-123.34690401486314, 48.43624587185903]]}, "properties": {"OBJECTID_12": 346, "OWNER": "VC", "BikeLaneType": "AAA shared-use street", "Imp_Date": 2022, "Lanes": 2, "Width": null, "SHAPE_1_Length_1": null, "Shape_Length": 88.11631504654414}}, {"type": "Feature", "id": 347, "geometry": {"type": "LineString", "coordinates": [[-123.34628304423467, 48.43623882474185], [-123.34494861526994, 48.436223675235496]]}, "properties": {"OBJECTID_12": 347, "OWNER": "VC", "BikeLaneType": "AAA shared-use street", "Imp_Date": 2022, "Lanes": 2, "Width": null, "SHAPE_1_Length_1": null, "Shape_Length": 98.71546940967089}}, {"type": "Feature", "id": 348, "geometry": {"type": "LineString", "coordinates": [[-123.34690401486314, 48.43624587185903], [-123.34628304423467, 48.43623882474185]]}, "properties": {"OBJECTID_12": 348, "OWNER": "VC", "BikeLaneType": "AAA shared-use street", "Imp_Date": 2022, "Lanes": 2, "Width": null, "SHAPE_1_Length_1": null, "Shape_Length": 45.9367950409303}}, {"type": "Feature", "id": 349, "geometry": {"type": "LineString", "coordinates": [[-123.3495566908088, 48.43628223095634], [-123.34809519449556, 48.436258214930746]]}, "properties": {"OBJECTID_12": 349, "OWNER": "VC", "BikeLaneType": "AAA shared-use street", "Imp_Date": 2022, "Lanes": 2, "Width": null, "SHAPE_1_Length_1": null, "Shape_Length": 108.1325383934496}}, {"type": "Feature", "id": 350, "geometry": {"type": "LineString", "coordinates": [[-123.34494861526994, 48.436223675235496], [-123.34361483936733, 48.4362074089306]]}, "properties": {"OBJECTID_12": 350, "OWNER": "VC", "BikeLaneType": "AAA shared-use street", "Imp_Date": 2022, "Lanes": 2, "Width": null, "SHAPE_1_Length_1": null, "Shape_Length": 98.66939369548464}}, {"type": "Feature", "id": 351, "geometry": {"type": "LineString", "coordinates": [[-123.34361483936733, 48.4362074089306], [-123.3436146662962, 48.43620740674843], [-123.34228253311878, 48.43619101663704]]}, "properties": {"OBJECTID_12": 351, "OWNER": "VC", "BikeLaneType": "AAA shared-use street", "Imp_Date": 2022, "Lanes": 2, "Width": null, "SHAPE_1_Length_1": null, "Shape_Length": 98.56099230863288}}, {"type": "Feature", "id": 352, "geometry": {"type": "LineString", "coordinates": [[-123.3409488809283, 48.43617459041538], [-123.34094804802126, 48.436174579388286], [-123.33977382557994, 48.43616010334834], [-123.33977324011475, 48.43616009608042]]}, "properties": {"OBJECTID_12": 352, "OWNER": "VC", "BikeLaneType": "AAA shared-use street", "Imp_Date": 2022, "Lanes": 2, "Width": null, "SHAPE_1_Length_1": null, "Shape_Length": 86.97134400789776}}, {"type": "Feature", "id": 353, "geometry": {"type": "LineString", "coordinates": [[-123.34228253311878, 48.43619101663704], [-123.3409488809283, 48.43617459041538]]}, "properties": {"OBJECTID_12": 353, "OWNER": "VC", "BikeLaneType": "AAA shared-use street", "Imp_Date": 2022, "Lanes": 2, "Width": null, "SHAPE_1_Length_1": null, "Shape_Length": 98.66062345166891}}, {"type": "Feature", "id": 354, "geometry": {"type": "LineString", "coordinates": [[-123.33736537038267, 48.436130371822266], [-123.33619213953429, 48.43611587162344]]}, "properties": {"OBJECTID_12": 354, "OWNER": "VC", "BikeLaneType": "AAA shared-use street", "Imp_Date": 2022, "Lanes": 2, "Width": null, "SHAPE_1_Length_1": null, "Shape_Length": 86.79319446618926}}, {"type": "Feature", "id": 355, "geometry": {"type": "LineString", "coordinates": [[-123.33854084769335, 48.436144887638164], [-123.33736787854569, 48.43613040225466], [-123.33736537038267, 48.436130371822266]]}, "properties": {"OBJECTID_12": 355, "OWNER": "VC", "BikeLaneType": "AAA shared-use street", "Imp_Date": 2022, "Lanes": 2, "Width": null, "SHAPE_1_Length_1": null, "Shape_Length": 86.95933793776268}}, {"type": "Feature", "id": 356, "geometry": {"type": "LineString", "coordinates": [[-123.33977324011475, 48.43616009608042], [-123.33854084769335, 48.436144887638164]]}, "properties": {"OBJECTID_12": 356, "OWNER": "VC", "BikeLaneType": "AAA shared-use street", "Imp_Date": 2022, "Lanes": 2, "Width": null, "SHAPE_1_Length_1": null, "Shape_Length": 91.16975541357994}}, {"type": "Feature", "id": 357, "geometry": {"type": "LineString", "coordinates": [[-123.33501332777455, 48.43610128934407], [-123.33443781455865, 48.43609481157073], [-123.33361086284124, 48.43604963915662]]}, "properties": {"OBJECTID_12": 357, "OWNER": "VC", "BikeLaneType": "AAA shared-use street", "Imp_Date": 2022, "Lanes": 2, "Width": null, "SHAPE_1_Length_1": null, "Shape_Length": 103.94547635283719}}, {"type": "Feature", "id": 358, "geometry": {"type": "LineString", "coordinates": [[-123.33619213953429, 48.43611587162344], [-123.33501332777455, 48.43610128934407]]}, "properties": {"OBJECTID_12": 358, "OWNER": "VC", "BikeLaneType": "AAA shared-use street", "Imp_Date": 2022, "Lanes": 2, "Width": null, "SHAPE_1_Length_1": null, "Shape_Length": 87.20610606268421}}, {"type": "Feature", "id": 359, "geometry": {"type": "LineString", "coordinates": [[-123.33361086284124, 48.43604963915662], [-123.33278092475425, 48.43598957209882], [-123.3287239633951, 48.435924871702866]]}, "properties": {"OBJECTID_12": 359, "OWNER": "VC", "BikeLaneType": "AAA shared-use street", "Imp_Date": 2022, "Lanes": 2, "Width": null, "SHAPE_1_Length_1": null, "Shape_Length": 361.9095973143818}}, {"type": "Feature", "id": 360, "geometry": {"type": "LineString", "coordinates": [[-123.36584619236015, 48.436377965114616], [-123.36474271386558, 48.436650031188044]]}, "properties": {"OBJECTID_12": 360, "OWNER": "VC", "BikeLaneType": "AAA shared-use street", "Imp_Date": 2022, "Lanes": 2, "Width": null, "SHAPE_1_Length_1": null, "Shape_Length": 87.04095514628612}}, {"type": "Feature", "id": 361, "geometry": {"type": "LineString", "coordinates": [[-123.36402367261212, 48.43681859336769], [-123.3628595977669, 48.43696959408788]]}, "properties": {"OBJECTID_12": 361, "OWNER": "VC", "BikeLaneType": "AAA shared-use street", "Imp_Date": 2022, "Lanes": 2, "Width": null, "SHAPE_1_Length_1": null, "Shape_Length": 87.7205643664462}}, {"type": "Feature", "id": 362, "geometry": {"type": "LineString", "coordinates": [[-123.36474271386558, 48.436650031188044], [-123.36409202279927, 48.43680972698232], [-123.36402367261212, 48.43681859336769]]}, "properties": {"OBJECTID_12": 362, "OWNER": "VC", "BikeLaneType": "AAA shared-use street", "Imp_Date": 2022, "Lanes": 2, "Width": null, "SHAPE_1_Length_1": null, "Shape_Length": 56.447821163067175}}, {"type": "Feature", "id": 363, "geometry": {"type": "LineString", "coordinates": [[-123.36145174256085, 48.437146866705085], [-123.36074949502883, 48.43723623574569]]}, "properties": {"OBJECTID_12": 363, "OWNER": "VC", "BikeLaneType": "AAA shared-use street", "Imp_Date": 2022, "Lanes": 2, "Width": null, "SHAPE_1_Length_1": null, "Shape_Length": 52.8822409869112}}, {"type": "Feature", "id": 364, "geometry": {"type": "LineString", "coordinates": [[-123.359338992658, 48.43741579660377], [-123.35863073912044, 48.43750598744387]]}, "properties": {"OBJECTID_12": 364, "OWNER": "VC", "BikeLaneType": "AAA shared-use street", "Imp_Date": 2022, "Lanes": 2, "Width": null, "SHAPE_1_Length_1": null, "Shape_Length": 53.335441816314486}}, {"type": "Feature", "id": 365, "geometry": {"type": "LineString", "coordinates": [[-123.3600472450104, 48.437325600505595], [-123.359338992658, 48.43741579660377]]}, "properties": {"OBJECTID_12": 365, "OWNER": "VC", "BikeLaneType": "AAA shared-use street", "Imp_Date": 2022, "Lanes": 2, "Width": null, "SHAPE_1_Length_1": null, "Shape_Length": 53.335558455712}}, {"type": "Feature", "id": 366, "geometry": {"type": "LineString", "coordinates": [[-123.36074949502883, 48.43723623574569], [-123.3600472450104, 48.437325600505595]]}, "properties": {"OBJECTID_12": 366, "OWNER": "VC", "BikeLaneType": "AAA shared-use street", "Imp_Date": 2022, "Lanes": 2, "Width": null, "SHAPE_1_Length_1": null, "Shape_Length": 52.882240987826755}}, {"type": "Feature", "id": 367, "geometry": {"type": "LineString", "coordinates": [[-123.35863073912044, 48.43750598744387], [-123.35728419860921, 48.43767891462988]]}, "properties": {"OBJECTID_12": 367, "OWNER": "VC", "BikeLaneType": "AAA shared-use street", "Imp_Date": 2022, "Lanes": 2, "Width": null, "SHAPE_1_Length_1": null, "Shape_Length": 101.43228264044758}}, {"type": "Feature", "id": 368, "geometry": {"type": "LineString", "coordinates": [[-123.35728419860921, 48.43767891462988], [-123.35655722740793, 48.43777227620104]]}, "properties": {"OBJECTID_12": 368, "OWNER": "VC", "BikeLaneType": "AAA shared-use street", "Imp_Date": 2022, "Lanes": 2, "Width": null, "SHAPE_1_Length_1": null, "Shape_Length": 54.76122078995423}}, {"type": "Feature", "id": 369, "geometry": {"type": "LineString", "coordinates": [[-123.35655722740793, 48.43777227620104], [-123.35594962278245, 48.43785030371597]]}, "properties": {"OBJECTID_12": 369, "OWNER": "VC", "BikeLaneType": "AAA shared-use street", "Imp_Date": 2022, "Lanes": 2, "Width": null, "SHAPE_1_Length_1": null, "Shape_Length": 45.76941878629133}}, {"type": "Feature", "id": 370, "geometry": {"type": "LineString", "coordinates": [[-123.35395155211896, 48.43810686847293], [-123.3532917790858, 48.438193353371766]]}, "properties": {"OBJECTID_12": 370, "OWNER": "VC", "BikeLaneType": "AAA shared-use street", "Imp_Date": 2022, "Lanes": 2, "Width": null, "SHAPE_1_Length_1": null, "Shape_Length": 49.73621708248119}}, {"type": "Feature", "id": 371, "geometry": {"type": "LineString", "coordinates": [[-123.35444796814447, 48.438043132339814], [-123.35395155211896, 48.43810686847293]]}, "properties": {"OBJECTID_12": 371, "OWNER": "VC", "BikeLaneType": "AAA shared-use street", "Imp_Date": 2022, "Lanes": 2, "Width": null, "SHAPE_1_Length_1": null, "Shape_Length": 37.39338615740239}}, {"type": "Feature", "id": 372, "geometry": {"type": "LineString", "coordinates": [[-123.35539059245885, 48.43792209187731], [-123.35444796814447, 48.438043132339814]]}, "properties": {"OBJECTID_12": 372, "OWNER": "VC", "BikeLaneType": "AAA shared-use street", "Imp_Date": 2022, "Lanes": 2, "Width": null, "SHAPE_1_Length_1": null, "Shape_Length": 71.00522052127394}}, {"type": "Feature", "id": 373, "geometry": {"type": "LineString", "coordinates": [[-123.3423590832528, 48.427132727496], [-123.34232480110538, 48.42767615269637]]}, "properties": {"OBJECTID_12": 373, "OWNER": "VC", "BikeLaneType": "AAA shared-use street", "Imp_Date": 2022, "Lanes": 2, "Width": null, "SHAPE_1_Length_1": null, "Shape_Length": 60.45765669844717}}, {"type": "Feature", "id": 374, "geometry": {"type": "LineString", "coordinates": [[-123.34232480110538, 48.42767615269637], [-123.34226653408336, 48.428599740097674]]}, "properties": {"OBJECTID_12": 374, "OWNER": "VC", "BikeLaneType": "AAA shared-use street", "Imp_Date": 2022, "Lanes": 2, "Width": null, "SHAPE_1_Length_1": null, "Shape_Length": 102.75184026561739}}, {"type": "Feature", "id": 375, "geometry": {"type": "LineString", "coordinates": [[-123.34226653408336, 48.428599740097674], [-123.34222150234717, 48.42948430419103]]}, "properties": {"OBJECTID_12": 375, "OWNER": "VC", "BikeLaneType": "AAA shared-use street", "Imp_Date": 2022, "Lanes": 2, "Width": null, "SHAPE_1_Length_1": null, "Shape_Length": 98.38018411674413}}, {"type": "Feature", "id": 376, "geometry": {"type": "LineString", "coordinates": [[-123.34222141690597, 48.42948144444781], [-123.34217429089995, 48.43040666273523]]}, "properties": {"OBJECTID_12": 376, "OWNER": "VC", "BikeLaneType": "AAA shared-use street", "Imp_Date": 2022, "Lanes": 2, "Width": null, "SHAPE_1_Length_1": null, "Shape_Length": 102.90177160971142}}, {"type": "Feature", "id": 377, "geometry": {"type": "LineString", "coordinates": [[-123.34217437634034, 48.43040952247801], [-123.34212704188752, 48.43130634817177]]}, "properties": {"OBJECTID_12": 377, "OWNER": "VC", "BikeLaneType": "AAA shared-use street", "Imp_Date": 2022, "Lanes": 2, "Width": null, "SHAPE_1_Length_1": null, "Shape_Length": 99.74821333839297}}, {"type": "Feature", "id": 378, "geometry": {"type": "LineString", "coordinates": [[-123.34311989657203, 48.43132863454938], [-123.34308401317608, 48.43203420877195]]}, "properties": {"OBJECTID_12": 378, "OWNER": "VC", "BikeLaneType": "AAA shared-use street", "Imp_Date": 2022, "Lanes": 2, "Width": null, "SHAPE_1_Length_1": null, "Shape_Length": 78.47308374695412}}, {"type": "Feature", "id": 379, "geometry": {"type": "LineString", "coordinates": [[-123.34308401317608, 48.43203420877195], [-123.34304657913887, 48.43277024885679]]}, "properties": {"OBJECTID_12": 379, "OWNER": "VC", "BikeLaneType": "AAA shared-use street", "Imp_Date": 2022, "Lanes": 2, "Width": null, "SHAPE_1_Length_1": null, "Shape_Length": 81.86147080432073}}, {"type": "Feature", "id": 380, "geometry": {"type": "LineString", "coordinates": [[-123.34304657913887, 48.43277024885679], [-123.34299661213777, 48.433564607478914]]}, "properties": {"OBJECTID_12": 380, "OWNER": "VC", "BikeLaneType": "AAA shared-use street", "Imp_Date": 2022, "Lanes": 2, "Width": null, "SHAPE_1_Length_1": null, "Shape_Length": 88.37436363794859}}, {"type": "Feature", "id": 381, "geometry": {"type": "LineString", "coordinates": [[-123.34299661213777, 48.433564607478914], [-123.34295290515874, 48.4344078722078]]}, "properties": {"OBJECTID_12": 381, "OWNER": "VC", "BikeLaneType": "AAA shared-use street", "Imp_Date": 2022, "Lanes": 2, "Width": null, "SHAPE_1_Length_1": null, "Shape_Length": 93.78895592904931}}, {"type": "Feature", "id": 382, "geometry": {"type": "LineString", "coordinates": [[-123.34311989657203, 48.43132863454938], [-123.34212704188752, 48.43130634817177]]}, "properties": {"OBJECTID_12": 382, "OWNER": "VC", "BikeLaneType": "AAA shared-use street", "Imp_Date": 2022, "Lanes": 2, "Width": null, "SHAPE_1_Length_1": null, "Shape_Length": 73.48538470291508}}, {"type": "Feature", "id": 383, "geometry": {"type": "LineString", "coordinates": [[-123.34295290515874, 48.4344078722078], [-123.34233928397369, 48.4343746964984]]}, "properties": {"OBJECTID_12": 383, "OWNER": "VC", "BikeLaneType": "AAA protected lanes/multi use pathways", "Imp_Date": 2022, "Lanes": 2, "Width": 2.6, "SHAPE_1_Length_1": null, "Shape_Length": 45.537713336684625}}, {"type": "Feature", "id": 384, "geometry": {"type": "LineString", "coordinates": [[-123.34233928397369, 48.4343746964984], [-123.34228253311878, 48.43619101663704]]}, "properties": {"OBJECTID_12": 384, "OWNER": "VC", "BikeLaneType": "AAA shared-use street", "Imp_Date": 2022, "Lanes": 2, "Width": null, "SHAPE_1_Length_1": null, "Shape_Length": 201.9370140685356}}, {"type": "Feature", "id": 385, "geometry": {"type": "LineString", "coordinates": [[-123.33619213953429, 48.43611587162344], [-123.33615455857442, 48.43743822772058]]}, "properties": {"OBJECTID_12": 385, "OWNER": "VC", "BikeLaneType": "AAA shared-use street", "Imp_Date": 2022, "Lanes": 2, "Width": null, "SHAPE_1_Length_1": null, "Shape_Length": 147.01299964072595}}, {"type": "Feature", "id": 386, "geometry": {"type": "LineString", "coordinates": [[-123.33683525467201, 48.441997735679394], [-123.3377102322216, 48.44298616847268]]}, "properties": {"OBJECTID_12": 386, "OWNER": "VC", "BikeLaneType": "AAA shared-use street", "Imp_Date": 2022, "Lanes": 2, "Width": null, "SHAPE_1_Length_1": null, "Shape_Length": 127.5094893618566}}, {"type": "Feature", "id": 387, "geometry": {"type": "LineString", "coordinates": [[-123.33777586130354, 48.443059107591445], [-123.33824214953397, 48.443577328741554]]}, "properties": {"OBJECTID_12": 387, "OWNER": "VC", "BikeLaneType": "AAA protected lanes/multi use pathways", "Imp_Date": 2022, "Lanes": 2, "Width": null, "SHAPE_1_Length_1": null, "Shape_Length": 67.13621145415414}}, {"type": "Feature", "id": 388, "geometry": {"type": "LineString", "coordinates": [[-123.33683525467201, 48.441997735679394], [-123.33580536529367, 48.4419978764879]]}, "properties": {"OBJECTID_12": 388, "OWNER": "VC", "BikeLaneType": "AAA shared-use street", "Imp_Date": 2022, "Lanes": 2, "Width": null, "SHAPE_1_Length_1": null, "Shape_Length": 76.16716759538406}}, {"type": "Feature", "id": 389, "geometry": {"type": "LineString", "coordinates": [[-123.3358303712088, 48.44125520626449], [-123.33580536529367, 48.4419978764879]]}, "properties": {"OBJECTID_12": 389, "OWNER": "VC", "BikeLaneType": "AAA shared-use street", "Imp_Date": 2022, "Lanes": 2, "Width": null, "SHAPE_1_Length_1": null, "Shape_Length": 82.57241743942915}}, {"type": "Feature", "id": 390, "geometry": {"type": "LineString", "coordinates": [[-123.33585603169449, 48.44051532654661], [-123.3358303712088, 48.44125520626449]]}, "properties": {"OBJECTID_12": 390, "OWNER": "VC", "BikeLaneType": "AAA shared-use street", "Imp_Date": 2022, "Lanes": 2, "Width": null, "SHAPE_1_Length_1": null, "Shape_Length": 82.263408828127}}, {"type": "Feature", "id": 391, "geometry": {"type": "LineString", "coordinates": [[-123.33587199953992, 48.440034677187256], [-123.33585603169449, 48.44051532654661]]}, "properties": {"OBJECTID_12": 391, "OWNER": "VC", "BikeLaneType": "AAA shared-use street", "Imp_Date": 2022, "Lanes": 2, "Width": null, "SHAPE_1_Length_1": null, "Shape_Length": 53.43974471403144}}, {"type": "Feature", "id": 392, "geometry": {"type": "LineString", "coordinates": [[-123.36057146622996, 48.413921581511], [-123.35950103807663, 48.41390833393516], [-123.35937975836227, 48.41387995978232]]}, "properties": {"OBJECTID_12": 392, "OWNER": "VC", "BikeLaneType": "AAA shared-use street", "Imp_Date": 2022, "Lanes": 2, "Width": null, "SHAPE_1_Length_1": null, "Shape_Length": 88.73515062161925}}, {"type": "Feature", "id": 393, "geometry": {"type": "LineString", "coordinates": [[-123.36057146622996, 48.413921581511], [-123.36060119840421, 48.41285722785007]]}, "properties": {"OBJECTID_12": 393, "OWNER": "VC", "BikeLaneType": "AAA shared-use street", "Imp_Date": 2022, "Lanes": 1, "Width": null, "SHAPE_1_Length_1": null, "Shape_Length": 118.32852277376567}}, {"type": "Feature", "id": 394, "geometry": {"type": "LineString", "coordinates": [[-123.36145174256085, 48.437146866705085], [-123.3628595977669, 48.43696959408788]]}, "properties": {"OBJECTID_12": 394, "OWNER": "VC", "BikeLaneType": "AAA shared-use street", "Imp_Date": 2022, "Lanes": 2, "Width": null, "SHAPE_1_Length_1": null, "Shape_Length": 105.97846145671055}}, {"type": "Feature", "id": 395, "geometry": {"type": "LineString", "coordinates": [[-123.33824214953397, 48.443577328741554], [-123.33824585702413, 48.443700297419305]]}, "properties": {"OBJECTID_12": 395, "OWNER": "VC", "BikeLaneType": "AAA shared-use street", "Imp_Date": 2022, "Lanes": 2, "Width": null, "SHAPE_1_Length_1": null, "Shape_Length": 13.671371860274565}}, {"type": "Feature", "id": 396, "geometry": {"type": "LineString", "coordinates": [[-123.3377102322216, 48.44298616847268], [-123.33777586130354, 48.443059107591445]]}, "properties": {"OBJECTID_12": 396, "OWNER": "VC", "BikeLaneType": "AAA shared-use street", "Imp_Date": 2022, "Lanes": 2, "Width": null, "SHAPE_1_Length_1": null, "Shape_Length": 9.449349820339563}}, {"type": "Feature", "id": 397, "geometry": {"type": "LineString", "coordinates": [[-123.36057146622996, 48.413921581511], [-123.36087746679624, 48.41390118696868], [-123.36145077154073, 48.41387535952306], [-123.36207227686134, 48.41386005647668], [-123.36253348145466, 48.4138612745017], [-123.36285451623806, 48.413889630061625], [-123.36322373113126, 48.413925842285686], [-123.36350666971222, 48.41395334734556]]}, "properties": {"OBJECTID_12": 397, "OWNER": "VC", "BikeLaneType": "AAA protected lanes/multi use pathways", "Imp_Date": 2022, "Lanes": 2, "Width": null, "SHAPE_1_Length_1": null, "Shape_Length": 218.16490721993566}}, {"type": "Feature", "id": 398, "geometry": {"type": "LineString", "coordinates": [[-123.34690401486314, 48.43624587185903], [-123.3476474052564, 48.434679020791705], [-123.3477328379529, 48.434169968745024], [-123.34792616516123, 48.43383807657908], [-123.34943808569608, 48.43391632290856], [-123.34962449942688, 48.43257869387867], [-123.35261279720217, 48.43274706228535], [-123.35545261259286, 48.43292187009122]]}, "properties": {"OBJECTID_12": 398, "OWNER": "VC", "BikeLaneType": "AAA shared-use street", "Imp_Date": 2022, "Lanes": 2, "Width": null, "SHAPE_1_Length_1": null, "Shape_Length": 973.4275120966287}}, {"type": "Feature", "id": 399, "geometry": {"type": "LineString", "coordinates": [[-123.38807833777169, 48.430496484440965], [-123.38807880943993, 48.43042119264679], [-123.38797619436852, 48.4303900930689], [-123.3872819944599, 48.43023520261638], [-123.38703731105491, 48.43016265188532], [-123.38608443306369, 48.4301658527901], [-123.38488730885862, 48.43015413973772], [-123.38472072572524, 48.430149362734205]]}, "properties": {"OBJECTID_12": 399, "OWNER": "VC", "BikeLaneType": "AAA protected lanes/multi use pathways", "Imp_Date": 2023, "Lanes": 2, "Width": null, "SHAPE_1_Length_1": null, "Shape_Length": 262.0763947385114}}, {"type": "Feature", "id": 400, "geometry": {"type": "LineString", "coordinates": [[-123.37264870438551, 48.41146493345166], [-123.37196825483663, 48.4120894849149]]}, "properties": {"OBJECTID_12": 400, "OWNER": "VC", "BikeLaneType": "AAA shared-use street", "Imp_Date": 2023, "Lanes": null, "Width": 7.61999989, "SHAPE_1_Length_1": null, "Shape_Length": 85.76072007213793}}, {"type": "Feature", "id": 401, "geometry": {"type": "LineString", "coordinates": [[-123.37392614387703, 48.41028994046579], [-123.37264870438551, 48.41146493345166]]}, "properties": {"OBJECTID_12": 401, "OWNER": "VC", "BikeLaneType": "AAA shared-use street", "Imp_Date": 2023, "Lanes": null, "Width": 20.11700058, "SHAPE_1_Length_1": null, "Shape_Length": 161.2279940355727}}, {"type": "Feature", "id": 402, "geometry": {"type": "LineString", "coordinates": [[-123.37196825483663, 48.4120894849149], [-123.37032594374014, 48.41362760357373]]}, "properties": {"OBJECTID_12": 402, "OWNER": "VC", "BikeLaneType": "AAA shared-use street", "Imp_Date": 2023, "Lanes": null, "Width": 7.92500019, "SHAPE_1_Length_1": null, "Shape_Length": 209.76166465473017}}, {"type": "Feature", "id": 403, "geometry": {"type": "LineString", "coordinates": [[-123.37032594374014, 48.41362760357373], [-123.36960148813108, 48.41480173365943]]}, "properties": {"OBJECTID_12": 403, "OWNER": "VC", "BikeLaneType": "AAA shared-use street", "Imp_Date": 2023, "Lanes": null, "Width": 7.92500019, "SHAPE_1_Length_1": null, "Shape_Length": 141.09118031032594}}, {"type": "Feature", "id": 404, "geometry": {"type": "LineString", "coordinates": [[-123.36960148813108, 48.41480173365943], [-123.3690468804453, 48.41568087683535]]}, "properties": {"OBJECTID_12": 404, "OWNER": "VC", "BikeLaneType": "AAA shared-use street", "Imp_Date": 2023, "Lanes": null, "Width": 7.92500019, "SHAPE_1_Length_1": null, "Shape_Length": 105.9885544430777}}, {"type": "Feature", "id": 405, "geometry": {"type": "LineString", "coordinates": [[-123.3690468804453, 48.41568087683535], [-123.36886985028025, 48.417177715472604]]}, "properties": {"OBJECTID_12": 405, "OWNER": "VC", "BikeLaneType": "AAA shared-use street", "Imp_Date": 2023, "Lanes": null, "Width": 9.90600014, "SHAPE_1_Length_1": null, "Shape_Length": 166.89587465446223}}, {"type": "Feature", "id": 406, "geometry": {"type": "LineString", "coordinates": [[-123.36886985028025, 48.417177715472604], [-123.36883698001463, 48.41827231535411]]}, "properties": {"OBJECTID_12": 406, "OWNER": "VC", "BikeLaneType": "AAA protected lanes/multi use pathways", "Imp_Date": 2023, "Lanes": null, "Width": 13.10599995, "SHAPE_1_Length_1": null, "Shape_Length": 121.69452865384129}}, {"type": "Feature", "id": 407, "geometry": {"type": "LineString", "coordinates": [[-123.36883698001463, 48.41827231535411], [-123.36888254940715, 48.420654274895355]]}, "properties": {"OBJECTID_12": 407, "OWNER": "VC", "BikeLaneType": "Painted bike lane", "Imp_Date": 2023, "Lanes": null, "Width": 13.10599995, "SHAPE_1_Length_1": null, "Shape_Length": 264.7882005968243}}, {"type": "Feature", "id": 408, "geometry": {"type": "LineString", "coordinates": [[-123.37934556598584, 48.42102417777579], [-123.37634062209419, 48.41956889452862]]}, "properties": {"OBJECTID_12": 408, "OWNER": "VC", "BikeLaneType": "AAA protected lanes/multi use pathways", "Imp_Date": 2023, "Lanes": null, "Width": 13.41100025, "SHAPE_1_Length_1": null, "Shape_Length": 274.9507424565836}}, {"type": "Feature", "id": 409, "geometry": {"type": "LineString", "coordinates": [[-123.37634062209419, 48.41956889452862], [-123.37244288379442, 48.4180622043847]]}, "properties": {"OBJECTID_12": 409, "OWNER": "VC", "BikeLaneType": "AAA protected lanes/multi use pathways", "Imp_Date": 2023, "Lanes": null, "Width": 13.41100025, "SHAPE_1_Length_1": null, "Shape_Length": 333.49683772854485}}, {"type": "Feature", "id": 410, "geometry": {"type": "LineString", "coordinates": [[-123.37244288379442, 48.4180622043847], [-123.36883698001463, 48.41827231535411]]}, "properties": {"OBJECTID_12": 410, "OWNER": "VC", "BikeLaneType": "AAA protected lanes/multi use pathways", "Imp_Date": 2023, "Lanes": null, "Width": 13.41100025, "SHAPE_1_Length_1": null, "Shape_Length": 267.82595088656495}}, {"type": "Feature", "id": 411, "geometry": {"type": "LineString", "coordinates": [[-123.3811510710898, 48.421910952529835], [-123.37976213289697, 48.42122877974068]]}, "properties": {"OBJECTID_12": 411, "OWNER": "VC", "BikeLaneType": "AAA shared-use street", "Imp_Date": 2023, "Lanes": null, "Width": 13.41100025, "SHAPE_1_Length_1": null, "Shape_Length": 127.71017197639243}}, {"type": "Feature", "id": 412, "geometry": {"type": "LineString", "coordinates": [[-123.37976213289697, 48.42122877974068], [-123.37934556598584, 48.42102417777579]]}, "properties": {"OBJECTID_12": 412, "OWNER": "VC", "BikeLaneType": "AAA shared-use street", "Imp_Date": 2023, "Lanes": null, "Width": 13.41100025, "SHAPE_1_Length_1": null, "Shape_Length": 38.303153673614965}}, {"type": "Feature", "id": 413, "geometry": {"type": "LineString", "coordinates": [[-123.38279838557676, 48.41769382716766], [-123.38227570642012, 48.41818281543345]]}, "properties": {"OBJECTID_12": 413, "OWNER": "VC", "BikeLaneType": "AAA shared-use street", "Imp_Date": 2023, "Lanes": null, "Width": null, "SHAPE_1_Length_1": null, "Shape_Length": 66.70815797137173}}, {"type": "Feature", "id": 414, "geometry": {"type": "LineString", "coordinates": [[-123.38210853781752, 48.41833920716824], [-123.3814641460665, 48.4189420378142]]}, "properties": {"OBJECTID_12": 414, "OWNER": "VC", "BikeLaneType": "AAA shared-use street", "Imp_Date": 2023, "Lanes": null, "Width": null, "SHAPE_1_Length_1": null, "Shape_Length": 82.23938607691113}}, {"type": "Feature", "id": 415, "geometry": {"type": "LineString", "coordinates": [[-123.38311224674837, 48.4174001912729], [-123.38279838557676, 48.41769382716766]]}, "properties": {"OBJECTID_12": 415, "OWNER": "VC", "BikeLaneType": "AAA shared-use street", "Imp_Date": 2023, "Lanes": null, "Width": null, "SHAPE_1_Length_1": null, "Shape_Length": 40.057881387711795}}, {"type": "Feature", "id": 416, "geometry": {"type": "LineString", "coordinates": [[-123.38227570642012, 48.41818281543345], [-123.38210853781752, 48.41833920716824]]}, "properties": {"OBJECTID_12": 416, "OWNER": "VC", "BikeLaneType": "AAA shared-use street", "Imp_Date": 2023, "Lanes": null, "Width": null, "SHAPE_1_Length_1": null, "Shape_Length": 21.335105498523262}}, {"type": "Feature", "id": 417, "geometry": {"type": "LineString", "coordinates": [[-123.3814641460665, 48.4189420378142], [-123.38082920008888, 48.41964312623735]]}, "properties": {"OBJECTID_12": 417, "OWNER": "VC", "BikeLaneType": "AAA shared-use street", "Imp_Date": 2023, "Lanes": null, "Width": null, "SHAPE_1_Length_1": null, "Shape_Length": 90.99497907050358}}, {"type": "Feature", "id": 418, "geometry": {"type": "LineString", "coordinates": [[-123.38082920008888, 48.41964312623735], [-123.38008480854666, 48.420336061879986]]}, "properties": {"OBJECTID_12": 418, "OWNER": "VC", "BikeLaneType": "AAA shared-use street", "Imp_Date": 2023, "Lanes": null, "Width": null, "SHAPE_1_Length_1": null, "Shape_Length": 94.68908872560549}}, {"type": "Feature", "id": 419, "geometry": {"type": "LineString", "coordinates": [[-123.38008480854666, 48.420336061879986], [-123.37934556598584, 48.42102417777579]]}, "properties": {"OBJECTID_12": 419, "OWNER": "VC", "BikeLaneType": "AAA shared-use street", "Imp_Date": 2023, "Lanes": null, "Width": null, "SHAPE_1_Length_1": null, "Shape_Length": 94.0312811125636}}, {"type": "Feature", "id": 420, "geometry": {"type": "LineString", "coordinates": [[-123.37934556598584, 48.42102417777579], [-123.378736982943, 48.421590686154566]]}, "properties": {"OBJECTID_12": 420, "OWNER": "VC", "BikeLaneType": "AAA shared-use street", "Imp_Date": 2023, "Lanes": null, "Width": null, "SHAPE_1_Length_1": null, "Shape_Length": 77.41253606582495}}, {"type": "Feature", "id": 421, "geometry": {"type": "LineString", "coordinates": [[-123.38348893044731, 48.41566200646705], [-123.38211971402207, 48.416932066649615]]}, "properties": {"OBJECTID_12": 421, "OWNER": "VC", "BikeLaneType": "AAA shared-use street", "Imp_Date": 2023, "Lanes": null, "Width": 8.5340004, "SHAPE_1_Length_1": null, "Shape_Length": 173.76563532956146}}, {"type": "Feature", "id": 422, "geometry": {"type": "LineString", "coordinates": [[-123.38387244116481, 48.41530625611307], [-123.38348893044731, 48.41566200646705]]}, "properties": {"OBJECTID_12": 422, "OWNER": "VC", "BikeLaneType": "AAA shared-use street", "Imp_Date": 2023, "Lanes": null, "Width": 8.5340004, "SHAPE_1_Length_1": null, "Shape_Length": 48.67230908016341}}, {"type": "Feature", "id": 423, "geometry": {"type": "LineString", "coordinates": [[-123.36886985028025, 48.417177715472604], [-123.36824467515383, 48.417218485806906]]}, "properties": {"OBJECTID_12": 423, "OWNER": "VC", "BikeLaneType": "AAA shared-use street", "Imp_Date": 2023, "Lanes": null, "Width": 9.14400005, "SHAPE_1_Length_1": null, "Shape_Length": 46.47988636727997}}, {"type": "Feature", "id": 424, "geometry": {"type": "LineString", "coordinates": [[-123.36824467515383, 48.417218485806906], [-123.36578622882217, 48.41737608729137]]}, "properties": {"OBJECTID_12": 424, "OWNER": "VC", "BikeLaneType": "AAA shared-use street", "Imp_Date": 2023, "Lanes": null, "Width": 9.14400005, "SHAPE_1_Length_1": null, "Shape_Length": 182.74843244330756}}, {"type": "Feature", "id": 425, "geometry": {"type": "LineString", "coordinates": [[-123.38264388328513, 48.417179290976506], [-123.38211971402207, 48.416932066649615]]}, "properties": {"OBJECTID_12": 425, "OWNER": "VC", "BikeLaneType": "AAA shared-use street", "Imp_Date": 2023, "Lanes": null, "Width": 9.44900036, "SHAPE_1_Length_1": null, "Shape_Length": 47.53344790884198}}, {"type": "Feature", "id": 426, "geometry": {"type": "LineString", "coordinates": [[-123.38311224674837, 48.4174001912729], [-123.38264388328513, 48.417179290976506]]}, "properties": {"OBJECTID_12": 426, "OWNER": "VC", "BikeLaneType": "AAA shared-use street", "Imp_Date": 2023, "Lanes": null, "Width": 9.44900036, "SHAPE_1_Length_1": null, "Shape_Length": 42.472452456796546}}, {"type": "Feature", "id": 427, "geometry": {"type": "LineString", "coordinates": [[-123.36256235341152, 48.41759609889447], [-123.36302865096184, 48.416976651026594], [-123.36322115279062, 48.416602205258805], [-123.36329988489092, 48.4163730762786], [-123.36331005949481, 48.416189939982885], [-123.36322410121834, 48.415404387452604], [-123.36331354941647, 48.41506841297413], [-123.3635280220267, 48.41455656834679], [-123.36365282912548, 48.414350181610565], [-123.36371985817195, 48.41409057201095]]}, "properties": {"OBJECTID_12": 427, "OWNER": "VC", "BikeLaneType": "AAA protected lanes/multi use pathways", "Imp_Date": 2024, "Lanes": null, "Width": null, "SHAPE_1_Length_1": null, "Shape_Length": 406.05654419264425}}, {"type": "Feature", "id": 428, "geometry": {"type": "LineString", "coordinates": [[-123.36256235341152, 48.41759609889447], [-123.36150882991289, 48.41862258680626], [-123.36135699683062, 48.41895229516498], [-123.36135597587605, 48.41895298210889]]}, "properties": {"OBJECTID_12": 428, "OWNER": "VC", "BikeLaneType": "AAA protected lanes/multi use pathways", "Imp_Date": 2024, "Lanes": 2, "Width": 1.8, "SHAPE_1_Length_1": null, "Shape_Length": 176.62432623470977}}, {"type": "Feature", "id": 429, "geometry": {"type": "LineString", "coordinates": [[-123.36959256034801, 48.431030345037065], [-123.36715469863299, 48.43106228485222], [-123.36715772349763, 48.43106670329411]]}, "properties": {"OBJECTID_12": 429, "OWNER": "VC", "BikeLaneType": "Painted bike lane", "Imp_Date": 2024, "Lanes": 2, "Width": 2, "SHAPE_1_Length_1": null, "Shape_Length": 180.9097554178583}}, {"type": "Feature", "id": 430, "geometry": {"type": "LineString", "coordinates": [[-123.36175077598723, 48.43014278487138], [-123.3618595515062, 48.42934265018138], [-123.36185388209641, 48.429350284474424]]}, "properties": {"OBJECTID_12": 430, "OWNER": "VC", "BikeLaneType": "AAA protected lanes/multi use pathways", "Imp_Date": 2025, "Lanes": 2, "Width": 1.8, "SHAPE_1_Length_1": null, "Shape_Length": 90.24893950806333}}, {"type": "Feature", "id": 431, "geometry": {"type": "LineString", "coordinates": [[-123.36166825573551, 48.427735225295436], [-123.36185914527186, 48.42688878428351], [-123.36184807752075, 48.42692045361136]]}, "properties": {"OBJECTID_12": 431, "OWNER": "VC", "BikeLaneType": "AAA protected lanes/multi use pathways", "Imp_Date": 2025, "Lanes": 2, "Width": 1.8, "SHAPE_1_Length_1": null, "Shape_Length": 98.75430181505334}}, {"type": "Feature", "id": 432, "geometry": {"type": "LineString", "coordinates": [[-123.36715469863299, 48.43106228485222], [-123.36453366549605, 48.4311035088316], [-123.36219345018867, 48.43111671183893], [-123.36166525083905, 48.4310359270852], [-123.36166347042149, 48.431030782166715]]}, "properties": {"OBJECTID_12": 432, "OWNER": "VC", "BikeLaneType": "AAA protected lanes/multi use pathways", "Imp_Date": 2024, "Lanes": 2, "Width": 1.8, "SHAPE_1_Length_1": null, "Shape_Length": 407.7343776338089}}, {"type": "Feature", "id": 433, "geometry": {"type": "LineString", "coordinates": [[-123.36166525083905, 48.4310359270852], [-123.36175077598723, 48.43014278487138], [-123.36176216772034, 48.43013513259547]]}, "properties": {"OBJECTID_12": 433, "OWNER": "VC", "BikeLaneType": "AAA protected lanes/multi use pathways", "Imp_Date": 2025, "Lanes": 2, "Width": 1.8, "SHAPE_1_Length_1": null, "Shape_Length": 100.67611237383143}}, {"type": "Feature", "id": 434, "geometry": {"type": "LineString", "coordinates": [[-123.36185388209641, 48.429350284474424], [-123.36194664982925, 48.42871396654803]]}, "properties": {"OBJECTID_12": 434, "OWNER": "VC", "BikeLaneType": "AAA protected lanes/multi use pathways", "Imp_Date": 2025, "Lanes": 2, "Width": 1.8, "SHAPE_1_Length_1": null, "Shape_Length": 71.06215603957352}}, {"type": "Feature", "id": 435, "geometry": {"type": "LineString", "coordinates": [[-123.36194664982925, 48.42871396654803], [-123.36165363291889, 48.427743710003604], [-123.36165946431153, 48.42775892551146]]}, "properties": {"OBJECTID_12": 435, "OWNER": "VC", "BikeLaneType": "AAA protected lanes/multi use pathways", "Imp_Date": 2025, "Lanes": 2, "Width": 1.8, "SHAPE_1_Length_1": null, "Shape_Length": 111.75122658899409}}, {"type": "Feature", "id": 436, "geometry": {"type": "LineString", "coordinates": [[-123.3620836627735, 48.4260011039435], [-123.36227052300225, 48.42516719514843]]}, "properties": {"OBJECTID_12": 436, "OWNER": "VC", "BikeLaneType": "AAA protected lanes/multi use pathways", "Imp_Date": 2025, "Lanes": 2, "Width": 1.8, "SHAPE_1_Length_1": null, "Shape_Length": 93.71837827689878}}, {"type": "Feature", "id": 437, "geometry": {"type": "LineString", "coordinates": [[-123.35862844955963, 48.43077728238154], [-123.35574732139213, 48.43062099671544], [-123.35286636096534, 48.43047348379542]]}, "properties": {"OBJECTID_12": 437, "OWNER": "VC", "BikeLaneType": "AAA protected lanes/multi use pathways", "Imp_Date": 2024, "Lanes": 2, "Width": 1.8, "SHAPE_1_Length_1": null, "Shape_Length": 427.5769530228756}}, {"type": "Feature", "id": 438, "geometry": {"type": "LineString", "coordinates": [[-123.33331354314257, 48.4456945812271], [-123.33361086284124, 48.43604963915662], [-123.33360762286797, 48.436073917561615]]}, "properties": {"OBJECTID_12": 438, "OWNER": "VC", "BikeLaneType": "AAA protected lanes/multi use pathways", "Imp_Date": 2024, "Lanes": 2, "Width": 1.8, "SHAPE_1_Length_1": null, "Shape_Length": 1075.0206010578668}}, {"type": "Feature", "id": 439, "geometry": {"type": "LineString", "coordinates": [[-123.35286636096534, 48.43047348379542], [-123.34994928414707, 48.43028625112229]]}, "properties": {"OBJECTID_12": 439, "OWNER": "VC", "BikeLaneType": "AAA shared-use street", "Imp_Date": 2024, "Lanes": null, "Width": null, "SHAPE_1_Length_1": null, "Shape_Length": 216.78786158018914}}, {"type": "Feature", "id": 440, "geometry": {"type": "LineString", "coordinates": [[-123.3688825480621, 48.420654275799315], [-123.37094771882683, 48.42080501626889]]}, "properties": {"OBJECTID_12": 440, "OWNER": "VC", "BikeLaneType": "Painted bike lane", "Imp_Date": null, "Lanes": 2, "Width": null, "SHAPE_1_Length_1": null, "Shape_Length": 153.71305576377867}}, {"type": "Feature", "id": 441, "geometry": {"type": "LineString", "coordinates": [[-123.3766627114799, 48.4166493426624], [-123.37557260315714, 48.41612723708052]]}, "properties": {"OBJECTID_12": 441, "OWNER": "VC", "BikeLaneType": "AAA shared-use street", "Imp_Date": 2025, "Lanes": 1, "Width": 3.3, "SHAPE_1_Length_1": null, "Shape_Length": 99.36944148091176}}, {"type": "Feature", "id": 442, "geometry": {"type": "LineString", "coordinates": [[-123.3766444508571, 48.416666628139254], [-123.37555036493674, 48.41614818796934]]}, "properties": {"OBJECTID_12": 442, "OWNER": "VC", "BikeLaneType": "Painted bike lane", "Imp_Date": 2025, "Lanes": 1, "Width": 1.5, "SHAPE_1_Length_1": null, "Shape_Length": 99.37164530795309}}, {"type": "Feature", "id": 443, "geometry": {"type": "LineString", "coordinates": [[-123.36185914527186, 48.42688878428351], [-123.3620836627735, 48.4260011039435], [-123.3620704782069, 48.426005703974816]]}, "properties": {"OBJECTID_12": 443, "OWNER": "VC", "BikeLaneType": "AAA protected lanes/multi use pathways", "Imp_Date": 2025, "Lanes": 2, "Width": 1.8, "SHAPE_1_Length_1": null, "Shape_Length": 101.15971882187294}}, {"type": "Feature", "id": 444, "geometry": {"type": "LineString", "coordinates": [[-123.36250847343416, 48.424322982288], [-123.36270522403528, 48.42353196028499]]}, "properties": {"OBJECTID_12": 444, "OWNER": "VC", "BikeLaneType": "AAA protected lanes/multi use pathways", "Imp_Date": 2025, "Lanes": 2, "Width": 1.8, "SHAPE_1_Length_1": null, "Shape_Length": 89.12284581291314}}, {"type": "Feature", "id": 445, "geometry": {"type": "LineString", "coordinates": [[-123.36291653035377, 48.42267056324211], [-123.3630378539143, 48.422030345378204]]}, "properties": {"OBJECTID_12": 445, "OWNER": "VC", "BikeLaneType": "AAA protected lanes/multi use pathways", "Imp_Date": 2025, "Lanes": 2, "Width": 1.8, "SHAPE_1_Length_1": null, "Shape_Length": 71.72730429225392}}, {"type": "Feature", "id": 446, "geometry": {"type": "LineString", "coordinates": [[-123.38867638668495, 48.43910379380582], [-123.388873026939, 48.439311464644355], [-123.38930352676604, 48.43946996726243], [-123.38964224498339, 48.43960211967089], [-123.39083498867664, 48.4406320928268], [-123.39133147582062, 48.440809406643], [-123.39323811337144, 48.44125040949394]]}, "properties": {"OBJECTID_12": 446, "OWNER": "VC", "BikeLaneType": "AAA shared-use street", "Imp_Date": 2024, "Lanes": null, "Width": null, "SHAPE_1_Length_1": null, "Shape_Length": 428.20835277040186}}, {"type": "Feature", "id": 447, "geometry": {"type": "LineString", "coordinates": [[-123.36227052300225, 48.42516719514843], [-123.36250847343416, 48.424322982288], [-123.36250497600346, 48.424340003067044]]}, "properties": {"OBJECTID_12": 447, "OWNER": "VC", "BikeLaneType": "AAA protected lanes/multi use pathways", "Imp_Date": 2025, "Lanes": 2, "Width": 1.8, "SHAPE_1_Length_1": null, "Shape_Length": 97.38506796799112}}, {"type": "Feature", "id": 448, "geometry": {"type": "LineString", "coordinates": [[-123.36270522403528, 48.42353196028499], [-123.36291653035377, 48.42267056324211]]}, "properties": {"OBJECTID_12": 448, "OWNER": "VC", "BikeLaneType": "AAA protected lanes/multi use pathways", "Imp_Date": 2025, "Lanes": 2, "Width": 1.8, "SHAPE_1_Length_1": null, "Shape_Length": 97.01649611820194}}, {"type": "Feature", "id": 449, "geometry": {"type": "LineString", "coordinates": [[-123.3630378539143, 48.422030345378204], [-123.36305436832164, 48.42113528449056]]}, "properties": {"OBJECTID_12": 449, "OWNER": "VC", "BikeLaneType": "AAA protected lanes/multi use pathways", "Imp_Date": 2025, "Lanes": 2, "Width": 1.8, "SHAPE_1_Length_1": null, "Shape_Length": 99.49801139973395}}, {"type": "Feature", "id": 450, "geometry": {"type": "LineString", "coordinates": [[-123.36305436832164, 48.42113528449056], [-123.363851135176, 48.42053482677815]]}, "properties": {"OBJECTID_12": 450, "OWNER": "VC", "BikeLaneType": "AAA protected lanes/multi use pathways", "Imp_Date": 2025, "Lanes": 2, "Width": 1.8, "SHAPE_1_Length_1": null, "Shape_Length": 89.05019439442948}}, {"type": "Feature", "id": 451, "geometry": {"type": "LineString", "coordinates": [[-123.37308946100316, 48.43892086547364], [-123.37351648366779, 48.440694257711975], [-123.37351457586824, 48.440694263904064]]}, "properties": {"OBJECTID_12": 451, "OWNER": "VC", "BikeLaneType": "Painted bike lane", "Imp_Date": 2025, "Lanes": 2, "Width": 1.5, "SHAPE_1_Length_1": null, "Shape_Length": 199.7772942514966}}, {"type": "Feature", "id": 452, "geometry": {"type": "LineString", "coordinates": [[-123.33887608370398, 48.410335319570216], [-123.3380543937585, 48.41036058782412], [-123.33805247025889, 48.41035805464575]]}, "properties": {"OBJECTID_12": 452, "OWNER": "VC", "BikeLaneType": "AAA protected lanes/multi use pathways", "Imp_Date": 2025, "Lanes": 2, "Width": null, "SHAPE_1_Length_1": null, "Shape_Length": 61.18752543036651}}, {"type": "Feature", "id": 453, "geometry": {"type": "LineString", "coordinates": [[-123.39427616250346, 48.431757190231146], [-123.39423629633697, 48.43296103953586], [-123.3942346416335, 48.43296104520462]]}, "properties": {"OBJECTID_12": 453, "OWNER": "VC", "BikeLaneType": "AAA shared-use street", "Imp_Date": 2025, "Lanes": 1, "Width": null, "SHAPE_1_Length_1": null, "Shape_Length": 133.96924469728594}}, {"type": "Feature", "id": 454, "geometry": {"type": "LineString", "coordinates": [[-123.3646495663576, 48.43871582414499], [-123.36331423626868, 48.43888000572094]]}, "properties": {"OBJECTID_12": 454, "OWNER": "VC", "BikeLaneType": "Painted bike lane", "Imp_Date": 2025, "Lanes": null, "Width": null, "SHAPE_1_Length_1": null, "Shape_Length": 100.43482639148642}}, {"type": "Feature", "id": 455, "geometry": {"type": "LineString", "coordinates": [[-123.36505047631583, 48.4386182039718], [-123.36401451366197, 48.43682100191953]]}, "properties": {"OBJECTID_12": 455, "OWNER": "VC", "BikeLaneType": "AAA shared-use street", "Imp_Date": 2025, "Lanes": null, "Width": null, "SHAPE_1_Length_1": null, "Shape_Length": 213.95924244538642}}, {"type": "Feature", "id": 456, "geometry": {"type": "LineString", "coordinates": [[-123.36803334188671, 48.44825200279766], [-123.366589650384, 48.44842109726904]]}, "properties": {"OBJECTID_12": 456, "OWNER": "VC", "BikeLaneType": "AAA protected lanes/multi use pathways", "Imp_Date": 2025, "Lanes": 2, "Width": 2.3, "SHAPE_1_Length_1": null, "Shape_Length": 108.39942761990358}}, {"type": "Feature", "id": 457, "geometry": {"type": "LineString", "coordinates": [[-123.34308186973136, 48.40937325759952], [-123.34156962962658, 48.40992364909402], [-123.34156579931445, 48.4099211216344]]}, "properties": {"OBJECTID_12": 457, "OWNER": "VC", "BikeLaneType": "AAA protected lanes/multi use pathways", "Imp_Date": 2025, "Lanes": 2, "Width": null, "SHAPE_1_Length_1": null, "Shape_Length": 127.94102621252482}}, {"type": "Feature", "id": 458, "geometry": {"type": "LineString", "coordinates": [[-123.34051112243151, 48.41017815120177], [-123.33887608370398, 48.410335319570216], [-123.33887226901096, 48.41033533080464]]}, "properties": {"OBJECTID_12": 458, "OWNER": "VC", "BikeLaneType": "AAA protected lanes/multi use pathways", "Imp_Date": 2025, "Lanes": 2, "Width": null, "SHAPE_1_Length_1": null, "Shape_Length": 122.53430720562032}}, {"type": "Feature", "id": 459, "geometry": {"type": "LineString", "coordinates": [[-123.39373184810883, 48.43289869599563], [-123.39423629633697, 48.43296103953586], [-123.39423696004322, 48.43296155276339]]}, "properties": {"OBJECTID_12": 459, "OWNER": "VC", "BikeLaneType": "AAA protected lanes/multi use pathways", "Imp_Date": 2025, "Lanes": 1, "Width": null, "SHAPE_1_Length_1": null, "Shape_Length": 38.027345231412}}, {"type": "Feature", "id": 460, "geometry": {"type": "LineString", "coordinates": [[-123.37053667508519, 48.439573083249996], [-123.36742145398595, 48.43838427721515], [-123.36742218392791, 48.43838369101045]]}, "properties": {"OBJECTID_12": 460, "OWNER": "VC", "BikeLaneType": "AAA protected lanes/multi use pathways", "Imp_Date": 2025, "Lanes": null, "Width": null, "SHAPE_1_Length_1": null, "Shape_Length": 265.69367672519684}}, {"type": "Feature", "id": 461, "geometry": {"type": "LineString", "coordinates": [[-123.36684570765003, 48.438211959353026], [-123.36741960083668, 48.43838453773331], [-123.36741931558718, 48.43838341767762]]}, "properties": {"OBJECTID_12": 461, "OWNER": "VC", "BikeLaneType": "AAA protected lanes/multi use pathways", "Imp_Date": 2025, "Lanes": null, "Width": null, "SHAPE_1_Length_1": null, "Shape_Length": 46.706114904149715}}, {"type": "Feature", "id": 462, "geometry": {"type": "LineString", "coordinates": [[-123.36190761095541, 48.448967854206025], [-123.36056305369064, 48.44912573574453]]}, "properties": {"OBJECTID_12": 462, "OWNER": "VC", "BikeLaneType": "AAA shared-use street", "Imp_Date": 2025, "Lanes": 2, "Width": 4, "SHAPE_1_Length_1": null, "Shape_Length": 100.96223484607188}}, {"type": "Feature", "id": 463, "geometry": {"type": "LineString", "coordinates": [[-123.35975790476394, 48.44922071432447], [-123.35889117101428, 48.44932147695908]]}, "properties": {"OBJECTID_12": 463, "OWNER": "VC", "BikeLaneType": "AAA shared-use street", "Imp_Date": 2025, "Lanes": 2, "Width": 3, "SHAPE_1_Length_1": null, "Shape_Length": 65.06293501426849}}, {"type": "Feature", "id": 464, "geometry": {"type": "LineString", "coordinates": [[-123.37375589934943, 48.43782809968747], [-123.37380321075277, 48.4380355110693], [-123.37380129839323, 48.43803488212663]]}, "properties": {"OBJECTID_12": 464, "OWNER": "VC", "BikeLaneType": "Painted bike lane", "Imp_Date": 2025, "Lanes": 2, "Width": 1.5, "SHAPE_1_Length_1": null, "Shape_Length": 23.476719431129315}}, {"type": "Feature", "id": 465, "geometry": {"type": "LineString", "coordinates": [[-123.34460941269256, 48.408752036054246], [-123.34308186973136, 48.40937325759952], [-123.3430799630973, 48.409373263284365]]}, "properties": {"OBJECTID_12": 465, "OWNER": "VC", "BikeLaneType": "AAA protected lanes/multi use pathways", "Imp_Date": 2025, "Lanes": null, "Width": null, "SHAPE_1_Length_1": null, "Shape_Length": 132.60735636571326}}, {"type": "Feature", "id": 466, "geometry": {"type": "LineString", "coordinates": [[-123.34156579931445, 48.4099211216344], [-123.34052256241944, 48.410178117347186], [-123.34051684242549, 48.410178134274624], [-123.34051112243151, 48.41017815120177], [-123.34050730775088, 48.41017816249036]]}, "properties": {"OBJECTID_12": 466, "OWNER": "VC", "BikeLaneType": "AAA protected lanes/multi use pathways", "Imp_Date": 2025, "Lanes": 2, "Width": null, "SHAPE_1_Length_1": null, "Shape_Length": 83.44711137555207}}, {"type": "Feature", "id": 467, "geometry": {"type": "LineString", "coordinates": [[-123.39374128262742, 48.434098950310606], [-123.39373177739421, 48.43290004211878], [-123.39373184810883, 48.43289869599563]]}, "properties": {"OBJECTID_12": 467, "OWNER": "VC", "BikeLaneType": "AAA shared-use street", "Imp_Date": 2025, "Lanes": 1, "Width": null, "SHAPE_1_Length_1": null, "Shape_Length": 133.41672147475853}}, {"type": "Feature", "id": 468, "geometry": {"type": "LineString", "coordinates": [[-123.39369640093021, 48.43563417171108], [-123.39384726685626, 48.43590025318178]]}, "properties": {"OBJECTID_12": 468, "OWNER": "VC", "BikeLaneType": "AAA shared-use street", "Imp_Date": 2025, "Lanes": null, "Width": null, "SHAPE_1_Length_1": null, "Shape_Length": 31.611482730062303}}, {"type": "Feature", "id": 469, "geometry": {"type": "LineString", "coordinates": [[-123.37341817056354, 48.437065473185434], [-123.37303440094888, 48.436244073915354]]}, "properties": {"OBJECTID_12": 469, "OWNER": "VC", "BikeLaneType": "Painted bike lane", "Imp_Date": 2025, "Lanes": null, "Width": 1.5, "SHAPE_1_Length_1": null, "Shape_Length": 95.61356481298053}}, {"type": "Feature", "id": 470, "geometry": {"type": "LineString", "coordinates": [[-123.366589650384, 48.44842109726904], [-123.3654291879257, 48.44855618278722]]}, "properties": {"OBJECTID_12": 470, "OWNER": "VC", "BikeLaneType": "AAA protected lanes/multi use pathways", "Imp_Date": 2025, "Lanes": 2, "Width": 2.2, "SHAPE_1_Length_1": null, "Shape_Length": 87.11689402952047}}, {"type": "Feature", "id": 471, "geometry": {"type": "LineString", "coordinates": [[-123.3738041592671, 48.438034872833896], [-123.37308946031807, 48.43892077191205]]}, "properties": {"OBJECTID_12": 471, "OWNER": "VC", "BikeLaneType": "Painted bike lane", "Imp_Date": 2025, "Lanes": 2, "Width": 1.5, "SHAPE_1_Length_1": null, "Shape_Length": 111.76340121135968}}, {"type": "Feature", "id": 472, "geometry": {"type": "LineString", "coordinates": [[-123.3380543937585, 48.41036058782412], [-123.33645330668227, 48.41007768748331], [-123.33644758669716, 48.41007770420842]]}, "properties": {"OBJECTID_12": 472, "OWNER": "VC", "BikeLaneType": "AAA protected lanes/multi use pathways", "Imp_Date": 2025, "Lanes": 2, "Width": null, "SHAPE_1_Length_1": null, "Shape_Length": 123.01000042511494}}, {"type": "Feature", "id": 473, "geometry": {"type": "LineString", "coordinates": [[-123.37660133214655, 48.44190126978785], [-123.37351587644063, 48.440692580932705]]}, "properties": {"OBJECTID_12": 473, "OWNER": "VC", "BikeLaneType": "AAA protected lanes/multi use pathways", "Imp_Date": 2025, "Lanes": null, "Width": null, "SHAPE_1_Length_1": null, "Shape_Length": 264.80718279826414}}, {"type": "Feature", "id": 474, "geometry": {"type": "LineString", "coordinates": [[-123.37351648366779, 48.440694257711975], [-123.37053667508519, 48.439573083249996]]}, "properties": {"OBJECTID_12": 474, "OWNER": "VC", "BikeLaneType": "AAA protected lanes/multi use pathways", "Imp_Date": 2025, "Lanes": null, "Width": null, "SHAPE_1_Length_1": null, "Shape_Length": 253.18152820888196}}, {"type": "Feature", "id": 475, "geometry": {"type": "LineString", "coordinates": [[-123.3730066846026, 48.44050235115968], [-123.37226633289553, 48.4405954594381]]}, "properties": {"OBJECTID_12": 475, "OWNER": "VC", "BikeLaneType": "AAA protected lanes/multi use pathways", "Imp_Date": 2025, "Lanes": null, "Width": null, "SHAPE_1_Length_1": null, "Shape_Length": 55.72509112142249}}, {"type": "Feature", "id": 476, "geometry": {"type": "LineString", "coordinates": [[-123.39374128262742, 48.434098950310606], [-123.39369640093021, 48.43563417171108]]}, "properties": {"OBJECTID_12": 476, "OWNER": "VC", "BikeLaneType": "AAA shared-use street", "Imp_Date": 2025, "Lanes": null, "Width": null, "SHAPE_1_Length_1": null, "Shape_Length": 170.68051196286453}}, {"type": "Feature", "id": 477, "geometry": {"type": "LineString", "coordinates": [[-123.37375589934943, 48.43782809968747], [-123.37341817056354, 48.437065473185434]]}, "properties": {"OBJECTID_12": 477, "OWNER": "VC", "BikeLaneType": "Painted bike lane", "Imp_Date": 2025, "Lanes": null, "Width": null, "SHAPE_1_Length_1": null, "Shape_Length": 88.37385653658605}}, {"type": "Feature", "id": 478, "geometry": {"type": "LineString", "coordinates": [[-123.37303440094888, 48.436244073915354], [-123.37262791694891, 48.435445598883355]]}, "properties": {"OBJECTID_12": 478, "OWNER": "VC", "BikeLaneType": "Painted bike lane", "Imp_Date": 2025, "Lanes": null, "Width": 1.5, "SHAPE_1_Length_1": null, "Shape_Length": 93.70894394483966}}, {"type": "Feature", "id": 479, "geometry": {"type": "LineString", "coordinates": [[-123.36977889301748, 48.44804722117077], [-123.36803304550081, 48.448251971358054]]}, "properties": {"OBJECTID_12": 479, "OWNER": "VC", "BikeLaneType": "AAA protected lanes/multi use pathways", "Imp_Date": 2025, "Lanes": 2, "Width": 2, "SHAPE_1_Length_1": null, "Shape_Length": 131.09237327311544}}, {"type": "Feature", "id": 480, "geometry": {"type": "LineString", "coordinates": [[-123.36977889301748, 48.44804722117077], [-123.37235603533226, 48.4477428330662]]}, "properties": {"OBJECTID_12": 480, "OWNER": "VC", "BikeLaneType": "AAA protected lanes/multi use pathways", "Imp_Date": 2025, "Lanes": 2, "Width": 2.2, "SHAPE_1_Length_1": null, "Shape_Length": 193.55521512579395}}, {"type": "Feature", "id": 481, "geometry": {"type": "LineString", "coordinates": [[-123.3646495663576, 48.43871582414499], [-123.36684570765003, 48.438211959353026]]}, "properties": {"OBJECTID_12": 481, "OWNER": "VC", "BikeLaneType": "AAA protected lanes/multi use pathways", "Imp_Date": 2025, "Lanes": null, "Width": null, "SHAPE_1_Length_1": null, "Shape_Length": 171.81548196141762}}, {"type": "Feature", "id": 482, "geometry": {"type": "LineString", "coordinates": [[-123.3654291879257, 48.44855618278722], [-123.36427444354464, 48.44869123759744]]}, "properties": {"OBJECTID_12": 482, "OWNER": "VC", "BikeLaneType": "AAA protected lanes/multi use pathways", "Imp_Date": 2025, "Lanes": 2, "Width": 2, "SHAPE_1_Length_1": null, "Shape_Length": 86.6995973309661}}, {"type": "Feature", "id": 483, "geometry": {"type": "LineString", "coordinates": [[-123.36427444354464, 48.44869123759744], [-123.36329344431464, 48.44880621366215]]}, "properties": {"OBJECTID_12": 483, "OWNER": "VC", "BikeLaneType": "AAA protected lanes/multi use pathways", "Imp_Date": 2025, "Lanes": 2, "Width": 2, "SHAPE_1_Length_1": null, "Shape_Length": 73.65908318940497}}, {"type": "Feature", "id": 484, "geometry": {"type": "LineString", "coordinates": [[-123.36056305369064, 48.44912573574453], [-123.35975790476394, 48.44922071432447]]}, "properties": {"OBJECTID_12": 484, "OWNER": "VC", "BikeLaneType": "AAA shared-use street", "Imp_Date": 2025, "Lanes": 2, "Width": 3.2, "SHAPE_1_Length_1": null, "Shape_Length": 60.46658229148771}}, {"type": "Feature", "id": 485, "geometry": {"type": "LineString", "coordinates": [[-123.3632934330679, 48.44880634324731], [-123.36190775192249, 48.44896751909283]]}, "properties": {"OBJECTID_12": 485, "OWNER": "VC", "BikeLaneType": "AAA protected lanes/multi use pathways", "Imp_Date": 2025, "Lanes": 2, "Width": 1.6, "SHAPE_1_Length_1": null, "Shape_Length": 104.02101910766356}}]}