{"type": "FeatureCollection", "features": [{"type": "Feature", "id": 691, "geometry": {"type": "MultiPoint", "coordinates": [[-123.38589486581984, 48.44410021665267]]}, "properties": {"OBJECTID": 691, "StreetName1": "BALFOUR AVE", "StreetName2": "BALFOUR PL", "Intersection": "BALFOUR PL & BALFOUR AVE", "Jurisdiction": "COV", "POINT_X": 471463.0497000003, "POINT_Y": 5365733.322799999}}, {"type": "Feature", "id": 692, "geometry": {"type": "MultiPoint", "coordinates": [[-123.34233928397369, 48.4343746964984]]}, "properties": {"OBJECTID": 692, "StreetName1": "AVEBURY AVE", "StreetName2": "BAY ST", "Intersection": "BAY ST & AVEBURY AVE", "Jurisdiction": "COV", "POINT_X": 474679.2763, "POINT_Y": 5364636.972999999}}, {"type": "Feature", "id": 693, "geometry": {"type": "MultiPoint", "coordinates": [[-123.34100696121608, 48.43430012428724]]}, "properties": {"OBJECTID": 693, "StreetName1": "ASQUITH ST", "StreetName2": "BAY ST", "Intersection": "BAY ST & ASQUITH ST", "Jurisdiction": "COV", "POINT_X": 474777.78729999997, "POINT_Y": 5364628.2443}}, {"type": "Feature", "id": 694, "geometry": {"type": "MultiPoint", "coordinates": [[-123.33261441018183, 48.43066713760201]]}, "properties": {"OBJECTID": 694, "StreetName1": "ASHGROVE ST", "StreetName2": "BEGBIE ST", "Intersection": "BEGBIE ST & ASHGROVE ST", "Jurisdiction": "COV", "POINT_X": 475396.8060999997, "POINT_Y": 5364221.6929}}, {"type": "Feature", "id": 695, "geometry": {"type": "MultiPoint", "coordinates": [[-123.33983735748048, 48.43424355939039], [-123.33962616190105, 48.43423332947375]]}, "properties": {"OBJECTID": 695, "StreetName1": "BAY ST", "StreetName2": "BELMONT AVE", "Intersection": "BELMONT AVE & BAY ST", "Jurisdiction": "COV", "POINT_X": 474872.07984999963, "POINT_Y": 5364620.9691}}, {"type": "Feature", "id": 696, "geometry": {"type": "MultiPoint", "coordinates": [[-123.33871194154558, 48.42840053401708]]}, "properties": {"OBJECTID": 696, "StreetName1": "BEGBIE ST", "StreetName2": "BELMONT AVE", "Intersection": "BELMONT AVE & BEGBIE ST", "Jurisdiction": "COV", "POINT_X": 474944.6429000003, "POINT_Y": 5363971.7279}}, {"type": "Feature", "id": 697, "geometry": {"type": "MultiPoint", "coordinates": [[-123.37688025943338, 48.44662399788049]]}, "properties": {"OBJECTID": 697, "StreetName1": "ALPHA ST", "StreetName2": "BETA ST", "Intersection": "BETA ST & ALPHA ST", "Jurisdiction": "COV", "POINT_X": 472131.0862999996, "POINT_Y": 5366010.5309999995}}, {"type": "Feature", "id": 698, "geometry": {"type": "MultiPoint", "coordinates": [[-123.3549551070886, 48.44398352245306]]}, "properties": {"OBJECTID": 698, "StreetName1": "ARTHUR AVE", "StreetName2": "BLACKWOOD ST", "Intersection": "BLACKWOOD ST & ARTHUR AVE", "Jurisdiction": "COV", "POINT_X": 473751.0729, "POINT_Y": 5365709.2820999995}}, {"type": "Feature", "id": 699, "geometry": {"type": "MultiPoint", "coordinates": [[-123.35405503497826, 48.440879387321075]]}, "properties": {"OBJECTID": 699, "StreetName1": "BASIL AVE", "StreetName2": "BLACKWOOD ST", "Intersection": "BLACKWOOD ST & BASIL AVE", "Jurisdiction": "COV", "POINT_X": 473816.0405000001, "POINT_Y": 5365363.9363}}, {"type": "Feature", "id": 700, "geometry": {"type": "MultiPoint", "coordinates": [[-123.36519643907002, 48.41918489728809]]}, "properties": {"OBJECTID": 700, "StreetName1": "ACADEMY CLOSE", "StreetName2": "BLANSHARD ST", "Intersection": "BLANSHARD ST & ACADEMY CLOSE", "Jurisdiction": "COV", "POINT_X": 472980.5504999999, "POINT_Y": 5362956.3785}}, {"type": "Feature", "id": 701, "geometry": {"type": "MultiPoint", "coordinates": [[-123.36450709031317, 48.41985727015152]]}, "properties": {"OBJECTID": 701, "StreetName1": "BELLEVILLE ST", "StreetName2": "BLANSHARD ST", "Intersection": "BLANSHARD ST & BELLEVILLE ST", "Jurisdiction": "COV", "POINT_X": 473031.9104000004, "POINT_Y": 5363030.872300001}}, {"type": "Feature", "id": 702, "geometry": {"type": "MultiPoint", "coordinates": [[-123.36284155632043, 48.43556115623034], [-123.36263621520136, 48.43554993257344]]}, "properties": {"OBJECTID": 702, "StreetName1": "BAY ST", "StreetName2": "BLANSHARD ST", "Intersection": "BLANSHARD ST & BAY ST", "Jurisdiction": "COV", "POINT_X": 473171.0010000003, "POINT_Y": 5364775.175449999}}, {"type": "Feature", "id": 703, "geometry": {"type": "MultiPoint", "coordinates": [[-123.32373041372543, 48.43018819045471]]}, "properties": {"OBJECTID": 703, "StreetName1": "AMPHION ST", "StreetName2": "BOURCHIER ST", "Intersection": "BOURCHIER ST & AMPHION ST", "Jurisdiction": "COV", "POINT_X": 476053.75150000025, "POINT_Y": 5364165.639900001}}, {"type": "Feature", "id": 704, "geometry": {"type": "MultiPoint", "coordinates": [[-123.37851949352846, 48.41433477989898]]}, "properties": {"OBJECTID": 704, "StreetName1": "BERWICK ST", "StreetName2": "BOYD ST", "Intersection": "BOYD ST & BERWICK ST", "Jurisdiction": "COV", "POINT_X": 471992.12679999974, "POINT_Y": 5362422.0559}}, {"type": "Feature", "id": 705, "geometry": {"type": "MultiPoint", "coordinates": [[-123.37261654418016, 48.43541973021317]]}, "properties": {"OBJECTID": 705, "StreetName1": "BAY ST", "StreetName2": "BRIDGE ST", "Intersection": "BRIDGE ST & BAY ST", "Jurisdiction": "COV", "POINT_X": 472440.324, "POINT_Y": 5364763.587099999}}, {"type": "Feature", "id": 706, "geometry": {"type": "MultiPoint", "coordinates": [[-123.36370693302585, 48.41408618655917]]}, "properties": {"OBJECTID": 706, "StreetName1": "ARBUTUS WAY", "StreetName2": "BRIDGE WAY", "Intersection": "BRIDGE WAY & ARBUTUS WAY", "Jurisdiction": "COV", "POINT_X": 473088.06659999955, "POINT_Y": 5362389.113700001}}, {"type": "Feature", "id": 707, "geometry": {"type": "MultiPoint", "coordinates": [[-123.3289516261011, 48.42419600057792]]}, "properties": {"OBJECTID": 707, "StreetName1": "BANK ST", "StreetName2": "BRIGHTON AVE", "Intersection": "BRIGHTON AVE & BANK ST", "Jurisdiction": "COV", "POINT_X": 475664.6615000004, "POINT_Y": 5363501.2303}}, {"type": "Feature", "id": 708, "geometry": {"type": "MultiPoint", "coordinates": [[-123.32335709630046, 48.42418941722654]]}, "properties": {"OBJECTID": 708, "StreetName1": "AMPHION ST", "StreetName2": "BRIGHTON AVE", "Intersection": "BRIGHTON AVE & AMPHION ST", "Jurisdiction": "COV", "POINT_X": 476078.5516999997, "POINT_Y": 5363498.736}}, {"type": "Feature", "id": 709, "geometry": {"type": "MultiPoint", "coordinates": [[-123.32335709630046, 48.42418941722654]]}, "properties": {"OBJECTID": 709, "StreetName1": "AMPHION ST", "StreetName2": "BRIGHTON CRES", "Intersection": "BRIGHTON CRES & AMPHION ST", "Jurisdiction": "COV", "POINT_X": 476078.5516999997, "POINT_Y": 5363498.736}}, {"type": "Feature", "id": 710, "geometry": {"type": "MultiPoint", "coordinates": [[-123.34116894052562, 48.41448250951644]]}, "properties": {"OBJECTID": 710, "StreetName1": "ARNOLD AVE", "StreetName2": "BROOKE ST", "Intersection": "BROOKE ST & ARNOLD AVE", "Jurisdiction": "COV", "POINT_X": 474755.9938000003, "POINT_Y": 5362425.4934}}, {"type": "Feature", "id": 711, "geometry": {"type": "MultiPoint", "coordinates": [[-123.36667490201278, 48.424084327295034]]}, "properties": {"OBJECTID": 711, "StreetName1": "BROAD ST", "StreetName2": "BROUGHTON ST", "Intersection": "BROUGHTON ST & BROAD ST", "Jurisdiction": "COV", "POINT_X": 472873.7675999999, "POINT_Y": 5363501.4912}}, {"type": "Feature", "id": 712, "geometry": {"type": "MultiPoint", "coordinates": [[-123.36271629330582, 48.423502200816486]]}, "properties": {"OBJECTID": 712, "StreetName1": "BLANSHARD ST", "StreetName2": "BROUGHTON ST", "Intersection": "BROUGHTON ST & BLANSHARD ST", "Jurisdiction": "COV", "POINT_X": 473166.32660000026, "POINT_Y": 5363435.391100001}}, {"type": "Feature", "id": 713, "geometry": {"type": "MultiPoint", "coordinates": [[-123.36309592199217, 48.421974286421374]]}, "properties": {"OBJECTID": 713, "StreetName1": "BLANSHARD ST", "StreetName2": "BURDETT AVE", "Intersection": "BURDETT AVE & BLANSHARD ST", "Jurisdiction": "COV", "POINT_X": 473137.4354999997, "POINT_Y": 5363265.6907}}, {"type": "Feature", "id": 714, "geometry": {"type": "MultiPoint", "coordinates": [[-123.3824358200562, 48.44836929524049]]}, "properties": {"OBJECTID": 714, "StreetName1": "BALFOUR AVE", "StreetName2": "BURNSIDE RD E", "Intersection": "BURNSIDE RD E & BALFOUR AVE", "Jurisdiction": "COV", "POINT_X": 471721.2262000004, "POINT_Y": 5366206.565400001}}, {"type": "Feature", "id": 715, "geometry": {"type": "MultiPoint", "coordinates": [[-123.37885915619569, 48.44657943607367]]}, "properties": {"OBJECTID": 715, "StreetName1": "ALPHA TERR", "StreetName2": "BURNSIDE RD E", "Intersection": "BURNSIDE RD E & ALPHA TERR", "Jurisdiction": "COV", "POINT_X": 471984.7240000004, "POINT_Y": 5366006.300000001}}, {"type": "Feature", "id": 716, "geometry": {"type": "MultiPoint", "coordinates": [[-123.37759313008775, 48.44596837873009]]}, "properties": {"OBJECTID": 716, "StreetName1": "ALPHA ST", "StreetName2": "BURNSIDE RD E", "Intersection": "BURNSIDE RD E & ALPHA ST", "Jurisdiction": "COV", "POINT_X": 472078.01070000045, "POINT_Y": 5365937.915899999}}, {"type": "Feature", "id": 717, "geometry": {"type": "MultiPoint", "coordinates": [[-123.36205056498808, 48.43112782146023], [-123.36175745368654, 48.43107023253028], [-123.36157737468714, 48.43100323094559]]}, "properties": {"OBJECTID": 717, "StreetName1": "BLANSHARD ST", "StreetName2": "CALEDONIA AVE", "Intersection": "CALEDONIA AVE & BLANSHARD ST", "Jurisdiction": "COV", "POINT_X": 473237.0546500001, "POINT_Y": 5364275.76835}}, {"type": "Feature", "id": 718, "geometry": {"type": "MultiPoint", "coordinates": [[-123.34695182903356, 48.427840641553104]]}, "properties": {"OBJECTID": 718, "StreetName1": "BALMORAL RD", "StreetName2": "CAMOSUN ST", "Intersection": "CAMOSUN ST & BALMORAL RD", "Jurisdiction": "COV", "POINT_X": 474334.80979999993, "POINT_Y": 5363912.2223000005}}, {"type": "Feature", "id": 719, "geometry": {"type": "MultiPoint", "coordinates": [[-123.3812553956148, 48.44777270670886]]}, "properties": {"OBJECTID": 719, "StreetName1": "BURNSIDE RD E", "StreetName2": "CARROLL ST", "Intersection": "CARROLL ST & BURNSIDE RD E", "Jurisdiction": "COV", "POINT_X": 471808.1843999997, "POINT_Y": 5366139.8167}}, {"type": "Feature", "id": 720, "geometry": {"type": "MultiPoint", "coordinates": [[-123.38479626157857, 48.43423538361435]]}, "properties": {"OBJECTID": 720, "StreetName1": "BELLA ST", "StreetName2": "CATHERINE ST", "Intersection": "CATHERINE ST & BELLA ST", "Jurisdiction": "COV", "POINT_X": 471538.7843000004, "POINT_Y": 5364636.397500001}}, {"type": "Feature", "id": 721, "geometry": {"type": "MultiPoint", "coordinates": [[-123.38473620163448, 48.43092888860855]]}, "properties": {"OBJECTID": 721, "StreetName1": "BAY ST", "StreetName2": "CATHERINE ST", "Intersection": "CATHERINE ST & BAY ST", "Jurisdiction": "COV", "POINT_X": 471541.3803000003, "POINT_Y": 5364268.8452}}, {"type": "Feature", "id": 722, "geometry": {"type": "MultiPoint", "coordinates": [[-123.34764271572021, 48.434668381275124]]}, "properties": {"OBJECTID": 722, "StreetName1": "BAY ST", "StreetName2": "CEDAR HILL RD", "Intersection": "CEDAR HILL RD & BAY ST", "Jurisdiction": "COV", "POINT_X": 474287.1456000004, "POINT_Y": 5364671.384500001}}, {"type": "Feature", "id": 723, "geometry": {"type": "MultiPoint", "coordinates": [[-123.34546432736262, 48.438991708381444]]}, "properties": {"OBJECTID": 723, "StreetName1": "ACTON ST", "StreetName2": "CEDAR HILL RD", "Intersection": "CEDAR HILL RD & ACTON ST", "Jurisdiction": "COV", "POINT_X": 474450.4414999997, "POINT_Y": 5365151.2108}}, {"type": "Feature", "id": 724, "geometry": {"type": "MultiPoint", "coordinates": [[-123.3268983156021, 48.424194802233785]]}, "properties": {"OBJECTID": 724, "StreetName1": "BRIGHTON AVE", "StreetName2": "CHAMBERLAIN ST", "Intersection": "CHAMBERLAIN ST & BRIGHTON AVE", "Jurisdiction": "COV", "POINT_X": 475816.56850000005, "POINT_Y": 5363500.446699999}}, {"type": "Feature", "id": 725, "geometry": {"type": "MultiPoint", "coordinates": [[-123.35022384837994, 48.428017999010216], [-123.35018715160925, 48.428327908144176]]}, "properties": {"OBJECTID": 725, "StreetName1": "BALMORAL RD", "StreetName2": "CHAMBERS ST", "Intersection": "CHAMBERS ST & BALMORAL RD", "Jurisdiction": "COV", "POINT_X": 474094.28360000014, "POINT_Y": 5363950.255600001}}, {"type": "Feature", "id": 726, "geometry": {"type": "MultiPoint", "coordinates": [[-123.349949895698, 48.430285932584674]]}, "properties": {"OBJECTID": 726, "StreetName1": "CALEDONIA AVE", "StreetName2": "CHAMBERS ST", "Intersection": "CHAMBERS ST & CALEDONIA AVE", "Jurisdiction": "COV", "POINT_X": 474114.2653999999, "POINT_Y": 5364185.0351}}, {"type": "Feature", "id": 727, "geometry": {"type": "MultiPoint", "coordinates": [[-123.34932982035627, 48.43481260738077]]}, "properties": {"OBJECTID": 727, "StreetName1": "BAY ST", "StreetName2": "CHAMBERS ST", "Intersection": "CHAMBERS ST & BAY ST", "Jurisdiction": "COV", "POINT_X": 474162.4293999998, "POINT_Y": 5364687.9837}}, {"type": "Feature", "id": 728, "geometry": {"type": "MultiPoint", "coordinates": [[-123.3645389464237, 48.43110074816072]]}, "properties": {"OBJECTID": 728, "StreetName1": "CALEDONIA AVE", "StreetName2": "CHATHAM ST", "Intersection": "CHATHAM ST & CALEDONIA AVE", "Jurisdiction": "COV", "POINT_X": 473035.50189999957, "POINT_Y": 5364280.6393}}, {"type": "Feature", "id": 729, "geometry": {"type": "MultiPoint", "coordinates": [[-123.36340217394721, 48.413878756771076]]}, "properties": {"OBJECTID": 729, "StreetName1": "BRIDGE WAY", "StreetName2": "CHESTNUT ROW", "Intersection": "CHESTNUT ROW & BRIDGE WAY", "Jurisdiction": "COV", "POINT_X": 473110.50829999987, "POINT_Y": 5362365.950099999}}, {"type": "Feature", "id": 730, "geometry": {"type": "MultiPoint", "coordinates": [[-123.33361287308101, 48.430269754039685]]}, "properties": {"OBJECTID": 730, "StreetName1": "BEGBIE ST", "StreetName2": "CHESTNUT ST", "Intersection": "CHESTNUT ST & BEGBIE ST", "Jurisdiction": "COV", "POINT_X": 475322.7549999999, "POINT_Y": 5364177.8434}}, {"type": "Feature", "id": 731, "geometry": {"type": "MultiPoint", "coordinates": [[-123.36546443016847, 48.412666232973606]]}, "properties": {"OBJECTID": 731, "StreetName1": "BEACON HILL LOOP", "StreetName2": "CIRCLE DR", "Intersection": "CIRCLE DR & BEACON HILL LOOP", "Jurisdiction": "COV", "POINT_X": 472957.2651000004, "POINT_Y": 5362231.899700001}}, {"type": "Feature", "id": 732, "geometry": {"type": "MultiPoint", "coordinates": [[-123.36411278107192, 48.41225819934977]]}, "properties": {"OBJECTID": 732, "StreetName1": "CHESTNUT ROW", "StreetName2": "CIRCLE DR", "Intersection": "CIRCLE DR & CHESTNUT ROW", "Jurisdiction": "COV", "POINT_X": 473057.0695000002, "POINT_Y": 5362186.069}}, {"type": "Feature", "id": 733, "geometry": {"type": "MultiPoint", "coordinates": [[-123.36208530766277, 48.41123713406716]]}, "properties": {"OBJECTID": 733, "StreetName1": "CAMAS CIR", "StreetName2": "CIRCLE DR", "Intersection": "CIRCLE DR & CAMAS CIR", "Jurisdiction": "COV", "POINT_X": 473206.5641999999, "POINT_Y": 5362071.8628}}, {"type": "Feature", "id": 734, "geometry": {"type": "MultiPoint", "coordinates": [[-123.32806715368756, 48.42419548743051]]}, "properties": {"OBJECTID": 734, "StreetName1": "BRIGHTON AVE", "StreetName2": "CLARE ST", "Intersection": "CLARE ST & BRIGHTON AVE", "Jurisdiction": "COV", "POINT_X": 475730.09609999973, "POINT_Y": 5363500.8926}}, {"type": "Feature", "id": 735, "geometry": {"type": "MultiPoint", "coordinates": [[-123.34119061293643, 48.413652285417996]]}, "properties": {"OBJECTID": 735, "StreetName1": "ARNOLD AVE", "StreetName2": "CLIFFORD ST", "Intersection": "CLIFFORD ST & ARNOLD AVE", "Jurisdiction": "COV", "POINT_X": 474753.9791000001, "POINT_Y": 5362333.2181}}, {"type": "Feature", "id": 736, "geometry": {"type": "MultiPoint", "coordinates": [[-123.33828753746509, 48.42699481363103]]}, "properties": {"OBJECTID": 736, "StreetName1": "BELMONT AVE", "StreetName2": "COLDHARBOUR RD", "Intersection": "COLDHARBOUR RD & BELMONT AVE", "Jurisdiction": "COV", "POINT_X": 474975.3482999997, "POINT_Y": 5363815.3378}}, {"type": "Feature", "id": 737, "geometry": {"type": "MultiPoint", "coordinates": [[-123.36954779253665, 48.425891099752924]]}, "properties": {"OBJECTID": 737, "StreetName1": "BASTION SQ", "StreetName2": "COMMERCIAL ALLEY", "Intersection": "COMMERCIAL ALLEY & BASTION SQ", "Jurisdiction": "COV", "POINT_X": 472662.1946999999, "POINT_Y": 5363703.3423999995}}, {"type": "Feature", "id": 738, "geometry": {"type": "MultiPoint", "coordinates": [[-123.39129114163607, 48.43803688872123]]}, "properties": {"OBJECTID": 738, "StreetName1": "ALDERMAN RD", "StreetName2": "CONNAUGHT RD", "Intersection": "CONNAUGHT RD & ALDERMAN RD", "Jurisdiction": "COV", "POINT_X": 471060.5356999999, "POINT_Y": 5365061.384400001}}, {"type": "Feature", "id": 739, "geometry": {"type": "MultiPoint", "coordinates": [[-123.35714107928128, 48.41316672030922]]}, "properties": {"OBJECTID": 739, "StreetName1": "CHAPMAN ST", "StreetName2": "COOK ST", "Intersection": "COOK ST & CHAPMAN ST", "Jurisdiction": "COV", "POINT_X": 473573.4397999998, "POINT_Y": 5362284.625700001}}, {"type": "Feature", "id": 740, "geometry": {"type": "MultiPoint", "coordinates": [[-123.35517981648786, 48.418827847394645]]}, "properties": {"OBJECTID": 740, "StreetName1": "COLLINSON ST", "StreetName2": "COOK ST", "Intersection": "COOK ST & COLLINSON ST", "Jurisdiction": "COV", "POINT_X": 473721.4866000004, "POINT_Y": 5362913.206}}, {"type": "Feature", "id": 741, "geometry": {"type": "MultiPoint", "coordinates": [[-123.35457985644148, 48.42126881284233]]}, "properties": {"OBJECTID": 741, "StreetName1": "BURDETT AVE", "StreetName2": "COOK ST", "Intersection": "COOK ST & BURDETT AVE", "Jurisdiction": "COV", "POINT_X": 473767.1333999997, "POINT_Y": 5363184.322799999}}, {"type": "Feature", "id": 742, "geometry": {"type": "MultiPoint", "coordinates": [[-123.35313264347103, 48.42855717925348]]}, "properties": {"OBJECTID": 742, "StreetName1": "BALMORAL RD", "StreetName2": "COOK ST", "Intersection": "COOK ST & BALMORAL RD", "Jurisdiction": "COV", "POINT_X": 473877.9422000004, "POINT_Y": 5363993.9581}}, {"type": "Feature", "id": 743, "geometry": {"type": "MultiPoint", "coordinates": [[-123.35288223084261, 48.43047316523532]]}, "properties": {"OBJECTID": 743, "StreetName1": "CALEDONIA AVE", "StreetName2": "COOK ST", "Intersection": "COOK ST & CALEDONIA AVE", "Jurisdiction": "COV", "POINT_X": 473897.4479, "POINT_Y": 5364206.8421}}, {"type": "Feature", "id": 744, "geometry": {"type": "MultiPoint", "coordinates": [[-123.3522843772154, 48.43498174979668]]}, "properties": {"OBJECTID": 744, "StreetName1": "BAY ST", "StreetName2": "COOK ST", "Intersection": "COOK ST & BAY ST", "Jurisdiction": "COV", "POINT_X": 473943.97809999995, "POINT_Y": 5364707.785700001}}, {"type": "Feature", "id": 745, "geometry": {"type": "MultiPoint", "coordinates": [[-123.35082016713524, 48.44128294652412]]}, "properties": {"OBJECTID": 745, "StreetName1": "BASIL AVE", "StreetName2": "COOK ST", "Intersection": "COOK ST & BASIL AVE", "Jurisdiction": "COV", "POINT_X": 474055.48890000023, "POINT_Y": 5365407.692399999}}, {"type": "Feature", "id": 746, "geometry": {"type": "MultiPoint", "coordinates": [[-123.36444563699882, 48.4285785192438]]}, "properties": {"OBJECTID": 746, "StreetName1": "CENTENNIAL SQ", "StreetName2": "CORMORANT ST", "Intersection": "CORMORANT ST & CENTENNIAL SQ", "Jurisdiction": "COV", "POINT_X": 473041.0700000003, "POINT_Y": 5364000.2508000005}}, {"type": "Feature", "id": 747, "geometry": {"type": "MultiPoint", "coordinates": [[-123.36191210351633, 48.42861864445894]]}, "properties": {"OBJECTID": 747, "StreetName1": "BLANSHARD ST", "StreetName2": "CORMORANT ST", "Intersection": "CORMORANT ST & BLANSHARD ST", "Jurisdiction": "COV", "POINT_X": 473228.51020000037, "POINT_Y": 5364003.8221}}, {"type": "Feature", "id": 748, "geometry": {"type": "MultiPoint", "coordinates": [[-123.3603253913972, 48.42862370022171]]}, "properties": {"OBJECTID": 748, "StreetName1": "AMELIA ST", "StreetName2": "CORMORANT ST", "Intersection": "CORMORANT ST & AMELIA ST", "Jurisdiction": "COV", "POINT_X": 473345.8903999999, "POINT_Y": 5364003.830600001}}, {"type": "Feature", "id": 749, "geometry": {"type": "MultiPoint", "coordinates": [[-123.34936762509416, 48.4171581101633]]}, "properties": {"OBJECTID": 749, "StreetName1": "CARNSEW ST", "StreetName2": "CORNWALL ST", "Intersection": "CORNWALL ST & CARNSEW ST", "Jurisdiction": "COV", "POINT_X": 474150.68149999995, "POINT_Y": 5362725.6307}}, {"type": "Feature", "id": 750, "geometry": {"type": "MultiPoint", "coordinates": [[-123.36918674111847, 48.425838049118276]]}, "properties": {"OBJECTID": 750, "StreetName1": "BASTION SQ", "StreetName2": "COURT ALLEY", "Intersection": "COURT ALLEY & BASTION SQ", "Jurisdiction": "COV", "POINT_X": 472688.8766000001, "POINT_Y": 5363697.3168}}, {"type": "Feature", "id": 751, "geometry": {"type": "MultiPoint", "coordinates": [[-123.36910174240002, 48.426202533204325]]}, "properties": {"OBJECTID": 751, "StreetName1": "CHANCERY LANE", "StreetName2": "COURT ALLEY", "Intersection": "COURT ALLEY & CHANCERY LANE", "Jurisdiction": "COV", "POINT_X": 472695.36000000034, "POINT_Y": 5363737.8003}}, {"type": "Feature", "id": 752, "geometry": {"type": "MultiPoint", "coordinates": [[-123.36292282527828, 48.422672506434814]]}, "properties": {"OBJECTID": 752, "StreetName1": "BLANSHARD ST", "StreetName2": "COURTNEY ST", "Intersection": "COURTNEY ST & BLANSHARD ST", "Jurisdiction": "COV", "POINT_X": 473150.60979999974, "POINT_Y": 5363343.239800001}}, {"type": "Feature", "id": 753, "geometry": {"type": "MultiPoint", "coordinates": [[-123.32501789810934, 48.42419195628511]]}, "properties": {"OBJECTID": 753, "StreetName1": "BRIGHTON AVE", "StreetName2": "COWICHAN ST", "Intersection": "COWICHAN ST & BRIGHTON AVE", "Jurisdiction": "COV", "POINT_X": 475955.68379999977, "POINT_Y": 5363499.5383}}, {"type": "Feature", "id": 754, "geometry": {"type": "MultiPoint", "coordinates": [[-123.39400545296392, 48.43980451724129]]}, "properties": {"OBJECTID": 754, "StreetName1": "ARM ST", "StreetName2": "CRAIGFLOWER RD", "Intersection": "CRAIGFLOWER RD & ARM ST", "Jurisdiction": "COV", "POINT_X": 470860.7917999998, "POINT_Y": 5365258.892899999}}, {"type": "Feature", "id": 755, "geometry": {"type": "MultiPoint", "coordinates": [[-123.39289780874721, 48.439406813744505]]}, "properties": {"OBJECTID": 755, "StreetName1": "BURLEITH CRES", "StreetName2": "CRAIGFLOWER RD", "Intersection": "CRAIGFLOWER RD & BURLEITH CRES", "Jurisdiction": "COV", "POINT_X": 470942.4852999998, "POINT_Y": 5365214.2656}}, {"type": "Feature", "id": 756, "geometry": {"type": "MultiPoint", "coordinates": [[-123.39139383665999, 48.4389010801687]]}, "properties": {"OBJECTID": 756, "StreetName1": "COVENTRY AVE", "StreetName2": "CRAIGFLOWER RD", "Intersection": "CRAIGFLOWER RD & COVENTRY AVE", "Jurisdiction": "COV", "POINT_X": 471053.43120000046, "POINT_Y": 5365157.4816}}, {"type": "Feature", "id": 757, "geometry": {"type": "MultiPoint", "coordinates": [[-123.39076573471564, 48.438688373217325]]}, "properties": {"OBJECTID": 757, "StreetName1": "ALDERMAN RD", "StreetName2": "CRAIGFLOWER RD", "Intersection": "CRAIGFLOWER RD & ALDERMAN RD", "Jurisdiction": "COV", "POINT_X": 471099.76520000026, "POINT_Y": 5365133.6011}}, {"type": "Feature", "id": 758, "geometry": {"type": "MultiPoint", "coordinates": [[-123.38919122186141, 48.437642704448024]]}, "properties": {"OBJECTID": 758, "StreetName1": "BELTON AVE", "StreetName2": "CRAIGFLOWER RD", "Intersection": "CRAIGFLOWER RD & BELTON AVE", "Jurisdiction": "COV", "POINT_X": 471215.62650000025, "POINT_Y": 5365016.7776999995}}, {"type": "Feature", "id": 759, "geometry": {"type": "MultiPoint", "coordinates": [[-123.37985096275149, 48.41308774057704]]}, "properties": {"OBJECTID": 759, "StreetName1": "BOYD ST", "StreetName2": "DALLAS RD", "Intersection": "DALLAS RD & BOYD ST", "Jurisdiction": "COV", "POINT_X": 471892.9160000002, "POINT_Y": 5362283.9307}}, {"type": "Feature", "id": 760, "geometry": {"type": "MultiPoint", "coordinates": [[-123.36191560427602, 48.40858339094262]]}, "properties": {"OBJECTID": 760, "StreetName1": "CAMAS CIR", "StreetName2": "DALLAS RD", "Intersection": "DALLAS RD & CAMAS CIR", "Jurisdiction": "COV", "POINT_X": 473217.7287999997, "POINT_Y": 5361776.830499999}}, {"type": "Feature", "id": 761, "geometry": {"type": "MultiPoint", "coordinates": [[-123.35785379994776, 48.407947383101046]]}, "properties": {"OBJECTID": 761, "StreetName1": "COOK ST", "StreetName2": "DALLAS RD", "Intersection": "DALLAS RD & COOK ST", "Jurisdiction": "COV", "POINT_X": 473517.9900000002, "POINT_Y": 5361704.7239}}, {"type": "Feature", "id": 762, "geometry": {"type": "MultiPoint", "coordinates": [[-123.35551415682173, 48.40766032197386]]}, "properties": {"OBJECTID": 762, "StreetName1": "CAMBRIDGE ST", "StreetName2": "DALLAS RD", "Intersection": "DALLAS RD & CAMBRIDGE ST", "Jurisdiction": "COV", "POINT_X": 473690.9879999999, "POINT_Y": 5361672.0099}}, {"type": "Feature", "id": 763, "geometry": {"type": "MultiPoint", "coordinates": [[-123.34958168272395, 48.40591521718663]]}, "properties": {"OBJECTID": 763, "StreetName1": "CLOVER POINT", "StreetName2": "DALLAS RD", "Intersection": "DALLAS RD & CLOVER POINT", "Jurisdiction": "COV", "POINT_X": 474129.1401000004, "POINT_Y": 5361476.015000001}}, {"type": "Feature", "id": 764, "geometry": {"type": "MultiPoint", "coordinates": [[-123.3488973016993, 48.40660788179195]]}, "properties": {"OBJECTID": 764, "StreetName1": "BUSHBY ST", "StreetName2": "DALLAS RD", "Intersection": "DALLAS RD & BUSHBY ST", "Jurisdiction": "COV", "POINT_X": 474180.1405999996, "POINT_Y": 5361552.7762}}, {"type": "Feature", "id": 765, "geometry": {"type": "MultiPoint", "coordinates": [[-123.37365796574137, 48.43777470578091]]}, "properties": {"OBJECTID": 765, "StreetName1": "BRIDGE ST", "StreetName2": "DAVID ST", "Intersection": "DAVID ST & BRIDGE ST", "Jurisdiction": "COV", "POINT_X": 472364.57210000046, "POINT_Y": 5365025.727499999}}, {"type": "Feature", "id": 766, "geometry": {"type": "MultiPoint", "coordinates": [[-123.32572680646338, 48.42419303224103]]}, "properties": {"OBJECTID": 766, "StreetName1": "BRIGHTON AVE", "StreetName2": "DAVIE ST", "Intersection": "DAVIE ST & BRIGHTON AVE", "Jurisdiction": "COV", "POINT_X": 475903.2379999999, "POINT_Y": 5363499.8807}}, {"type": "Feature", "id": 767, "geometry": {"type": "MultiPoint", "coordinates": [[-123.34644505887367, 48.44515397353765]]}, "properties": {"OBJECTID": 767, "StreetName1": "CEDAR HILL RD", "StreetName2": "DELATRE ST", "Intersection": "DELATRE ST & CEDAR HILL RD", "Jurisdiction": "COV", "POINT_X": 474381.00549999997, "POINT_Y": 5365836.5001}}, {"type": "Feature", "id": 768, "geometry": {"type": "MultiPoint", "coordinates": [[-123.3760087401607, 48.44521721618096]]}, "properties": {"OBJECTID": 768, "StreetName1": "BURNSIDE RD E", "StreetName2": "DELTA ST", "Intersection": "DELTA ST & BURNSIDE RD E", "Jurisdiction": "COV", "POINT_X": 472194.7664999999, "POINT_Y": 5365853.8444}}, {"type": "Feature", "id": 769, "geometry": {"type": "MultiPoint", "coordinates": [[-123.37530492753902, 48.44586618722033]]}, "properties": {"OBJECTID": 769, "StreetName1": "BETA ST", "StreetName2": "DELTA ST", "Intersection": "DELTA ST & BETA ST", "Jurisdiction": "COV", "POINT_X": 472247.16789999977, "POINT_Y": 5365925.7249}}, {"type": "Feature", "id": 770, "geometry": {"type": "MultiPoint", "coordinates": [[-123.3397031173409, 48.432690927052725]]}, "properties": {"OBJECTID": 770, "StreetName1": "BELMONT AVE", "StreetName2": "DENMAN ST", "Intersection": "DENMAN ST & BELMONT AVE", "Jurisdiction": "COV", "POINT_X": 474873.43539999984, "POINT_Y": 5364448.946900001}}, {"type": "Feature", "id": 771, "geometry": {"type": "MultiPoint", "coordinates": [[-123.3620371237809, 48.43197149268469]]}, "properties": {"OBJECTID": 771, "StreetName1": "BLANSHARD ST", "StreetName2": "DISCOVERY ST", "Intersection": "DISCOVERY ST & BLANSHARD ST", "Jurisdiction": "COV", "POINT_X": 473221.02359999996, "POINT_Y": 5364376.5481}}, {"type": "Feature", "id": 772, "geometry": {"type": "MultiPoint", "coordinates": [[-123.38387244116481, 48.41530625611307]]}, "properties": {"OBJECTID": 772, "StreetName1": "DALLAS RD", "StreetName2": "DOCK ST", "Intersection": "DOCK ST & DALLAS RD", "Jurisdiction": "COV", "POINT_X": 471596.57100000046, "POINT_Y": 5362532.0101}}, {"type": "Feature", "id": 773, "geometry": {"type": "MultiPoint", "coordinates": [[-123.39387612264052, 48.43661423844458]]}, "properties": {"OBJECTID": 773, "StreetName1": "BELTON AVE", "StreetName2": "DOMINION RD", "Intersection": "DOMINION RD & BELTON AVE", "Jurisdiction": "COV", "POINT_X": 470868.5329, "POINT_Y": 5364904.2313}}, {"type": "Feature", "id": 774, "geometry": {"type": "MultiPoint", "coordinates": [[-123.39329436845182, 48.438759981168054]]}, "properties": {"OBJECTID": 774, "StreetName1": "CONNAUGHT RD", "StreetName2": "DOMINION RD", "Intersection": "DOMINION RD & CONNAUGHT RD", "Jurisdiction": "COV", "POINT_X": 470912.7866000002, "POINT_Y": 5365142.518100001}}, {"type": "Feature", "id": 775, "geometry": {"type": "MultiPoint", "coordinates": [[-123.39309153438842, 48.4394747722469]]}, "properties": {"OBJECTID": 775, "StreetName1": "CRAIGFLOWER RD", "StreetName2": "DOMINION RD", "Intersection": "DOMINION RD & CRAIGFLOWER RD", "Jurisdiction": "COV", "POINT_X": 470928.1962000001, "POINT_Y": 5365221.892999999}}, {"type": "Feature", "id": 776, "geometry": {"type": "MultiPoint", "coordinates": [[-123.3412621910204, 48.44762157986411]]}, "properties": {"OBJECTID": 776, "StreetName1": "CLAWTHORPE AVE", "StreetName2": "DONCASTER DR", "Intersection": "DONCASTER DR & CLAWTHORPE AVE", "Jurisdiction": "COV", "POINT_X": 474765.5081000002, "POINT_Y": 5366109.0638}}, {"type": "Feature", "id": 777, "geometry": {"type": "MultiPoint", "coordinates": [[-123.34065324364275, 48.446849991471815]]}, "properties": {"OBJECTID": 777, "StreetName1": "BURTON AVE", "StreetName2": "DONCASTER DR", "Intersection": "DONCASTER DR & BURTON AVE", "Jurisdiction": "COV", "POINT_X": 474810.1568, "POINT_Y": 5366023.0978999995}}, {"type": "Feature", "id": 778, "geometry": {"type": "MultiPoint", "coordinates": [[-123.38290533002196, 48.446306867959024]]}, "properties": {"OBJECTID": 778, "StreetName1": "ALBANY ST", "StreetName2": "DORIC ST", "Intersection": "DORIC ST & ALBANY ST", "Jurisdiction": "COV", "POINT_X": 471685.36099999957, "POINT_Y": 5365977.4914}}, {"type": "Feature", "id": 779, "geometry": {"type": "MultiPoint", "coordinates": [[-123.38234835380113, 48.44613844823777], [-123.38211770629955, 48.44602965210305]]}, "properties": {"OBJECTID": 779, "StreetName1": "CARROLL ST", "StreetName2": "DORIC ST", "Intersection": "DORIC ST & CARROLL ST", "Jurisdiction": "COV", "POINT_X": 471734.95369999984, "POINT_Y": 5365952.475850001}}, {"type": "Feature", "id": 780, "geometry": {"type": "MultiPoint", "coordinates": [[-123.37208067350666, 48.44731958517293]]}, "properties": {"OBJECTID": 780, "StreetName1": "ALPHA ST", "StreetName2": "DOUGLAS ST", "Intersection": "DOUGLAS ST & ALPHA ST", "Jurisdiction": "COV", "POINT_X": 472486.3875000002, "POINT_Y": 5366086.112500001}}, {"type": "Feature", "id": 781, "geometry": {"type": "MultiPoint", "coordinates": [[-123.36923485174128, 48.40877236221984], [-123.3688134873841, 48.41040486016759]]}, "properties": {"OBJECTID": 781, "StreetName1": "DALLAS RD", "StreetName2": "DOUGLAS ST", "Intersection": "DOUGLAS ST & DALLAS RD", "Jurisdiction": "COV", "POINT_X": 472692.2016499996, "POINT_Y": 5361891.07395}}, {"type": "Feature", "id": 782, "geometry": {"type": "MultiPoint", "coordinates": [[-123.36894763180604, 48.41008603451094]]}, "properties": {"OBJECTID": 782, "StreetName1": "BATTERY ST", "StreetName2": "DOUGLAS ST", "Intersection": "DOUGLAS ST & BATTERY ST", "Jurisdiction": "COV", "POINT_X": 472698.1321999999, "POINT_Y": 5361946.336999999}}, {"type": "Feature", "id": 783, "geometry": {"type": "MultiPoint", "coordinates": [[-123.368874282082, 48.44180766623449]]}, "properties": {"OBJECTID": 783, "StreetName1": "BURNSIDE RD E", "StreetName2": "DOUGLAS ST", "Intersection": "DOUGLAS ST & BURNSIDE RD E", "Jurisdiction": "COV", "POINT_X": 472720.5426000003, "POINT_Y": 5365472.292199999}}, {"type": "Feature", "id": 784, "geometry": {"type": "MultiPoint", "coordinates": [[-123.3683546380666, 48.41156589251098]]}, "properties": {"OBJECTID": 784, "StreetName1": "BEACON ST", "StreetName2": "DOUGLAS ST", "Intersection": "DOUGLAS ST & BEACON ST", "Jurisdiction": "COV", "POINT_X": 472742.80599999987, "POINT_Y": 5362110.6173}}, {"type": "Feature", "id": 785, "geometry": {"type": "MultiPoint", "coordinates": [[-123.36844409251329, 48.411337007056645], [-123.36798832228656, 48.41220210219847]]}, "properties": {"OBJECTID": 785, "StreetName1": "CIRCLE DR", "StreetName2": "DOUGLAS ST", "Intersection": "DOUGLAS ST & CIRCLE DR", "Jurisdiction": "COV", "POINT_X": 472753.1585500003, "POINT_Y": 5362133.20585}}, {"type": "Feature", "id": 786, "geometry": {"type": "MultiPoint", "coordinates": [[-123.36784378125763, 48.41245313297647]]}, "properties": {"OBJECTID": 786, "StreetName1": "CIRCLE DR", "StreetName2": "DOUGLAS ST", "Intersection": "DOUGLAS ST & CIRCLE DR", "Jurisdiction": "COV", "POINT_X": 472781.08299999963, "POINT_Y": 5362209.055600001}}, {"type": "Feature", "id": 787, "geometry": {"type": "MultiPoint", "coordinates": [[-123.36653361372069, 48.41462777058757]]}, "properties": {"OBJECTID": 787, "StreetName1": "AVALON RD", "StreetName2": "DOUGLAS ST", "Intersection": "DOUGLAS ST & AVALON RD", "Jurisdiction": "COV", "POINT_X": 472879.19039999973, "POINT_Y": 5362450.309699999}}, {"type": "Feature", "id": 788, "geometry": {"type": "MultiPoint", "coordinates": [[-123.36634587576782, 48.42023523163608]]}, "properties": {"OBJECTID": 788, "StreetName1": "BELLEVILLE ST", "StreetName2": "DOUGLAS ST", "Intersection": "DOUGLAS ST & BELLEVILLE ST", "Jurisdiction": "COV", "POINT_X": 472896.06319999974, "POINT_Y": 5363073.5331999995}}, {"type": "Feature", "id": 789, "geometry": {"type": "MultiPoint", "coordinates": [[-123.3660367593165, 48.42221857476871]]}, "properties": {"OBJECTID": 789, "StreetName1": "BURDETT AVE", "StreetName2": "DOUGLAS ST", "Intersection": "DOUGLAS ST & BURDETT AVE", "Jurisdiction": "COV", "POINT_X": 472919.9874999998, "POINT_Y": 5363293.879899999}}, {"type": "Feature", "id": 790, "geometry": {"type": "MultiPoint", "coordinates": [[-123.36573978760903, 48.42313639918243]]}, "properties": {"OBJECTID": 790, "StreetName1": "COURTNEY ST", "StreetName2": "DOUGLAS ST", "Intersection": "DOUGLAS ST & COURTNEY ST", "Jurisdiction": "COV", "POINT_X": 472942.44600000046, "POINT_Y": 5363395.794600001}}, {"type": "Feature", "id": 791, "geometry": {"type": "MultiPoint", "coordinates": [[-123.36567550048105, 48.4187150703636]]}, "properties": {"OBJECTID": 791, "StreetName1": "BLANSHARD ST", "StreetName2": "DOUGLAS ST", "Intersection": "DOUGLAS ST & BLANSHARD ST", "Jurisdiction": "COV", "POINT_X": 472944.85589999985, "POINT_Y": 5362904.3246}}, {"type": "Feature", "id": 792, "geometry": {"type": "MultiPoint", "coordinates": [[-123.36554333669906, 48.42388440224256]]}, "properties": {"OBJECTID": 792, "StreetName1": "BROUGHTON ST", "StreetName2": "DOUGLAS ST", "Intersection": "DOUGLAS ST & BROUGHTON ST", "Jurisdiction": "COV", "POINT_X": 472957.37689999957, "POINT_Y": 5363478.8686}}, {"type": "Feature", "id": 793, "geometry": {"type": "MultiPoint", "coordinates": [[-123.3654834656381, 48.43570797342137]]}, "properties": {"OBJECTID": 793, "StreetName1": "BAY ST", "StreetName2": "DOUGLAS ST", "Intersection": "DOUGLAS ST & BAY ST", "Jurisdiction": "COV", "POINT_X": 472968.07830000017, "POINT_Y": 5364793.083799999}}, {"type": "Feature", "id": 794, "geometry": {"type": "MultiPoint", "coordinates": [[-123.36457211416969, 48.43194109358158]]}, "properties": {"OBJECTID": 794, "StreetName1": "DISCOVERY ST", "StreetName2": "DOUGLAS ST", "Intersection": "DOUGLAS ST & DISCOVERY ST", "Jurisdiction": "COV", "POINT_X": 473033.4930999996, "POINT_Y": 5364374.058700001}}, {"type": "Feature", "id": 795, "geometry": {"type": "MultiPoint", "coordinates": [[-123.3645389464237, 48.43110074816072]]}, "properties": {"OBJECTID": 795, "StreetName1": "CALEDONIA AVE", "StreetName2": "DOUGLAS ST", "Intersection": "DOUGLAS ST & CALEDONIA AVE", "Jurisdiction": "COV", "POINT_X": 473035.50189999957, "POINT_Y": 5364280.6393}}, {"type": "Feature", "id": 796, "geometry": {"type": "MultiPoint", "coordinates": [[-123.36444563699882, 48.4285785192438]]}, "properties": {"OBJECTID": 796, "StreetName1": "CENTENNIAL SQ", "StreetName2": "DOUGLAS ST", "Intersection": "DOUGLAS ST & CENTENNIAL SQ", "Jurisdiction": "COV", "POINT_X": 473041.0700000003, "POINT_Y": 5364000.2508000005}}, {"type": "Feature", "id": 797, "geometry": {"type": "MultiPoint", "coordinates": [[-123.36096699609315, 48.43546033917513]]}, "properties": {"OBJECTID": 797, "StreetName1": "BAY ST", "StreetName2": "DOWLER PL", "Intersection": "DOWLER PL & BAY ST", "Jurisdiction": "COV", "POINT_X": 473302.00939999986, "POINT_Y": 5364763.9737}}, {"type": "Feature", "id": 798, "geometry": {"type": "MultiPoint", "coordinates": [[-123.38474253984937, 48.431269038054225]]}, "properties": {"OBJECTID": 798, "StreetName1": "CATHERINE ST", "StreetName2": "DUNDAS ST", "Intersection": "DUNDAS ST & CATHERINE ST", "Jurisdiction": "COV", "POINT_X": 471541.10140000004, "POINT_Y": 5364306.6565000005}}, {"type": "Feature", "id": 799, "geometry": {"type": "MultiPoint", "coordinates": [[-123.36924687225357, 48.44196203369429]]}, "properties": {"OBJECTID": 799, "StreetName1": "BURNSIDE RD E", "StreetName2": "DUNEDIN ST", "Intersection": "DUNEDIN ST & BURNSIDE RD E", "Jurisdiction": "COV", "POINT_X": 472693.0700000003, "POINT_Y": 5365489.5836}}, {"type": "Feature", "id": 800, "geometry": {"type": "MultiPoint", "coordinates": [[-123.3791703434052, 48.41372520913883]]}, "properties": {"OBJECTID": 800, "StreetName1": "BOYD ST", "StreetName2": "DUNELM WYNDE", "Intersection": "DUNELM WYNDE & BOYD ST", "Jurisdiction": "COV", "POINT_X": 471943.6310999999, "POINT_Y": 5362354.5381000005}}, {"type": "Feature", "id": 801, "geometry": {"type": "MultiPoint", "coordinates": [[-123.34523823976961, 48.416761115260186]]}, "properties": {"OBJECTID": 801, "StreetName1": "CARNSEW ST", "StreetName2": "DURBAN ST", "Intersection": "DURBAN ST & CARNSEW ST", "Jurisdiction": "COV", "POINT_X": 474455.8239000002, "POINT_Y": 5362678.9109000005}}, {"type": "Feature", "id": 802, "geometry": {"type": "MultiPoint", "coordinates": [[-123.33727484131933, 48.41365425542559]]}, "properties": {"OBJECTID": 802, "StreetName1": "EARLE PL", "StreetName2": "EARLE ST", "Intersection": "EARLE ST & EARLE PL", "Jurisdiction": "COV", "POINT_X": 475043.7357000001, "POINT_Y": 5362332.153899999}}, {"type": "Feature", "id": 803, "geometry": {"type": "MultiPoint", "coordinates": [[-123.34656452996205, 48.408954375133874]]}, "properties": {"OBJECTID": 803, "StreetName1": "BUSHBY ST", "StreetName2": "EBERTS ST", "Intersection": "EBERTS ST & BUSHBY ST", "Jurisdiction": "COV", "POINT_X": 474353.9626000002, "POINT_Y": 5361812.8136}}, {"type": "Feature", "id": 804, "geometry": {"type": "MultiPoint", "coordinates": [[-123.34577784694184, 48.40829461990652]]}, "properties": {"OBJECTID": 804, "StreetName1": "DALLAS RD", "StreetName2": "EBERTS ST", "Intersection": "EBERTS ST & DALLAS RD", "Jurisdiction": "COV", "POINT_X": 474411.84920000006, "POINT_Y": 5361739.216399999}}, {"type": "Feature", "id": 805, "geometry": {"type": "MultiPoint", "coordinates": [[-123.34613523144927, 48.4425146291812]]}, "properties": {"OBJECTID": 805, "StreetName1": "CEDAR HILL RD", "StreetName2": "EDGEWARE RD", "Intersection": "EDGEWARE RD & CEDAR HILL RD", "Jurisdiction": "COV", "POINT_X": 474402.59140000027, "POINT_Y": 5365543.0222}}, {"type": "Feature", "id": 806, "geometry": {"type": "MultiPoint", "coordinates": [[-123.33943969310022, 48.44530549913322]]}, "properties": {"OBJECTID": 806, "StreetName1": "DONCASTER DR", "StreetName2": "EDGEWARE RD", "Intersection": "EDGEWARE RD & DONCASTER DR", "Jurisdiction": "COV", "POINT_X": 474899.1364000002, "POINT_Y": 5365851.022399999}}, {"type": "Feature", "id": 807, "geometry": {"type": "MultiPoint", "coordinates": [[-123.38478792979353, 48.433783157750156]]}, "properties": {"OBJECTID": 807, "StreetName1": "CATHERINE ST", "StreetName2": "EDWARD ST", "Intersection": "EDWARD ST & CATHERINE ST", "Jurisdiction": "COV", "POINT_X": 471539.14800000004, "POINT_Y": 5364586.127699999}}, {"type": "Feature", "id": 808, "geometry": {"type": "MultiPoint", "coordinates": [[-123.38332687691015, 48.433778149364976]]}, "properties": {"OBJECTID": 808, "StreetName1": "ALSTON ST", "StreetName2": "EDWARD ST", "Intersection": "EDWARD ST & ALSTON ST", "Jurisdiction": "COV", "POINT_X": 471647.21609999985, "POINT_Y": 5364585.028999999}}, {"type": "Feature", "id": 809, "geometry": {"type": "MultiPoint", "coordinates": [[-123.34127130169571, 48.427537190571975]]}, "properties": {"OBJECTID": 809, "StreetName1": "BEGBIE ST", "StreetName2": "ELFORD ST", "Intersection": "ELFORD ST & BEGBIE ST", "Jurisdiction": "COV", "POINT_X": 474754.88489999995, "POINT_Y": 5363876.6044}}, {"type": "Feature", "id": 810, "geometry": {"type": "MultiPoint", "coordinates": [[-123.37325960031885, 48.43875026962685]]}, "properties": {"OBJECTID": 810, "StreetName1": "BRIDGE ST", "StreetName2": "ELLICE ST", "Intersection": "ELLICE ST & BRIDGE ST", "Jurisdiction": "COV", "POINT_X": 472394.56460000016, "POINT_Y": 5365134.0217}}, {"type": "Feature", "id": 811, "geometry": {"type": "MultiPoint", "coordinates": [[-123.35099619714325, 48.43491057406726]]}, "properties": {"OBJECTID": 811, "StreetName1": "BAY ST", "StreetName2": "EMPIRE ST", "Intersection": "EMPIRE ST & BAY ST", "Jurisdiction": "COV", "POINT_X": 474039.2235000003, "POINT_Y": 5364699.4366999995}}, {"type": "Feature", "id": 812, "geometry": {"type": "MultiPoint", "coordinates": [[-123.352357004377, 48.43445178600692]]}, "properties": {"OBJECTID": 812, "StreetName1": "COOK ST", "StreetName2": "EMPRESS AVE", "Intersection": "EMPRESS AVE & COOK ST", "Jurisdiction": "COV", "POINT_X": 473938.3350999998, "POINT_Y": 5364648.902799999}}, {"type": "Feature", "id": 813, "geometry": {"type": "MultiPoint", "coordinates": [[-123.34939288540895, 48.43429262644756]]}, "properties": {"OBJECTID": 813, "StreetName1": "CHAMBERS ST", "StreetName2": "EMPRESS AVE", "Intersection": "EMPRESS AVE & CHAMBERS ST", "Jurisdiction": "COV", "POINT_X": 474157.50100000016, "POINT_Y": 5364630.207}}, {"type": "Feature", "id": 814, "geometry": {"type": "MultiPoint", "coordinates": [[-123.38442030799902, 48.422016068981044]]}, "properties": {"OBJECTID": 814, "StreetName1": "DALLAS RD", "StreetName2": "ERIE ST", "Intersection": "ERIE ST & DALLAS RD", "Jurisdiction": "COV", "POINT_X": 471559.7748999996, "POINT_Y": 5363278.0338}}, {"type": "Feature", "id": 815, "geometry": {"type": "MultiPoint", "coordinates": [[-123.39427634206984, 48.43175715992735]]}, "properties": {"OBJECTID": 815, "StreetName1": "DOMINION RD", "StreetName2": "ESQUIMALT RD", "Intersection": "ESQUIMALT RD & DOMINION RD", "Jurisdiction": "COV", "POINT_X": 470836.1514999997, "POINT_Y": 5364364.5001}}, {"type": "Feature", "id": 816, "geometry": {"type": "MultiPoint", "coordinates": [[-123.39291897310522, 48.43126182288476]]}, "properties": {"OBJECTID": 816, "StreetName1": "BARNARD AVE", "StreetName2": "ESQUIMALT RD", "Intersection": "ESQUIMALT RD & BARNARD AVE", "Jurisdiction": "COV", "POINT_X": 470936.2746000001, "POINT_Y": 5364308.9254}}, {"type": "Feature", "id": 817, "geometry": {"type": "MultiPoint", "coordinates": [[-123.39269454020793, 48.43119317081705]]}, "properties": {"OBJECTID": 817, "StreetName1": "BOWLSBY PL", "StreetName2": "ESQUIMALT RD", "Intersection": "ESQUIMALT RD & BOWLSBY PL", "Jurisdiction": "COV", "POINT_X": 470952.8371000001, "POINT_Y": 5364301.2093}}, {"type": "Feature", "id": 818, "geometry": {"type": "MultiPoint", "coordinates": [[-123.39103327208606, 48.43087461166218]]}, "properties": {"OBJECTID": 818, "StreetName1": "DALTON ST", "StreetName2": "ESQUIMALT RD", "Intersection": "ESQUIMALT RD & DALTON ST", "Jurisdiction": "COV", "POINT_X": 471075.54289999977, "POINT_Y": 5364265.171399999}}, {"type": "Feature", "id": 819, "geometry": {"type": "MultiPoint", "coordinates": [[-123.3847260157557, 48.43039044409076]]}, "properties": {"OBJECTID": 819, "StreetName1": "CATHERINE ST", "StreetName2": "ESQUIMALT RD", "Intersection": "ESQUIMALT RD & CATHERINE ST", "Jurisdiction": "COV", "POINT_X": 471541.8331000004, "POINT_Y": 5364208.9912}}, {"type": "Feature", "id": 820, "geometry": {"type": "MultiPoint", "coordinates": [[-123.36444322040109, 48.42197983801197]]}, "properties": {"OBJECTID": 820, "StreetName1": "BURDETT AVE", "StreetName2": "FAIRFIELD RD", "Intersection": "FAIRFIELD RD & BURDETT AVE", "Jurisdiction": "COV", "POINT_X": 473037.7586000003, "POINT_Y": 5363266.781199999}}, {"type": "Feature", "id": 821, "geometry": {"type": "MultiPoint", "coordinates": [[-123.36308959377087, 48.42115729315675]]}, "properties": {"OBJECTID": 821, "StreetName1": "BLANSHARD ST", "StreetName2": "FAIRFIELD RD", "Intersection": "FAIRFIELD RD & BLANSHARD ST", "Jurisdiction": "COV", "POINT_X": 473137.4731999999, "POINT_Y": 5363174.876599999}}, {"type": "Feature", "id": 822, "geometry": {"type": "MultiPoint", "coordinates": [[-123.35538805489955, 48.41802036864857]]}, "properties": {"OBJECTID": 822, "StreetName1": "COOK ST", "StreetName2": "FAIRFIELD RD", "Intersection": "FAIRFIELD RD & COOK ST", "Jurisdiction": "COV", "POINT_X": 473705.6627000002, "POINT_Y": 5362823.5232}}, {"type": "Feature", "id": 823, "geometry": {"type": "MultiPoint", "coordinates": [[-123.35412231960312, 48.417665878861825]]}, "properties": {"OBJECTID": 823, "StreetName1": "CHESTER AVE", "StreetName2": "FAIRFIELD RD", "Intersection": "FAIRFIELD RD & CHESTER AVE", "Jurisdiction": "COV", "POINT_X": 473799.13320000004, "POINT_Y": 5362783.6866}}, {"type": "Feature", "id": 824, "geometry": {"type": "MultiPoint", "coordinates": [[-123.34969500721627, 48.41582190497943]]}, "properties": {"OBJECTID": 824, "StreetName1": "CORNWALL ST", "StreetName2": "FAIRFIELD RD", "Intersection": "FAIRFIELD RD & CORNWALL ST", "Jurisdiction": "COV", "POINT_X": 474125.77979999967, "POINT_Y": 5362577.2171}}, {"type": "Feature", "id": 825, "geometry": {"type": "MultiPoint", "coordinates": [[-123.3477979373644, 48.414798437075675]]}, "properties": {"OBJECTID": 825, "StreetName1": "BRIAR PL", "StreetName2": "FAIRFIELD RD", "Intersection": "FAIRFIELD RD & BRIAR PL", "Jurisdiction": "COV", "POINT_X": 474265.63489999995, "POINT_Y": 5362462.8158}}, {"type": "Feature", "id": 826, "geometry": {"type": "MultiPoint", "coordinates": [[-123.34401365069205, 48.412684127409925]]}, "properties": {"OBJECTID": 826, "StreetName1": "FAIRCLIFF LANE", "StreetName2": "FAIRFIELD RD", "Intersection": "FAIRFIELD RD & FAIRCLIFF LANE", "Jurisdiction": "COV", "POINT_X": 474544.5992999999, "POINT_Y": 5362226.5381000005}}, {"type": "Feature", "id": 827, "geometry": {"type": "MultiPoint", "coordinates": [[-123.34129438626988, 48.41191110334306]]}, "properties": {"OBJECTID": 827, "StreetName1": "ARNOLD AVE", "StreetName2": "FAIRFIELD RD", "Intersection": "FAIRFIELD RD & ARNOLD AVE", "Jurisdiction": "COV", "POINT_X": 474745.43790000025, "POINT_Y": 5362139.7136}}, {"type": "Feature", "id": 828, "geometry": {"type": "MultiPoint", "coordinates": [[-123.33333375836509, 48.414022672548626]]}, "properties": {"OBJECTID": 828, "StreetName1": "BEECHWOOD AVE", "StreetName2": "FAIRFIELD RD", "Intersection": "FAIRFIELD RD & BEECHWOOD AVE", "Jurisdiction": "COV", "POINT_X": 475335.54250000045, "POINT_Y": 5362371.828299999}}, {"type": "Feature", "id": 829, "geometry": {"type": "MultiPoint", "coordinates": [[-123.33258103436448, 48.41478133933416]]}, "properties": {"OBJECTID": 829, "StreetName1": "EARLE ST", "StreetName2": "FAIRFIELD RD", "Intersection": "FAIRFIELD RD & EARLE ST", "Jurisdiction": "COV", "POINT_X": 475391.60759999976, "POINT_Y": 5362455.914799999}}, {"type": "Feature", "id": 830, "geometry": {"type": "MultiPoint", "coordinates": [[-123.32563843807407, 48.415665972465646]]}, "properties": {"OBJECTID": 830, "StreetName1": "FAIRFIELD PL", "StreetName2": "FAIRFIELD RD", "Intersection": "FAIRFIELD RD & FAIRFIELD PL", "Jurisdiction": "COV", "POINT_X": 475905.7461000001, "POINT_Y": 5362552.037900001}}, {"type": "Feature", "id": 831, "geometry": {"type": "MultiPoint", "coordinates": [[-123.32550958511992, 48.415677264251215]]}, "properties": {"OBJECTID": 831, "StreetName1": "CHADWICK PL", "StreetName2": "FAIRFIELD RD", "Intersection": "FAIRFIELD RD & CHADWICK PL", "Jurisdiction": "COV", "POINT_X": 475915.2857999997, "POINT_Y": 5362553.2524999995}}, {"type": "Feature", "id": 832, "geometry": {"type": "MultiPoint", "coordinates": [[-123.35756659196718, 48.41032567850739]]}, "properties": {"OBJECTID": 832, "StreetName1": "COOK ST", "StreetName2": "FAITHFUL ST", "Intersection": "FAITHFUL ST & COOK ST", "Jurisdiction": "COV", "POINT_X": 473540.4787999997, "POINT_Y": 5361968.980599999}}, {"type": "Feature", "id": 833, "geometry": {"type": "MultiPoint", "coordinates": [[-123.35499608768374, 48.4100491051274]]}, "properties": {"OBJECTID": 833, "StreetName1": "CAMBRIDGE ST", "StreetName2": "FAITHFUL ST", "Intersection": "FAITHFUL ST & CAMBRIDGE ST", "Jurisdiction": "COV", "POINT_X": 473730.5585000003, "POINT_Y": 5361937.353800001}}, {"type": "Feature", "id": 834, "geometry": {"type": "MultiPoint", "coordinates": [[-123.33515937971785, 48.429673344344614]]}, "properties": {"OBJECTID": 834, "StreetName1": "BEGBIE ST", "StreetName2": "FERN ST", "Intersection": "FERN ST & BEGBIE ST", "Jurisdiction": "COV", "POINT_X": 475208.06520000007, "POINT_Y": 5364112.0496}}, {"type": "Feature", "id": 835, "geometry": {"type": "MultiPoint", "coordinates": [[-123.34531599825023, 48.42773689464254]]}, "properties": {"OBJECTID": 835, "StreetName1": "BALMORAL RD", "StreetName2": "FERNWOOD RD", "Intersection": "FERNWOOD RD & BALMORAL RD", "Jurisdiction": "COV", "POINT_X": 474455.77080000006, "POINT_Y": 5363900.1435}}, {"type": "Feature", "id": 836, "geometry": {"type": "MultiPoint", "coordinates": [[-123.34509002432151, 48.432079184992844]]}, "properties": {"OBJECTID": 836, "StreetName1": "CENTRE RD", "StreetName2": "FERNWOOD RD", "Intersection": "FERNWOOD RD & CENTRE RD", "Jurisdiction": "COV", "POINT_X": 474474.6624999996, "POINT_Y": 5364382.730900001}}, {"type": "Feature", "id": 837, "geometry": {"type": "MultiPoint", "coordinates": [[-123.34506131811315, 48.43280234713491]]}, "properties": {"OBJECTID": 837, "StreetName1": "DENMAN ST", "StreetName2": "FERNWOOD RD", "Intersection": "FERNWOOD RD & DENMAN ST", "Jurisdiction": "COV", "POINT_X": 474477.1480999999, "POINT_Y": 5364463.103700001}}, {"type": "Feature", "id": 838, "geometry": {"type": "MultiPoint", "coordinates": [[-123.34499237253338, 48.43450786316546]]}, "properties": {"OBJECTID": 838, "StreetName1": "BAY ST", "StreetName2": "FERNWOOD RD", "Intersection": "FERNWOOD RD & BAY ST", "Jurisdiction": "COV", "POINT_X": 474483.10199999996, "POINT_Y": 5364652.6557}}, {"type": "Feature", "id": 839, "geometry": {"type": "MultiPoint", "coordinates": [[-123.34478353971984, 48.440141659584114]]}, "properties": {"OBJECTID": 839, "StreetName1": "CEDAR HILL RD", "StreetName2": "FERNWOOD RD", "Intersection": "FERNWOOD RD & CEDAR HILL RD", "Jurisdiction": "COV", "POINT_X": 474501.3683000002, "POINT_Y": 5365278.8057}}, {"type": "Feature", "id": 840, "geometry": {"type": "MultiPoint", "coordinates": [[-123.36508612220382, 48.43495633081827]]}, "properties": {"OBJECTID": 840, "StreetName1": "DOUGLAS ST", "StreetName2": "FIELD ST", "Intersection": "FIELD ST & DOUGLAS ST", "Jurisdiction": "COV", "POINT_X": 472997.0695000002, "POINT_Y": 5364709.395500001}}, {"type": "Feature", "id": 841, "geometry": {"type": "MultiPoint", "coordinates": [[-123.3566098445057, 48.435220640167756]]}, "properties": {"OBJECTID": 841, "StreetName1": "BAY ST", "StreetName2": "FIFTH ST", "Intersection": "FIFTH ST & BAY ST", "Jurisdiction": "COV", "POINT_X": 473624.1638000002, "POINT_Y": 5364735.8202}}, {"type": "Feature", "id": 842, "geometry": {"type": "MultiPoint", "coordinates": [[-123.34425552449618, 48.447846306631675]]}, "properties": {"OBJECTID": 842, "StreetName1": "CEDAR HILL RD", "StreetName2": "FINLAYSON PL", "Intersection": "FINLAYSON PL & CEDAR HILL RD", "Jurisdiction": "COV", "POINT_X": 474544.2701000003, "POINT_Y": 5366135.0341}}, {"type": "Feature", "id": 843, "geometry": {"type": "MultiPoint", "coordinates": [[-123.37394826098458, 48.4442246262392]]}, "properties": {"OBJECTID": 843, "StreetName1": "BURNSIDE RD E", "StreetName2": "FINLAYSON ST", "Intersection": "FINLAYSON ST & BURNSIDE RD E", "Jurisdiction": "COV", "POINT_X": 472346.60259999987, "POINT_Y": 5365742.7676}}, {"type": "Feature", "id": 844, "geometry": {"type": "MultiPoint", "coordinates": [[-123.37075242050976, 48.44504056886375]]}, "properties": {"OBJECTID": 844, "StreetName1": "DOUGLAS ST", "StreetName2": "FINLAYSON ST", "Intersection": "FINLAYSON ST & DOUGLAS ST", "Jurisdiction": "COV", "POINT_X": 472583.38269999996, "POINT_Y": 5365832.3137}}, {"type": "Feature", "id": 845, "geometry": {"type": "MultiPoint", "coordinates": [[-123.36662066137696, 48.44557053091552], [-123.3663927321265, 48.4456022425796]]}, "properties": {"OBJECTID": 845, "StreetName1": "BLANSHARD ST", "StreetName2": "FINLAYSON ST", "Intersection": "FINLAYSON ST & BLANSHARD ST", "Jurisdiction": "COV", "POINT_X": 472897.65069999977, "POINT_Y": 5365891.472}}, {"type": "Feature", "id": 846, "geometry": {"type": "MultiPoint", "coordinates": [[-123.35979789425457, 48.4464531673493]]}, "properties": {"OBJECTID": 846, "StreetName1": "FIFTH ST", "StreetName2": "FINLAYSON ST", "Intersection": "FINLAYSON ST & FIFTH ST", "Jurisdiction": "COV", "POINT_X": 473394.2241000002, "POINT_Y": 5365985.4651999995}}, {"type": "Feature", "id": 847, "geometry": {"type": "MultiPoint", "coordinates": [[-123.35599852911558, 48.446932143626874]]}, "properties": {"OBJECTID": 847, "StreetName1": "BLACKWOOD ST", "StreetName2": "FINLAYSON ST", "Intersection": "FINLAYSON ST & BLACKWOOD ST", "Jurisdiction": "COV", "POINT_X": 473675.43259999994, "POINT_Y": 5366037.392100001}}, {"type": "Feature", "id": 848, "geometry": {"type": "MultiPoint", "coordinates": [[-123.3498465801844, 48.447736091232734]]}, "properties": {"OBJECTID": 848, "StreetName1": "COOK ST", "StreetName2": "FINLAYSON ST", "Intersection": "FINLAYSON ST & COOK ST", "Jurisdiction": "COV", "POINT_X": 474130.7698999997, "POINT_Y": 5366124.657299999}}, {"type": "Feature", "id": 849, "geometry": {"type": "MultiPoint", "coordinates": [[-123.34396557450043, 48.44836843904165]]}, "properties": {"OBJECTID": 849, "StreetName1": "CEDAR HILL RD", "StreetName2": "FINLAYSON ST", "Intersection": "FINLAYSON ST & CEDAR HILL RD", "Jurisdiction": "COV", "POINT_X": 474565.97190000024, "POINT_Y": 5366192.975}}, {"type": "Feature", "id": 850, "geometry": {"type": "MultiPoint", "coordinates": [[-123.36793027891774, 48.42936582351395]]}, "properties": {"OBJECTID": 850, "StreetName1": "FAN TAN ALLEY", "StreetName2": "FISGARD ST", "Intersection": "FISGARD ST & FAN TAN ALLEY", "Jurisdiction": "COV", "POINT_X": 472783.71270000003, "POINT_Y": 5364088.9953000005}}, {"type": "Feature", "id": 851, "geometry": {"type": "MultiPoint", "coordinates": [[-123.36447250880632, 48.42941738257795]]}, "properties": {"OBJECTID": 851, "StreetName1": "DOUGLAS ST", "StreetName2": "FISGARD ST", "Intersection": "FISGARD ST & DOUGLAS ST", "Jurisdiction": "COV", "POINT_X": 473039.5258999998, "POINT_Y": 5364093.5032}}, {"type": "Feature", "id": 852, "geometry": {"type": "MultiPoint", "coordinates": [[-123.3618839919774, 48.429361434557514]]}, "properties": {"OBJECTID": 852, "StreetName1": "BLANSHARD ST", "StreetName2": "FISGARD ST", "Intersection": "FISGARD ST & BLANSHARD ST", "Jurisdiction": "COV", "POINT_X": 473230.9798999997, "POINT_Y": 5364086.3763}}, {"type": "Feature", "id": 853, "geometry": {"type": "MultiPoint", "coordinates": [[-123.35885839249808, 48.429069857661425]]}, "properties": {"OBJECTID": 853, "StreetName1": "BALMORAL RD", "StreetName2": "FISGARD ST", "Intersection": "FISGARD ST & BALMORAL RD", "Jurisdiction": "COV", "POINT_X": 473454.6445000004, "POINT_Y": 5364052.9132}}, {"type": "Feature", "id": 854, "geometry": {"type": "MultiPoint", "coordinates": [[-123.33860259744817, 48.43418368458835], [-123.33831789608398, 48.4341698692973]]}, "properties": {"OBJECTID": 854, "StreetName1": "BAY ST", "StreetName2": "FORBES ST", "Intersection": "FORBES ST & BAY ST", "Jurisdiction": "COV", "POINT_X": 474966.0998000002, "POINT_Y": 5364613.69805}}, {"type": "Feature", "id": 855, "geometry": {"type": "MultiPoint", "coordinates": [[-123.33839289216957, 48.432658708558634]]}, "properties": {"OBJECTID": 855, "StreetName1": "DENMAN ST", "StreetName2": "FORBES ST", "Intersection": "FORBES ST & DENMAN ST", "Jurisdiction": "COV", "POINT_X": 474970.3361999998, "POINT_Y": 5364444.9366}}, {"type": "Feature", "id": 856, "geometry": {"type": "MultiPoint", "coordinates": [[-123.36650538029247, 48.42473887996239]]}, "properties": {"OBJECTID": 856, "StreetName1": "BROAD ST", "StreetName2": "FORT ST", "Intersection": "FORT ST & BROAD ST", "Jurisdiction": "COV", "POINT_X": 472886.6573000001, "POINT_Y": 5363574.1872000005}}, {"type": "Feature", "id": 857, "geometry": {"type": "MultiPoint", "coordinates": [[-123.36535726080876, 48.42462048119684]]}, "properties": {"OBJECTID": 857, "StreetName1": "DOUGLAS ST", "StreetName2": "FORT ST", "Intersection": "FORT ST & DOUGLAS ST", "Jurisdiction": "COV", "POINT_X": 472971.5334999999, "POINT_Y": 5363560.6208999995}}, {"type": "Feature", "id": 858, "geometry": {"type": "MultiPoint", "coordinates": [[-123.36250847343416, 48.424322982288]]}, "properties": {"OBJECTID": 858, "StreetName1": "BLANSHARD ST", "StreetName2": "FORT ST", "Intersection": "FORT ST & BLANSHARD ST", "Jurisdiction": "COV", "POINT_X": 473182.13350000046, "POINT_Y": 5363526.5513}}, {"type": "Feature", "id": 859, "geometry": {"type": "MultiPoint", "coordinates": [[-123.35405643024, 48.42339968513527]]}, "properties": {"OBJECTID": 859, "StreetName1": "COOK ST", "StreetName2": "FORT ST", "Intersection": "FORT ST & COOK ST", "Jurisdiction": "COV", "POINT_X": 473806.9545, "POINT_Y": 5363420.998199999}}, {"type": "Feature", "id": 860, "geometry": {"type": "MultiPoint", "coordinates": [[-123.3455563146523, 48.42360038663688]]}, "properties": {"OBJECTID": 860, "StreetName1": "FERNWOOD RD", "StreetName2": "FORT ST", "Intersection": "FORT ST & FERNWOOD RD", "Jurisdiction": "COV", "POINT_X": 474435.9184999997, "POINT_Y": 5363440.434800001}}, {"type": "Feature", "id": 861, "geometry": {"type": "MultiPoint", "coordinates": [[-123.34492691039917, 48.423825360398666]]}, "properties": {"OBJECTID": 861, "StreetName1": "CRAIGDARROCH RD", "StreetName2": "FORT ST", "Intersection": "FORT ST & CRAIGDARROCH RD", "Jurisdiction": "COV", "POINT_X": 474482.59609999973, "POINT_Y": 5363465.2316}}, {"type": "Feature", "id": 862, "geometry": {"type": "MultiPoint", "coordinates": [[-123.34304636915807, 48.42446213954035]]}, "properties": {"OBJECTID": 862, "StreetName1": "CARBERRY GDNS", "StreetName2": "FORT ST", "Intersection": "FORT ST & CARBERRY GDNS", "Jurisdiction": "COV", "POINT_X": 474622.0399000002, "POINT_Y": 5363535.3872}}, {"type": "Feature", "id": 863, "geometry": {"type": "MultiPoint", "coordinates": [[-123.34128280045189, 48.425030983289645]]}, "properties": {"OBJECTID": 863, "StreetName1": "ELFORD ST", "StreetName2": "FORT ST", "Intersection": "FORT ST & ELFORD ST", "Jurisdiction": "COV", "POINT_X": 474752.79289999977, "POINT_Y": 5363598.033500001}}, {"type": "Feature", "id": 864, "geometry": {"type": "MultiPoint", "coordinates": [[-123.33806119110048, 48.426069926935654]]}, "properties": {"OBJECTID": 864, "StreetName1": "BELMONT AVE", "StreetName2": "FORT ST", "Intersection": "FORT ST & BELMONT AVE", "Jurisdiction": "COV", "POINT_X": 474991.63910000026, "POINT_Y": 5363712.459100001}}, {"type": "Feature", "id": 865, "geometry": {"type": "MultiPoint", "coordinates": [[-123.33297074016747, 48.42840109119964]]}, "properties": {"OBJECTID": 865, "StreetName1": "BELCHER AVE", "StreetName2": "FORT ST", "Intersection": "FORT ST & BELCHER AVE", "Jurisdiction": "COV", "POINT_X": 475369.3524000002, "POINT_Y": 5363969.9274}}, {"type": "Feature", "id": 866, "geometry": {"type": "MultiPoint", "coordinates": [[-123.33194371556115, 48.42879829263079]]}, "properties": {"OBJECTID": 866, "StreetName1": "CHESTNUT ST", "StreetName2": "FORT ST", "Intersection": "FORT ST & CHESTNUT ST", "Jurisdiction": "COV", "POINT_X": 475445.51860000007, "POINT_Y": 5364013.7480999995}}, {"type": "Feature", "id": 867, "geometry": {"type": "MultiPoint", "coordinates": [[-123.33090631742847, 48.42922090739593]]}, "properties": {"OBJECTID": 867, "StreetName1": "ASHGROVE ST", "StreetName2": "FORT ST", "Intersection": "FORT ST & ASHGROVE ST", "Jurisdiction": "COV", "POINT_X": 475522.4632000001, "POINT_Y": 5364060.3913}}, {"type": "Feature", "id": 868, "geometry": {"type": "MultiPoint", "coordinates": [[-123.3288821589986, 48.430109202252495]]}, "properties": {"OBJECTID": 868, "StreetName1": "BANK ST", "StreetName2": "FORT ST", "Intersection": "FORT ST & BANK ST", "Jurisdiction": "COV", "POINT_X": 475672.6233000001, "POINT_Y": 5364158.4838}}, {"type": "Feature", "id": 869, "geometry": {"type": "MultiPoint", "coordinates": [[-123.32778065309101, 48.43072041858217]]}, "properties": {"OBJECTID": 869, "StreetName1": "DUCHESS ST", "StreetName2": "FORT ST", "Intersection": "FORT ST & DUCHESS ST", "Jurisdiction": "COV", "POINT_X": 475754.3959999997, "POINT_Y": 5364226.0736}}, {"type": "Feature", "id": 870, "geometry": {"type": "MultiPoint", "coordinates": [[-123.32674534548644, 48.43123513212384]]}, "properties": {"OBJECTID": 870, "StreetName1": "DAVIE ST", "StreetName2": "FORT ST", "Intersection": "FORT ST & DAVIE ST", "Jurisdiction": "COV", "POINT_X": 475831.22420000006, "POINT_Y": 5364282.958799999}}, {"type": "Feature", "id": 871, "geometry": {"type": "MultiPoint", "coordinates": [[-123.32779979386315, 48.41405937952704]]}, "properties": {"OBJECTID": 871, "StreetName1": "BEAVEN ST", "StreetName2": "FOUL BAY RD", "Intersection": "FOUL BAY RD & BEAVEN ST", "Jurisdiction": "COV", "POINT_X": 475745.05420000013, "POINT_Y": 5362374.1413}}, {"type": "Feature", "id": 872, "geometry": {"type": "MultiPoint", "coordinates": [[-123.32755904613664, 48.41675888487914]]}, "properties": {"OBJECTID": 872, "StreetName1": "CHANDLER AVE", "StreetName2": "FOUL BAY RD", "Intersection": "FOUL BAY RD & CHANDLER AVE", "Jurisdiction": "COV", "POINT_X": 475764.1518000001, "POINT_Y": 5362674.1251}}, {"type": "Feature", "id": 873, "geometry": {"type": "MultiPoint", "coordinates": [[-123.3275350689725, 48.41548652689492]]}, "properties": {"OBJECTID": 873, "StreetName1": "FAIRFIELD RD", "StreetName2": "FOUL BAY RD", "Intersection": "FOUL BAY RD & FAIRFIELD RD", "Jurisdiction": "COV", "POINT_X": 475765.3212000001, "POINT_Y": 5362532.690199999}}, {"type": "Feature", "id": 874, "geometry": {"type": "MultiPoint", "coordinates": [[-123.3266080705411, 48.41198127934298]]}, "properties": {"OBJECTID": 874, "StreetName1": "CRESCENT RD", "StreetName2": "FOUL BAY RD", "Intersection": "FOUL BAY RD & CRESCENT RD", "Jurisdiction": "COV", "POINT_X": 475832.25270000007, "POINT_Y": 5362142.7762}}, {"type": "Feature", "id": 875, "geometry": {"type": "MultiPoint", "coordinates": [[-123.32254035343632, 48.43018619272343]]}, "properties": {"OBJECTID": 875, "StreetName1": "BOURCHIER ST", "StreetName2": "FOUL BAY RD", "Intersection": "FOUL BAY RD & BOURCHIER ST", "Jurisdiction": "COV", "POINT_X": 476141.7829999998, "POINT_Y": 5364165.046399999}}, {"type": "Feature", "id": 876, "geometry": {"type": "MultiPoint", "coordinates": [[-123.32247140858155, 48.43215679888205]]}, "properties": {"OBJECTID": 876, "StreetName1": "FORT ST", "StreetName2": "FOUL BAY RD", "Intersection": "FOUL BAY RD & FORT ST", "Jurisdiction": "COV", "POINT_X": 476147.80539999995, "POINT_Y": 5364384.0657}}, {"type": "Feature", "id": 877, "geometry": {"type": "MultiPoint", "coordinates": [[-123.37514274630954, 48.44478662916386]]}, "properties": {"OBJECTID": 877, "StreetName1": "BURNSIDE RD E", "StreetName2": "FRANCES AVE", "Intersection": "FRANCES AVE & BURNSIDE RD E", "Jurisdiction": "COV", "POINT_X": 472258.5733000003, "POINT_Y": 5365805.6687}}, {"type": "Feature", "id": 878, "geometry": {"type": "MultiPoint", "coordinates": [[-123.37121815516389, 48.445839699287504]]}, "properties": {"OBJECTID": 878, "StreetName1": "DOUGLAS ST", "StreetName2": "FRANCES AVE", "Intersection": "FRANCES AVE & DOUGLAS ST", "Jurisdiction": "COV", "POINT_X": 472549.3716000002, "POINT_Y": 5365921.3072999995}}, {"type": "Feature", "id": 879, "geometry": {"type": "MultiPoint", "coordinates": [[-123.37518828514756, 48.447001800982335]]}, "properties": {"OBJECTID": 879, "StreetName1": "ALPHA ST", "StreetName2": "GAMMA ST", "Intersection": "GAMMA ST & ALPHA ST", "Jurisdiction": "COV", "POINT_X": 472256.41220000014, "POINT_Y": 5366051.9109000005}}, {"type": "Feature", "id": 880, "geometry": {"type": "MultiPoint", "coordinates": [[-123.3747853712831, 48.44633846350052]]}, "properties": {"OBJECTID": 880, "StreetName1": "DELTA ST", "StreetName2": "GAMMA ST", "Intersection": "GAMMA ST & DELTA ST", "Jurisdiction": "COV", "POINT_X": 472285.84619999956, "POINT_Y": 5365978.032199999}}, {"type": "Feature", "id": 881, "geometry": {"type": "MultiPoint", "coordinates": [[-123.37347269871644, 48.44040497015002]]}, "properties": {"OBJECTID": 881, "StreetName1": "BRIDGE ST", "StreetName2": "GARBALLY RD", "Intersection": "GARBALLY RD & BRIDGE ST", "Jurisdiction": "COV", "POINT_X": 472379.70079999976, "POINT_Y": 5365318.0253}}, {"type": "Feature", "id": 882, "geometry": {"type": "MultiPoint", "coordinates": [[-123.36846272496209, 48.44105724303109]]}, "properties": {"OBJECTID": 882, "StreetName1": "DOUGLAS ST", "StreetName2": "GARBALLY RD", "Intersection": "GARBALLY RD & DOUGLAS ST", "Jurisdiction": "COV", "POINT_X": 472750.5784, "POINT_Y": 5365388.732999999}}, {"type": "Feature", "id": 883, "geometry": {"type": "MultiPoint", "coordinates": [[-123.3463374237534, 48.43458928635191]]}, "properties": {"OBJECTID": 883, "StreetName1": "BAY ST", "StreetName2": "GARDEN ST", "Intersection": "GARDEN ST & BAY ST", "Jurisdiction": "COV", "POINT_X": 474383.65380000044, "POINT_Y": 5364662.155300001}}, {"type": "Feature", "id": 884, "geometry": {"type": "MultiPoint", "coordinates": [[-123.38095593296161, 48.43526457142573]]}, "properties": {"OBJECTID": 884, "StreetName1": "CENTRAL SPUR RD", "StreetName2": "GAUDIN RD", "Intersection": "GAUDIN RD & CENTRAL SPUR RD", "Jurisdiction": "COV", "POINT_X": 471823.4116000002, "POINT_Y": 5364749.375600001}}, {"type": "Feature", "id": 885, "geometry": {"type": "MultiPoint", "coordinates": [[-123.34849723492769, 48.40792453618361]]}, "properties": {"OBJECTID": 885, "StreetName1": "BUSHBY ST", "StreetName2": "GEORGE ST", "Intersection": "GEORGE ST & BUSHBY ST", "Jurisdiction": "COV", "POINT_X": 474210.41420000046, "POINT_Y": 5361698.9922}}, {"type": "Feature", "id": 886, "geometry": {"type": "MultiPoint", "coordinates": [[-123.34987865950033, 48.43073599191445]]}, "properties": {"OBJECTID": 886, "StreetName1": "CHAMBERS ST", "StreetName2": "GLADSTONE AVE", "Intersection": "GLADSTONE AVE & CHAMBERS ST", "Jurisdiction": "COV", "POINT_X": 474119.76350000035, "POINT_Y": 5364235.036900001}}, {"type": "Feature", "id": 887, "geometry": {"type": "MultiPoint", "coordinates": [[-123.3451838241842, 48.430466468407296]]}, "properties": {"OBJECTID": 887, "StreetName1": "FERNWOOD RD", "StreetName2": "GLADSTONE AVE", "Intersection": "GLADSTONE AVE & FERNWOOD RD", "Jurisdiction": "COV", "POINT_X": 474466.91610000003, "POINT_Y": 5364203.5023}}, {"type": "Feature", "id": 888, "geometry": {"type": "MultiPoint", "coordinates": [[-123.33895227926592, 48.43031990650894]]}, "properties": {"OBJECTID": 888, "StreetName1": "BELMONT AVE", "StreetName2": "GLADSTONE AVE", "Intersection": "GLADSTONE AVE & BELMONT AVE", "Jurisdiction": "COV", "POINT_X": 474927.8080000002, "POINT_Y": 5364185.1524}}, {"type": "Feature", "id": 889, "geometry": {"type": "MultiPoint", "coordinates": [[-123.33377318106287, 48.43019803487425]]}, "properties": {"OBJECTID": 889, "StreetName1": "BEGBIE ST", "StreetName2": "GLADSTONE AVE", "Intersection": "GLADSTONE AVE & BEGBIE ST", "Jurisdiction": "COV", "POINT_X": 475310.8618000001, "POINT_Y": 5364169.9232}}, {"type": "Feature", "id": 890, "geometry": {"type": "MultiPoint", "coordinates": [[-123.36233763841143, 48.44613848564442]]}, "properties": {"OBJECTID": 890, "StreetName1": "FINLAYSON ST", "StreetName2": "GLASGOW ST", "Intersection": "GLASGOW ST & FINLAYSON ST", "Jurisdiction": "COV", "POINT_X": 473206.24590000045, "POINT_Y": 5365951.3727}}, {"type": "Feature", "id": 891, "geometry": {"type": "MultiPoint", "coordinates": [[-123.36143882305475, 48.44230781978353]]}, "properties": {"OBJECTID": 891, "StreetName1": "GILLIE PL", "StreetName2": "GLASGOW ST", "Intersection": "GLASGOW ST & GILLIE PL", "Jurisdiction": "COV", "POINT_X": 473270.70320000034, "POINT_Y": 5365525.263900001}}, {"type": "Feature", "id": 892, "geometry": {"type": "MultiPoint", "coordinates": [[-123.33262203172497, 48.419500502147585]]}, "properties": {"OBJECTID": 892, "StreetName1": "DESPARD AVE", "StreetName2": "GONZALES AVE", "Intersection": "GONZALES AVE & DESPARD AVE", "Jurisdiction": "COV", "POINT_X": 475409.5334000001, "POINT_Y": 5362971.0579}}, {"type": "Feature", "id": 893, "geometry": {"type": "MultiPoint", "coordinates": [[-123.32735581322217, 48.41788506551937]]}, "properties": {"OBJECTID": 893, "StreetName1": "FOUL BAY RD", "StreetName2": "GONZALES AVE", "Intersection": "GONZALES AVE & FOUL BAY RD", "Jurisdiction": "COV", "POINT_X": 475779.72449999955, "POINT_Y": 5362799.24}}, {"type": "Feature", "id": 894, "geometry": {"type": "MultiPoint", "coordinates": [[-123.36738252683256, 48.42345532612098]]}, "properties": {"OBJECTID": 894, "StreetName1": "COURTNEY ST", "StreetName2": "GORDON ST", "Intersection": "GORDON ST & COURTNEY ST", "Jurisdiction": "COV", "POINT_X": 472821.08079999965, "POINT_Y": 5363431.826199999}}, {"type": "Feature", "id": 895, "geometry": {"type": "MultiPoint", "coordinates": [[-123.36720391706352, 48.42414501701839]]}, "properties": {"OBJECTID": 895, "StreetName1": "BROUGHTON ST", "StreetName2": "GORDON ST", "Intersection": "GORDON ST & BROUGHTON ST", "Jurisdiction": "COV", "POINT_X": 472834.6623999998, "POINT_Y": 5363508.4246}}, {"type": "Feature", "id": 896, "geometry": {"type": "MultiPoint", "coordinates": [[-123.38638952367266, 48.44349114285564]]}, "properties": {"OBJECTID": 896, "StreetName1": "BALFOUR AVE", "StreetName2": "GORGE RD E", "Intersection": "GORGE RD E & BALFOUR AVE", "Jurisdiction": "COV", "POINT_X": 471426.1266999999, "POINT_Y": 5365665.8061999995}}, {"type": "Feature", "id": 897, "geometry": {"type": "MultiPoint", "coordinates": [[-123.38512297363557, 48.44335827516698]]}, "properties": {"OBJECTID": 897, "StreetName1": "ALBANY ST", "StreetName2": "GORGE RD E", "Intersection": "GORGE RD E & ALBANY ST", "Jurisdiction": "COV", "POINT_X": 471519.7185000004, "POINT_Y": 5365650.5655000005}}, {"type": "Feature", "id": 898, "geometry": {"type": "MultiPoint", "coordinates": [[-123.38386895793995, 48.443226799270406]]}, "properties": {"OBJECTID": 898, "StreetName1": "CARROLL ST", "StreetName2": "GORGE RD E", "Intersection": "GORGE RD E & CARROLL ST", "Jurisdiction": "COV", "POINT_X": 471612.38460000046, "POINT_Y": 5365635.4857}}, {"type": "Feature", "id": 899, "geometry": {"type": "MultiPoint", "coordinates": [[-123.37476288362896, 48.44116626793418]]}, "properties": {"OBJECTID": 899, "StreetName1": "DUNEDIN ST", "StreetName2": "GORGE RD E", "Intersection": "GORGE RD E & DUNEDIN ST", "Jurisdiction": "COV", "POINT_X": 472284.69519999996, "POINT_Y": 5365403.1129}}, {"type": "Feature", "id": 900, "geometry": {"type": "MultiPoint", "coordinates": [[-123.3735692169205, 48.440711471414225]]}, "properties": {"OBJECTID": 900, "StreetName1": "BRIDGE ST", "StreetName2": "GORGE RD E", "Intersection": "GORGE RD E & BRIDGE ST", "Jurisdiction": "COV", "POINT_X": 472372.72869999986, "POINT_Y": 5365352.129000001}}, {"type": "Feature", "id": 901, "geometry": {"type": "MultiPoint", "coordinates": [[-123.37295436576507, 48.44047723061623]]}, "properties": {"OBJECTID": 901, "StreetName1": "GARBALLY RD", "StreetName2": "GORGE RD E", "Intersection": "GORGE RD E & GARBALLY RD", "Jurisdiction": "COV", "POINT_X": 472418.07490000036, "POINT_Y": 5365325.8705}}, {"type": "Feature", "id": 902, "geometry": {"type": "MultiPoint", "coordinates": [[-123.3686175540464, 48.43879362272389]]}, "properties": {"OBJECTID": 902, "StreetName1": "DAVID ST", "StreetName2": "GORGE RD E", "Intersection": "GORGE RD E & DAVID ST", "Jurisdiction": "COV", "POINT_X": 472737.91640000045, "POINT_Y": 5365137.1774}}, {"type": "Feature", "id": 903, "geometry": {"type": "MultiPoint", "coordinates": [[-123.36691145433397, 48.43829892153408]]}, "properties": {"OBJECTID": 903, "StreetName1": "DOUGLAS ST", "StreetName2": "GORGE RD E", "Intersection": "GORGE RD E & DOUGLAS ST", "Jurisdiction": "COV", "POINT_X": 472863.8370000003, "POINT_Y": 5365081.5833}}, {"type": "Feature", "id": 904, "geometry": {"type": "MultiPoint", "coordinates": [[-123.34471458642989, 48.446995194767034]]}, "properties": {"OBJECTID": 904, "StreetName1": "CEDAR HILL RD", "StreetName2": "GOSWORTH RD", "Intersection": "GOSWORTH RD & CEDAR HILL RD", "Jurisdiction": "COV", "POINT_X": 474509.8976999996, "POINT_Y": 5366040.5821}}, {"type": "Feature", "id": 905, "geometry": {"type": "MultiPoint", "coordinates": [[-123.34441674237445, 48.446527870643614]]}, "properties": {"OBJECTID": 905, "StreetName1": "CLAWTHORPE AVE", "StreetName2": "GOSWORTH RD", "Intersection": "GOSWORTH RD & CLAWTHORPE AVE", "Jurisdiction": "COV", "POINT_X": 474531.6891999999, "POINT_Y": 5365988.537900001}}, {"type": "Feature", "id": 906, "geometry": {"type": "MultiPoint", "coordinates": [[-123.34381153151607, 48.445755038896934]]}, "properties": {"OBJECTID": 906, "StreetName1": "BURTON AVE", "StreetName2": "GOSWORTH RD", "Intersection": "GOSWORTH RD & BURTON AVE", "Jurisdiction": "COV", "POINT_X": 474576.05840000045, "POINT_Y": 5365902.4332}}, {"type": "Feature", "id": 907, "geometry": {"type": "MultiPoint", "coordinates": [[-123.34257283278694, 48.44418856166234]]}, "properties": {"OBJECTID": 907, "StreetName1": "EDGEWARE RD", "StreetName2": "GOSWORTH RD", "Intersection": "GOSWORTH RD & EDGEWARE RD", "Jurisdiction": "COV", "POINT_X": 474666.8816999998, "POINT_Y": 5365727.902000001}}, {"type": "Feature", "id": 908, "geometry": {"type": "MultiPoint", "coordinates": [[-123.37392614387703, 48.41028994046579]]}, "properties": {"OBJECTID": 908, "StreetName1": "DALLAS RD", "StreetName2": "GOVERNMENT ST", "Intersection": "GOVERNMENT ST & DALLAS RD", "Jurisdiction": "COV", "POINT_X": 472329.82189999986, "POINT_Y": 5361970.7882}}, {"type": "Feature", "id": 909, "geometry": {"type": "MultiPoint", "coordinates": [[-123.37264870438551, 48.41146493345166]]}, "properties": {"OBJECTID": 909, "StreetName1": "BATTERY ST", "StreetName2": "GOVERNMENT ST", "Intersection": "GOVERNMENT ST & BATTERY ST", "Jurisdiction": "COV", "POINT_X": 472424.9901999999, "POINT_Y": 5362100.9322}}, {"type": "Feature", "id": 910, "geometry": {"type": "MultiPoint", "coordinates": [[-123.36888254940715, 48.420654274895355]]}, "properties": {"OBJECTID": 910, "StreetName1": "BELLEVILLE ST", "StreetName2": "GOVERNMENT ST", "Intersection": "GOVERNMENT ST & BELLEVILLE ST", "Jurisdiction": "COV", "POINT_X": 472708.60539999977, "POINT_Y": 5363121.0122}}, {"type": "Feature", "id": 911, "geometry": {"type": "MultiPoint", "coordinates": [[-123.36819525229485, 48.42353920599989]]}, "properties": {"OBJECTID": 911, "StreetName1": "COURTNEY ST", "StreetName2": "GOVERNMENT ST", "Intersection": "GOVERNMENT ST & COURTNEY ST", "Jurisdiction": "COV", "POINT_X": 472760.99789999984, "POINT_Y": 5363441.4385}}, {"type": "Feature", "id": 912, "geometry": {"type": "MultiPoint", "coordinates": [[-123.3680296101629, 48.424228664157084]]}, "properties": {"OBJECTID": 912, "StreetName1": "BROUGHTON ST", "StreetName2": "GOVERNMENT ST", "Intersection": "GOVERNMENT ST & BROUGHTON ST", "Jurisdiction": "COV", "POINT_X": 472773.6207999997, "POINT_Y": 5363518.0155}}, {"type": "Feature", "id": 913, "geometry": {"type": "MultiPoint", "coordinates": [[-123.36786790941335, 48.42487937568099]]}, "properties": {"OBJECTID": 913, "StreetName1": "FORT ST", "StreetName2": "GOVERNMENT ST", "Intersection": "GOVERNMENT ST & FORT ST", "Jurisdiction": "COV", "POINT_X": 472785.9310999997, "POINT_Y": 5363590.2871}}, {"type": "Feature", "id": 914, "geometry": {"type": "MultiPoint", "coordinates": [[-123.36767827158056, 48.425710032301865]]}, "properties": {"OBJECTID": 914, "StreetName1": "BASTION SQ", "StreetName2": "GOVERNMENT ST", "Intersection": "GOVERNMENT ST & BASTION SQ", "Jurisdiction": "COV", "POINT_X": 472800.40390000027, "POINT_Y": 5363682.5504}}, {"type": "Feature", "id": 915, "geometry": {"type": "MultiPoint", "coordinates": [[-123.36750434079927, 48.438416713999196]]}, "properties": {"OBJECTID": 915, "StreetName1": "GORGE RD E", "StreetName2": "GOVERNMENT ST", "Intersection": "GOVERNMENT ST & GORGE RD E", "Jurisdiction": "COV", "POINT_X": 472820.04920000024, "POINT_Y": 5365094.886700001}}, {"type": "Feature", "id": 916, "geometry": {"type": "MultiPoint", "coordinates": [[-123.36734910223304, 48.43577657382675]]}, "properties": {"OBJECTID": 916, "StreetName1": "BAY ST", "StreetName2": "GOVERNMENT ST", "Intersection": "GOVERNMENT ST & BAY ST", "Jurisdiction": "COV", "POINT_X": 472830.1229999997, "POINT_Y": 5364801.3693}}, {"type": "Feature", "id": 917, "geometry": {"type": "MultiPoint", "coordinates": [[-123.36735210632993, 48.43907863317788]]}, "properties": {"OBJECTID": 917, "StreetName1": "DOUGLAS ST", "StreetName2": "GOVERNMENT ST", "Intersection": "GOVERNMENT ST & DOUGLAS ST", "Jurisdiction": "COV", "POINT_X": 472831.6616000002, "POINT_Y": 5365168.4077}}, {"type": "Feature", "id": 918, "geometry": {"type": "MultiPoint", "coordinates": [[-123.36718871347348, 48.43190445314642]]}, "properties": {"OBJECTID": 918, "StreetName1": "DISCOVERY ST", "StreetName2": "GOVERNMENT ST", "Intersection": "GOVERNMENT ST & DISCOVERY ST", "Jurisdiction": "COV", "POINT_X": 472839.9223999996, "POINT_Y": 5364370.910700001}}, {"type": "Feature", "id": 919, "geometry": {"type": "MultiPoint", "coordinates": [[-123.36715469862652, 48.43106228395258]]}, "properties": {"OBJECTID": 919, "StreetName1": "CHATHAM ST", "StreetName2": "GOVERNMENT ST", "Intersection": "GOVERNMENT ST & CHATHAM ST", "Jurisdiction": "COV", "POINT_X": 472841.9896999998, "POINT_Y": 5364277.2882}}, {"type": "Feature", "id": 920, "geometry": {"type": "MultiPoint", "coordinates": [[-123.36708669003194, 48.42937849658714]]}, "properties": {"OBJECTID": 920, "StreetName1": "FISGARD ST", "StreetName2": "GOVERNMENT ST", "Intersection": "GOVERNMENT ST & FISGARD ST", "Jurisdiction": "COV", "POINT_X": 472846.1233000001, "POINT_Y": 5364090.104499999}}, {"type": "Feature", "id": 921, "geometry": {"type": "MultiPoint", "coordinates": [[-123.35461199718847, 48.43511032146164]]}, "properties": {"OBJECTID": 921, "StreetName1": "BAY ST", "StreetName2": "GRAHAM ST", "Intersection": "GRAHAM ST & BAY ST", "Jurisdiction": "COV", "POINT_X": 473771.87930000015, "POINT_Y": 5364722.8716}}, {"type": "Feature", "id": 922, "geometry": {"type": "MultiPoint", "coordinates": [[-123.32339810533347, 48.425037030358816]]}, "properties": {"OBJECTID": 922, "StreetName1": "AMPHION ST", "StreetName2": "GRANITE ST", "Intersection": "GRANITE ST & AMPHION ST", "Jurisdiction": "COV", "POINT_X": 476075.91559999995, "POINT_Y": 5363592.964299999}}, {"type": "Feature", "id": 923, "geometry": {"type": "MultiPoint", "coordinates": [[-123.35306729432408, 48.42906801042193]]}, "properties": {"OBJECTID": 923, "StreetName1": "COOK ST", "StreetName2": "GRANT ST", "Intersection": "GRANT ST & COOK ST", "Jurisdiction": "COV", "POINT_X": 473883.0382000003, "POINT_Y": 5364050.716700001}}, {"type": "Feature", "id": 924, "geometry": {"type": "MultiPoint", "coordinates": [[-123.35012052190699, 48.42889016752025]]}, "properties": {"OBJECTID": 924, "StreetName1": "CHAMBERS ST", "StreetName2": "GRANT ST", "Intersection": "GRANT ST & CHAMBERS ST", "Jurisdiction": "COV", "POINT_X": 474100.9343999997, "POINT_Y": 5364029.948000001}}, {"type": "Feature", "id": 925, "geometry": {"type": "MultiPoint", "coordinates": [[-123.34683844052502, 48.42873202974785]]}, "properties": {"OBJECTID": 925, "StreetName1": "CAMOSUN ST", "StreetName2": "GRANT ST", "Intersection": "GRANT ST & CAMOSUN ST", "Jurisdiction": "COV", "POINT_X": 474343.6465999996, "POINT_Y": 5364011.2656}}, {"type": "Feature", "id": 926, "geometry": {"type": "MultiPoint", "coordinates": [[-123.34526783946527, 48.428643230292174]]}, "properties": {"OBJECTID": 926, "StreetName1": "FERNWOOD RD", "StreetName2": "GRANT ST", "Intersection": "GRANT ST & FERNWOOD RD", "Jurisdiction": "COV", "POINT_X": 474459.7876000004, "POINT_Y": 5364000.870200001}}, {"type": "Feature", "id": 927, "geometry": {"type": "MultiPoint", "coordinates": [[-123.33889823278403, 48.42853943089042]]}, "properties": {"OBJECTID": 927, "StreetName1": "BELMONT AVE", "StreetName2": "GRANT ST", "Intersection": "GRANT ST & BELMONT AVE", "Jurisdiction": "COV", "POINT_X": 474930.9302000003, "POINT_Y": 5363987.2278}}, {"type": "Feature", "id": 928, "geometry": {"type": "MultiPoint", "coordinates": [[-123.34685034758516, 48.44291012007479]]}, "properties": {"OBJECTID": 928, "StreetName1": "CEDAR HILL RD", "StreetName2": "GROSVENOR RD", "Intersection": "GROSVENOR RD & CEDAR HILL RD", "Jurisdiction": "COV", "POINT_X": 474349.9040000001, "POINT_Y": 5365587.221999999}}, {"type": "Feature", "id": 929, "geometry": {"type": "MultiPoint", "coordinates": [[-123.33899927126473, 48.44100887593975]]}, "properties": {"OBJECTID": 929, "StreetName1": "BELMONT AVE", "StreetName2": "HAMILTON RD", "Intersection": "HAMILTON RD & BELMONT AVE", "Jurisdiction": "COV", "POINT_X": 474929.5915999999, "POINT_Y": 5365373.2903}}, {"type": "Feature", "id": 930, "geometry": {"type": "MultiPoint", "coordinates": [[-123.34110919907707, 48.41535887991255]]}, "properties": {"OBJECTID": 930, "StreetName1": "ARNOLD AVE", "StreetName2": "HAMLEY ST", "Intersection": "HAMLEY ST & ARNOLD AVE", "Jurisdiction": "COV", "POINT_X": 474760.8481999999, "POINT_Y": 5362522.885500001}}, {"type": "Feature", "id": 931, "geometry": {"type": "MultiPoint", "coordinates": [[-123.35081450239757, 48.4163987066807]]}, "properties": {"OBJECTID": 931, "StreetName1": "FAIRFIELD RD", "StreetName2": "HARBINGER AVE", "Intersection": "HARBINGER AVE & FAIRFIELD RD", "Jurisdiction": "COV", "POINT_X": 474043.23759999964, "POINT_Y": 5362641.7095}}, {"type": "Feature", "id": 932, "geometry": {"type": "MultiPoint", "coordinates": [[-123.37495640836329, 48.42815960771815]]}, "properties": {"OBJECTID": 932, "StreetName1": "ESQUIMALT RD", "StreetName2": "HARBOUR RD", "Intersection": "HARBOUR RD & ESQUIMALT RD", "Jurisdiction": "COV", "POINT_X": 472263.30370000005, "POINT_Y": 5363957.4406}}, {"type": "Feature", "id": 933, "geometry": {"type": "MultiPoint", "coordinates": [[-123.39048717128806, 48.443928743606655]]}, "properties": {"OBJECTID": 933, "StreetName1": "GORGE RD E", "StreetName2": "HARRIET RD", "Intersection": "HARRIET RD & GORGE RD E", "Jurisdiction": "COV", "POINT_X": 471123.3384999996, "POINT_Y": 5365715.9847}}, {"type": "Feature", "id": 934, "geometry": {"type": "MultiPoint", "coordinates": [[-123.38816307772822, 48.44609978597644]]}, "properties": {"OBJECTID": 934, "StreetName1": "CHOWN PL", "StreetName2": "HARRIET RD", "Intersection": "HARRIET RD & CHOWN PL", "Jurisdiction": "COV", "POINT_X": 471296.4358000001, "POINT_Y": 5365956.4311999995}}, {"type": "Feature", "id": 935, "geometry": {"type": "MultiPoint", "coordinates": [[-123.38459943763331, 48.44946272293701]]}, "properties": {"OBJECTID": 935, "StreetName1": "BURNSIDE RD E", "StreetName2": "HARRIET RD", "Intersection": "HARRIET RD & BURNSIDE RD E", "Jurisdiction": "COV", "POINT_X": 471561.84449999966, "POINT_Y": 5366328.9059999995}}, {"type": "Feature", "id": 936, "geometry": {"type": "MultiPoint", "coordinates": [[-123.34383855568605, 48.42421255120478]]}, "properties": {"OBJECTID": 936, "StreetName1": "FORT ST", "StreetName2": "HARRISON ST", "Intersection": "HARRISON ST & FORT ST", "Jurisdiction": "COV", "POINT_X": 474563.3082999997, "POINT_Y": 5363507.907299999}}, {"type": "Feature", "id": 937, "geometry": {"type": "MultiPoint", "coordinates": [[-123.35262895665733, 48.436531205522485]]}, "properties": {"OBJECTID": 937, "StreetName1": "BLACKWOOD ST", "StreetName2": "HAULTAIN ST", "Intersection": "HAULTAIN ST & BLACKWOOD ST", "Jurisdiction": "COV", "POINT_X": 473919.284, "POINT_Y": 5364880.1313000005}}, {"type": "Feature", "id": 938, "geometry": {"type": "MultiPoint", "coordinates": [[-123.35213373181148, 48.43642939689412]]}, "properties": {"OBJECTID": 938, "StreetName1": "COOK ST", "StreetName2": "HAULTAIN ST", "Intersection": "HAULTAIN ST & COOK ST", "Jurisdiction": "COV", "POINT_X": 473955.8607000001, "POINT_Y": 5364868.646299999}}, {"type": "Feature", "id": 939, "geometry": {"type": "MultiPoint", "coordinates": [[-123.35084489455967, 48.436350336025285]]}, "properties": {"OBJECTID": 939, "StreetName1": "EMPIRE ST", "StreetName2": "HAULTAIN ST", "Intersection": "HAULTAIN ST & EMPIRE ST", "Jurisdiction": "COV", "POINT_X": 474051.14800000004, "POINT_Y": 5364859.4208}}, {"type": "Feature", "id": 940, "geometry": {"type": "MultiPoint", "coordinates": [[-123.3495566908088, 48.43628223095634]]}, "properties": {"OBJECTID": 940, "StreetName1": "CAPITAL HTS", "StreetName2": "HAULTAIN ST", "Intersection": "HAULTAIN ST & CAPITAL HTS", "Jurisdiction": "COV", "POINT_X": 474146.3942999998, "POINT_Y": 5364851.414899999}}, {"type": "Feature", "id": 941, "geometry": {"type": "MultiPoint", "coordinates": [[-123.34690401486314, 48.43624587185903]]}, "properties": {"OBJECTID": 941, "StreetName1": "CEDAR HILL RD", "StreetName2": "HAULTAIN ST", "Intersection": "HAULTAIN ST & CEDAR HILL RD", "Jurisdiction": "COV", "POINT_X": 474342.57909999974, "POINT_Y": 5364846.4812}}, {"type": "Feature", "id": 942, "geometry": {"type": "MultiPoint", "coordinates": [[-123.34628304423467, 48.43623882474185]]}, "properties": {"OBJECTID": 942, "StreetName1": "GARDEN ST", "StreetName2": "HAULTAIN ST", "Intersection": "HAULTAIN ST & GARDEN ST", "Jurisdiction": "COV", "POINT_X": 474388.50519999955, "POINT_Y": 5364845.49}}, {"type": "Feature", "id": 943, "geometry": {"type": "MultiPoint", "coordinates": [[-123.34494861526994, 48.436223675235496]]}, "properties": {"OBJECTID": 943, "StreetName1": "FERNWOOD RD", "StreetName2": "HAULTAIN ST", "Intersection": "HAULTAIN ST & FERNWOOD RD", "Jurisdiction": "COV", "POINT_X": 474487.19770000037, "POINT_Y": 5364843.3606}}, {"type": "Feature", "id": 944, "geometry": {"type": "MultiPoint", "coordinates": [[-123.34228253311878, 48.43619101663704]]}, "properties": {"OBJECTID": 944, "StreetName1": "AVEBURY AVE", "StreetName2": "HAULTAIN ST", "Intersection": "HAULTAIN ST & AVEBURY AVE", "Jurisdiction": "COV", "POINT_X": 474684.3764000004, "POINT_Y": 5364838.8456}}, {"type": "Feature", "id": 945, "geometry": {"type": "MultiPoint", "coordinates": [[-123.3409488809283, 48.43617459041538]]}, "properties": {"OBJECTID": 945, "StreetName1": "ASQUITH ST", "StreetName2": "HAULTAIN ST", "Intersection": "HAULTAIN ST & ASQUITH ST", "Jurisdiction": "COV", "POINT_X": 474783.01099999994, "POINT_Y": 5364836.579700001}}, {"type": "Feature", "id": 946, "geometry": {"type": "MultiPoint", "coordinates": [[-123.33977324011475, 48.43616009608042]]}, "properties": {"OBJECTID": 946, "StreetName1": "BELMONT AVE", "StreetName2": "HAULTAIN ST", "Intersection": "HAULTAIN ST & BELMONT AVE", "Jurisdiction": "COV", "POINT_X": 474869.95940000005, "POINT_Y": 5364834.5821}}, {"type": "Feature", "id": 947, "geometry": {"type": "MultiPoint", "coordinates": [[-123.33854084769335, 48.436144887638164]]}, "properties": {"OBJECTID": 947, "StreetName1": "FORBES ST", "StreetName2": "HAULTAIN ST", "Intersection": "HAULTAIN ST & FORBES ST", "Jurisdiction": "COV", "POINT_X": 474961.1051000003, "POINT_Y": 5364832.4879}}, {"type": "Feature", "id": 948, "geometry": {"type": "MultiPoint", "coordinates": [[-123.35061352999072, 48.43852665154276]]}, "properties": {"OBJECTID": 948, "StreetName1": "EMPIRE ST", "StreetName2": "HAYWARD HTS", "Intersection": "HAYWARD HTS & EMPIRE ST", "Jurisdiction": "COV", "POINT_X": 474069.3683000002, "POINT_Y": 5365101.2488}}, {"type": "Feature", "id": 949, "geometry": {"type": "MultiPoint", "coordinates": [[-123.3692671558804, 48.42584986535425]]}, "properties": {"OBJECTID": 949, "StreetName1": "BASTION SQ", "StreetName2": "HELMCKEN ALLEY", "Intersection": "HELMCKEN ALLEY & BASTION SQ", "Jurisdiction": "COV", "POINT_X": 472682.9338999996, "POINT_Y": 5363698.6589}}, {"type": "Feature", "id": 950, "geometry": {"type": "MultiPoint", "coordinates": [[-123.38475888462494, 48.43215047358588]]}, "properties": {"OBJECTID": 950, "StreetName1": "CATHERINE ST", "StreetName2": "HENRY ST", "Intersection": "HENRY ST & CATHERINE ST", "Jurisdiction": "COV", "POINT_X": 471540.38460000046, "POINT_Y": 5364404.637599999}}, {"type": "Feature", "id": 951, "geometry": {"type": "MultiPoint", "coordinates": [[-123.38325968003899, 48.432136743844175]]}, "properties": {"OBJECTID": 951, "StreetName1": "BAY ST", "StreetName2": "HENRY ST", "Intersection": "HENRY ST & BAY ST", "Jurisdiction": "COV", "POINT_X": 471651.2734000003, "POINT_Y": 5364402.555400001}}, {"type": "Feature", "id": 952, "geometry": {"type": "MultiPoint", "coordinates": [[-123.36712057194276, 48.430217371040314]]}, "properties": {"OBJECTID": 952, "StreetName1": "GOVERNMENT ST", "StreetName2": "HERALD ST", "Intersection": "HERALD ST & GOVERNMENT ST", "Jurisdiction": "COV", "POINT_X": 472844.0639000004, "POINT_Y": 5364183.3607}}, {"type": "Feature", "id": 953, "geometry": {"type": "MultiPoint", "coordinates": [[-123.36450570169795, 48.430255901886774]]}, "properties": {"OBJECTID": 953, "StreetName1": "DOUGLAS ST", "StreetName2": "HERALD ST", "Intersection": "HERALD ST & DOUGLAS ST", "Jurisdiction": "COV", "POINT_X": 473037.51410000026, "POINT_Y": 5364186.7195999995}}, {"type": "Feature", "id": 954, "geometry": {"type": "MultiPoint", "coordinates": [[-123.36188315541709, 48.430139585121275]]}, "properties": {"OBJECTID": 954, "StreetName1": "BLANSHARD ST", "StreetName2": "HERALD ST", "Intersection": "HERALD ST & BLANSHARD ST", "Jurisdiction": "COV", "POINT_X": 473231.45050000027, "POINT_Y": 5364172.8705}}, {"type": "Feature", "id": 955, "geometry": {"type": "MultiPoint", "coordinates": [[-123.3938869911076, 48.43601112987007]]}, "properties": {"OBJECTID": 955, "StreetName1": "DOMINION RD", "StreetName2": "HEREWARD RD", "Intersection": "HEREWARD RD & DOMINION RD", "Jurisdiction": "COV", "POINT_X": 470867.3842000002, "POINT_Y": 5364837.1975}}, {"type": "Feature", "id": 956, "geometry": {"type": "MultiPoint", "coordinates": [[-123.34440616934612, 48.4406531186522]]}, "properties": {"OBJECTID": 956, "StreetName1": "CEDAR HILL RD", "StreetName2": "HESPLER PL", "Intersection": "HESPLER PL & CEDAR HILL RD", "Jurisdiction": "COV", "POINT_X": 474529.5338000003, "POINT_Y": 5365335.5309}}, {"type": "Feature", "id": 957, "geometry": {"type": "MultiPoint", "coordinates": [[-123.36208530766277, 48.41123713406716]]}, "properties": {"OBJECTID": 957, "StreetName1": "CAMAS CIR", "StreetName2": "HEYWOOD WAY", "Intersection": "HEYWOOD WAY & CAMAS CIR", "Jurisdiction": "COV", "POINT_X": 473206.5641999999, "POINT_Y": 5362071.8628}}, {"type": "Feature", "id": 958, "geometry": {"type": "MultiPoint", "coordinates": [[-123.36107149814814, 48.411987891778075]]}, "properties": {"OBJECTID": 958, "StreetName1": "BRIDGE WAY", "StreetName2": "HEYWOOD WAY", "Intersection": "HEYWOOD WAY & BRIDGE WAY", "Jurisdiction": "COV", "POINT_X": 473281.98000000045, "POINT_Y": 5362154.9581}}, {"type": "Feature", "id": 959, "geometry": {"type": "MultiPoint", "coordinates": [[-123.36060119840421, 48.41285722785007]]}, "properties": {"OBJECTID": 959, "StreetName1": "HEYWOOD AVE", "StreetName2": "HEYWOOD WAY", "Intersection": "HEYWOOD WAY & HEYWOOD AVE", "Jurisdiction": "COV", "POINT_X": 473317.2368000001, "POINT_Y": 5362251.424000001}}, {"type": "Feature", "id": 960, "geometry": {"type": "MultiPoint", "coordinates": [[-123.34715443803454, 48.444410376954146], [-123.34670140516658, 48.44488526576664]]}, "properties": {"OBJECTID": 960, "StreetName1": "CEDAR HILL RD", "StreetName2": "HIBBERSON CRES", "Intersection": "HIBBERSON CRES & CEDAR HILL RD", "Jurisdiction": "COV", "POINT_X": 474345.04214999976, "POINT_Y": 5365780.40085}}, {"type": "Feature", "id": 961, "geometry": {"type": "MultiPoint", "coordinates": [[-123.34969443260981, 48.44222553044617]]}, "properties": {"OBJECTID": 961, "StreetName1": "COOK ST", "StreetName2": "HIGGINS ST", "Intersection": "HIGGINS ST & COOK ST", "Jurisdiction": "COV", "POINT_X": 474139.2232999997, "POINT_Y": 5365512.083699999}}, {"type": "Feature", "id": 962, "geometry": {"type": "MultiPoint", "coordinates": [[-123.34947362739635, 48.441457422183326]]}, "properties": {"OBJECTID": 962, "StreetName1": "BASIL AVE", "StreetName2": "HIGGINS ST", "Intersection": "HIGGINS ST & BASIL AVE", "Jurisdiction": "COV", "POINT_X": 474155.16339999996, "POINT_Y": 5365426.6307}}, {"type": "Feature", "id": 963, "geometry": {"type": "MultiPoint", "coordinates": [[-123.35297471297564, 48.447313184292334]]}, "properties": {"OBJECTID": 963, "StreetName1": "FINLAYSON ST", "StreetName2": "HIGHVIEW ST", "Intersection": "HIGHVIEW ST & FINLAYSON ST", "Jurisdiction": "COV", "POINT_X": 473899.2352999998, "POINT_Y": 5366078.711100001}}, {"type": "Feature", "id": 964, "geometry": {"type": "MultiPoint", "coordinates": [[-123.35569967853107, 48.41671837575452]]}, "properties": {"OBJECTID": 964, "StreetName1": "COOK ST", "StreetName2": "HILDA ST", "Intersection": "HILDA ST & COOK ST", "Jurisdiction": "COV", "POINT_X": 473681.93340000045, "POINT_Y": 5362678.9089}}, {"type": "Feature", "id": 965, "geometry": {"type": "MultiPoint", "coordinates": [[-123.35438199426433, 48.416584595334605]]}, "properties": {"OBJECTID": 965, "StreetName1": "CHESTER AVE", "StreetName2": "HILDA ST", "Intersection": "HILDA ST & CHESTER AVE", "Jurisdiction": "COV", "POINT_X": 473779.3635, "POINT_Y": 5362663.5868}}, {"type": "Feature", "id": 966, "geometry": {"type": "MultiPoint", "coordinates": [[-123.36311272909616, 48.43785484503734]]}, "properties": {"OBJECTID": 966, "StreetName1": "BLANSHARD ST", "StreetName2": "HILL ST", "Intersection": "HILL ST & BLANSHARD ST", "Jurisdiction": "COV", "POINT_X": 473144.56149999984, "POINT_Y": 5365030.883099999}}, {"type": "Feature", "id": 967, "geometry": {"type": "MultiPoint", "coordinates": [[-123.3733108132037, 48.4370081204979]]}, "properties": {"OBJECTID": 967, "StreetName1": "BRIDGE ST", "StreetName2": "HILLSIDE AVE", "Intersection": "HILLSIDE AVE & BRIDGE ST", "Jurisdiction": "COV", "POINT_X": 472389.8328, "POINT_Y": 5364940.393200001}}, {"type": "Feature", "id": 968, "geometry": {"type": "MultiPoint", "coordinates": [[-123.3674145359163, 48.4381344020549]]}, "properties": {"OBJECTID": 968, "StreetName1": "GOVERNMENT ST", "StreetName2": "HILLSIDE AVE", "Intersection": "HILLSIDE AVE & GOVERNMENT ST", "Jurisdiction": "COV", "POINT_X": 472826.5406999998, "POINT_Y": 5365063.4747}}, {"type": "Feature", "id": 969, "geometry": {"type": "MultiPoint", "coordinates": [[-123.36691145433397, 48.43829892153408]]}, "properties": {"OBJECTID": 969, "StreetName1": "DOUGLAS ST", "StreetName2": "HILLSIDE AVE", "Intersection": "HILLSIDE AVE & DOUGLAS ST", "Jurisdiction": "COV", "POINT_X": 472863.8370000003, "POINT_Y": 5365081.5833}}, {"type": "Feature", "id": 970, "geometry": {"type": "MultiPoint", "coordinates": [[-123.36340398158038, 48.43887337531055], [-123.36319984235452, 48.43889835895066]]}, "properties": {"OBJECTID": 970, "StreetName1": "BLANSHARD ST", "StreetName2": "HILLSIDE AVE", "Intersection": "HILLSIDE AVE & BLANSHARD ST", "Jurisdiction": "COV", "POINT_X": 473131.1128999997, "POINT_Y": 5365145.551800001}}, {"type": "Feature", "id": 971, "geometry": {"type": "MultiPoint", "coordinates": [[-123.35784044779392, 48.43960039820797]]}, "properties": {"OBJECTID": 971, "StreetName1": "FIFTH ST", "StreetName2": "HILLSIDE AVE", "Intersection": "HILLSIDE AVE & FIFTH ST", "Jurisdiction": "COV", "POINT_X": 473535.4162999997, "POINT_Y": 5365223.072799999}}, {"type": "Feature", "id": 972, "geometry": {"type": "MultiPoint", "coordinates": [[-123.35650265604232, 48.43977127552294]]}, "properties": {"OBJECTID": 972, "StreetName1": "GRAHAM ST", "StreetName2": "HILLSIDE AVE", "Intersection": "HILLSIDE AVE & GRAHAM ST", "Jurisdiction": "COV", "POINT_X": 473634.4469999997, "POINT_Y": 5365241.605}}, {"type": "Feature", "id": 973, "geometry": {"type": "MultiPoint", "coordinates": [[-123.35450523958704, 48.440026377703006]]}, "properties": {"OBJECTID": 973, "StreetName1": "BAKERY MEWS", "StreetName2": "HILLSIDE AVE", "Intersection": "HILLSIDE AVE & BAKERY MEWS", "Jurisdiction": "COV", "POINT_X": 473782.3054999998, "POINT_Y": 5365269.274800001}}, {"type": "Feature", "id": 974, "geometry": {"type": "MultiPoint", "coordinates": [[-123.35383308799976, 48.44011221375949]]}, "properties": {"OBJECTID": 974, "StreetName1": "BLACKWOOD ST", "StreetName2": "HILLSIDE AVE", "Intersection": "HILLSIDE AVE & BLACKWOOD ST", "Jurisdiction": "COV", "POINT_X": 473832.0610999996, "POINT_Y": 5365278.585899999}}, {"type": "Feature", "id": 975, "geometry": {"type": "MultiPoint", "coordinates": [[-123.35174649471298, 48.440373006659414]]}, "properties": {"OBJECTID": 975, "StreetName1": "COOK ST", "StreetName2": "HILLSIDE AVE", "Intersection": "HILLSIDE AVE & COOK ST", "Jurisdiction": "COV", "POINT_X": 473986.5159, "POINT_Y": 5365306.8631}}, {"type": "Feature", "id": 976, "geometry": {"type": "MultiPoint", "coordinates": [[-123.3492787053078, 48.44083104510165]]}, "properties": {"OBJECTID": 976, "StreetName1": "HIGGINS ST", "StreetName2": "HILLSIDE AVE", "Intersection": "HILLSIDE AVE & HIGGINS ST", "Jurisdiction": "COV", "POINT_X": 474169.26159999985, "POINT_Y": 5365356.9405000005}}, {"type": "Feature", "id": 977, "geometry": {"type": "MultiPoint", "coordinates": [[-123.34720901284496, 48.4411002294613]]}, "properties": {"OBJECTID": 977, "StreetName1": "GROSVENOR RD", "StreetName2": "HILLSIDE AVE", "Intersection": "HILLSIDE AVE & GROSVENOR RD", "Jurisdiction": "COV", "POINT_X": 474322.4667999996, "POINT_Y": 5365386.1653}}, {"type": "Feature", "id": 978, "geometry": {"type": "MultiPoint", "coordinates": [[-123.34427693945862, 48.44130947891408]]}, "properties": {"OBJECTID": 978, "StreetName1": "CEDAR HILL RD", "StreetName2": "HILLSIDE AVE", "Intersection": "HILLSIDE AVE & CEDAR HILL RD", "Jurisdiction": "COV", "POINT_X": 474539.4194, "POINT_Y": 5365408.4451}}, {"type": "Feature", "id": 979, "geometry": {"type": "MultiPoint", "coordinates": [[-123.34278017501512, 48.44189347792989]]}, "properties": {"OBJECTID": 979, "StreetName1": "HAMILTON RD", "StreetName2": "HILLSIDE AVE", "Intersection": "HILLSIDE AVE & HAMILTON RD", "Jurisdiction": "COV", "POINT_X": 474650.40610000025, "POINT_Y": 5365472.862400001}}, {"type": "Feature", "id": 980, "geometry": {"type": "MultiPoint", "coordinates": [[-123.34125089028737, 48.44250288710835]]}, "properties": {"OBJECTID": 980, "StreetName1": "GOSWORTH RD", "StreetName2": "HILLSIDE AVE", "Intersection": "HILLSIDE AVE & GOSWORTH RD", "Jurisdiction": "COV", "POINT_X": 474763.80790000036, "POINT_Y": 5365540.0956}}, {"type": "Feature", "id": 981, "geometry": {"type": "MultiPoint", "coordinates": [[-123.33986463170962, 48.44305433259204]]}, "properties": {"OBJECTID": 981, "StreetName1": "BELMONT AVE", "StreetName2": "HILLSIDE AVE", "Intersection": "HILLSIDE AVE & BELMONT AVE", "Jurisdiction": "COV", "POINT_X": 474866.6009999998, "POINT_Y": 5365600.9351}}, {"type": "Feature", "id": 982, "geometry": {"type": "MultiPoint", "coordinates": [[-123.33824585702413, 48.443700297419305]]}, "properties": {"OBJECTID": 982, "StreetName1": "DONCASTER DR", "StreetName2": "HILLSIDE AVE", "Intersection": "HILLSIDE AVE & DONCASTER DR", "Jurisdiction": "COV", "POINT_X": 474986.6337000001, "POINT_Y": 5365672.206700001}}, {"type": "Feature", "id": 983, "geometry": {"type": "MultiPoint", "coordinates": [[-123.34780405251783, 48.44372940399799]]}, "properties": {"OBJECTID": 983, "StreetName1": "CEDAR HILL RD", "StreetName2": "HIPWOOD LANE", "Intersection": "HIPWOOD LANE & CEDAR HILL RD", "Jurisdiction": "COV", "POINT_X": 474279.7867999999, "POINT_Y": 5365678.6088}}, {"type": "Feature", "id": 984, "geometry": {"type": "MultiPoint", "coordinates": [[-123.34025526507588, 48.44101190314702]]}, "properties": {"OBJECTID": 984, "StreetName1": "HAMILTON RD", "StreetName2": "HOLLY ST", "Intersection": "HOLLY ST & HAMILTON RD", "Jurisdiction": "COV", "POINT_X": 474836.7030999996, "POINT_Y": 5365374.038799999}}, {"type": "Feature", "id": 985, "geometry": {"type": "MultiPoint", "coordinates": [[-123.33897487578662, 48.44151545055239]]}, "properties": {"OBJECTID": 985, "StreetName1": "BELMONT AVE", "StreetName2": "HOLLY ST", "Intersection": "HOLLY ST & BELMONT AVE", "Jurisdiction": "COV", "POINT_X": 474931.6451000003, "POINT_Y": 5365429.5901999995}}, {"type": "Feature", "id": 986, "geometry": {"type": "MultiPoint", "coordinates": [[-123.33628730811861, 48.410093121429774]]}, "properties": {"OBJECTID": 986, "StreetName1": "DALLAS RD", "StreetName2": "HOLLYWOOD CRES", "Intersection": "HOLLYWOOD CRES & DALLAS RD", "Jurisdiction": "COV", "POINT_X": 475115.0725999996, "POINT_Y": 5361935.9997000005}}, {"type": "Feature", "id": 987, "geometry": {"type": "MultiPoint", "coordinates": [[-123.33288104203702, 48.40877027538808]]}, "properties": {"OBJECTID": 987, "StreetName1": "BEECHWOOD AVE", "StreetName2": "HOLLYWOOD CRES", "Intersection": "HOLLYWOOD CRES & BEECHWOOD AVE", "Jurisdiction": "COV", "POINT_X": 475366.5049999999, "POINT_Y": 5361787.8597}}, {"type": "Feature", "id": 988, "geometry": {"type": "MultiPoint", "coordinates": [[-123.33512610319053, 48.40909884815477]]}, "properties": {"OBJECTID": 988, "StreetName1": "HOLLYWOOD CRES", "StreetName2": "HOLLYWOOD PL", "Intersection": "HOLLYWOOD PL & HOLLYWOOD CRES", "Jurisdiction": "COV", "POINT_X": 475200.5208999999, "POINT_Y": 5361825.1061}}, {"type": "Feature", "id": 989, "geometry": {"type": "MultiPoint", "coordinates": [[-123.33438242743709, 48.432559737595184]]}, "properties": {"OBJECTID": 989, "StreetName1": "DENMAN ST", "StreetName2": "HOWARD ST", "Intersection": "HOWARD ST & DENMAN ST", "Jurisdiction": "COV", "POINT_X": 475266.94020000007, "POINT_Y": 5364432.6325}}, {"type": "Feature", "id": 990, "geometry": {"type": "MultiPoint", "coordinates": [[-123.3343790514714, 48.43398363003357]]}, "properties": {"OBJECTID": 990, "StreetName1": "BAY ST", "StreetName2": "HOWARD ST", "Intersection": "HOWARD ST & BAY ST", "Jurisdiction": "COV", "POINT_X": 475267.88100000005, "POINT_Y": 5364590.902799999}}, {"type": "Feature", "id": 991, "geometry": {"type": "MultiPoint", "coordinates": [[-123.35217996987033, 48.4064872369665]]}, "properties": {"OBJECTID": 991, "StreetName1": "DALLAS RD", "StreetName2": "HOWE ST", "Intersection": "HOWE ST & DALLAS RD", "Jurisdiction": "COV", "POINT_X": 473937.1376, "POINT_Y": 5361540.477700001}}, {"type": "Feature", "id": 992, "geometry": {"type": "MultiPoint", "coordinates": [[-123.35140716560902, 48.4096628450213]]}, "properties": {"OBJECTID": 992, "StreetName1": "FAITHFUL ST", "StreetName2": "HOWE ST", "Intersection": "HOWE ST & FAITHFUL ST", "Jurisdiction": "COV", "POINT_X": 473995.9500000002, "POINT_Y": 5361893.1951}}, {"type": "Feature", "id": 993, "geometry": {"type": "MultiPoint", "coordinates": [[-123.35068466551432, 48.41246911179227]]}, "properties": {"OBJECTID": 993, "StreetName1": "CHAPMAN ST", "StreetName2": "HOWE ST", "Intersection": "HOWE ST & CHAPMAN ST", "Jurisdiction": "COV", "POINT_X": 474050.84499999974, "POINT_Y": 5362204.876700001}}, {"type": "Feature", "id": 994, "geometry": {"type": "MultiPoint", "coordinates": [[-123.3683420690908, 48.42294956776333]]}, "properties": {"OBJECTID": 994, "StreetName1": "GOVERNMENT ST", "StreetName2": "HUMBOLDT ST", "Intersection": "HUMBOLDT ST & GOVERNMENT ST", "Jurisdiction": "COV", "POINT_X": 472749.82079999987, "POINT_Y": 5363375.950200001}}, {"type": "Feature", "id": 995, "geometry": {"type": "MultiPoint", "coordinates": [[-123.3675651677153, 48.422705066241456]]}, "properties": {"OBJECTID": 995, "StreetName1": "GORDON ST", "StreetName2": "HUMBOLDT ST", "Intersection": "HUMBOLDT ST & GORDON ST", "Jurisdiction": "COV", "POINT_X": 472807.1683, "POINT_Y": 5363348.4968}}, {"type": "Feature", "id": 996, "geometry": {"type": "MultiPoint", "coordinates": [[-123.3660367593165, 48.42221857476871]]}, "properties": {"OBJECTID": 996, "StreetName1": "BURDETT AVE", "StreetName2": "HUMBOLDT ST", "Intersection": "HUMBOLDT ST & BURDETT AVE", "Jurisdiction": "COV", "POINT_X": 472919.9874999998, "POINT_Y": 5363293.879899999}}, {"type": "Feature", "id": 997, "geometry": {"type": "MultiPoint", "coordinates": [[-123.36387102820986, 48.42053752941392]]}, "properties": {"OBJECTID": 997, "StreetName1": "BLANSHARD ST", "StreetName2": "HUMBOLDT ST", "Intersection": "HUMBOLDT ST & BLANSHARD ST", "Jurisdiction": "COV", "POINT_X": 473079.3306, "POINT_Y": 5363106.2619}}, {"type": "Feature", "id": 998, "geometry": {"type": "MultiPoint", "coordinates": [[-123.36767821633588, 48.414916776920414]]}, "properties": {"OBJECTID": 998, "StreetName1": "AVALON RD", "StreetName2": "HUNTINGTON PL", "Intersection": "HUNTINGTON PL & AVALON RD", "Jurisdiction": "COV", "POINT_X": 472794.6490000002, "POINT_Y": 5362482.8397}}, {"type": "Feature", "id": 999, "geometry": {"type": "MultiPoint", "coordinates": [[-123.38457976536506, 48.421868851951665]]}, "properties": {"OBJECTID": 999, "StreetName1": "DALLAS RD", "StreetName2": "HURON ST", "Intersection": "HURON ST & DALLAS RD", "Jurisdiction": "COV", "POINT_X": 471547.8953, "POINT_Y": 5363261.7293}}, {"type": "Feature", "id": 1000, "geometry": {"type": "MultiPoint", "coordinates": [[-123.38800420286348, 48.44366357761122]]}, "properties": {"OBJECTID": 1000, "StreetName1": "GORGE RD E", "StreetName2": "IRMA ST", "Intersection": "IRMA ST & GORGE RD E", "Jurisdiction": "COV", "POINT_X": 471306.81230000034, "POINT_Y": 5365685.5769}}, {"type": "Feature", "id": 1001, "geometry": {"type": "MultiPoint", "coordinates": [[-123.38340137068342, 48.448857268427794]]}, "properties": {"OBJECTID": 1001, "StreetName1": "BURNSIDE RD E", "StreetName2": "IRMA ST", "Intersection": "IRMA ST & BURNSIDE RD E", "Jurisdiction": "COV", "POINT_X": 471650.09860000014, "POINT_Y": 5366261.162799999}}, {"type": "Feature", "id": 1002, "geometry": {"type": "MultiPoint", "coordinates": [[-123.32877351077806, 48.412229702514374]]}, "properties": {"OBJECTID": 1002, "StreetName1": "CRESCENT RD", "StreetName2": "IRVING RD", "Intersection": "IRVING RD & CRESCENT RD", "Jurisdiction": "COV", "POINT_X": 475672.1297000004, "POINT_Y": 5362171.0748}}, {"type": "Feature", "id": 1003, "geometry": {"type": "MultiPoint", "coordinates": [[-123.328765844258, 48.414061768566626]]}, "properties": {"OBJECTID": 1003, "StreetName1": "BEAVEN ST", "StreetName2": "IRVING RD", "Intersection": "IRVING RD & BEAVEN ST", "Jurisdiction": "COV", "POINT_X": 475673.57100000046, "POINT_Y": 5362374.713199999}}, {"type": "Feature", "id": 1004, "geometry": {"type": "MultiPoint", "coordinates": [[-123.32874295360011, 48.41553479007691]]}, "properties": {"OBJECTID": 1004, "StreetName1": "FAIRFIELD RD", "StreetName2": "IRVING RD", "Intersection": "IRVING RD & FAIRFIELD RD", "Jurisdiction": "COV", "POINT_X": 475675.96750000026, "POINT_Y": 5362538.4377}}, {"type": "Feature", "id": 1005, "geometry": {"type": "MultiPoint", "coordinates": [[-123.35813787371076, 48.44665877123212]]}, "properties": {"OBJECTID": 1005, "StreetName1": "FINLAYSON ST", "StreetName2": "JACKSON ST", "Intersection": "JACKSON ST & FINLAYSON ST", "Jurisdiction": "COV", "POINT_X": 473517.08860000037, "POINT_Y": 5366007.7434}}, {"type": "Feature", "id": 1006, "geometry": {"type": "MultiPoint", "coordinates": [[-123.35764151021812, 48.44425867542482]]}, "properties": {"OBJECTID": 1006, "StreetName1": "GRAHAM ST", "StreetName2": "JACKSON ST", "Intersection": "JACKSON ST & GRAHAM ST", "Jurisdiction": "COV", "POINT_X": 473552.54810000025, "POINT_Y": 5365740.790999999}}, {"type": "Feature", "id": 1007, "geometry": {"type": "MultiPoint", "coordinates": [[-123.34476489523401, 48.423626587840694], [-123.3424063914637, 48.421360349421626]]}, "properties": {"OBJECTID": 1007, "StreetName1": "CRAIGDARROCH RD", "StreetName2": "JOAN CRES", "Intersection": "JOAN CRES & CRAIGDARROCH RD", "Jurisdiction": "COV", "POINT_X": 474581.1639500002, "POINT_Y": 5363316.7414}}, {"type": "Feature", "id": 1008, "geometry": {"type": "MultiPoint", "coordinates": [[-123.37297799284576, 48.43621639901455]]}, "properties": {"OBJECTID": 1008, "StreetName1": "BRIDGE ST", "StreetName2": "JOHN ST", "Intersection": "JOHN ST & BRIDGE ST", "Jurisdiction": "COV", "POINT_X": 472414.0206000004, "POINT_Y": 5364852.270199999}}, {"type": "Feature", "id": 1009, "geometry": {"type": "MultiPoint", "coordinates": [[-123.3673797845929, 48.43726458447636]]}, "properties": {"OBJECTID": 1009, "StreetName1": "GOVERNMENT ST", "StreetName2": "JOHN ST", "Intersection": "JOHN ST & GOVERNMENT ST", "Jurisdiction": "COV", "POINT_X": 472828.6470999997, "POINT_Y": 5364966.7786}}, {"type": "Feature", "id": 1010, "geometry": {"type": "MultiPoint", "coordinates": [[-123.37255544866564, 48.42796290382529]]}, "properties": {"OBJECTID": 1010, "StreetName1": "ESQUIMALT RD", "StreetName2": "JOHNSON ST", "Intersection": "JOHNSON ST & ESQUIMALT RD", "Jurisdiction": "COV", "POINT_X": 472440.81070000026, "POINT_Y": 5363934.7094}}, {"type": "Feature", "id": 1011, "geometry": {"type": "MultiPoint", "coordinates": [[-123.36724971005661, 48.4274828399832]]}, "properties": {"OBJECTID": 1011, "StreetName1": "GOVERNMENT ST", "StreetName2": "JOHNSON ST", "Intersection": "JOHNSON ST & GOVERNMENT ST", "Jurisdiction": "COV", "POINT_X": 472833.0536000002, "POINT_Y": 5363879.4527}}, {"type": "Feature", "id": 1012, "geometry": {"type": "MultiPoint", "coordinates": [[-123.36600986226856, 48.4273454383787]]}, "properties": {"OBJECTID": 1012, "StreetName1": "BROAD ST", "StreetName2": "JOHNSON ST", "Intersection": "JOHNSON ST & BROAD ST", "Jurisdiction": "COV", "POINT_X": 472924.70079999976, "POINT_Y": 5363863.740900001}}, {"type": "Feature", "id": 1013, "geometry": {"type": "MultiPoint", "coordinates": [[-123.36470745778286, 48.42720109104051]]}, "properties": {"OBJECTID": 1013, "StreetName1": "DOUGLAS ST", "StreetName2": "JOHNSON ST", "Intersection": "JOHNSON ST & DOUGLAS ST", "Jurisdiction": "COV", "POINT_X": 473020.9726, "POINT_Y": 5363847.236500001}}, {"type": "Feature", "id": 1014, "geometry": {"type": "MultiPoint", "coordinates": [[-123.36185914662357, 48.42688878427926]]}, "properties": {"OBJECTID": 1014, "StreetName1": "BLANSHARD ST", "StreetName2": "JOHNSON ST", "Intersection": "JOHNSON ST & BLANSHARD ST", "Jurisdiction": "COV", "POINT_X": 473231.5192, "POINT_Y": 5363811.5229}}, {"type": "Feature", "id": 1015, "geometry": {"type": "MultiPoint", "coordinates": [[-123.3534124196654, 48.425969208989756]]}, "properties": {"OBJECTID": 1015, "StreetName1": "COOK ST", "StreetName2": "JOHNSON ST", "Intersection": "JOHNSON ST & COOK ST", "Jurisdiction": "COV", "POINT_X": 473855.9182000002, "POINT_Y": 5363706.3906}}, {"type": "Feature", "id": 1016, "geometry": {"type": "MultiPoint", "coordinates": [[-123.35069134703664, 48.42567500715141]]}, "properties": {"OBJECTID": 1016, "StreetName1": "CHAMBERS ST", "StreetName2": "JOHNSON ST", "Intersection": "JOHNSON ST & CHAMBERS ST", "Jurisdiction": "COV", "POINT_X": 474057.0712000001, "POINT_Y": 5363672.763599999}}, {"type": "Feature", "id": 1017, "geometry": {"type": "MultiPoint", "coordinates": [[-123.34738354804416, 48.42548181746638]]}, "properties": {"OBJECTID": 1017, "StreetName1": "CAMOSUN ST", "StreetName2": "JOHNSON ST", "Intersection": "JOHNSON ST & CAMOSUN ST", "Jurisdiction": "COV", "POINT_X": 474301.6835000003, "POINT_Y": 5363650.1746}}, {"type": "Feature", "id": 1018, "geometry": {"type": "MultiPoint", "coordinates": [[-123.34546049601958, 48.425449518059956]]}, "properties": {"OBJECTID": 1018, "StreetName1": "FERNWOOD RD", "StreetName2": "JOHNSON ST", "Intersection": "JOHNSON ST & FERNWOOD RD", "Jurisdiction": "COV", "POINT_X": 474443.93450000044, "POINT_Y": 5363645.9409}}, {"type": "Feature", "id": 1019, "geometry": {"type": "MultiPoint", "coordinates": [[-123.34376328365981, 48.42561171085656]]}, "properties": {"OBJECTID": 1019, "StreetName1": "HARRISON ST", "StreetName2": "JOHNSON ST", "Intersection": "JOHNSON ST & HARRISON ST", "Jurisdiction": "COV", "POINT_X": 474569.5751, "POINT_Y": 5363663.4043000005}}, {"type": "Feature", "id": 1020, "geometry": {"type": "MultiPoint", "coordinates": [[-123.3426700929842, 48.426774263280855]]}, "properties": {"OBJECTID": 1020, "StreetName1": "BEGBIE ST", "StreetName2": "JOHNSON ST", "Intersection": "JOHNSON ST & BEGBIE ST", "Jurisdiction": "COV", "POINT_X": 474651.02720000036, "POINT_Y": 5363792.2641}}, {"type": "Feature", "id": 1021, "geometry": {"type": "MultiPoint", "coordinates": [[-123.34803531705944, 48.408170679535644]]}, "properties": {"OBJECTID": 1021, "StreetName1": "BUSHBY ST", "StreetName2": "JOSEPH ST", "Intersection": "JOSEPH ST & BUSHBY ST", "Jurisdiction": "COV", "POINT_X": 474244.7229000004, "POINT_Y": 5361726.1965}}, {"type": "Feature", "id": 1022, "geometry": {"type": "MultiPoint", "coordinates": [[-123.35947386859453, 48.44528676251448]]}, "properties": {"OBJECTID": 1022, "StreetName1": "FIFTH ST", "StreetName2": "JOSETTE PL", "Intersection": "JOSETTE PL & FIFTH ST", "Jurisdiction": "COV", "POINT_X": 473417.57689999975, "POINT_Y": 5365855.7018}}, {"type": "Feature", "id": 1023, "geometry": {"type": "MultiPoint", "coordinates": [[-123.35929002786804, 48.430817750705295]]}, "properties": {"OBJECTID": 1023, "StreetName1": "CALEDONIA AVE", "StreetName2": "JULIA ST", "Intersection": "JULIA ST & CALEDONIA AVE", "Jurisdiction": "COV", "POINT_X": 473423.62590000033, "POINT_Y": 5364247.348099999}}, {"type": "Feature", "id": 1024, "geometry": {"type": "MultiPoint", "coordinates": [[-123.37774473886702, 48.439089820562344]]}, "properties": {"OBJECTID": 1024, "StreetName1": "GARBALLY RD", "StreetName2": "JUTLAND RD", "Intersection": "JUTLAND RD & GARBALLY RD", "Jurisdiction": "COV", "POINT_X": 472063.02720000036, "POINT_Y": 5365173.390900001}}, {"type": "Feature", "id": 1025, "geometry": {"type": "MultiPoint", "coordinates": [[-123.37707342690642, 48.44156066679605]]}, "properties": {"OBJECTID": 1025, "StreetName1": "DUNEDIN ST", "StreetName2": "JUTLAND RD", "Intersection": "JUTLAND RD & DUNEDIN ST", "Jurisdiction": "COV", "POINT_X": 472114.03000000026, "POINT_Y": 5365447.790899999}}, {"type": "Feature", "id": 1026, "geometry": {"type": "MultiPoint", "coordinates": [[-123.37660133485743, 48.441901270678635]]}, "properties": {"OBJECTID": 1026, "StreetName1": "GORGE RD E", "StreetName2": "JUTLAND RD", "Intersection": "JUTLAND RD & GORGE RD E", "Jurisdiction": "COV", "POINT_X": 472149.13049999997, "POINT_Y": 5365485.478599999}}, {"type": "Feature", "id": 1027, "geometry": {"type": "MultiPoint", "coordinates": [[-123.37530134169562, 48.443123604247354]]}, "properties": {"OBJECTID": 1027, "StreetName1": "CECELIA RD", "StreetName2": "JUTLAND RD", "Intersection": "JUTLAND RD & CECELIA RD", "Jurisdiction": "COV", "POINT_X": 472245.93879999965, "POINT_Y": 5365620.874}}, {"type": "Feature", "id": 1028, "geometry": {"type": "MultiPoint", "coordinates": [[-123.37394826098458, 48.4442246262392]]}, "properties": {"OBJECTID": 1028, "StreetName1": "BURNSIDE RD E", "StreetName2": "JUTLAND RD", "Intersection": "JUTLAND RD & BURNSIDE RD E", "Jurisdiction": "COV", "POINT_X": 472346.60259999987, "POINT_Y": 5365742.7676}}, {"type": "Feature", "id": 1029, "geometry": {"type": "MultiPoint", "coordinates": [[-123.38470860742261, 48.4295969916672]]}, "properties": {"OBJECTID": 1029, "StreetName1": "CATHERINE ST", "StreetName2": "KIMTA RD", "Intersection": "KIMTA RD & CATHERINE ST", "Jurisdiction": "COV", "POINT_X": 471542.6777999997, "POINT_Y": 5364120.7894}}, {"type": "Feature", "id": 1030, "geometry": {"type": "MultiPoint", "coordinates": [[-123.38182751624298, 48.42864600200975]]}, "properties": {"OBJECTID": 1030, "StreetName1": "COOPERAGE PL", "StreetName2": "KIMTA RD", "Intersection": "KIMTA RD & COOPERAGE PL", "Jurisdiction": "COV", "POINT_X": 471755.2763, "POINT_Y": 5364014.0166}}, {"type": "Feature", "id": 1031, "geometry": {"type": "MultiPoint", "coordinates": [[-123.36585496840178, 48.43637704565897]]}, "properties": {"OBJECTID": 1031, "StreetName1": "DOUGLAS ST", "StreetName2": "KINGS RD", "Intersection": "KINGS RD & DOUGLAS ST", "Jurisdiction": "COV", "POINT_X": 472940.9554000003, "POINT_Y": 5364867.585100001}}, {"type": "Feature", "id": 1032, "geometry": {"type": "MultiPoint", "coordinates": [[-123.3628595977669, 48.43696959408788]]}, "properties": {"OBJECTID": 1032, "StreetName1": "BLANSHARD ST", "StreetName2": "KINGS RD", "Intersection": "KINGS RD & BLANSHARD ST", "Jurisdiction": "COV", "POINT_X": 473162.8173000002, "POINT_Y": 5364932.395099999}}, {"type": "Feature", "id": 1033, "geometry": {"type": "MultiPoint", "coordinates": [[-123.36145174256085, 48.437146866705085]]}, "properties": {"OBJECTID": 1033, "StreetName1": "DOWLER PL", "StreetName2": "KINGS RD", "Intersection": "KINGS RD & DOWLER PL", "Jurisdiction": "COV", "POINT_X": 473267.0398000004, "POINT_Y": 5364951.6072}}, {"type": "Feature", "id": 1034, "geometry": {"type": "MultiPoint", "coordinates": [[-123.35728419860921, 48.43767891462988]]}, "properties": {"OBJECTID": 1034, "StreetName1": "FIFTH ST", "StreetName2": "KINGS RD", "Intersection": "KINGS RD & FIFTH ST", "Jurisdiction": "COV", "POINT_X": 473575.55960000027, "POINT_Y": 5365009.299900001}}, {"type": "Feature", "id": 1035, "geometry": {"type": "MultiPoint", "coordinates": [[-123.35594962278245, 48.43785030371597], [-123.35539059245885, 48.43792209187731]]}, "properties": {"OBJECTID": 1035, "StreetName1": "GRAHAM ST", "StreetName2": "KINGS RD", "Intersection": "KINGS RD & GRAHAM ST", "Jurisdiction": "COV", "POINT_X": 473695.04830000014, "POINT_Y": 5365031.784549999}}, {"type": "Feature", "id": 1036, "geometry": {"type": "MultiPoint", "coordinates": [[-123.35395155211896, 48.43810686847293]]}, "properties": {"OBJECTID": 1036, "StreetName1": "BAKERY MEWS", "StreetName2": "KINGS RD", "Intersection": "KINGS RD & BAKERY MEWS", "Jurisdiction": "COV", "POINT_X": 473822.2692999998, "POINT_Y": 5365055.723999999}}, {"type": "Feature", "id": 1037, "geometry": {"type": "MultiPoint", "coordinates": [[-123.3532917790858, 48.438193353371766], [-123.35321427088888, 48.43819663391648]]}, "properties": {"OBJECTID": 1037, "StreetName1": "BLACKWOOD ST", "StreetName2": "KINGS RD", "Intersection": "KINGS RD & BLACKWOOD ST", "Jurisdiction": "COV", "POINT_X": 473873.97864999966, "POINT_Y": 5365065.2809}}, {"type": "Feature", "id": 1038, "geometry": {"type": "MultiPoint", "coordinates": [[-123.35195172700108, 48.43836054118642]]}, "properties": {"OBJECTID": 1038, "StreetName1": "COOK ST", "StreetName2": "KINGS RD", "Intersection": "KINGS RD & COOK ST", "Jurisdiction": "COV", "POINT_X": 473970.3091000002, "POINT_Y": 5365083.239}}, {"type": "Feature", "id": 1039, "geometry": {"type": "MultiPoint", "coordinates": [[-123.35061352999072, 48.43852665154276]]}, "properties": {"OBJECTID": 1039, "StreetName1": "EMPIRE ST", "StreetName2": "KINGS RD", "Intersection": "KINGS RD & EMPIRE ST", "Jurisdiction": "COV", "POINT_X": 474069.3683000002, "POINT_Y": 5365101.2488}}, {"type": "Feature", "id": 1040, "geometry": {"type": "MultiPoint", "coordinates": [[-123.3492880780714, 48.438693116086164]]}, "properties": {"OBJECTID": 1040, "StreetName1": "CAPITAL HTS", "StreetName2": "KINGS RD", "Intersection": "KINGS RD & CAPITAL HTS", "Jurisdiction": "COV", "POINT_X": 474167.4844000004, "POINT_Y": 5365119.304}}, {"type": "Feature", "id": 1041, "geometry": {"type": "MultiPoint", "coordinates": [[-123.34592683616873, 48.4382144215797]]}, "properties": {"OBJECTID": 1041, "StreetName1": "CEDAR HILL RD", "StreetName2": "KINGS RD", "Intersection": "KINGS RD & CEDAR HILL RD", "Jurisdiction": "COV", "POINT_X": 474415.84389999975, "POINT_Y": 5365064.966600001}}, {"type": "Feature", "id": 1042, "geometry": {"type": "MultiPoint", "coordinates": [[-123.34489413960202, 48.43818085949397]]}, "properties": {"OBJECTID": 1042, "StreetName1": "FERNWOOD RD", "StreetName2": "KINGS RD", "Intersection": "KINGS RD & FERNWOOD RD", "Jurisdiction": "COV", "POINT_X": 474492.2067999998, "POINT_Y": 5365060.8915}}, {"type": "Feature", "id": 1043, "geometry": {"type": "MultiPoint", "coordinates": [[-123.34222765764623, 48.43815062083214]]}, "properties": {"OBJECTID": 1043, "StreetName1": "AVEBURY AVE", "StreetName2": "KINGS RD", "Intersection": "KINGS RD & AVEBURY AVE", "Jurisdiction": "COV", "POINT_X": 474689.40869999956, "POINT_Y": 5365056.645500001}}, {"type": "Feature", "id": 1044, "geometry": {"type": "MultiPoint", "coordinates": [[-123.34089436761458, 48.43813435301313]]}, "properties": {"OBJECTID": 1044, "StreetName1": "ASQUITH ST", "StreetName2": "KINGS RD", "Intersection": "KINGS RD & ASQUITH ST", "Jurisdiction": "COV", "POINT_X": 474788.0127999997, "POINT_Y": 5365054.397399999}}, {"type": "Feature", "id": 1045, "geometry": {"type": "MultiPoint", "coordinates": [[-123.33971867709579, 48.43811999499173]]}, "properties": {"OBJECTID": 1045, "StreetName1": "BELMONT AVE", "StreetName2": "KINGS RD", "Intersection": "KINGS RD & BELMONT AVE", "Jurisdiction": "COV", "POINT_X": 474874.96160000004, "POINT_Y": 5365052.414999999}}, {"type": "Feature", "id": 1046, "geometry": {"type": "MultiPoint", "coordinates": [[-123.33848579879165, 48.4381049259163]]}, "properties": {"OBJECTID": 1046, "StreetName1": "FORBES ST", "StreetName2": "KINGS RD", "Intersection": "KINGS RD & FORBES ST", "Jurisdiction": "COV", "POINT_X": 474966.1398, "POINT_Y": 5365050.336200001}}, {"type": "Feature", "id": 1047, "geometry": {"type": "MultiPoint", "coordinates": [[-123.34552082471836, 48.413808017341154]]}, "properties": {"OBJECTID": 1047, "StreetName1": "FAIRFIELD RD", "StreetName2": "KIPLING ST", "Intersection": "KIPLING ST & FAIRFIELD RD", "Jurisdiction": "COV", "POINT_X": 474433.6342000002, "POINT_Y": 5362351.964500001}}, {"type": "Feature", "id": 1048, "geometry": {"type": "MultiPoint", "coordinates": [[-123.34443656718696, 48.41478034814668]]}, "properties": {"OBJECTID": 1048, "StreetName1": "BROOKE ST", "StreetName2": "KIPLING ST", "Intersection": "KIPLING ST & BROOKE ST", "Jurisdiction": "COV", "POINT_X": 474514.3518000003, "POINT_Y": 5362459.681299999}}, {"type": "Feature", "id": 1049, "geometry": {"type": "MultiPoint", "coordinates": [[-123.34422774015198, 48.415657731298346]]}, "properties": {"OBJECTID": 1049, "StreetName1": "HAMLEY ST", "StreetName2": "KIPLING ST", "Intersection": "KIPLING ST & HAMLEY ST", "Jurisdiction": "COV", "POINT_X": 474530.24230000004, "POINT_Y": 5362557.1362}}, {"type": "Feature", "id": 1050, "geometry": {"type": "MultiPoint", "coordinates": [[-123.34906312332122, 48.442720362326675], [-123.34874222389634, 48.44330724738275]]}, "properties": {"OBJECTID": 1050, "StreetName1": "COOK ST", "StreetName2": "KIWANIS WAY", "Intersection": "KIWANIS WAY & COOK ST", "Jurisdiction": "COV", "POINT_X": 474198.1774999999, "POINT_Y": 5365599.4366}}, {"type": "Feature", "id": 1051, "geometry": {"type": "MultiPoint", "coordinates": [[-123.34780405251783, 48.44372940399799]]}, "properties": {"OBJECTID": 1051, "StreetName1": "CEDAR HILL RD", "StreetName2": "KIWANIS WAY", "Intersection": "KIWANIS WAY & CEDAR HILL RD", "Jurisdiction": "COV", "POINT_X": 474279.7867999999, "POINT_Y": 5365678.6088}}, {"type": "Feature", "id": 1052, "geometry": {"type": "MultiPoint", "coordinates": [[-123.34960743435923, 48.44692583079745]]}, "properties": {"OBJECTID": 1052, "StreetName1": "COOK ST", "StreetName2": "LANG ST", "Intersection": "LANG ST & COOK ST", "Jurisdiction": "COV", "POINT_X": 474148.04289999977, "POINT_Y": 5366034.512599999}}, {"type": "Feature", "id": 1053, "geometry": {"type": "MultiPoint", "coordinates": [[-123.34471458642989, 48.446995194767034]]}, "properties": {"OBJECTID": 1053, "StreetName1": "CEDAR HILL RD", "StreetName2": "LANG ST", "Intersection": "LANG ST & CEDAR HILL RD", "Jurisdiction": "COV", "POINT_X": 474509.8976999996, "POINT_Y": 5366040.5821}}, {"type": "Feature", "id": 1054, "geometry": {"type": "MultiPoint", "coordinates": [[-123.39127565165549, 48.434931814679636]]}, "properties": {"OBJECTID": 1054, "StreetName1": "EVANS ST", "StreetName2": "LANGFORD ST", "Intersection": "LANGFORD ST & EVANS ST", "Jurisdiction": "COV", "POINT_X": 471059.91779999994, "POINT_Y": 5364716.2371}}, {"type": "Feature", "id": 1055, "geometry": {"type": "MultiPoint", "coordinates": [[-123.38949882073726, 48.434944508791276]]}, "properties": {"OBJECTID": 1055, "StreetName1": "FULLERTON AVE", "StreetName2": "LANGFORD ST", "Intersection": "LANGFORD ST & FULLERTON AVE", "Jurisdiction": "COV", "POINT_X": 471191.35030000005, "POINT_Y": 5364716.9781}}, {"type": "Feature", "id": 1056, "geometry": {"type": "MultiPoint", "coordinates": [[-123.38880000947164, 48.43495397196705]]}, "properties": {"OBJECTID": 1056, "StreetName1": "HUDSON ST", "StreetName2": "LANGFORD ST", "Intersection": "LANGFORD ST & HUDSON ST", "Jurisdiction": "COV", "POINT_X": 471243.04399999976, "POINT_Y": 5364717.7673}}, {"type": "Feature", "id": 1057, "geometry": {"type": "MultiPoint", "coordinates": [[-123.38723605414856, 48.43468890322146]]}, "properties": {"OBJECTID": 1057, "StreetName1": "FRONT ST", "StreetName2": "LANGFORD ST", "Intersection": "LANGFORD ST & FRONT ST", "Jurisdiction": "COV", "POINT_X": 471358.57469999976, "POINT_Y": 5364687.717700001}}, {"type": "Feature", "id": 1058, "geometry": {"type": "MultiPoint", "coordinates": [[-123.38480459218353, 48.434687609446435]]}, "properties": {"OBJECTID": 1058, "StreetName1": "CATHERINE ST", "StreetName2": "LANGFORD ST", "Intersection": "LANGFORD ST & CATHERINE ST", "Jurisdiction": "COV", "POINT_X": 471538.42069999967, "POINT_Y": 5364686.667300001}}, {"type": "Feature", "id": 1059, "geometry": {"type": "MultiPoint", "coordinates": [[-123.38334532875717, 48.43466746583321]]}, "properties": {"OBJECTID": 1059, "StreetName1": "ALSTON ST", "StreetName2": "LANGFORD ST", "Intersection": "LANGFORD ST & ALSTON ST", "Jurisdiction": "COV", "POINT_X": 471646.34609999973, "POINT_Y": 5364683.8869}}, {"type": "Feature", "id": 1060, "geometry": {"type": "MultiPoint", "coordinates": [[-123.36882938822576, 48.42429300088802]]}, "properties": {"OBJECTID": 1060, "StreetName1": "BROUGHTON ST", "StreetName2": "LANGLEY ST", "Intersection": "LANGLEY ST & BROUGHTON ST", "Jurisdiction": "COV", "POINT_X": 472714.4863, "POINT_Y": 5363525.451400001}}, {"type": "Feature", "id": 1061, "geometry": {"type": "MultiPoint", "coordinates": [[-123.3686688959518, 48.42496196004748]]}, "properties": {"OBJECTID": 1061, "StreetName1": "FORT ST", "StreetName2": "LANGLEY ST", "Intersection": "LANGLEY ST & FORT ST", "Jurisdiction": "COV", "POINT_X": 472726.7176999999, "POINT_Y": 5363599.751599999}}, {"type": "Feature", "id": 1062, "geometry": {"type": "MultiPoint", "coordinates": [[-123.36847444690534, 48.42573338757577]]}, "properties": {"OBJECTID": 1062, "StreetName1": "BASTION SQ", "StreetName2": "LANGLEY ST", "Intersection": "LANGLEY ST & BASTION SQ", "Jurisdiction": "COV", "POINT_X": 472741.51570000034, "POINT_Y": 5363685.429500001}}, {"type": "Feature", "id": 1063, "geometry": {"type": "MultiPoint", "coordinates": [[-123.36838665573795, 48.426126828243845]]}, "properties": {"OBJECTID": 1063, "StreetName1": "CHANCERY LANE", "StreetName2": "LANGLEY ST", "Intersection": "LANGLEY ST & CHANCERY LANE", "Jurisdiction": "COV", "POINT_X": 472748.22080000024, "POINT_Y": 5363729.1307}}, {"type": "Feature", "id": 1064, "geometry": {"type": "MultiPoint", "coordinates": [[-123.37035318221386, 48.444373856244994]]}, "properties": {"OBJECTID": 1064, "StreetName1": "DOUGLAS ST", "StreetName2": "LARCH ST", "Intersection": "LARCH ST & DOUGLAS ST", "Jurisdiction": "COV", "POINT_X": 472612.54849999957, "POINT_Y": 5365758.062899999}}, {"type": "Feature", "id": 1065, "geometry": {"type": "MultiPoint", "coordinates": [[-123.33109062487343, 48.41904378626319]]}, "properties": {"OBJECTID": 1065, "StreetName1": "GONZALES AVE", "StreetName2": "LAURENTIAN PL", "Intersection": "LAURENTIAN PL & GONZALES AVE", "Jurisdiction": "COV", "POINT_X": 475503.93900000025, "POINT_Y": 5362929.2239}}, {"type": "Feature", "id": 1066, "geometry": {"type": "MultiPoint", "coordinates": [[-123.32562128476147, 48.43019129698848]]}, "properties": {"OBJECTID": 1066, "StreetName1": "BOURCHIER ST", "StreetName2": "LEE AVE", "Intersection": "LEE AVE & BOURCHIER ST", "Jurisdiction": "COV", "POINT_X": 475913.8794, "POINT_Y": 5364166.578199999}}, {"type": "Feature", "id": 1067, "geometry": {"type": "MultiPoint", "coordinates": [[-123.32562800200154, 48.4315115687484]]}, "properties": {"OBJECTID": 1067, "StreetName1": "FORT ST", "StreetName2": "LEE AVE", "Intersection": "LEE AVE & FORT ST", "Jurisdiction": "COV", "POINT_X": 475914.00650000013, "POINT_Y": 5364313.333799999}}, {"type": "Feature", "id": 1068, "geometry": {"type": "MultiPoint", "coordinates": [[-123.33297074016747, 48.42840109119964]]}, "properties": {"OBJECTID": 1068, "StreetName1": "BELCHER AVE", "StreetName2": "LEIGHTON RD", "Intersection": "LEIGHTON RD & BELCHER AVE", "Jurisdiction": "COV", "POINT_X": 475369.3524000002, "POINT_Y": 5363969.9274}}, {"type": "Feature", "id": 1069, "geometry": {"type": "MultiPoint", "coordinates": [[-123.33224591376512, 48.42868141924418]]}, "properties": {"OBJECTID": 1069, "StreetName1": "FORT ST", "StreetName2": "LEIGHTON RD", "Intersection": "LEIGHTON RD & FORT ST", "Jurisdiction": "COV", "POINT_X": 475423.1070999997, "POINT_Y": 5364000.8541}}, {"type": "Feature", "id": 1070, "geometry": {"type": "MultiPoint", "coordinates": [[-123.33161546426588, 48.42840098956946]]}, "properties": {"OBJECTID": 1070, "StreetName1": "JUBILEE AVE", "StreetName2": "LEIGHTON RD", "Intersection": "LEIGHTON RD & JUBILEE AVE", "Jurisdiction": "COV", "POINT_X": 475469.60979999974, "POINT_Y": 5363969.4811}}, {"type": "Feature", "id": 1071, "geometry": {"type": "MultiPoint", "coordinates": [[-123.32889697111166, 48.428401052608464]]}, "properties": {"OBJECTID": 1071, "StreetName1": "BANK ST", "StreetName2": "LEIGHTON RD", "Intersection": "LEIGHTON RD & BANK ST", "Jurisdiction": "COV", "POINT_X": 475670.71219999995, "POINT_Y": 5363968.6208999995}}, {"type": "Feature", "id": 1072, "geometry": {"type": "MultiPoint", "coordinates": [[-123.32776049163805, 48.42839487310893]]}, "properties": {"OBJECTID": 1072, "StreetName1": "DUCHESS ST", "StreetName2": "LEIGHTON RD", "Intersection": "LEIGHTON RD & DUCHESS ST", "Jurisdiction": "COV", "POINT_X": 475754.78110000025, "POINT_Y": 5363967.5736}}, {"type": "Feature", "id": 1073, "geometry": {"type": "MultiPoint", "coordinates": [[-123.3275130738646, 48.42839382142295]]}, "properties": {"OBJECTID": 1073, "StreetName1": "FELL ST", "StreetName2": "LEIGHTON RD", "Intersection": "LEIGHTON RD & FELL ST", "Jurisdiction": "COV", "POINT_X": 475773.0834999997, "POINT_Y": 5363967.3784}}, {"type": "Feature", "id": 1074, "geometry": {"type": "MultiPoint", "coordinates": [[-123.326773688797, 48.42839251371171], [-123.32616023979173, 48.4283914264505]]}, "properties": {"OBJECTID": 1074, "StreetName1": "DAVIE ST", "StreetName2": "LEIGHTON RD", "Intersection": "LEIGHTON RD & DAVIE ST", "Jurisdiction": "COV", "POINT_X": 475850.46930000035, "POINT_Y": 5363966.842250001}}, {"type": "Feature", "id": 1075, "geometry": {"type": "MultiPoint", "coordinates": [[-123.32562737392952, 48.42839159144961]]}, "properties": {"OBJECTID": 1075, "StreetName1": "LEE AVE", "StreetName2": "LEIGHTON RD", "Intersection": "LEIGHTON RD & LEE AVE", "Jurisdiction": "COV", "POINT_X": 475912.5784, "POINT_Y": 5363966.535700001}}, {"type": "Feature", "id": 1076, "geometry": {"type": "MultiPoint", "coordinates": [[-123.32382425791799, 48.428415294310646]]}, "properties": {"OBJECTID": 1076, "StreetName1": "AMPHION ST", "StreetName2": "LEIGHTON RD", "Intersection": "LEIGHTON RD & AMPHION ST", "Jurisdiction": "COV", "POINT_X": 476045.9763000002, "POINT_Y": 5363968.604800001}}, {"type": "Feature", "id": 1077, "geometry": {"type": "MultiPoint", "coordinates": [[-123.3226117125399, 48.42841391299965]]}, "properties": {"OBJECTID": 1077, "StreetName1": "FOUL BAY RD", "StreetName2": "LEIGHTON RD", "Intersection": "LEIGHTON RD & FOUL BAY RD", "Jurisdiction": "COV", "POINT_X": 476135.67449999973, "POINT_Y": 5363968.072699999}}, {"type": "Feature", "id": 1078, "geometry": {"type": "MultiPoint", "coordinates": [[-123.35744493183991, 48.411280323657245]]}, "properties": {"OBJECTID": 1078, "StreetName1": "COOK ST", "StreetName2": "LEONARD ST", "Intersection": "LEONARD ST & COOK ST", "Jurisdiction": "COV", "POINT_X": 473549.97699999996, "POINT_Y": 5362075.050799999}}, {"type": "Feature", "id": 1079, "geometry": {"type": "MultiPoint", "coordinates": [[-123.3548325312586, 48.410993164572815]]}, "properties": {"OBJECTID": 1079, "StreetName1": "CAMBRIDGE ST", "StreetName2": "LEONARD ST", "Intersection": "LEONARD ST & CAMBRIDGE ST", "Jurisdiction": "COV", "POINT_X": 473743.1480999999, "POINT_Y": 5362042.2333}}, {"type": "Feature", "id": 1080, "geometry": {"type": "MultiPoint", "coordinates": [[-123.3783698444022, 48.412386898619886]]}, "properties": {"OBJECTID": 1080, "StreetName1": "DALLAS RD", "StreetName2": "LEWIS ST", "Intersection": "LEWIS ST & DALLAS RD", "Jurisdiction": "COV", "POINT_X": 472002.1308000004, "POINT_Y": 5362205.487199999}}, {"type": "Feature", "id": 1081, "geometry": {"type": "MultiPoint", "coordinates": [[-123.37794567106594, 48.41277447904832]]}, "properties": {"OBJECTID": 1081, "StreetName1": "DUNELM WYNDE", "StreetName2": "LEWIS ST", "Intersection": "LEWIS ST & DUNELM WYNDE", "Jurisdiction": "COV", "POINT_X": 472033.73170000035, "POINT_Y": 5362248.4132}}, {"type": "Feature", "id": 1082, "geometry": {"type": "MultiPoint", "coordinates": [[-123.37771511525972, 48.412985143865335]]}, "properties": {"OBJECTID": 1082, "StreetName1": "BROTCHY LANE", "StreetName2": "LEWIS ST", "Intersection": "LEWIS ST & BROTCHY LANE", "Jurisdiction": "COV", "POINT_X": 472050.9079, "POINT_Y": 5362271.745200001}}, {"type": "Feature", "id": 1083, "geometry": {"type": "MultiPoint", "coordinates": [[-123.33278696763665, 48.41319924502363]]}, "properties": {"OBJECTID": 1083, "StreetName1": "BEECHWOOD AVE", "StreetName2": "LILLIAN RD", "Intersection": "LILLIAN RD & BEECHWOOD AVE", "Jurisdiction": "COV", "POINT_X": 475375.6054999996, "POINT_Y": 5362280.125399999}}, {"type": "Feature", "id": 1084, "geometry": {"type": "MultiPoint", "coordinates": [[-123.32878399601272, 48.41317379274392]]}, "properties": {"OBJECTID": 1084, "StreetName1": "IRVING RD", "StreetName2": "LILLIAN RD", "Intersection": "LILLIAN RD & IRVING RD", "Jurisdiction": "COV", "POINT_X": 475671.80420000013, "POINT_Y": 5362276.017200001}}, {"type": "Feature", "id": 1085, "geometry": {"type": "MultiPoint", "coordinates": [[-123.35444643388945, 48.40739890366649]]}, "properties": {"OBJECTID": 1085, "StreetName1": "DALLAS RD", "StreetName2": "LINDEN AVE", "Intersection": "LINDEN AVE & DALLAS RD", "Jurisdiction": "COV", "POINT_X": 473769.87119999994, "POINT_Y": 5361642.586200001}}, {"type": "Feature", "id": 1086, "geometry": {"type": "MultiPoint", "coordinates": [[-123.35382444510086, 48.40992301941146]]}, "properties": {"OBJECTID": 1086, "StreetName1": "FAITHFUL ST", "StreetName2": "LINDEN AVE", "Intersection": "LINDEN AVE & FAITHFUL ST", "Jurisdiction": "COV", "POINT_X": 473817.19799999986, "POINT_Y": 5361922.9377999995}}, {"type": "Feature", "id": 1087, "geometry": {"type": "MultiPoint", "coordinates": [[-123.35312916140785, 48.41273337600528]]}, "properties": {"OBJECTID": 1087, "StreetName1": "CHAPMAN ST", "StreetName2": "LINDEN AVE", "Intersection": "LINDEN AVE & CHAPMAN ST", "Jurisdiction": "COV", "POINT_X": 473870.0906999996, "POINT_Y": 5362235.081599999}}, {"type": "Feature", "id": 1088, "geometry": {"type": "MultiPoint", "coordinates": [[-123.35224729346955, 48.41635218071184]]}, "properties": {"OBJECTID": 1088, "StreetName1": "HILDA ST", "StreetName2": "LINDEN AVE", "Intersection": "LINDEN AVE & HILDA ST", "Jurisdiction": "COV", "POINT_X": 473937.1972000003, "POINT_Y": 5362637.024499999}}, {"type": "Feature", "id": 1089, "geometry": {"type": "MultiPoint", "coordinates": [[-123.35211433607928, 48.416895211108745]]}, "properties": {"OBJECTID": 1089, "StreetName1": "FAIRFIELD RD", "StreetName2": "LINDEN AVE", "Intersection": "LINDEN AVE & FAIRFIELD RD", "Jurisdiction": "COV", "POINT_X": 473947.31259999983, "POINT_Y": 5362697.3390999995}}, {"type": "Feature", "id": 1090, "geometry": {"type": "MultiPoint", "coordinates": [[-123.35114767727903, 48.420894135159855]]}, "properties": {"OBJECTID": 1090, "StreetName1": "BURDETT AVE", "StreetName2": "LINDEN AVE", "Intersection": "LINDEN AVE & BURDETT AVE", "Jurisdiction": "COV", "POINT_X": 474020.87569999974, "POINT_Y": 5363141.506100001}}, {"type": "Feature", "id": 1091, "geometry": {"type": "MultiPoint", "coordinates": [[-123.35061865586249, 48.4230235937816]]}, "properties": {"OBJECTID": 1091, "StreetName1": "FORT ST", "StreetName2": "LINDEN AVE", "Intersection": "LINDEN AVE & FORT ST", "Jurisdiction": "COV", "POINT_X": 474061.09970000014, "POINT_Y": 5363378.0242}}, {"type": "Feature", "id": 1092, "geometry": {"type": "MultiPoint", "coordinates": [[-123.34502891479451, 48.41685500854995]]}, "properties": {"OBJECTID": 1092, "StreetName1": "CARNSEW ST", "StreetName2": "LOTBINIERE AVE", "Intersection": "LOTBINIERE AVE & CARNSEW ST", "Jurisdiction": "COV", "POINT_X": 474477.6465999996, "POINT_Y": 5362684.216700001}}, {"type": "Feature", "id": 1093, "geometry": {"type": "MultiPoint", "coordinates": [[-123.3911437925313, 48.44330912970075]]}, "properties": {"OBJECTID": 1093, "StreetName1": "HARRIET RD", "StreetName2": "LOTUS ST", "Intersection": "LOTUS ST & HARRIET RD", "Jurisdiction": "COV", "POINT_X": 471074.4275000002, "POINT_Y": 5365647.3599}}, {"type": "Feature", "id": 1094, "geometry": {"type": "MultiPoint", "coordinates": [[-123.38918302511907, 48.44238883119043]]}, "properties": {"OBJECTID": 1094, "StreetName1": "IRMA ST", "StreetName2": "LOTUS ST", "Intersection": "LOTUS ST & IRMA ST", "Jurisdiction": "COV", "POINT_X": 471218.9140999997, "POINT_Y": 5365544.325999999}}, {"type": "Feature", "id": 1095, "geometry": {"type": "MultiPoint", "coordinates": [[-123.36121741218459, 48.41035899670038]]}, "properties": {"OBJECTID": 1095, "StreetName1": "CAMAS CIR", "StreetName2": "LOVERS LANE", "Intersection": "LOVERS LANE & CAMAS CIR", "Jurisdiction": "COV", "POINT_X": 473270.3287000004, "POINT_Y": 5361973.9515}}, {"type": "Feature", "id": 1096, "geometry": {"type": "MultiPoint", "coordinates": [[-123.37066569971024, 48.43666222121223]]}, "properties": {"OBJECTID": 1096, "StreetName1": "JOHN ST", "StreetName2": "LUDGATE ST", "Intersection": "LUDGATE ST & JOHN ST", "Jurisdiction": "COV", "POINT_X": 472585.2876000004, "POINT_Y": 5364900.9947}}, {"type": "Feature", "id": 1097, "geometry": {"type": "MultiPoint", "coordinates": [[-123.37038671397238, 48.435969556765585]]}, "properties": {"OBJECTID": 1097, "StreetName1": "BAY ST", "StreetName2": "LUDGATE ST", "Intersection": "LUDGATE ST & BAY ST", "Jurisdiction": "COV", "POINT_X": 472605.5499999998, "POINT_Y": 5364823.9024}}, {"type": "Feature", "id": 1098, "geometry": {"type": "MultiPoint", "coordinates": [[-123.3788561207211, 48.41401950590288]]}, "properties": {"OBJECTID": 1098, "StreetName1": "BOYD ST", "StreetName2": "LUXTON AVE", "Intersection": "LUXTON AVE & BOYD ST", "Jurisdiction": "COV", "POINT_X": 471967.0444, "POINT_Y": 5362387.135199999}}, {"type": "Feature", "id": 1099, "geometry": {"type": "MultiPoint", "coordinates": [[-123.33438242743709, 48.432559737595184]]}, "properties": {"OBJECTID": 1099, "StreetName1": "DENMAN ST", "StreetName2": "LYDIA ST", "Intersection": "LYDIA ST & DENMAN ST", "Jurisdiction": "COV", "POINT_X": 475266.94020000007, "POINT_Y": 5364432.6325}}, {"type": "Feature", "id": 1100, "geometry": {"type": "MultiPoint", "coordinates": [[-123.3265799706464, 48.42419432157732]]}, "properties": {"OBJECTID": 1100, "StreetName1": "BRIGHTON AVE", "StreetName2": "MADDISON ST", "Intersection": "MADDISON ST & BRIGHTON AVE", "Jurisdiction": "COV", "POINT_X": 475840.1200000001, "POINT_Y": 5363500.2928}}, {"type": "Feature", "id": 1101, "geometry": {"type": "MultiPoint", "coordinates": [[-123.32654485305353, 48.42278947043202]]}, "properties": {"OBJECTID": 1101, "StreetName1": "LAWNDALE AVE", "StreetName2": "MADDISON ST", "Intersection": "MADDISON ST & LAWNDALE AVE", "Jurisdiction": "COV", "POINT_X": 475842.05229999963, "POINT_Y": 5363344.1271}}, {"type": "Feature", "id": 1102, "geometry": {"type": "MultiPoint", "coordinates": [[-123.38679385822302, 48.44739195670631]]}, "properties": {"OBJECTID": 1102, "StreetName1": "HARRIET RD", "StreetName2": "MADDOCK AVE E", "Intersection": "MADDOCK AVE E & HARRIET RD", "Jurisdiction": "COV", "POINT_X": 471398.41509999987, "POINT_Y": 5366099.549000001}}, {"type": "Feature", "id": 1103, "geometry": {"type": "MultiPoint", "coordinates": [[-123.3854025730659, 48.44670471546241]]}, "properties": {"OBJECTID": 1103, "StreetName1": "IRMA ST", "StreetName2": "MADDOCK AVE E", "Intersection": "MADDOCK AVE E & IRMA ST", "Jurisdiction": "COV", "POINT_X": 471500.91339999996, "POINT_Y": 5366022.6404}}, {"type": "Feature", "id": 1104, "geometry": {"type": "MultiPoint", "coordinates": [[-123.38424424187197, 48.44613251705041]]}, "properties": {"OBJECTID": 1104, "StreetName1": "BALFOUR AVE", "StreetName2": "MADDOCK AVE E", "Intersection": "MADDOCK AVE E & BALFOUR AVE", "Jurisdiction": "COV", "POINT_X": 471586.2516999999, "POINT_Y": 5365958.6076}}, {"type": "Feature", "id": 1105, "geometry": {"type": "MultiPoint", "coordinates": [[-123.39037324724814, 48.43078305559559]]}, "properties": {"OBJECTID": 1105, "StreetName1": "ESQUIMALT RD", "StreetName2": "MAITLAND ST", "Intersection": "MAITLAND ST & ESQUIMALT RD", "Jurisdiction": "COV", "POINT_X": 471124.31439999957, "POINT_Y": 5364254.7455}}, {"type": "Feature", "id": 1106, "geometry": {"type": "MultiPoint", "coordinates": [[-123.34945609760885, 48.446252183192286]]}, "properties": {"OBJECTID": 1106, "StreetName1": "COOK ST", "StreetName2": "MALLEK CRES", "Intersection": "MALLEK CRES & COOK ST", "Jurisdiction": "COV", "POINT_X": 474158.8923000004, "POINT_Y": 5365959.582699999}}, {"type": "Feature", "id": 1107, "geometry": {"type": "MultiPoint", "coordinates": [[-123.34922149650801, 48.44532062244213]]}, "properties": {"OBJECTID": 1107, "StreetName1": "COOK ST", "StreetName2": "MALLEK CRES", "Intersection": "MALLEK CRES & COOK ST", "Jurisdiction": "COV", "POINT_X": 474175.7686999999, "POINT_Y": 5365855.956599999}}, {"type": "Feature", "id": 1108, "geometry": {"type": "MultiPoint", "coordinates": [[-123.37347696202582, 48.44224943469407]]}, "properties": {"OBJECTID": 1108, "StreetName1": "CECELIA RD", "StreetName2": "MANCHESTER RD", "Intersection": "MANCHESTER RD & CECELIA RD", "Jurisdiction": "COV", "POINT_X": 472380.38549999986, "POINT_Y": 5365523.046700001}}, {"type": "Feature", "id": 1109, "geometry": {"type": "MultiPoint", "coordinates": [[-123.37058722991951, 48.44261694845615]]}, "properties": {"OBJECTID": 1109, "StreetName1": "BURNSIDE RD E", "StreetName2": "MANCHESTER RD", "Intersection": "MANCHESTER RD & BURNSIDE RD E", "Jurisdiction": "COV", "POINT_X": 472594.2949000001, "POINT_Y": 5365562.858999999}}, {"type": "Feature", "id": 1110, "geometry": {"type": "MultiPoint", "coordinates": [[-123.34243071295734, 48.42050480371079]]}, "properties": {"OBJECTID": 1110, "StreetName1": "JOAN CRES", "StreetName2": "MANOR RD", "Intersection": "MANOR RD & JOAN CRES", "Jurisdiction": "COV", "POINT_X": 474665.62040000036, "POINT_Y": 5363095.3104}}, {"type": "Feature", "id": 1111, "geometry": {"type": "MultiPoint", "coordinates": [[-123.36960148813108, 48.41480173365943]]}, "properties": {"OBJECTID": 1111, "StreetName1": "GOVERNMENT ST", "StreetName2": "MARIFIELD AVE", "Intersection": "MARIFIELD AVE & GOVERNMENT ST", "Jurisdiction": "COV", "POINT_X": 472652.27440000046, "POINT_Y": 5362470.7371}}, {"type": "Feature", "id": 1112, "geometry": {"type": "MultiPoint", "coordinates": [[-123.36735210632993, 48.43907863317788]]}, "properties": {"OBJECTID": 1112, "StreetName1": "DOUGLAS ST", "StreetName2": "MARKET ST", "Intersection": "MARKET ST & DOUGLAS ST", "Jurisdiction": "COV", "POINT_X": 472831.6616000002, "POINT_Y": 5365168.4077}}, {"type": "Feature", "id": 1113, "geometry": {"type": "MultiPoint", "coordinates": [[-123.36365954007101, 48.43975956894364]]}, "properties": {"OBJECTID": 1113, "StreetName1": "BLANSHARD ST", "StreetName2": "MARKET ST", "Intersection": "MARKET ST & BLANSHARD ST", "Jurisdiction": "COV", "POINT_X": 473105.1238000002, "POINT_Y": 5365242.7929}}, {"type": "Feature", "id": 1114, "geometry": {"type": "MultiPoint", "coordinates": [[-123.35658856035417, 48.40788035604684]]}, "properties": {"OBJECTID": 1114, "StreetName1": "DALLAS RD", "StreetName2": "MARLBOROUGH ST", "Intersection": "MARLBOROUGH ST & DALLAS RD", "Jurisdiction": "COV", "POINT_X": 473611.5898000002, "POINT_Y": 5361696.836999999}}, {"type": "Feature", "id": 1115, "geometry": {"type": "MultiPoint", "coordinates": [[-123.35372746673023, 48.447218326916534]]}, "properties": {"OBJECTID": 1115, "StreetName1": "FINLAYSON ST", "StreetName2": "MARS ST", "Intersection": "MARS ST & FINLAYSON ST", "Jurisdiction": "COV", "POINT_X": 473843.5218000002, "POINT_Y": 5366068.4242}}, {"type": "Feature", "id": 1116, "geometry": {"type": "MultiPoint", "coordinates": [[-123.38605249853045, 48.43469289779096]]}, "properties": {"OBJECTID": 1116, "StreetName1": "LANGFORD ST", "StreetName2": "MARY ST", "Intersection": "MARY ST & LANGFORD ST", "Jurisdiction": "COV", "POINT_X": 471446.12040000036, "POINT_Y": 5364687.719699999}}, {"type": "Feature", "id": 1117, "geometry": {"type": "MultiPoint", "coordinates": [[-123.38604415596875, 48.43424073415799]]}, "properties": {"OBJECTID": 1117, "StreetName1": "BELLA ST", "StreetName2": "MARY ST", "Intersection": "MARY ST & BELLA ST", "Jurisdiction": "COV", "POINT_X": 471446.4841, "POINT_Y": 5364637.456800001}}, {"type": "Feature", "id": 1118, "geometry": {"type": "MultiPoint", "coordinates": [[-123.3860358149309, 48.43378857048382]]}, "properties": {"OBJECTID": 1118, "StreetName1": "EDWARD ST", "StreetName2": "MARY ST", "Intersection": "MARY ST & EDWARD ST", "Jurisdiction": "COV", "POINT_X": 471446.8476999998, "POINT_Y": 5364587.1939}}, {"type": "Feature", "id": 1119, "geometry": {"type": "MultiPoint", "coordinates": [[-123.38600572486756, 48.43215600526833]]}, "properties": {"OBJECTID": 1119, "StreetName1": "HENRY ST", "StreetName2": "MARY ST", "Intersection": "MARY ST & HENRY ST", "Jurisdiction": "COV", "POINT_X": 471448.15869999956, "POINT_Y": 5364405.716600001}}, {"type": "Feature", "id": 1120, "geometry": {"type": "MultiPoint", "coordinates": [[-123.38598964620581, 48.43127471295127]]}, "properties": {"OBJECTID": 1120, "StreetName1": "DUNDAS ST", "StreetName2": "MARY ST", "Intersection": "MARY ST & DUNDAS ST", "Jurisdiction": "COV", "POINT_X": 471448.8542999998, "POINT_Y": 5364307.751499999}}, {"type": "Feature", "id": 1121, "geometry": {"type": "MultiPoint", "coordinates": [[-123.38597356434857, 48.43039291310352]]}, "properties": {"OBJECTID": 1121, "StreetName1": "ESQUIMALT RD", "StreetName2": "MARY ST", "Intersection": "MARY ST & ESQUIMALT RD", "Jurisdiction": "COV", "POINT_X": 471449.5499, "POINT_Y": 5364209.73}}, {"type": "Feature", "id": 1122, "geometry": {"type": "MultiPoint", "coordinates": [[-123.36039815110725, 48.42809131472516]]}, "properties": {"OBJECTID": 1122, "StreetName1": "AMELIA ST", "StreetName2": "MASON ST", "Intersection": "MASON ST & AMELIA ST", "Jurisdiction": "COV", "POINT_X": 473340.22950000037, "POINT_Y": 5363944.679199999}}, {"type": "Feature", "id": 1123, "geometry": {"type": "MultiPoint", "coordinates": [[-123.35317643701322, 48.428162803228744]]}, "properties": {"OBJECTID": 1123, "StreetName1": "COOK ST", "StreetName2": "MASON ST", "Intersection": "MASON ST & COOK ST", "Jurisdiction": "COV", "POINT_X": 473874.50040000025, "POINT_Y": 5363950.136600001}}, {"type": "Feature", "id": 1124, "geometry": {"type": "MultiPoint", "coordinates": [[-123.3502669817458, 48.42756742292491]]}, "properties": {"OBJECTID": 1124, "StreetName1": "CHAMBERS ST", "StreetName2": "MASON ST", "Intersection": "MASON ST & CHAMBERS ST", "Jurisdiction": "COV", "POINT_X": 474089.42760000005, "POINT_Y": 5363882.9693}}, {"type": "Feature", "id": 1125, "geometry": {"type": "MultiPoint", "coordinates": [[-123.34623075445255, 48.414328634577515]]}, "properties": {"OBJECTID": 1125, "StreetName1": "FAIRFIELD RD", "StreetName2": "MASTERS RD", "Intersection": "MASTERS RD & FAIRFIELD RD", "Jurisdiction": "COV", "POINT_X": 474381.36319999956, "POINT_Y": 5362410.0702}}, {"type": "Feature", "id": 1126, "geometry": {"type": "MultiPoint", "coordinates": [[-123.34605601186867, 48.41285222252721]]}, "properties": {"OBJECTID": 1126, "StreetName1": "LILLOOET HTS", "StreetName2": "MASTERS RD", "Intersection": "MASTERS RD & LILLOOET HTS", "Jurisdiction": "COV", "POINT_X": 474393.5521, "POINT_Y": 5362245.9032000005}}, {"type": "Feature", "id": 1127, "geometry": {"type": "MultiPoint", "coordinates": [[-123.33803262092765, 48.424716871390565]]}, "properties": {"OBJECTID": 1127, "StreetName1": "BELMONT AVE", "StreetName2": "MAUD ST", "Intersection": "MAUD ST & BELMONT AVE", "Jurisdiction": "COV", "POINT_X": 474993.08889999986, "POINT_Y": 5363562.0524}}, {"type": "Feature", "id": 1128, "geometry": {"type": "MultiPoint", "coordinates": [[-123.35732500301201, 48.412221360341896]]}, "properties": {"OBJECTID": 1128, "StreetName1": "COOK ST", "StreetName2": "MAY ST", "Intersection": "MAY ST & COOK ST", "Jurisdiction": "COV", "POINT_X": 473559.33970000036, "POINT_Y": 5362179.608999999}}, {"type": "Feature", "id": 1129, "geometry": {"type": "MultiPoint", "coordinates": [[-123.35460432972586, 48.4119265973027]]}, "properties": {"OBJECTID": 1129, "StreetName1": "CAMBRIDGE ST", "StreetName2": "MAY ST", "Intersection": "MAY ST & CAMBRIDGE ST", "Jurisdiction": "COV", "POINT_X": 473760.51549999975, "POINT_Y": 5362145.909499999}}, {"type": "Feature", "id": 1130, "geometry": {"type": "MultiPoint", "coordinates": [[-123.35336478360566, 48.411792275587686]]}, "properties": {"OBJECTID": 1130, "StreetName1": "LINDEN AVE", "StreetName2": "MAY ST", "Intersection": "MAY ST & LINDEN AVE", "Jurisdiction": "COV", "POINT_X": 473852.17250000034, "POINT_Y": 5362130.555299999}}, {"type": "Feature", "id": 1131, "geometry": {"type": "MultiPoint", "coordinates": [[-123.35093977390514, 48.41152944856603]]}, "properties": {"OBJECTID": 1131, "StreetName1": "HOWE ST", "StreetName2": "MAY ST", "Intersection": "MAY ST & HOWE ST", "Jurisdiction": "COV", "POINT_X": 474031.4888000004, "POINT_Y": 5362100.5162}}, {"type": "Feature", "id": 1132, "geometry": {"type": "MultiPoint", "coordinates": [[-123.34734406370454, 48.41113961790776]]}, "properties": {"OBJECTID": 1132, "StreetName1": "JOSEPH ST", "StreetName2": "MAY ST", "Intersection": "MAY ST & JOSEPH ST", "Jurisdiction": "COV", "POINT_X": 474297.37540000025, "POINT_Y": 5362055.9724}}, {"type": "Feature", "id": 1133, "geometry": {"type": "MultiPoint", "coordinates": [[-123.34612723393231, 48.41100766689357]]}, "properties": {"OBJECTID": 1133, "StreetName1": "EBERTS ST", "StreetName2": "MAY ST", "Intersection": "MAY ST & EBERTS ST", "Jurisdiction": "COV", "POINT_X": 474387.35539999977, "POINT_Y": 5362040.898}}, {"type": "Feature", "id": 1134, "geometry": {"type": "MultiPoint", "coordinates": [[-123.39186366271505, 48.434927607932295]]}, "properties": {"OBJECTID": 1134, "StreetName1": "LANGFORD ST", "StreetName2": "MCCASKILL ST", "Intersection": "MCCASKILL ST & LANGFORD ST", "Jurisdiction": "COV", "POINT_X": 471016.42250000034, "POINT_Y": 5364715.991900001}}, {"type": "Feature", "id": 1135, "geometry": {"type": "MultiPoint", "coordinates": [[-123.39188148515005, 48.43412763613448], [-123.39151414744809, 48.434130486953876]]}, "properties": {"OBJECTID": 1135, "StreetName1": "GRIFFITHS ST", "StreetName2": "MCCASKILL ST", "Intersection": "MCCASKILL ST & GRIFFITHS ST", "Jurisdiction": "COV", "POINT_X": 471028.23549999984, "POINT_Y": 5364627.16755}}, {"type": "Feature", "id": 1136, "geometry": {"type": "MultiPoint", "coordinates": [[-123.35477992662298, 48.420454790543594]]}, "properties": {"OBJECTID": 1136, "StreetName1": "COOK ST", "StreetName2": "MCCLURE ST", "Intersection": "MCCLURE ST & COOK ST", "Jurisdiction": "COV", "POINT_X": 473751.9118999997, "POINT_Y": 5363093.909700001}}, {"type": "Feature", "id": 1137, "geometry": {"type": "MultiPoint", "coordinates": [[-123.35134667105481, 48.42008033171618]]}, "properties": {"OBJECTID": 1137, "StreetName1": "LINDEN AVE", "StreetName2": "MCCLURE ST", "Intersection": "MCCLURE ST & LINDEN AVE", "Jurisdiction": "COV", "POINT_X": 474005.73790000007, "POINT_Y": 5363051.1163}}, {"type": "Feature", "id": 1138, "geometry": {"type": "MultiPoint", "coordinates": [[-123.35634061077073, 48.41502241624863]]}, "properties": {"OBJECTID": 1138, "StreetName1": "COOK ST", "StreetName2": "MCKENZIE ST", "Intersection": "MCKENZIE ST & COOK ST", "Jurisdiction": "COV", "POINT_X": 473633.6321999999, "POINT_Y": 5362490.6172}}, {"type": "Feature", "id": 1139, "geometry": {"type": "MultiPoint", "coordinates": [[-123.35391499975516, 48.414742688126736]]}, "properties": {"OBJECTID": 1139, "StreetName1": "CHESTER AVE", "StreetName2": "MCKENZIE ST", "Intersection": "MCKENZIE ST & CHESTER AVE", "Jurisdiction": "COV", "POINT_X": 473812.9718000004, "POINT_Y": 5362458.692299999}}, {"type": "Feature", "id": 1140, "geometry": {"type": "MultiPoint", "coordinates": [[-123.35267634682249, 48.41459981763998]]}, "properties": {"OBJECTID": 1140, "StreetName1": "LINDEN AVE", "StreetName2": "MCKENZIE ST", "Intersection": "MCKENZIE ST & LINDEN AVE", "Jurisdiction": "COV", "POINT_X": 473904.5533999996, "POINT_Y": 5362442.389}}, {"type": "Feature", "id": 1141, "geometry": {"type": "MultiPoint", "coordinates": [[-123.34941959123896, 48.44608967589672]]}, "properties": {"OBJECTID": 1141, "StreetName1": "COOK ST", "StreetName2": "MCNAIR ST", "Intersection": "MCNAIR ST & COOK ST", "Jurisdiction": "COV", "POINT_X": 474161.5094999997, "POINT_Y": 5365941.506999999}}, {"type": "Feature", "id": 1142, "geometry": {"type": "MultiPoint", "coordinates": [[-123.32341498568078, 48.42031845427566]]}, "properties": {"OBJECTID": 1142, "StreetName1": "FOUL BAY RD", "StreetName2": "MCNEILL AVE", "Intersection": "MCNEILL AVE & FOUL BAY RD", "Jurisdiction": "COV", "POINT_X": 476072.45210000034, "POINT_Y": 5363068.481699999}}, {"type": "Feature", "id": 1143, "geometry": {"type": "MultiPoint", "coordinates": [[-123.35417908616732, 48.422900746282565]]}, "properties": {"OBJECTID": 1143, "StreetName1": "COOK ST", "StreetName2": "MEARES ST", "Intersection": "MEARES ST & COOK ST", "Jurisdiction": "COV", "POINT_X": 473797.6235999996, "POINT_Y": 5363365.5812}}, {"type": "Feature", "id": 1145, "geometry": {"type": "MultiPoint", "coordinates": [[-123.34438953141668, 48.410113213088465]]}, "properties": {"OBJECTID": 1145, "StreetName1": "BUSHBY ST", "StreetName2": "MEMORIAL CRES", "Intersection": "MEMORIAL CRES & BUSHBY ST", "Jurisdiction": "COV", "POINT_X": 474515.5, "POINT_Y": 5361940.8967}}, {"type": "Feature", "id": 1146, "geometry": {"type": "MultiPoint", "coordinates": [[-123.34427765647695, 48.41080707299041]]}, "properties": {"OBJECTID": 1146, "StreetName1": "MAY ST", "StreetName2": "MEMORIAL CRES", "Intersection": "MEMORIAL CRES & MAY ST", "Jurisdiction": "COV", "POINT_X": 474524.1255999999, "POINT_Y": 5362017.9845}}, {"type": "Feature", "id": 1147, "geometry": {"type": "MultiPoint", "coordinates": [[-123.34355645037988, 48.41234767173061], [-123.34317300836464, 48.41206549092143]]}, "properties": {"OBJECTID": 1147, "StreetName1": "FAIRFIELD RD", "StreetName2": "MEMORIAL CRES", "Intersection": "MEMORIAL CRES & FAIRFIELD RD", "Jurisdiction": "COV", "POINT_X": 474592.38060000003, "POINT_Y": 5362173.241700001}}, {"type": "Feature", "id": 1148, "geometry": {"type": "MultiPoint", "coordinates": [[-123.37758029954907, 48.412011030154176]]}, "properties": {"OBJECTID": 1148, "StreetName1": "DALLAS RD", "StreetName2": "MENZIES ST", "Intersection": "MENZIES ST & DALLAS RD", "Jurisdiction": "COV", "POINT_X": 472060.35030000005, "POINT_Y": 5362163.4198}}, {"type": "Feature", "id": 1149, "geometry": {"type": "MultiPoint", "coordinates": [[-123.37693405566576, 48.412612615058784]]}, "properties": {"OBJECTID": 1149, "StreetName1": "BROTCHY LANE", "StreetName2": "MENZIES ST", "Intersection": "MENZIES ST & BROTCHY LANE", "Jurisdiction": "COV", "POINT_X": 472108.50100000016, "POINT_Y": 5362230.0526}}, {"type": "Feature", "id": 1150, "geometry": {"type": "MultiPoint", "coordinates": [[-123.3718141120407, 48.41921568755207]]}, "properties": {"OBJECTID": 1150, "StreetName1": "KINGSTON ST", "StreetName2": "MENZIES ST", "Intersection": "MENZIES ST & KINGSTON ST", "Jurisdiction": "COV", "POINT_X": 472490.93200000003, "POINT_Y": 5362962.1566}}, {"type": "Feature", "id": 1151, "geometry": {"type": "MultiPoint", "coordinates": [[-123.37094771882683, 48.42080501626889]]}, "properties": {"OBJECTID": 1151, "StreetName1": "BELLEVILLE ST", "StreetName2": "MENZIES ST", "Intersection": "MENZIES ST & BELLEVILLE ST", "Jurisdiction": "COV", "POINT_X": 472555.89109999966, "POINT_Y": 5363138.5056}}, {"type": "Feature", "id": 1152, "geometry": {"type": "MultiPoint", "coordinates": [[-123.3500726110512, 48.44856116321319]]}, "properties": {"OBJECTID": 1152, "StreetName1": "COOK ST", "StreetName2": "MERRITT PL", "Intersection": "MERRITT PL & COOK ST", "Jurisdiction": "COV", "POINT_X": 474114.47479999997, "POINT_Y": 5366216.444}}, {"type": "Feature", "id": 1153, "geometry": {"type": "MultiPoint", "coordinates": [[-123.35320816406853, 48.448128500428474]]}, "properties": {"OBJECTID": 1153, "StreetName1": "HIGHVIEW ST", "StreetName2": "MERRITT ST", "Intersection": "MERRITT ST & HIGHVIEW ST", "Jurisdiction": "COV", "POINT_X": 473882.3901000004, "POINT_Y": 5366169.4166}}, {"type": "Feature", "id": 1154, "geometry": {"type": "MultiPoint", "coordinates": [[-123.3500726110512, 48.44856116321319]]}, "properties": {"OBJECTID": 1154, "StreetName1": "COOK ST", "StreetName2": "MERRITT ST", "Intersection": "MERRITT ST & COOK ST", "Jurisdiction": "COV", "POINT_X": 474114.47479999997, "POINT_Y": 5366216.444}}, {"type": "Feature", "id": 1155, "geometry": {"type": "MultiPoint", "coordinates": [[-123.37595915412837, 48.418348311720386]]}, "properties": {"OBJECTID": 1155, "StreetName1": "ALMA PL", "StreetName2": "MICHIGAN ST", "Intersection": "MICHIGAN ST & ALMA PL", "Jurisdiction": "COV", "POINT_X": 472183.77139999997, "POINT_Y": 5362867.241599999}}, {"type": "Feature", "id": 1156, "geometry": {"type": "MultiPoint", "coordinates": [[-123.37303132475341, 48.41696344837147]]}, "properties": {"OBJECTID": 1156, "StreetName1": "MENZIES ST", "StreetName2": "MICHIGAN ST", "Intersection": "MICHIGAN ST & MENZIES ST", "Jurisdiction": "COV", "POINT_X": 472399.65249999985, "POINT_Y": 5362712.2498}}, {"type": "Feature", "id": 1157, "geometry": {"type": "MultiPoint", "coordinates": [[-123.36995471287223, 48.41710558178035]]}, "properties": {"OBJECTID": 1157, "StreetName1": "HEATHER ST", "StreetName2": "MICHIGAN ST", "Intersection": "MICHIGAN ST & HEATHER ST", "Jurisdiction": "COV", "POINT_X": 472627.3742000004, "POINT_Y": 5362726.944399999}}, {"type": "Feature", "id": 1158, "geometry": {"type": "MultiPoint", "coordinates": [[-123.36886985028025, 48.417177715472604]]}, "properties": {"OBJECTID": 1158, "StreetName1": "GOVERNMENT ST", "StreetName2": "MICHIGAN ST", "Intersection": "MICHIGAN ST & GOVERNMENT ST", "Jurisdiction": "COV", "POINT_X": 472707.68400000036, "POINT_Y": 5362734.575200001}}, {"type": "Feature", "id": 1159, "geometry": {"type": "MultiPoint", "coordinates": [[-123.38593906831443, 48.42850099330326]]}, "properties": {"OBJECTID": 1159, "StreetName1": "MARY ST", "StreetName2": "MILNE ST", "Intersection": "MILNE ST & MARY ST", "Jurisdiction": "COV", "POINT_X": 471451.0418999996, "POINT_Y": 5363999.422900001}}, {"type": "Feature", "id": 1160, "geometry": {"type": "MultiPoint", "coordinates": [[-123.3346200209862, 48.42016403982913]]}, "properties": {"OBJECTID": 1160, "StreetName1": "GONZALES AVE", "StreetName2": "MONTGOMERY AVE", "Intersection": "MONTGOMERY AVE & GONZALES AVE", "Jurisdiction": "COV", "POINT_X": 475243.34559999965, "POINT_Y": 5363054.8791000005}}, {"type": "Feature", "id": 1161, "geometry": {"type": "MultiPoint", "coordinates": [[-123.38472963856022, 48.41591080037966]]}, "properties": {"OBJECTID": 1161, "StreetName1": "DALLAS RD", "StreetName2": "MONTREAL ST", "Intersection": "MONTREAL ST & DALLAS RD", "Jurisdiction": "COV", "POINT_X": 471533.4804999996, "POINT_Y": 5362599.525599999}}, {"type": "Feature", "id": 1162, "geometry": {"type": "MultiPoint", "coordinates": [[-123.38227570642012, 48.41818281543345]]}, "properties": {"OBJECTID": 1162, "StreetName1": "LADYSMITH ST", "StreetName2": "MONTREAL ST", "Intersection": "MONTREAL ST & LADYSMITH ST", "Jurisdiction": "COV", "POINT_X": 471716.3164999997, "POINT_Y": 5362851.1592999995}}, {"type": "Feature", "id": 1163, "geometry": {"type": "MultiPoint", "coordinates": [[-123.38210853781752, 48.41833920716824]]}, "properties": {"OBJECTID": 1163, "StreetName1": "DOBINSON ST", "StreetName2": "MONTREAL ST", "Intersection": "MONTREAL ST & DOBINSON ST", "Jurisdiction": "COV", "POINT_X": 471728.7720999997, "POINT_Y": 5362868.4811}}, {"type": "Feature", "id": 1164, "geometry": {"type": "MultiPoint", "coordinates": [[-123.38008480854666, 48.420336061879986]]}, "properties": {"OBJECTID": 1164, "StreetName1": "MICHIGAN ST", "StreetName2": "MONTREAL ST", "Intersection": "MONTREAL ST & MICHIGAN ST", "Jurisdiction": "COV", "POINT_X": 471879.6096999999, "POINT_Y": 5363089.6939}}, {"type": "Feature", "id": 1165, "geometry": {"type": "MultiPoint", "coordinates": [[-123.37856755847434, 48.42174839535705]]}, "properties": {"OBJECTID": 1165, "StreetName1": "KINGSTON ST", "StreetName2": "MONTREAL ST", "Intersection": "MONTREAL ST & KINGSTON ST", "Jurisdiction": "COV", "POINT_X": 471992.6429000003, "POINT_Y": 5363246.1241}}, {"type": "Feature", "id": 1166, "geometry": {"type": "MultiPoint", "coordinates": [[-123.35449926487686, 48.4424114943984]]}, "properties": {"OBJECTID": 1166, "StreetName1": "BLACKWOOD ST", "StreetName2": "MONTROSE AVE", "Intersection": "MONTROSE AVE & BLACKWOOD ST", "Jurisdiction": "COV", "POINT_X": 473783.97479999997, "POINT_Y": 5365534.3884}}, {"type": "Feature", "id": 1167, "geometry": {"type": "MultiPoint", "coordinates": [[-123.33429053231822, 48.42791944006789]]}, "properties": {"OBJECTID": 1167, "StreetName1": "FORT ST", "StreetName2": "MORRISON ST", "Intersection": "MORRISON ST & FORT ST", "Jurisdiction": "COV", "POINT_X": 475271.48620000016, "POINT_Y": 5363916.815300001}}, {"type": "Feature", "id": 1168, "geometry": {"type": "MultiPoint", "coordinates": [[-123.3446987289418, 48.413195045619815]]}, "properties": {"OBJECTID": 1168, "StreetName1": "FAIRFIELD RD", "StreetName2": "MOSS ROCK PL", "Intersection": "MOSS ROCK PL & FAIRFIELD RD", "Jurisdiction": "COV", "POINT_X": 474494.1601, "POINT_Y": 5362283.556399999}}, {"type": "Feature", "id": 1169, "geometry": {"type": "MultiPoint", "coordinates": [[-123.35109264202354, 48.40604657468684]]}, "properties": {"OBJECTID": 1169, "StreetName1": "DALLAS RD", "StreetName2": "MOSS ST", "Intersection": "MOSS ST & DALLAS RD", "Jurisdiction": "COV", "POINT_X": 474017.38350000046, "POINT_Y": 5361491.1272}}, {"type": "Feature", "id": 1170, "geometry": {"type": "MultiPoint", "coordinates": [[-123.35078689222857, 48.40724873346632]]}, "properties": {"OBJECTID": 1170, "StreetName1": "CLOVER AVE", "StreetName2": "MOSS ST", "Intersection": "MOSS ST & CLOVER AVE", "Jurisdiction": "COV", "POINT_X": 474040.6233000001, "POINT_Y": 5361624.647700001}}, {"type": "Feature", "id": 1171, "geometry": {"type": "MultiPoint", "coordinates": [[-123.35057453986805, 48.408157954677904]]}, "properties": {"OBJECTID": 1171, "StreetName1": "GEORGE ST", "StreetName2": "MOSS ST", "Intersection": "MOSS ST & GEORGE ST", "Jurisdiction": "COV", "POINT_X": 474056.80119999964, "POINT_Y": 5361725.638900001}}, {"type": "Feature", "id": 1172, "geometry": {"type": "MultiPoint", "coordinates": [[-123.3502361261166, 48.40953678480344]]}, "properties": {"OBJECTID": 1172, "StreetName1": "FAITHFUL ST", "StreetName2": "MOSS ST", "Intersection": "MOSS ST & FAITHFUL ST", "Jurisdiction": "COV", "POINT_X": 474082.54619999975, "POINT_Y": 5361878.7862}}, {"type": "Feature", "id": 1173, "geometry": {"type": "MultiPoint", "coordinates": [[-123.34977792992841, 48.41140350409676]]}, "properties": {"OBJECTID": 1173, "StreetName1": "MAY ST", "StreetName2": "MOSS ST", "Intersection": "MOSS ST & MAY ST", "Jurisdiction": "COV", "POINT_X": 474117.4014999997, "POINT_Y": 5362086.1238}}, {"type": "Feature", "id": 1174, "geometry": {"type": "MultiPoint", "coordinates": [[-123.34959046781762, 48.41216710891259]]}, "properties": {"OBJECTID": 1174, "StreetName1": "BOND ST", "StreetName2": "MOSS ST", "Intersection": "MOSS ST & BOND ST", "Jurisdiction": "COV", "POINT_X": 474131.66110000014, "POINT_Y": 5362170.937899999}}, {"type": "Feature", "id": 1175, "geometry": {"type": "MultiPoint", "coordinates": [[-123.34920768196055, 48.41372627894809]]}, "properties": {"OBJECTID": 1175, "StreetName1": "FRANKLIN TERR", "StreetName2": "MOSS ST", "Intersection": "MOSS ST & FRANKLIN TERR", "Jurisdiction": "COV", "POINT_X": 474160.77699999977, "POINT_Y": 5362344.1161}}, {"type": "Feature", "id": 1176, "geometry": {"type": "MultiPoint", "coordinates": [[-123.34908895491319, 48.41420986853145]]}, "properties": {"OBJECTID": 1176, "StreetName1": "MCKENZIE ST", "StreetName2": "MOSS ST", "Intersection": "MOSS ST & MCKENZIE ST", "Jurisdiction": "COV", "POINT_X": 474169.8074000003, "POINT_Y": 5362397.8288}}, {"type": "Feature", "id": 1177, "geometry": {"type": "MultiPoint", "coordinates": [[-123.34883416347945, 48.41524761565708]]}, "properties": {"OBJECTID": 1177, "StreetName1": "FAIRFIELD RD", "StreetName2": "MOSS ST", "Intersection": "MOSS ST & FAIRFIELD RD", "Jurisdiction": "COV", "POINT_X": 474189.1863000002, "POINT_Y": 5362513.0923}}, {"type": "Feature", "id": 1178, "geometry": {"type": "MultiPoint", "coordinates": [[-123.34838500441167, 48.4170773143642]]}, "properties": {"OBJECTID": 1178, "StreetName1": "CARNSEW ST", "StreetName2": "MOSS ST", "Intersection": "MOSS ST & CARNSEW ST", "Jurisdiction": "COV", "POINT_X": 474223.34669999965, "POINT_Y": 5362716.3188000005}}, {"type": "Feature", "id": 1179, "geometry": {"type": "MultiPoint", "coordinates": [[-123.34816018092347, 48.4179148404742]]}, "properties": {"OBJECTID": 1179, "StreetName1": "MINTO ST", "StreetName2": "MOSS ST", "Intersection": "MOSS ST & MINTO ST", "Jurisdiction": "COV", "POINT_X": 474240.40500000026, "POINT_Y": 5362809.337300001}}, {"type": "Feature", "id": 1180, "geometry": {"type": "MultiPoint", "coordinates": [[-123.34701206177579, 48.42323422708772]]}, "properties": {"OBJECTID": 1180, "StreetName1": "FORT ST", "StreetName2": "MOSS ST", "Intersection": "MOSS ST & FORT ST", "Jurisdiction": "COV", "POINT_X": 474328.0340999998, "POINT_Y": 5363400.2217}}, {"type": "Feature", "id": 1181, "geometry": {"type": "MultiPoint", "coordinates": [[-123.34809519449556, 48.436258214930746]]}, "properties": {"OBJECTID": 1181, "StreetName1": "HAULTAIN ST", "StreetName2": "MT STEPHEN AVE", "Intersection": "MT STEPHEN AVE & HAULTAIN ST", "Jurisdiction": "COV", "POINT_X": 474254.48060000036, "POINT_Y": 5364848.2530000005}}, {"type": "Feature", "id": 1182, "geometry": {"type": "MultiPoint", "coordinates": [[-123.34788361160523, 48.43860509123834]]}, "properties": {"OBJECTID": 1182, "StreetName1": "KINGS RD", "StreetName2": "MT STEPHEN AVE", "Intersection": "MT STEPHEN AVE & KINGS RD", "Jurisdiction": "COV", "POINT_X": 474271.3152999999, "POINT_Y": 5365109.046800001}}, {"type": "Feature", "id": 1183, "geometry": {"type": "MultiPoint", "coordinates": [[-123.34780413781723, 48.43946203198136]]}, "properties": {"OBJECTID": 1183, "StreetName1": "ACTON ST", "StreetName2": "MT STEPHEN AVE", "Intersection": "MT STEPHEN AVE & ACTON ST", "Jurisdiction": "COV", "POINT_X": 474277.62590000033, "POINT_Y": 5365204.272600001}}, {"type": "Feature", "id": 1184, "geometry": {"type": "MultiPoint", "coordinates": [[-123.34216731863621, 48.441212694963376]]}, "properties": {"OBJECTID": 1184, "StreetName1": "HAMILTON RD", "StreetName2": "MYRTLE AVE", "Intersection": "MYRTLE AVE & HAMILTON RD", "Jurisdiction": "COV", "POINT_X": 474695.39240000024, "POINT_Y": 5365396.9878}}, {"type": "Feature", "id": 1185, "geometry": {"type": "MultiPoint", "coordinates": [[-123.33925222805, 48.44237281229684]]}, "properties": {"OBJECTID": 1185, "StreetName1": "BELMONT AVE", "StreetName2": "MYRTLE AVE", "Intersection": "MYRTLE AVE & BELMONT AVE", "Jurisdiction": "COV", "POINT_X": 474911.5553000001, "POINT_Y": 5365524.9804}}, {"type": "Feature", "id": 1186, "geometry": {"type": "MultiPoint", "coordinates": [[-123.3377102322216, 48.44298616847268]]}, "properties": {"OBJECTID": 1186, "StreetName1": "DONCASTER DR", "StreetName2": "MYRTLE AVE", "Intersection": "MYRTLE AVE & DONCASTER DR", "Jurisdiction": "COV", "POINT_X": 475025.8948999997, "POINT_Y": 5365592.6534}}, {"type": "Feature", "id": 1187, "geometry": {"type": "MultiPoint", "coordinates": [[-123.3691544983449, 48.445265195302184]]}, "properties": {"OBJECTID": 1187, "StreetName1": "FINLAYSON ST", "StreetName2": "NANAIMO ST", "Intersection": "NANAIMO ST & FINLAYSON ST", "Jurisdiction": "COV", "POINT_X": 472701.67179999966, "POINT_Y": 5365856.710899999}}, {"type": "Feature", "id": 1188, "geometry": {"type": "MultiPoint", "coordinates": [[-123.36893092318302, 48.44455002574759]]}, "properties": {"OBJECTID": 1188, "StreetName1": "LARCH ST", "StreetName2": "NANAIMO ST", "Intersection": "NANAIMO ST & LARCH ST", "Jurisdiction": "COV", "POINT_X": 472717.82239999995, "POINT_Y": 5365777.1371}}, {"type": "Feature", "id": 1189, "geometry": {"type": "MultiPoint", "coordinates": [[-123.36487508224046, 48.43960432884893]]}, "properties": {"OBJECTID": 1189, "StreetName1": "MARKET ST", "StreetName2": "NANAIMO ST", "Intersection": "NANAIMO ST & MARKET ST", "Jurisdiction": "COV", "POINT_X": 473015.14109999966, "POINT_Y": 5365225.965}}, {"type": "Feature", "id": 1190, "geometry": {"type": "MultiPoint", "coordinates": [[-123.36461667900019, 48.4387377952893]]}, "properties": {"OBJECTID": 1190, "StreetName1": "HILLSIDE AVE", "StreetName2": "NANAIMO ST", "Intersection": "NANAIMO ST & HILLSIDE AVE", "Jurisdiction": "COV", "POINT_X": 473033.7938000001, "POINT_Y": 5365129.555199999}}, {"type": "Feature", "id": 1191, "geometry": {"type": "MultiPoint", "coordinates": [[-123.37819014412136, 48.44451341888164]]}, "properties": {"OBJECTID": 1191, "StreetName1": "CECELIA RD", "StreetName2": "NAPIER LANE", "Intersection": "NAPIER LANE & CECELIA RD", "Jurisdiction": "COV", "POINT_X": 472033.06259999983, "POINT_Y": 5365776.4089}}, {"type": "Feature", "id": 1192, "geometry": {"type": "MultiPoint", "coordinates": [[-123.37693192537013, 48.44566379317645]]}, "properties": {"OBJECTID": 1192, "StreetName1": "BURNSIDE RD E", "StreetName2": "NAPIER LANE", "Intersection": "NAPIER LANE & BURNSIDE RD E", "Jurisdiction": "COV", "POINT_X": 472126.7401999999, "POINT_Y": 5365903.819}}, {"type": "Feature", "id": 1193, "geometry": {"type": "MultiPoint", "coordinates": [[-123.38311224674837, 48.4174001912729]]}, "properties": {"OBJECTID": 1193, "StreetName1": "MONTREAL ST", "StreetName2": "NIAGARA ST", "Intersection": "NIAGARA ST & MONTREAL ST", "Jurisdiction": "COV", "POINT_X": 471653.98539999966, "POINT_Y": 5362764.477}}, {"type": "Feature", "id": 1194, "geometry": {"type": "MultiPoint", "coordinates": [[-123.38211971402207, 48.416932066649615]]}, "properties": {"OBJECTID": 1194, "StreetName1": "DOCK ST", "StreetName2": "NIAGARA ST", "Intersection": "NIAGARA ST & DOCK ST", "Jurisdiction": "COV", "POINT_X": 471727.1649000002, "POINT_Y": 5362712.076400001}}, {"type": "Feature", "id": 1195, "geometry": {"type": "MultiPoint", "coordinates": [[-123.37790211948662, 48.414912980224784]]}, "properties": {"OBJECTID": 1195, "StreetName1": "BOYD ST", "StreetName2": "NIAGARA ST", "Intersection": "NIAGARA ST & BOYD ST", "Jurisdiction": "COV", "POINT_X": 472038.12710000016, "POINT_Y": 5362486.099400001}}, {"type": "Feature", "id": 1196, "geometry": {"type": "MultiPoint", "coordinates": [[-123.37722350490162, 48.414584091273376]]}, "properties": {"OBJECTID": 1196, "StreetName1": "CROFT ST", "StreetName2": "NIAGARA ST", "Intersection": "NIAGARA ST & CROFT ST", "Jurisdiction": "COV", "POINT_X": 472088.1612999998, "POINT_Y": 5362449.2947}}, {"type": "Feature", "id": 1197, "geometry": {"type": "MultiPoint", "coordinates": [[-123.37564243729783, 48.4138390972007]]}, "properties": {"OBJECTID": 1197, "StreetName1": "MENZIES ST", "StreetName2": "NIAGARA ST", "Intersection": "NIAGARA ST & MENZIES ST", "Jurisdiction": "COV", "POINT_X": 472204.74739999976, "POINT_Y": 5362365.911}}, {"type": "Feature", "id": 1198, "geometry": {"type": "MultiPoint", "coordinates": [[-123.37488813870554, 48.413467470313876]]}, "properties": {"OBJECTID": 1198, "StreetName1": "MEDANA ST", "StreetName2": "NIAGARA ST", "Intersection": "NIAGARA ST & MEDANA ST", "Jurisdiction": "COV", "POINT_X": 472260.36089999974, "POINT_Y": 5362324.3299}}, {"type": "Feature", "id": 1199, "geometry": {"type": "MultiPoint", "coordinates": [[-123.3739375158274, 48.412999105059804]]}, "properties": {"OBJECTID": 1199, "StreetName1": "CLARENCE ST", "StreetName2": "NIAGARA ST", "Intersection": "NIAGARA ST & CLARENCE ST", "Jurisdiction": "COV", "POINT_X": 472330.4502999997, "POINT_Y": 5362271.9256}}, {"type": "Feature", "id": 1200, "geometry": {"type": "MultiPoint", "coordinates": [[-123.37196825483663, 48.4120894849149]]}, "properties": {"OBJECTID": 1200, "StreetName1": "GOVERNMENT ST", "StreetName2": "NIAGARA ST", "Intersection": "NIAGARA ST & GOVERNMENT ST", "Jurisdiction": "COV", "POINT_X": 472475.6807000004, "POINT_Y": 5362170.1086}}, {"type": "Feature", "id": 1201, "geometry": {"type": "MultiPoint", "coordinates": [[-123.36874190165658, 48.41057499960308]]}, "properties": {"OBJECTID": 1201, "StreetName1": "DOUGLAS ST", "StreetName2": "NIAGARA ST", "Intersection": "NIAGARA ST & DOUGLAS ST", "Jurisdiction": "COV", "POINT_X": 472713.6183000002, "POINT_Y": 5362000.6139}}, {"type": "Feature", "id": 1202, "geometry": {"type": "MultiPoint", "coordinates": [[-123.32651677381486, 48.418140193004206]]}, "properties": {"OBJECTID": 1202, "StreetName1": "FOUL BAY RD", "StreetName2": "NORMANTON CRT", "Intersection": "NORMANTON CRT & FOUL BAY RD", "Jurisdiction": "COV", "POINT_X": 475841.9266999997, "POINT_Y": 5362827.3334}}, {"type": "Feature", "id": 1203, "geometry": {"type": "MultiPoint", "coordinates": [[-123.34396557450043, 48.44836843904165]]}, "properties": {"OBJECTID": 1203, "StreetName1": "CEDAR HILL RD", "StreetName2": "NORTH DAIRY RD", "Intersection": "NORTH DAIRY RD & CEDAR HILL RD", "Jurisdiction": "COV", "POINT_X": 474565.97190000024, "POINT_Y": 5366192.975}}, {"type": "Feature", "id": 1204, "geometry": {"type": "MultiPoint", "coordinates": [[-123.34181031906296, 48.44831608004095]]}, "properties": {"OBJECTID": 1204, "StreetName1": "DONCASTER DR", "StreetName2": "NORTH DAIRY RD", "Intersection": "NORTH DAIRY RD & DONCASTER DR", "Jurisdiction": "COV", "POINT_X": 474725.31989999954, "POINT_Y": 5366186.441299999}}, {"type": "Feature", "id": 1205, "geometry": {"type": "MultiPoint", "coordinates": [[-123.33938806590079, 48.448271294017005]]}, "properties": {"OBJECTID": 1205, "StreetName1": "CLAWTHORPE AVE", "StreetName2": "NORTH DAIRY RD", "Intersection": "NORTH DAIRY RD & CLAWTHORPE AVE", "Jurisdiction": "COV", "POINT_X": 474904.41559999995, "POINT_Y": 5366180.666300001}}, {"type": "Feature", "id": 1206, "geometry": {"type": "MultiPoint", "coordinates": [[-123.36188315541709, 48.430139585121275]]}, "properties": {"OBJECTID": 1206, "StreetName1": "BLANSHARD ST", "StreetName2": "NORTH PARK ST", "Intersection": "NORTH PARK ST & BLANSHARD ST", "Jurisdiction": "COV", "POINT_X": 473231.45050000027, "POINT_Y": 5364172.8705}}, {"type": "Feature", "id": 1207, "geometry": {"type": "MultiPoint", "coordinates": [[-123.36170297965012, 48.4300882227012]]}, "properties": {"OBJECTID": 1207, "StreetName1": "BLANSHARD ST", "StreetName2": "NORTH PARK ST", "Intersection": "NORTH PARK ST & BLANSHARD ST", "Jurisdiction": "COV", "POINT_X": 473244.7516999999, "POINT_Y": 5364167.0984000005}}, {"type": "Feature", "id": 1208, "geometry": {"type": "MultiPoint", "coordinates": [[-123.35300225622666, 48.42956186949421]]}, "properties": {"OBJECTID": 1208, "StreetName1": "COOK ST", "StreetName2": "NORTH PARK ST", "Intersection": "NORTH PARK ST & COOK ST", "Jurisdiction": "COV", "POINT_X": 473888.1024000002, "POINT_Y": 5364105.5889}}, {"type": "Feature", "id": 1209, "geometry": {"type": "MultiPoint", "coordinates": [[-123.35005964598065, 48.42938813897214]]}, "properties": {"OBJECTID": 1209, "StreetName1": "CHAMBERS ST", "StreetName2": "NORTH PARK ST", "Intersection": "NORTH PARK ST & CHAMBERS ST", "Jurisdiction": "COV", "POINT_X": 474105.69070000015, "POINT_Y": 5364085.278899999}}, {"type": "Feature", "id": 1210, "geometry": {"type": "MultiPoint", "coordinates": [[-123.39245442546925, 48.44020518092007]]}, "properties": {"OBJECTID": 1210, "StreetName1": "BURLEITH CRES", "StreetName2": "NORTHCOTT AVE", "Intersection": "NORTHCOTT AVE & BURLEITH CRES", "Jurisdiction": "COV", "POINT_X": 470975.73259999976, "POINT_Y": 5365302.839199999}}, {"type": "Feature", "id": 1211, "geometry": {"type": "MultiPoint", "coordinates": [[-123.39047083896881, 48.43951757960763]]}, "properties": {"OBJECTID": 1211, "StreetName1": "COVENTRY AVE", "StreetName2": "NORTHCOTT AVE", "Intersection": "NORTHCOTT AVE & COVENTRY AVE", "Jurisdiction": "COV", "POINT_X": 471122.04590000026, "POINT_Y": 5365225.659499999}}, {"type": "Feature", "id": 1212, "geometry": {"type": "MultiPoint", "coordinates": [[-123.33694605178881, 48.42653463167545]]}, "properties": {"OBJECTID": 1212, "StreetName1": "FORT ST", "StreetName2": "OAK BAY AVE", "Intersection": "OAK BAY AVE & FORT ST", "Jurisdiction": "COV", "POINT_X": 475074.3633000003, "POINT_Y": 5363763.749299999}}, {"type": "Feature", "id": 1213, "geometry": {"type": "MultiPoint", "coordinates": [[-123.33575542591237, 48.42652175786067]]}, "properties": {"OBJECTID": 1213, "StreetName1": "MCGREGOR AVE", "StreetName2": "OAK BAY AVE", "Intersection": "OAK BAY AVE & MCGREGOR AVE", "Jurisdiction": "COV", "POINT_X": 475162.43759999983, "POINT_Y": 5363761.931500001}}, {"type": "Feature", "id": 1214, "geometry": {"type": "MultiPoint", "coordinates": [[-123.33427481779174, 48.4264978075376]]}, "properties": {"OBJECTID": 1214, "StreetName1": "MORRISON ST", "StreetName2": "OAK BAY AVE", "Intersection": "OAK BAY AVE & MORRISON ST", "Jurisdiction": "COV", "POINT_X": 475271.9589999998, "POINT_Y": 5363758.790200001}}, {"type": "Feature", "id": 1215, "geometry": {"type": "MultiPoint", "coordinates": [[-123.33298419654854, 48.426479721088256]]}, "properties": {"OBJECTID": 1215, "StreetName1": "BELCHER AVE", "StreetName2": "OAK BAY AVE", "Intersection": "OAK BAY AVE & BELCHER AVE", "Jurisdiction": "COV", "POINT_X": 475367.4283999996, "POINT_Y": 5363756.3639}}, {"type": "Feature", "id": 1216, "geometry": {"type": "MultiPoint", "coordinates": [[-123.33164401025813, 48.42647094938307]]}, "properties": {"OBJECTID": 1216, "StreetName1": "JUBILEE AVE", "StreetName2": "OAK BAY AVE", "Intersection": "OAK BAY AVE & JUBILEE AVE", "Jurisdiction": "COV", "POINT_X": 475466.56909999996, "POINT_Y": 5363754.958699999}}, {"type": "Feature", "id": 1217, "geometry": {"type": "MultiPoint", "coordinates": [[-123.33131379204039, 48.42646878509929]]}, "properties": {"OBJECTID": 1217, "StreetName1": "BEVERLEY PL", "StreetName2": "OAK BAY AVE", "Intersection": "OAK BAY AVE & BEVERLEY PL", "Jurisdiction": "COV", "POINT_X": 475490.99710000027, "POINT_Y": 5363754.612400001}}, {"type": "Feature", "id": 1218, "geometry": {"type": "MultiPoint", "coordinates": [[-123.3291933240612, 48.42645999490262], [-123.3289052113815, 48.42645948726058]]}, "properties": {"OBJECTID": 1218, "StreetName1": "BANK ST", "StreetName2": "OAK BAY AVE", "Intersection": "OAK BAY AVE & BANK ST", "Jurisdiction": "COV", "POINT_X": 475658.5188499999, "POINT_Y": 5363752.884900001}}, {"type": "Feature", "id": 1219, "geometry": {"type": "MultiPoint", "coordinates": [[-123.32819674879079, 48.426458234371005]]}, "properties": {"OBJECTID": 1219, "StreetName1": "CLARE ST", "StreetName2": "OAK BAY AVE", "Intersection": "OAK BAY AVE & CLARE ST", "Jurisdiction": "COV", "POINT_X": 475721.5861999998, "POINT_Y": 5363752.446799999}}, {"type": "Feature", "id": 1220, "geometry": {"type": "MultiPoint", "coordinates": [[-123.32754592253983, 48.426457080275654]]}, "properties": {"OBJECTID": 1220, "StreetName1": "FELL ST", "StreetName2": "OAK BAY AVE", "Intersection": "OAK BAY AVE & FELL ST", "Jurisdiction": "COV", "POINT_X": 475769.73280000035, "POINT_Y": 5363752.112400001}}, {"type": "Feature", "id": 1221, "geometry": {"type": "MultiPoint", "coordinates": [[-123.327002817982, 48.426456109450335]]}, "properties": {"OBJECTID": 1221, "StreetName1": "CHAMBERLAIN ST", "StreetName2": "OAK BAY AVE", "Intersection": "OAK BAY AVE & CHAMBERLAIN ST", "Jurisdiction": "COV", "POINT_X": 475809.9104000004, "POINT_Y": 5363751.832800001}}, {"type": "Feature", "id": 1222, "geometry": {"type": "MultiPoint", "coordinates": [[-123.326185705097, 48.42645465716733], [-123.32583124134345, 48.42645402580352]]}, "properties": {"OBJECTID": 1222, "StreetName1": "DAVIE ST", "StreetName2": "OAK BAY AVE", "Intersection": "OAK BAY AVE & DAVIE ST", "Jurisdiction": "COV", "POINT_X": 475883.46970000013, "POINT_Y": 5363751.322699999}}, {"type": "Feature", "id": 1223, "geometry": {"type": "MultiPoint", "coordinates": [[-123.3238143744979, 48.42645041284974], [-123.32346418502433, 48.426449781059496]]}, "properties": {"OBJECTID": 1223, "StreetName1": "AMPHION ST", "StreetName2": "OAK BAY AVE", "Intersection": "OAK BAY AVE & AMPHION ST", "Jurisdiction": "COV", "POINT_X": 476058.7371, "POINT_Y": 5363750.10755}}, {"type": "Feature", "id": 1224, "geometry": {"type": "MultiPoint", "coordinates": [[-123.32275240536373, 48.42644849587785]]}, "properties": {"OBJECTID": 1224, "StreetName1": "FOUL BAY RD", "StreetName2": "OAK BAY AVE", "Intersection": "OAK BAY AVE & FOUL BAY RD", "Jurisdiction": "COV", "POINT_X": 476124.3459999999, "POINT_Y": 5363749.6526999995}}, {"type": "Feature", "id": 1225, "geometry": {"type": "MultiPoint", "coordinates": [[-123.34321637394665, 48.44498018746454]]}, "properties": {"OBJECTID": 1225, "StreetName1": "GOSWORTH RD", "StreetName2": "OAKLAND AVE", "Intersection": "OAKLAND AVE & GOSWORTH RD", "Jurisdiction": "COV", "POINT_X": 474619.68450000044, "POINT_Y": 5365816.1077}}, {"type": "Feature", "id": 1226, "geometry": {"type": "MultiPoint", "coordinates": [[-123.34004455070152, 48.44607869949671]]}, "properties": {"OBJECTID": 1226, "StreetName1": "DONCASTER DR", "StreetName2": "OAKLAND AVE", "Intersection": "OAKLAND AVE & DONCASTER DR", "Jurisdiction": "COV", "POINT_X": 474854.7882000003, "POINT_Y": 5365937.1654}}, {"type": "Feature", "id": 1227, "geometry": {"type": "MultiPoint", "coordinates": [[-123.36057146622996, 48.413921581511]]}, "properties": {"OBJECTID": 1227, "StreetName1": "HEYWOOD AVE", "StreetName2": "OLIPHANT AVE", "Intersection": "OLIPHANT AVE & HEYWOOD AVE", "Jurisdiction": "COV", "POINT_X": 473319.9938000003, "POINT_Y": 5362369.7204}}, {"type": "Feature", "id": 1228, "geometry": {"type": "MultiPoint", "coordinates": [[-123.35685881785564, 48.41380688334685]]}, "properties": {"OBJECTID": 1228, "StreetName1": "COOK ST", "StreetName2": "OLIPHANT AVE", "Intersection": "OLIPHANT AVE & COOK ST", "Jurisdiction": "COV", "POINT_X": 473594.6579999998, "POINT_Y": 5362355.684800001}}, {"type": "Feature", "id": 1229, "geometry": {"type": "MultiPoint", "coordinates": [[-123.34935051082613, 48.40802042240868]]}, "properties": {"OBJECTID": 1229, "StreetName1": "GEORGE ST", "StreetName2": "OLIVE ST", "Intersection": "OLIVE ST & GEORGE ST", "Jurisdiction": "COV", "POINT_X": 474147.3158, "POINT_Y": 5361709.937899999}}, {"type": "Feature", "id": 1230, "geometry": {"type": "MultiPoint", "coordinates": [[-123.34855546464944, 48.41127096883028]]}, "properties": {"OBJECTID": 1230, "StreetName1": "MAY ST", "StreetName2": "OLIVE ST", "Intersection": "OLIVE ST & MAY ST", "Jurisdiction": "COV", "POINT_X": 474207.79729999974, "POINT_Y": 5362070.979699999}}, {"type": "Feature", "id": 1231, "geometry": {"type": "MultiPoint", "coordinates": [[-123.37088488623232, 48.40899620710567]]}, "properties": {"OBJECTID": 1231, "StreetName1": "DALLAS RD", "StreetName2": "OLYMPIA AVE", "Intersection": "OLYMPIA AVE & DALLAS RD", "Jurisdiction": "COV", "POINT_X": 472554.18460000027, "POINT_Y": 5361825.891100001}}, {"type": "Feature", "id": 1232, "geometry": {"type": "MultiPoint", "coordinates": [[-123.37032499050332, 48.410347139897326]]}, "properties": {"OBJECTID": 1232, "StreetName1": "BATTERY ST", "StreetName2": "OLYMPIA AVE", "Intersection": "OLYMPIA AVE & BATTERY ST", "Jurisdiction": "COV", "POINT_X": 472596.3448999999, "POINT_Y": 5361975.851600001}}, {"type": "Feature", "id": 1233, "geometry": {"type": "MultiPoint", "coordinates": [[-123.38488584937548, 48.42158626270536]]}, "properties": {"OBJECTID": 1233, "StreetName1": "DALLAS RD", "StreetName2": "ONTARIO ST", "Intersection": "ONTARIO ST & DALLAS RD", "Jurisdiction": "COV", "POINT_X": 471525.0917999996, "POINT_Y": 5363230.4322}}, {"type": "Feature", "id": 1234, "geometry": {"type": "MultiPoint", "coordinates": [[-123.38082920008888, 48.41964312623735]]}, "properties": {"OBJECTID": 1234, "StreetName1": "MONTREAL ST", "StreetName2": "ONTARIO ST", "Intersection": "ONTARIO ST & MONTREAL ST", "Jurisdiction": "COV", "POINT_X": 471824.1512000002, "POINT_Y": 5363012.9451}}, {"type": "Feature", "id": 1235, "geometry": {"type": "MultiPoint", "coordinates": [[-123.34304657913887, 48.43277024885679]]}, "properties": {"OBJECTID": 1235, "StreetName1": "DENMAN ST", "StreetName2": "OREGON AVE", "Intersection": "OREGON AVE & DENMAN ST", "Jurisdiction": "COV", "POINT_X": 474626.16089999955, "POINT_Y": 5364458.8663}}, {"type": "Feature", "id": 1236, "geometry": {"type": "MultiPoint", "coordinates": [[-123.34295290515874, 48.4344078722078]]}, "properties": {"OBJECTID": 1236, "StreetName1": "BAY ST", "StreetName2": "OREGON AVE", "Intersection": "OREGON AVE & BAY ST", "Jurisdiction": "COV", "POINT_X": 474633.9051000001, "POINT_Y": 5364640.863700001}}, {"type": "Feature", "id": 1237, "geometry": {"type": "MultiPoint", "coordinates": [[-123.34980858731544, 48.42294681761946]]}, "properties": {"OBJECTID": 1237, "StreetName1": "FORT ST", "StreetName2": "ORMOND ST", "Intersection": "ORMOND ST & FORT ST", "Jurisdiction": "COV", "POINT_X": 474120.9923999999, "POINT_Y": 5363369.2162}}, {"type": "Feature", "id": 1238, "geometry": {"type": "MultiPoint", "coordinates": [[-123.35597042001937, 48.41590019444582]]}, "properties": {"OBJECTID": 1238, "StreetName1": "COOK ST", "StreetName2": "OSCAR ST", "Intersection": "OSCAR ST & COOK ST", "Jurisdiction": "COV", "POINT_X": 473661.4779000003, "POINT_Y": 5362588.0581}}, {"type": "Feature", "id": 1239, "geometry": {"type": "MultiPoint", "coordinates": [[-123.35457717307908, 48.41575495446697], [-123.35368019939521, 48.415666927117044]]}, "properties": {"OBJECTID": 1239, "StreetName1": "CHESTER AVE", "StreetName2": "OSCAR ST", "Intersection": "OSCAR ST & CHESTER AVE", "Jurisdiction": "COV", "POINT_X": 473797.65755000047, "POINT_Y": 5362566.3903}}, {"type": "Feature", "id": 1240, "geometry": {"type": "MultiPoint", "coordinates": [[-123.35244786358705, 48.415532943150886]]}, "properties": {"OBJECTID": 1240, "StreetName1": "LINDEN AVE", "StreetName2": "OSCAR ST", "Intersection": "OSCAR ST & LINDEN AVE", "Jurisdiction": "COV", "POINT_X": 473921.93740000017, "POINT_Y": 5362546.0315000005}}, {"type": "Feature", "id": 1241, "geometry": {"type": "MultiPoint", "coordinates": [[-123.3455523909758, 48.44610861997211]]}, "properties": {"OBJECTID": 1241, "StreetName1": "CEDAR HILL RD", "StreetName2": "OSWALD RD", "Intersection": "OSWALD RD & CEDAR HILL RD", "Jurisdiction": "COV", "POINT_X": 474447.4983999999, "POINT_Y": 5365942.3148}}, {"type": "Feature", "id": 1242, "geometry": {"type": "MultiPoint", "coordinates": [[-123.38217963950245, 48.41419037538297]]}, "properties": {"OBJECTID": 1242, "StreetName1": "DALLAS RD", "StreetName2": "OSWEGO ST", "Intersection": "OSWEGO ST & DALLAS RD", "Jurisdiction": "COV", "POINT_X": 471721.2104000002, "POINT_Y": 5362407.3496}}, {"type": "Feature", "id": 1243, "geometry": {"type": "MultiPoint", "coordinates": [[-123.3801967178202, 48.41602658601257]]}, "properties": {"OBJECTID": 1243, "StreetName1": "NIAGARA ST", "StreetName2": "OSWEGO ST", "Intersection": "OSWEGO ST & NIAGARA ST", "Jurisdiction": "COV", "POINT_X": 471868.9522000002, "POINT_Y": 5362610.720899999}}, {"type": "Feature", "id": 1244, "geometry": {"type": "MultiPoint", "coordinates": [[-123.37982606940037, 48.41636458446748]]}, "properties": {"OBJECTID": 1244, "StreetName1": "BECKLEY AVE", "StreetName2": "OSWEGO ST", "Intersection": "OSWEGO ST & BECKLEY AVE", "Jurisdiction": "COV", "POINT_X": 471896.5641000001, "POINT_Y": 5362648.1546}}, {"type": "Feature", "id": 1245, "geometry": {"type": "MultiPoint", "coordinates": [[-123.37782180816194, 48.41820073202998]]}, "properties": {"OBJECTID": 1245, "StreetName1": "ONTARIO ST", "StreetName2": "OSWEGO ST", "Intersection": "OSWEGO ST & ONTARIO ST", "Jurisdiction": "COV", "POINT_X": 472045.87229999993, "POINT_Y": 5362851.515699999}}, {"type": "Feature", "id": 1246, "geometry": {"type": "MultiPoint", "coordinates": [[-123.3770854190224, 48.418880995492884]]}, "properties": {"OBJECTID": 1246, "StreetName1": "MICHIGAN ST", "StreetName2": "OSWEGO ST", "Intersection": "OSWEGO ST & MICHIGAN ST", "Jurisdiction": "COV", "POINT_X": 472100.73029999994, "POINT_Y": 5362926.861}}, {"type": "Feature", "id": 1247, "geometry": {"type": "MultiPoint", "coordinates": [[-123.37560430546114, 48.42024893756741]]}, "properties": {"OBJECTID": 1247, "StreetName1": "KINGSTON ST", "StreetName2": "OSWEGO ST", "Intersection": "OSWEGO ST & KINGSTON ST", "Jurisdiction": "COV", "POINT_X": 472211.06269999966, "POINT_Y": 5363078.374399999}}, {"type": "Feature", "id": 1248, "geometry": {"type": "MultiPoint", "coordinates": [[-123.37415662896876, 48.421609734174005]]}, "properties": {"OBJECTID": 1248, "StreetName1": "BELLEVILLE ST", "StreetName2": "OSWEGO ST", "Intersection": "OSWEGO ST & BELLEVILLE ST", "Jurisdiction": "COV", "POINT_X": 472318.9115000004, "POINT_Y": 5363229.107799999}}, {"type": "Feature", "id": 1249, "geometry": {"type": "MultiPoint", "coordinates": [[-123.35673049804772, 48.41409790151951]]}, "properties": {"OBJECTID": 1249, "StreetName1": "COOK ST", "StreetName2": "OXFORD ST", "Intersection": "OXFORD ST & COOK ST", "Jurisdiction": "COV", "POINT_X": 473604.3038999997, "POINT_Y": 5362387.988299999}}, {"type": "Feature", "id": 1250, "geometry": {"type": "MultiPoint", "coordinates": [[-123.354152522567, 48.41380769913451]]}, "properties": {"OBJECTID": 1250, "StreetName1": "CHESTER AVE", "StreetName2": "OXFORD ST", "Intersection": "OXFORD ST & CHESTER AVE", "Jurisdiction": "COV", "POINT_X": 473794.9156999998, "POINT_Y": 5362354.846100001}}, {"type": "Feature", "id": 1251, "geometry": {"type": "MultiPoint", "coordinates": [[-123.35290368124902, 48.41366708909105]]}, "properties": {"OBJECTID": 1251, "StreetName1": "LINDEN AVE", "StreetName2": "OXFORD ST", "Intersection": "OXFORD ST & LINDEN AVE", "Jurisdiction": "COV", "POINT_X": 473887.2539999997, "POINT_Y": 5362338.7903}}, {"type": "Feature", "id": 1252, "geometry": {"type": "MultiPoint", "coordinates": [[-123.35045724747151, 48.41338518285617]]}, "properties": {"OBJECTID": 1252, "StreetName1": "HOWE ST", "StreetName2": "OXFORD ST", "Intersection": "OXFORD ST & HOWE ST", "Jurisdiction": "COV", "POINT_X": 474068.1394999996, "POINT_Y": 5362306.624299999}}, {"type": "Feature", "id": 1253, "geometry": {"type": "MultiPoint", "coordinates": [[-123.34932350527781, 48.41325451769251]]}, "properties": {"OBJECTID": 1253, "StreetName1": "MOSS ST", "StreetName2": "OXFORD ST", "Intersection": "OXFORD ST & MOSS ST", "Jurisdiction": "COV", "POINT_X": 474151.96729999967, "POINT_Y": 5362291.7172}}, {"type": "Feature", "id": 1254, "geometry": {"type": "MultiPoint", "coordinates": [[-123.37210953470948, 48.409402272642055]]}, "properties": {"OBJECTID": 1254, "StreetName1": "DALLAS RD", "StreetName2": "PADDON AVE", "Intersection": "PADDON AVE & DALLAS RD", "Jurisdiction": "COV", "POINT_X": 472463.77520000003, "POINT_Y": 5361871.4662}}, {"type": "Feature", "id": 1255, "geometry": {"type": "MultiPoint", "coordinates": [[-123.37100760550163, 48.41067996131818]]}, "properties": {"OBJECTID": 1255, "StreetName1": "BATTERY ST", "StreetName2": "PADDON AVE", "Intersection": "PADDON AVE & BATTERY ST", "Jurisdiction": "COV", "POINT_X": 472546.00930000003, "POINT_Y": 5362013.090299999}}, {"type": "Feature", "id": 1256, "geometry": {"type": "MultiPoint", "coordinates": [[-123.35558355411746, 48.417203559765625]]}, "properties": {"OBJECTID": 1256, "StreetName1": "COOK ST", "StreetName2": "PAKINGTON ST", "Intersection": "PAKINGTON ST & COOK ST", "Jurisdiction": "COV", "POINT_X": 473690.77610000037, "POINT_Y": 5362732.799000001}}, {"type": "Feature", "id": 1257, "geometry": {"type": "MultiPoint", "coordinates": [[-123.37114819075678, 48.42814892398478]]}, "properties": {"OBJECTID": 1257, "StreetName1": "JOHNSON ST", "StreetName2": "PANDORA AVE", "Intersection": "PANDORA AVE & JOHNSON ST", "Jurisdiction": "COV", "POINT_X": 472545.01460000034, "POINT_Y": 5363954.880799999}}, {"type": "Feature", "id": 1258, "geometry": {"type": "MultiPoint", "coordinates": [[-123.36790223961349, 48.42852628903426]]}, "properties": {"OBJECTID": 1258, "StreetName1": "FAN TAN ALLEY", "StreetName2": "PANDORA AVE", "Intersection": "PANDORA AVE & FAN TAN ALLEY", "Jurisdiction": "COV", "POINT_X": 472785.33860000037, "POINT_Y": 5363995.6678}}, {"type": "Feature", "id": 1259, "geometry": {"type": "MultiPoint", "coordinates": [[-123.3670534645573, 48.42853881831722]]}, "properties": {"OBJECTID": 1259, "StreetName1": "GOVERNMENT ST", "StreetName2": "PANDORA AVE", "Intersection": "PANDORA AVE & GOVERNMENT ST", "Jurisdiction": "COV", "POINT_X": 472848.13379999995, "POINT_Y": 5363996.759199999}}, {"type": "Feature", "id": 1261, "geometry": {"type": "MultiPoint", "coordinates": [[-123.36580864525422, 48.42816972912797]]}, "properties": {"OBJECTID": 1261, "StreetName1": "BROAD ST", "StreetName2": "PANDORA AVE", "Intersection": "PANDORA AVE & BROAD ST", "Jurisdiction": "COV", "POINT_X": 472940.0239000004, "POINT_Y": 5363955.2929}}, {"type": "Feature", "id": 1262, "geometry": {"type": "MultiPoint", "coordinates": [[-123.36450130883316, 48.42803194282042]]}, "properties": {"OBJECTID": 1262, "StreetName1": "DOUGLAS ST", "StreetName2": "PANDORA AVE", "Intersection": "PANDORA AVE & DOUGLAS ST", "Jurisdiction": "COV", "POINT_X": 473036.6624999996, "POINT_Y": 5363939.5163}}, {"type": "Feature", "id": 1263, "geometry": {"type": "MultiPoint", "coordinates": [[-123.36166825573551, 48.427735225295436]]}, "properties": {"OBJECTID": 1263, "StreetName1": "BLANSHARD ST", "StreetName2": "PANDORA AVE", "Intersection": "PANDORA AVE & BLANSHARD ST", "Jurisdiction": "COV", "POINT_X": 473246.0851999996, "POINT_Y": 5363905.5414}}, {"type": "Feature", "id": 1264, "geometry": {"type": "MultiPoint", "coordinates": [[-123.36046830917397, 48.427620379126694]]}, "properties": {"OBJECTID": 1264, "StreetName1": "AMELIA ST", "StreetName2": "PANDORA AVE", "Intersection": "PANDORA AVE & AMELIA ST", "Jurisdiction": "COV", "POINT_X": 473334.79310000036, "POINT_Y": 5363892.3573}}, {"type": "Feature", "id": 1265, "geometry": {"type": "MultiPoint", "coordinates": [[-123.35331890097277, 48.42657465815944], [-123.35331325521199, 48.426808163515474], [-123.3532726373515, 48.42718511984085]]}, "properties": {"OBJECTID": 1265, "StreetName1": "COOK ST", "StreetName2": "PANDORA AVE", "Intersection": "PANDORA AVE & COOK ST", "Jurisdiction": "COV", "POINT_X": 473865.0148499997, "POINT_Y": 5363807.576400001}}, {"type": "Feature", "id": 1266, "geometry": {"type": "MultiPoint", "coordinates": [[-123.3505140475754, 48.42649640761958], [-123.35036644219188, 48.427046036301476]]}, "properties": {"OBJECTID": 1266, "StreetName1": "CHAMBERS ST", "StreetName2": "PANDORA AVE", "Intersection": "PANDORA AVE & CHAMBERS ST", "Jurisdiction": "COV", "POINT_X": 474076.2051500004, "POINT_Y": 5363794.5271000005}}, {"type": "Feature", "id": 1267, "geometry": {"type": "MultiPoint", "coordinates": [[-123.34713616173549, 48.42692142604802]]}, "properties": {"OBJECTID": 1267, "StreetName1": "CAMOSUN ST", "StreetName2": "PANDORA AVE", "Intersection": "PANDORA AVE & CAMOSUN ST", "Jurisdiction": "COV", "POINT_X": 474320.7104000002, "POINT_Y": 5363810.1097}}, {"type": "Feature", "id": 1268, "geometry": {"type": "MultiPoint", "coordinates": [[-123.34537020935895, 48.42684085069415]]}, "properties": {"OBJECTID": 1268, "StreetName1": "FERNWOOD RD", "StreetName2": "PANDORA AVE", "Intersection": "PANDORA AVE & FERNWOOD RD", "Jurisdiction": "COV", "POINT_X": 474451.3113000002, "POINT_Y": 5363800.5627999995}}, {"type": "Feature", "id": 1269, "geometry": {"type": "MultiPoint", "coordinates": [[-123.34371334422019, 48.42679524555988]]}, "properties": {"OBJECTID": 1269, "StreetName1": "HARRISON ST", "StreetName2": "PANDORA AVE", "Intersection": "PANDORA AVE & HARRISON ST", "Jurisdiction": "COV", "POINT_X": 474573.86000000034, "POINT_Y": 5363794.9421999995}}, {"type": "Feature", "id": 1270, "geometry": {"type": "MultiPoint", "coordinates": [[-123.34321752560972, 48.42678527465456]]}, "properties": {"OBJECTID": 1270, "StreetName1": "BEGBIE ST", "StreetName2": "PANDORA AVE", "Intersection": "PANDORA AVE & BEGBIE ST", "Jurisdiction": "COV", "POINT_X": 474610.5346999997, "POINT_Y": 5363793.669399999}}, {"type": "Feature", "id": 1271, "geometry": {"type": "MultiPoint", "coordinates": [[-123.3426700929842, 48.426774263280855]]}, "properties": {"OBJECTID": 1271, "StreetName1": "BEGBIE ST", "StreetName2": "PANDORA AVE", "Intersection": "PANDORA AVE & BEGBIE ST", "Jurisdiction": "COV", "POINT_X": 474651.02720000036, "POINT_Y": 5363792.2641}}, {"type": "Feature", "id": 1272, "geometry": {"type": "MultiPoint", "coordinates": [[-123.34203728518189, 48.426713079314545]]}, "properties": {"OBJECTID": 1272, "StreetName1": "JOHNSON ST", "StreetName2": "PANDORA AVE", "Intersection": "PANDORA AVE & JOHNSON ST", "Jurisdiction": "COV", "POINT_X": 474697.81070000026, "POINT_Y": 5363785.254000001}}, {"type": "Feature", "id": 1273, "geometry": {"type": "MultiPoint", "coordinates": [[-123.34127531156955, 48.426663266975254]]}, "properties": {"OBJECTID": 1273, "StreetName1": "ELFORD ST", "StreetName2": "PANDORA AVE", "Intersection": "PANDORA AVE & ELFORD ST", "Jurisdiction": "COV", "POINT_X": 474754.1553999996, "POINT_Y": 5363779.4657000005}}, {"type": "Feature", "id": 1274, "geometry": {"type": "MultiPoint", "coordinates": [[-123.33816185885794, 48.42654428118393]]}, "properties": {"OBJECTID": 1274, "StreetName1": "BELMONT AVE", "StreetName2": "PANDORA AVE", "Intersection": "PANDORA AVE & BELMONT AVE", "Jurisdiction": "COV", "POINT_X": 474984.42459999956, "POINT_Y": 5363765.2183}}, {"type": "Feature", "id": 1275, "geometry": {"type": "MultiPoint", "coordinates": [[-123.33694605178881, 48.42653463167545]]}, "properties": {"OBJECTID": 1275, "StreetName1": "FORT ST", "StreetName2": "PANDORA AVE", "Intersection": "PANDORA AVE & FORT ST", "Jurisdiction": "COV", "POINT_X": 475074.3633000003, "POINT_Y": 5363763.749299999}}, {"type": "Feature", "id": 1276, "geometry": {"type": "MultiPoint", "coordinates": [[-123.36060119840421, 48.41285722785007]]}, "properties": {"OBJECTID": 1276, "StreetName1": "HEYWOOD AVE", "StreetName2": "PARK BLVD", "Intersection": "PARK BLVD & HEYWOOD AVE", "Jurisdiction": "COV", "POINT_X": 473317.2368000001, "POINT_Y": 5362251.424000001}}, {"type": "Feature", "id": 1277, "geometry": {"type": "MultiPoint", "coordinates": [[-123.35789437168395, 48.41282348039771]]}, "properties": {"OBJECTID": 1277, "StreetName1": "NURSERY RD", "StreetName2": "PARK BLVD", "Intersection": "PARK BLVD & NURSERY RD", "Jurisdiction": "COV", "POINT_X": 473517.51960000023, "POINT_Y": 5362246.7335}}, {"type": "Feature", "id": 1278, "geometry": {"type": "MultiPoint", "coordinates": [[-123.35728600653644, 48.41283802195512]]}, "properties": {"OBJECTID": 1278, "StreetName1": "COOK ST", "StreetName2": "PARK BLVD", "Intersection": "PARK BLVD & COOK ST", "Jurisdiction": "COV", "POINT_X": 473562.54509999976, "POINT_Y": 5362248.139699999}}, {"type": "Feature", "id": 1279, "geometry": {"type": "MultiPoint", "coordinates": [[-123.37154732668009, 48.4169960246975]]}, "properties": {"OBJECTID": 1279, "StreetName1": "MICHIGAN ST", "StreetName2": "PARRY ST", "Intersection": "PARRY ST & MICHIGAN ST", "Jurisdiction": "COV", "POINT_X": 472509.4743999997, "POINT_Y": 5362715.337099999}}, {"type": "Feature", "id": 1280, "geometry": {"type": "MultiPoint", "coordinates": [[-123.33513277510838, 48.40957646789729]]}, "properties": {"OBJECTID": 1280, "StreetName1": "HOLLYWOOD CRES", "StreetName2": "PASSMORE ST", "Intersection": "PASSMORE ST & HOLLYWOOD CRES", "Jurisdiction": "COV", "POINT_X": 475200.25939999986, "POINT_Y": 5361878.1974}}, {"type": "Feature", "id": 1281, "geometry": {"type": "MultiPoint", "coordinates": [[-123.38053391711935, 48.42765188542706]]}, "properties": {"OBJECTID": 1281, "StreetName1": "KIMTA RD", "StreetName2": "PAUL KANE PL", "Intersection": "PAUL KANE PL & KIMTA RD", "Jurisdiction": "COV", "POINT_X": 471850.4216, "POINT_Y": 5363903.0404}}, {"type": "Feature", "id": 1282, "geometry": {"type": "MultiPoint", "coordinates": [[-123.33895288566771, 48.442032236267856]]}, "properties": {"OBJECTID": 1282, "StreetName1": "BELMONT AVE", "StreetName2": "PEARL ST", "Intersection": "PEARL ST & BELMONT AVE", "Jurisdiction": "COV", "POINT_X": 474933.5257000001, "POINT_Y": 5365487.025900001}}, {"type": "Feature", "id": 1283, "geometry": {"type": "MultiPoint", "coordinates": [[-123.33683525467201, 48.441997735679394]]}, "properties": {"OBJECTID": 1283, "StreetName1": "DONCASTER DR", "StreetName2": "PEARL ST", "Intersection": "PEARL ST & DONCASTER DR", "Jurisdiction": "COV", "POINT_X": 475090.12009999994, "POINT_Y": 5365482.4999}}, {"type": "Feature", "id": 1284, "geometry": {"type": "MultiPoint", "coordinates": [[-123.34209726811461, 48.424762639789265]]}, "properties": {"OBJECTID": 1284, "StreetName1": "FORT ST", "StreetName2": "PEMBERTON RD", "Intersection": "PEMBERTON RD & FORT ST", "Jurisdiction": "COV", "POINT_X": 474692.40490000043, "POINT_Y": 5363568.4749}}, {"type": "Feature", "id": 1285, "geometry": {"type": "MultiPoint", "coordinates": [[-123.3411257243148, 48.42372999618941]]}, "properties": {"OBJECTID": 1285, "StreetName1": "CARBERRY GDNS", "StreetName2": "PEMBERTON RD", "Intersection": "PEMBERTON RD & CARBERRY GDNS", "Jurisdiction": "COV", "POINT_X": 474763.76939999964, "POINT_Y": 5363453.3719999995}}, {"type": "Feature", "id": 1286, "geometry": {"type": "MultiPoint", "coordinates": [[-123.34055412151544, 48.421598238540135]]}, "properties": {"OBJECTID": 1286, "StreetName1": "ANGUS RD", "StreetName2": "PEMBERTON RD", "Intersection": "PEMBERTON RD & ANGUS RD", "Jurisdiction": "COV", "POINT_X": 474805.0044, "POINT_Y": 5363216.230799999}}, {"type": "Feature", "id": 1287, "geometry": {"type": "MultiPoint", "coordinates": [[-123.36722169369011, 48.43272819881837]]}, "properties": {"OBJECTID": 1287, "StreetName1": "GOVERNMENT ST", "StreetName2": "PEMBROKE ST", "Intersection": "PEMBROKE ST & GOVERNMENT ST", "Jurisdiction": "COV", "POINT_X": 472837.9219000004, "POINT_Y": 5364462.484999999}}, {"type": "Feature", "id": 1288, "geometry": {"type": "MultiPoint", "coordinates": [[-123.36460403504424, 48.43277006940971]]}, "properties": {"OBJECTID": 1288, "StreetName1": "DOUGLAS ST", "StreetName2": "PEMBROKE ST", "Intersection": "PEMBROKE ST & DOUGLAS ST", "Jurisdiction": "COV", "POINT_X": 473031.5706000002, "POINT_Y": 5364466.2139}}, {"type": "Feature", "id": 1289, "geometry": {"type": "MultiPoint", "coordinates": [[-123.36225703355345, 48.43281748736178], [-123.36178077478651, 48.43247261566922], [-123.36167493249391, 48.43220683014165]]}, "properties": {"OBJECTID": 1289, "StreetName1": "BLANSHARD ST", "StreetName2": "PEMBROKE ST", "Intersection": "PEMBROKE ST & BLANSHARD ST", "Jurisdiction": "COV", "POINT_X": 473226.57010000024, "POINT_Y": 5364436.620449999}}, {"type": "Feature", "id": 1290, "geometry": {"type": "MultiPoint", "coordinates": [[-123.3614313240493, 48.43245530865037]]}, "properties": {"OBJECTID": 1290, "StreetName1": "DOWLER PL", "StreetName2": "PEMBROKE ST", "Intersection": "PEMBROKE ST & DOWLER PL", "Jurisdiction": "COV", "POINT_X": 473266.0887000002, "POINT_Y": 5364430.114499999}}, {"type": "Feature", "id": 1291, "geometry": {"type": "MultiPoint", "coordinates": [[-123.35269172094256, 48.43191751417655]]}, "properties": {"OBJECTID": 1291, "StreetName1": "COOK ST", "StreetName2": "PEMBROKE ST", "Intersection": "PEMBROKE ST & COOK ST", "Jurisdiction": "COV", "POINT_X": 473912.27979999967, "POINT_Y": 5364367.3223}}, {"type": "Feature", "id": 1292, "geometry": {"type": "MultiPoint", "coordinates": [[-123.35084247971355, 48.431796948355064]]}, "properties": {"OBJECTID": 1292, "StreetName1": "CAMERON ST", "StreetName2": "PEMBROKE ST", "Intersection": "PEMBROKE ST & CAMERON ST", "Jurisdiction": "COV", "POINT_X": 474049.0077999998, "POINT_Y": 5364353.2926}}, {"type": "Feature", "id": 1293, "geometry": {"type": "MultiPoint", "coordinates": [[-123.34974170322695, 48.43172516550051]]}, "properties": {"OBJECTID": 1293, "StreetName1": "CHAMBERS ST", "StreetName2": "PEMBROKE ST", "Intersection": "PEMBROKE ST & CHAMBERS ST", "Jurisdiction": "COV", "POINT_X": 474130.3965999996, "POINT_Y": 5364344.941199999}}, {"type": "Feature", "id": 1294, "geometry": {"type": "MultiPoint", "coordinates": [[-123.34513122047017, 48.4313709033374]]}, "properties": {"OBJECTID": 1294, "StreetName1": "FERNWOOD RD", "StreetName2": "PEMBROKE ST", "Intersection": "PEMBROKE ST & FERNWOOD RD", "Jurisdiction": "COV", "POINT_X": 474471.2604, "POINT_Y": 5364304.0163}}, {"type": "Feature", "id": 1295, "geometry": {"type": "MultiPoint", "coordinates": [[-123.34311989657203, 48.43132863454938]]}, "properties": {"OBJECTID": 1295, "StreetName1": "OREGON AVE", "StreetName2": "PEMBROKE ST", "Intersection": "PEMBROKE ST & OREGON AVE", "Jurisdiction": "COV", "POINT_X": 474620.01970000006, "POINT_Y": 5364298.6493999995}}, {"type": "Feature", "id": 1296, "geometry": {"type": "MultiPoint", "coordinates": [[-123.33981096522774, 48.43123995012897], [-123.33906214082027, 48.431223693533994]]}, "properties": {"OBJECTID": 1296, "StreetName1": "BELMONT AVE", "StreetName2": "PEMBROKE ST", "Intersection": "PEMBROKE ST & BELMONT AVE", "Jurisdiction": "COV", "POINT_X": 474892.43415000004, "POINT_Y": 5364286.67415}}, {"type": "Feature", "id": 1297, "geometry": {"type": "MultiPoint", "coordinates": [[-123.33845401277425, 48.43121048740817]]}, "properties": {"OBJECTID": 1297, "StreetName1": "FORBES ST", "StreetName2": "PEMBROKE ST", "Intersection": "PEMBROKE ST & FORBES ST", "Jurisdiction": "COV", "POINT_X": 474965.10369999986, "POINT_Y": 5364283.981000001}}, {"type": "Feature", "id": 1298, "geometry": {"type": "MultiPoint", "coordinates": [[-123.33438565293177, 48.431113320634125]]}, "properties": {"OBJECTID": 1298, "StreetName1": "LYDIA ST", "StreetName2": "PEMBROKE ST", "Intersection": "PEMBROKE ST & LYDIA ST", "Jurisdiction": "COV", "POINT_X": 475265.99959999975, "POINT_Y": 5364271.8585}}, {"type": "Feature", "id": 1299, "geometry": {"type": "MultiPoint", "coordinates": [[-123.33252056605352, 48.4307051087613], [-123.33191098029872, 48.43095175587882]]}, "properties": {"OBJECTID": 1299, "StreetName1": "BEGBIE ST", "StreetName2": "PEMBROKE ST", "Intersection": "PEMBROKE ST & BEGBIE ST", "Jurisdiction": "COV", "POINT_X": 475426.3719500003, "POINT_Y": 5364239.493500001}}, {"type": "Feature", "id": 1300, "geometry": {"type": "MultiPoint", "coordinates": [[-123.33141256896135, 48.430917932259675]]}, "properties": {"OBJECTID": 1300, "StreetName1": "BIRCH ST", "StreetName2": "PEMBROKE ST", "Intersection": "PEMBROKE ST & BIRCH ST", "Jurisdiction": "COV", "POINT_X": 475485.8298000004, "POINT_Y": 5364249.1843}}, {"type": "Feature", "id": 1301, "geometry": {"type": "MultiPoint", "coordinates": [[-123.36051891454964, 48.415802826220975]]}, "properties": {"OBJECTID": 1301, "StreetName1": "HEYWOOD AVE", "StreetName2": "PENDERGAST ST", "Intersection": "PENDERGAST ST & HEYWOOD AVE", "Jurisdiction": "COV", "POINT_X": 473324.8666000003, "POINT_Y": 5362578.8093}}, {"type": "Feature", "id": 1302, "geometry": {"type": "MultiPoint", "coordinates": [[-123.35616223529556, 48.41544537745611]]}, "properties": {"OBJECTID": 1302, "StreetName1": "COOK ST", "StreetName2": "PENDERGAST ST", "Intersection": "PENDERGAST ST & COOK ST", "Jurisdiction": "COV", "POINT_X": 473647.0497000003, "POINT_Y": 5362537.569499999}}, {"type": "Feature", "id": 1303, "geometry": {"type": "MultiPoint", "coordinates": [[-123.37720630423243, 48.421027024136926]]}, "properties": {"OBJECTID": 1303, "StreetName1": "KINGSTON ST", "StreetName2": "PENDRAY ST", "Intersection": "PENDRAY ST & KINGSTON ST", "Jurisdiction": "COV", "POINT_X": 472092.96079999954, "POINT_Y": 5363165.4441}}, {"type": "Feature", "id": 1304, "geometry": {"type": "MultiPoint", "coordinates": [[-123.37633663063511, 48.421761694057885]]}, "properties": {"OBJECTID": 1304, "StreetName1": "CROSS ST", "StreetName2": "PENDRAY ST", "Intersection": "PENDRAY ST & CROSS ST", "Jurisdiction": "COV", "POINT_X": 472157.70600000024, "POINT_Y": 5363246.788899999}}, {"type": "Feature", "id": 1305, "geometry": {"type": "MultiPoint", "coordinates": [[-123.37526232889363, 48.42218787647317]]}, "properties": {"OBJECTID": 1305, "StreetName1": "BELLEVILLE ST", "StreetName2": "PENDRAY ST", "Intersection": "PENDRAY ST & BELLEVILLE ST", "Jurisdiction": "COV", "POINT_X": 472237.42059999984, "POINT_Y": 5363293.7707}}, {"type": "Feature", "id": 1306, "geometry": {"type": "MultiPoint", "coordinates": [[-123.34958971379223, 48.42106434420989]]}, "properties": {"OBJECTID": 1306, "StreetName1": "LANGHAM CRT", "StreetName2": "PENTRELEW PL", "Intersection": "PENTRELEW PL & LANGHAM CRT", "Jurisdiction": "COV", "POINT_X": 474136.23039999977, "POINT_Y": 5363159.8982}}, {"type": "Feature", "id": 1307, "geometry": {"type": "MultiPoint", "coordinates": [[-123.34841870278902, 48.42306245921601]]}, "properties": {"OBJECTID": 1307, "StreetName1": "FORT ST", "StreetName2": "PENTRELEW PL", "Intersection": "PENTRELEW PL & FORT ST", "Jurisdiction": "COV", "POINT_X": 474223.8794999998, "POINT_Y": 5363381.601500001}}, {"type": "Feature", "id": 1308, "geometry": {"type": "MultiPoint", "coordinates": [[-123.36524118639953, 48.42149909930107]]}, "properties": {"OBJECTID": 1308, "StreetName1": "HUMBOLDT ST", "StreetName2": "PENWILL ST", "Intersection": "PENWILL ST & HUMBOLDT ST", "Jurisdiction": "COV", "POINT_X": 472978.46630000044, "POINT_Y": 5363213.626499999}}, {"type": "Feature", "id": 1309, "geometry": {"type": "MultiPoint", "coordinates": [[-123.3643356747903, 48.42193263452508]]}, "properties": {"OBJECTID": 1309, "StreetName1": "FAIRFIELD RD", "StreetName2": "PENWILL ST", "Intersection": "PENWILL ST & FAIRFIELD RD", "Jurisdiction": "COV", "POINT_X": 473045.69039999973, "POINT_Y": 5363261.4965}}, {"type": "Feature", "id": 1310, "geometry": {"type": "MultiPoint", "coordinates": [[-123.38297767456282, 48.41468612786383]]}, "properties": {"OBJECTID": 1310, "StreetName1": "DALLAS RD", "StreetName2": "PILOT ST", "Intersection": "PILOT ST & DALLAS RD", "Jurisdiction": "COV", "POINT_X": 471662.43429999985, "POINT_Y": 5362462.7491999995}}, {"type": "Feature", "id": 1311, "geometry": {"type": "MultiPoint", "coordinates": [[-123.38109941512208, 48.41645082745459]]}, "properties": {"OBJECTID": 1311, "StreetName1": "NIAGARA ST", "StreetName2": "PILOT ST", "Intersection": "PILOT ST & NIAGARA ST", "Jurisdiction": "COV", "POINT_X": 471802.39300000016, "POINT_Y": 5362658.208799999}}, {"type": "Feature", "id": 1312, "geometry": {"type": "MultiPoint", "coordinates": [[-123.3938869911076, 48.43601112987007]]}, "properties": {"OBJECTID": 1312, "StreetName1": "DOMINION RD", "StreetName2": "PINE ST", "Intersection": "PINE ST & DOMINION RD", "Jurisdiction": "COV", "POINT_X": 470867.3842000002, "POINT_Y": 5364837.1975}}, {"type": "Feature", "id": 1313, "geometry": {"type": "MultiPoint", "coordinates": [[-123.3923105594355, 48.43635954611236]]}, "properties": {"OBJECTID": 1313, "StreetName1": "MCCASKILL ST", "StreetName2": "PINE ST", "Intersection": "PINE ST & MCCASKILL ST", "Jurisdiction": "COV", "POINT_X": 470984.1826999998, "POINT_Y": 5364875.3268}}, {"type": "Feature", "id": 1314, "geometry": {"type": "MultiPoint", "coordinates": [[-123.38865236828495, 48.437134873352534]]}, "properties": {"OBJECTID": 1314, "StreetName1": "CRAIGFLOWER RD", "StreetName2": "PINE ST", "Intersection": "PINE ST & CRAIGFLOWER RD", "Jurisdiction": "COV", "POINT_X": 471255.1947999997, "POINT_Y": 5364960.127800001}}, {"type": "Feature", "id": 1315, "geometry": {"type": "MultiPoint", "coordinates": [[-123.37675716573928, 48.43637720310701]]}, "properties": {"OBJECTID": 1315, "StreetName1": "HILLSIDE AVE", "StreetName2": "PLEASANT ST", "Intersection": "PLEASANT ST & HILLSIDE AVE", "Jurisdiction": "COV", "POINT_X": 472134.58469999954, "POINT_Y": 5364871.512599999}}, {"type": "Feature", "id": 1316, "geometry": {"type": "MultiPoint", "coordinates": [[-123.3765910432753, 48.43555730335052]]}, "properties": {"OBJECTID": 1316, "StreetName1": "JOHN ST", "StreetName2": "PLEASANT ST", "Intersection": "PLEASANT ST & JOHN ST", "Jurisdiction": "COV", "POINT_X": 472146.42360000033, "POINT_Y": 5364780.317}}, {"type": "Feature", "id": 1317, "geometry": {"type": "MultiPoint", "coordinates": [[-123.3764029745872, 48.434721507090224]]}, "properties": {"OBJECTID": 1317, "StreetName1": "BAY ST", "StreetName2": "PLEASANT ST", "Intersection": "PLEASANT ST & BAY ST", "Jurisdiction": "COV", "POINT_X": 472159.8775000004, "POINT_Y": 5364687.3465}}, {"type": "Feature", "id": 1318, "geometry": {"type": "MultiPoint", "coordinates": [[-123.35092843311236, 48.40664268353775]]}, "properties": {"OBJECTID": 1318, "StreetName1": "MOSS ST", "StreetName2": "POINT ST", "Intersection": "POINT ST & MOSS ST", "Jurisdiction": "COV", "POINT_X": 474029.8398000002, "POINT_Y": 5361557.3311}}, {"type": "Feature", "id": 1319, "geometry": {"type": "MultiPoint", "coordinates": [[-123.3936239924246, 48.437534329219936]]}, "properties": {"OBJECTID": 1319, "StreetName1": "DOMINION RD", "StreetName2": "POWDERLY AVE", "Intersection": "POWDERLY AVE & DOMINION RD", "Jurisdiction": "COV", "POINT_X": 470887.70710000023, "POINT_Y": 5365006.407199999}}, {"type": "Feature", "id": 1320, "geometry": {"type": "MultiPoint", "coordinates": [[-123.3708230175619, 48.4170478394941]]}, "properties": {"OBJECTID": 1320, "StreetName1": "MICHIGAN ST", "StreetName2": "POWELL ST", "Intersection": "POWELL ST & MICHIGAN ST", "Jurisdiction": "COV", "POINT_X": 472563.0954999998, "POINT_Y": 5362720.8368}}, {"type": "Feature", "id": 1321, "geometry": {"type": "MultiPoint", "coordinates": [[-123.36725519592775, 48.433560627045864]]}, "properties": {"OBJECTID": 1321, "StreetName1": "GOVERNMENT ST", "StreetName2": "PRINCESS AVE", "Intersection": "PRINCESS AVE & GOVERNMENT ST", "Jurisdiction": "COV", "POINT_X": 472835.8875000002, "POINT_Y": 5364555.024599999}}, {"type": "Feature", "id": 1322, "geometry": {"type": "MultiPoint", "coordinates": [[-123.36462535730399, 48.43345687867917]]}, "properties": {"OBJECTID": 1322, "StreetName1": "DOUGLAS ST", "StreetName2": "PRINCESS AVE", "Intersection": "PRINCESS AVE & DOUGLAS ST", "Jurisdiction": "COV", "POINT_X": 473030.3569, "POINT_Y": 5364542.562999999}}, {"type": "Feature", "id": 1323, "geometry": {"type": "MultiPoint", "coordinates": [[-123.3613124341938, 48.43326464351114]]}, "properties": {"OBJECTID": 1323, "StreetName1": "DOWLER PL", "StreetName2": "PRINCESS AVE", "Intersection": "PRINCESS AVE & DOWLER PL", "Jurisdiction": "COV", "POINT_X": 473275.3074000003, "POINT_Y": 5364520.0338}}, {"type": "Feature", "id": 1324, "geometry": {"type": "MultiPoint", "coordinates": [[-123.35258134439852, 48.432753230413326]]}, "properties": {"OBJECTID": 1324, "StreetName1": "COOK ST", "StreetName2": "PRINCESS AVE", "Intersection": "PRINCESS AVE & COOK ST", "Jurisdiction": "COV", "POINT_X": 473920.87210000027, "POINT_Y": 5364460.1779}}, {"type": "Feature", "id": 1325, "geometry": {"type": "MultiPoint", "coordinates": [[-123.34960741382129, 48.4326011291463]]}, "properties": {"OBJECTID": 1325, "StreetName1": "CHAMBERS ST", "StreetName2": "PRINCESS AVE", "Intersection": "PRINCESS AVE & CHAMBERS ST", "Jurisdiction": "COV", "POINT_X": 474140.7746000001, "POINT_Y": 5364442.262700001}}, {"type": "Feature", "id": 1326, "geometry": {"type": "MultiPoint", "coordinates": [[-123.35516903086811, 48.43994160441715]]}, "properties": {"OBJECTID": 1326, "StreetName1": "HILLSIDE AVE", "StreetName2": "PRIOR ST", "Intersection": "PRIOR ST & HILLSIDE AVE", "Jurisdiction": "COV", "POINT_X": 473733.16860000044, "POINT_Y": 5365260.079399999}}, {"type": "Feature", "id": 1327, "geometry": {"type": "MultiPoint", "coordinates": [[-123.35444796814447, 48.438043132339814]]}, "properties": {"OBJECTID": 1327, "StreetName1": "KINGS RD", "StreetName2": "PRIOR ST", "Intersection": "PRIOR ST & KINGS RD", "Jurisdiction": "COV", "POINT_X": 473785.52080000006, "POINT_Y": 5365048.8093}}, {"type": "Feature", "id": 1328, "geometry": {"type": "MultiPoint", "coordinates": [[-123.35344312609509, 48.435045761522304]]}, "properties": {"OBJECTID": 1328, "StreetName1": "BAY ST", "StreetName2": "PRIOR ST", "Intersection": "PRIOR ST & BAY ST", "Jurisdiction": "COV", "POINT_X": 473858.3027999997, "POINT_Y": 5364715.2958}}, {"type": "Feature", "id": 1329, "geometry": {"type": "MultiPoint", "coordinates": [[-123.34704919018806, 48.42253132053895]]}, "properties": {"OBJECTID": 1329, "StreetName1": "MOSS ST", "StreetName2": "PURCELL PL", "Intersection": "PURCELL PL & MOSS ST", "Jurisdiction": "COV", "POINT_X": 474324.93319999985, "POINT_Y": 5363322.103399999}}, {"type": "Feature", "id": 1330, "geometry": {"type": "MultiPoint", "coordinates": [[-123.36216850207761, 48.41785775876349]]}, "properties": {"OBJECTID": 1330, "StreetName1": "ACADEMY CLOSE", "StreetName2": "QUADRA ST", "Intersection": "QUADRA ST & ACADEMY CLOSE", "Jurisdiction": "COV", "POINT_X": 473203.88709999993, "POINT_Y": 5362807.7984}}, {"type": "Feature", "id": 1331, "geometry": {"type": "MultiPoint", "coordinates": [[-123.36159383243678, 48.41845092284276]]}, "properties": {"OBJECTID": 1331, "StreetName1": "CONVENT PL", "StreetName2": "QUADRA ST", "Intersection": "QUADRA ST & CONVENT PL", "Jurisdiction": "COV", "POINT_X": 473246.7187000001, "POINT_Y": 5362873.5298999995}}, {"type": "Feature", "id": 1332, "geometry": {"type": "MultiPoint", "coordinates": [[-123.36132556898981, 48.418915628553115]]}, "properties": {"OBJECTID": 1332, "StreetName1": "HUMBOLDT ST", "StreetName2": "QUADRA ST", "Intersection": "QUADRA ST & HUMBOLDT ST", "Jurisdiction": "COV", "POINT_X": 473266.81120000035, "POINT_Y": 5362925.09}}, {"type": "Feature", "id": 1333, "geometry": {"type": "MultiPoint", "coordinates": [[-123.36115698785005, 48.446284788775884]]}, "properties": {"OBJECTID": 1333, "StreetName1": "FINLAYSON ST", "StreetName2": "QUADRA ST", "Intersection": "QUADRA ST & FINLAYSON ST", "Jurisdiction": "COV", "POINT_X": 473293.63159999996, "POINT_Y": 5365967.2224}}, {"type": "Feature", "id": 1334, "geometry": {"type": "MultiPoint", "coordinates": [[-123.36052309212629, 48.41966796297267]]}, "properties": {"OBJECTID": 1334, "StreetName1": "FAIRFIELD RD", "StreetName2": "QUADRA ST", "Intersection": "QUADRA ST & FAIRFIELD RD", "Jurisdiction": "COV", "POINT_X": 473326.5795999998, "POINT_Y": 5363008.4350000005}}, {"type": "Feature", "id": 1335, "geometry": {"type": "MultiPoint", "coordinates": [[-123.36030603346289, 48.42175084866157]]}, "properties": {"OBJECTID": 1335, "StreetName1": "BURDETT AVE", "StreetName2": "QUADRA ST", "Intersection": "QUADRA ST & BURDETT AVE", "Jurisdiction": "COV", "POINT_X": 473343.7285000002, "POINT_Y": 5363239.880000001}}, {"type": "Feature", "id": 1336, "geometry": {"type": "MultiPoint", "coordinates": [[-123.3601490401351, 48.42236214704766]]}, "properties": {"OBJECTID": 1336, "StreetName1": "COURTNEY ST", "StreetName2": "QUADRA ST", "Intersection": "QUADRA ST & COURTNEY ST", "Jurisdiction": "COV", "POINT_X": 473355.6632000003, "POINT_Y": 5363307.773499999}}, {"type": "Feature", "id": 1337, "geometry": {"type": "MultiPoint", "coordinates": [[-123.35993048285633, 48.42319964799362]]}, "properties": {"OBJECTID": 1337, "StreetName1": "BROUGHTON ST", "StreetName2": "QUADRA ST", "Intersection": "QUADRA ST & BROUGHTON ST", "Jurisdiction": "COV", "POINT_X": 473372.27049999963, "POINT_Y": 5363400.788899999}}, {"type": "Feature", "id": 1338, "geometry": {"type": "MultiPoint", "coordinates": [[-123.35985018231324, 48.423517528378355]]}, "properties": {"OBJECTID": 1338, "StreetName1": "MEARES ST", "StreetName2": "QUADRA ST", "Intersection": "QUADRA ST & MEARES ST", "Jurisdiction": "COV", "POINT_X": 473378.37739999965, "POINT_Y": 5363436.0945999995}}, {"type": "Feature", "id": 1339, "geometry": {"type": "MultiPoint", "coordinates": [[-123.3597235000789, 48.42401900937435]]}, "properties": {"OBJECTID": 1339, "StreetName1": "FORT ST", "StreetName2": "QUADRA ST", "Intersection": "QUADRA ST & FORT ST", "Jurisdiction": "COV", "POINT_X": 473388.0115, "POINT_Y": 5363491.792099999}}, {"type": "Feature", "id": 1340, "geometry": {"type": "MultiPoint", "coordinates": [[-123.35943633373554, 48.44029870497596]]}, "properties": {"OBJECTID": 1340, "StreetName1": "MARKET ST", "StreetName2": "QUADRA ST", "Intersection": "QUADRA ST & MARKET ST", "Jurisdiction": "COV", "POINT_X": 473417.74990000017, "POINT_Y": 5365301.2453000005}}, {"type": "Feature", "id": 1341, "geometry": {"type": "MultiPoint", "coordinates": [[-123.35918520728374, 48.43942854884452]]}, "properties": {"OBJECTID": 1341, "StreetName1": "HILLSIDE AVE", "StreetName2": "QUADRA ST", "Intersection": "QUADRA ST & HILLSIDE AVE", "Jurisdiction": "COV", "POINT_X": 473435.8690999998, "POINT_Y": 5365204.4366999995}}, {"type": "Feature", "id": 1342, "geometry": {"type": "MultiPoint", "coordinates": [[-123.3590765490237, 48.426586045998626]]}, "properties": {"OBJECTID": 1342, "StreetName1": "JOHNSON ST", "StreetName2": "QUADRA ST", "Intersection": "QUADRA ST & JOHNSON ST", "Jurisdiction": "COV", "POINT_X": 473437.2120000003, "POINT_Y": 5363776.9035}}, {"type": "Feature", "id": 1343, "geometry": {"type": "MultiPoint", "coordinates": [[-123.35902859045767, 48.42749821327959], [-123.35892784757692, 48.4272666049373]]}, "properties": {"OBJECTID": 1343, "StreetName1": "PANDORA AVE", "StreetName2": "QUADRA ST", "Intersection": "QUADRA ST & PANDORA AVE", "Jurisdiction": "COV", "POINT_X": 473444.90119999996, "POINT_Y": 5363865.388250001}}, {"type": "Feature", "id": 1344, "geometry": {"type": "MultiPoint", "coordinates": [[-123.35897357344889, 48.4280682866742]]}, "properties": {"OBJECTID": 1344, "StreetName1": "MASON ST", "StreetName2": "QUADRA ST", "Intersection": "QUADRA ST & MASON ST", "Jurisdiction": "COV", "POINT_X": 473445.6021999996, "POINT_Y": 5363941.624600001}}, {"type": "Feature", "id": 1345, "geometry": {"type": "MultiPoint", "coordinates": [[-123.35892513366147, 48.42853804160493]]}, "properties": {"OBJECTID": 1345, "StreetName1": "CORMORANT ST", "StreetName2": "QUADRA ST", "Intersection": "QUADRA ST & CORMORANT ST", "Jurisdiction": "COV", "POINT_X": 473449.4303000001, "POINT_Y": 5363993.822899999}}, {"type": "Feature", "id": 1346, "geometry": {"type": "MultiPoint", "coordinates": [[-123.35885839249808, 48.429069857661425]]}, "properties": {"OBJECTID": 1346, "StreetName1": "BALMORAL RD", "StreetName2": "QUADRA ST", "Intersection": "QUADRA ST & BALMORAL RD", "Jurisdiction": "COV", "POINT_X": 473454.6445000004, "POINT_Y": 5364052.9132}}, {"type": "Feature", "id": 1347, "geometry": {"type": "MultiPoint", "coordinates": [[-123.35875915855308, 48.429896624598086]]}, "properties": {"OBJECTID": 1347, "StreetName1": "NORTH PARK ST", "StreetName2": "QUADRA ST", "Intersection": "QUADRA ST & NORTH PARK ST", "Jurisdiction": "COV", "POINT_X": 473462.4157999996, "POINT_Y": 5364144.7772}}, {"type": "Feature", "id": 1348, "geometry": {"type": "MultiPoint", "coordinates": [[-123.35862844955963, 48.43077728238154]]}, "properties": {"OBJECTID": 1348, "StreetName1": "CALEDONIA AVE", "StreetName2": "QUADRA ST", "Intersection": "QUADRA ST & CALEDONIA AVE", "Jurisdiction": "COV", "POINT_X": 473472.5432000002, "POINT_Y": 5364242.6205}}, {"type": "Feature", "id": 1349, "geometry": {"type": "MultiPoint", "coordinates": [[-123.35863073912044, 48.43750598744387]]}, "properties": {"OBJECTID": 1349, "StreetName1": "KINGS RD", "StreetName2": "QUADRA ST", "Intersection": "QUADRA ST & KINGS RD", "Jurisdiction": "COV", "POINT_X": 473475.87650000025, "POINT_Y": 5364990.5439}}, {"type": "Feature", "id": 1350, "geometry": {"type": "MultiPoint", "coordinates": [[-123.3585311740327, 48.431516185356266]]}, "properties": {"OBJECTID": 1350, "StreetName1": "GREEN ST", "StreetName2": "QUADRA ST", "Intersection": "QUADRA ST & GREEN ST", "Jurisdiction": "COV", "POINT_X": 473480.1233999999, "POINT_Y": 5364324.718800001}}, {"type": "Feature", "id": 1351, "geometry": {"type": "MultiPoint", "coordinates": [[-123.3584338971085, 48.43225508995555]]}, "properties": {"OBJECTID": 1351, "StreetName1": "PEMBROKE ST", "StreetName2": "QUADRA ST", "Intersection": "QUADRA ST & PEMBROKE ST", "Jurisdiction": "COV", "POINT_X": 473487.7034999998, "POINT_Y": 5364406.817299999}}, {"type": "Feature", "id": 1352, "geometry": {"type": "MultiPoint", "coordinates": [[-123.35832147087426, 48.4330903709668]]}, "properties": {"OBJECTID": 1352, "StreetName1": "PRINCESS AVE", "StreetName2": "QUADRA ST", "Intersection": "QUADRA ST & PRINCESS AVE", "Jurisdiction": "COV", "POINT_X": 473496.45409999974, "POINT_Y": 5364499.623199999}}, {"type": "Feature", "id": 1353, "geometry": {"type": "MultiPoint", "coordinates": [[-123.35809216961002, 48.43478698117509]]}, "properties": {"OBJECTID": 1353, "StreetName1": "EMPRESS AVE", "StreetName2": "QUADRA ST", "Intersection": "QUADRA ST & EMPRESS AVE", "Jurisdiction": "COV", "POINT_X": 473514.2971000001, "POINT_Y": 5364688.128900001}}, {"type": "Feature", "id": 1354, "geometry": {"type": "MultiPoint", "coordinates": [[-123.35802346836314, 48.43529867433423]]}, "properties": {"OBJECTID": 1354, "StreetName1": "BAY ST", "StreetName2": "QUADRA ST", "Intersection": "QUADRA ST & BAY ST", "Jurisdiction": "COV", "POINT_X": 473519.64460000023, "POINT_Y": 5364744.981899999}}, {"type": "Feature", "id": 1355, "geometry": {"type": "MultiPoint", "coordinates": [[-123.32869980799094, 48.421827467869825]]}, "properties": {"OBJECTID": 1355, "StreetName1": "BANK ST", "StreetName2": "QUAMICHAN ST", "Intersection": "QUAMICHAN ST & BANK ST", "Jurisdiction": "COV", "POINT_X": 475682.1616000002, "POINT_Y": 5363237.878799999}}, {"type": "Feature", "id": 1356, "geometry": {"type": "MultiPoint", "coordinates": [[-123.32758971903641, 48.42141839750721]]}, "properties": {"OBJECTID": 1356, "StreetName1": "MADDISON ST", "StreetName2": "QUAMICHAN ST", "Intersection": "QUAMICHAN ST & MADDISON ST", "Jurisdiction": "COV", "POINT_X": 475764.09729999956, "POINT_Y": 5363192.0572}}, {"type": "Feature", "id": 1357, "geometry": {"type": "MultiPoint", "coordinates": [[-123.32638024332508, 48.420970924014675]]}, "properties": {"OBJECTID": 1357, "StreetName1": "LAWNDALE AVE", "StreetName2": "QUAMICHAN ST", "Intersection": "QUAMICHAN ST & LAWNDALE AVE", "Jurisdiction": "COV", "POINT_X": 475853.3694000002, "POINT_Y": 5363141.936799999}}, {"type": "Feature", "id": 1358, "geometry": {"type": "MultiPoint", "coordinates": [[-123.32495518319577, 48.4208036980369]]}, "properties": {"OBJECTID": 1358, "StreetName1": "COWICHAN ST", "StreetName2": "QUAMICHAN ST", "Intersection": "QUAMICHAN ST & COWICHAN ST", "Jurisdiction": "COV", "POINT_X": 475958.7257000003, "POINT_Y": 5363122.900699999}}, {"type": "Feature", "id": 1359, "geometry": {"type": "MultiPoint", "coordinates": [[-123.32338172067139, 48.42079834510999]]}, "properties": {"OBJECTID": 1359, "StreetName1": "FOUL BAY RD", "StreetName2": "QUAMICHAN ST", "Intersection": "QUAMICHAN ST & FOUL BAY RD", "Jurisdiction": "COV", "POINT_X": 476075.13850000035, "POINT_Y": 5363121.812999999}}, {"type": "Feature", "id": 1360, "geometry": {"type": "MultiPoint", "coordinates": [[-123.3778780452934, 48.42239021901865]]}, "properties": {"OBJECTID": 1360, "StreetName1": "MONTREAL ST", "StreetName2": "QUEBEC ST", "Intersection": "QUEBEC ST & MONTREAL ST", "Jurisdiction": "COV", "POINT_X": 472044.0087000001, "POINT_Y": 5363317.213300001}}, {"type": "Feature", "id": 1361, "geometry": {"type": "MultiPoint", "coordinates": [[-123.37647131565794, 48.42170826203315]]}, "properties": {"OBJECTID": 1361, "StreetName1": "PENDRAY ST", "StreetName2": "QUEBEC ST", "Intersection": "QUEBEC ST & PENDRAY ST", "Jurisdiction": "COV", "POINT_X": 472147.7121000001, "POINT_Y": 5363240.898700001}}, {"type": "Feature", "id": 1362, "geometry": {"type": "MultiPoint", "coordinates": [[-123.37484165267301, 48.42091690185829]]}, "properties": {"OBJECTID": 1362, "StreetName1": "OSWEGO ST", "StreetName2": "QUEBEC ST", "Intersection": "QUEBEC ST & OSWEGO ST", "Jurisdiction": "COV", "POINT_X": 472267.85280000046, "POINT_Y": 5363152.344699999}}, {"type": "Feature", "id": 1363, "geometry": {"type": "MultiPoint", "coordinates": [[-123.3713840117499, 48.42000467946437]]}, "properties": {"OBJECTID": 1363, "StreetName1": "MENZIES ST", "StreetName2": "QUEBEC ST", "Intersection": "QUEBEC ST & MENZIES ST", "Jurisdiction": "COV", "POINT_X": 472523.1798999999, "POINT_Y": 5363049.7016}}, {"type": "Feature", "id": 1364, "geometry": {"type": "MultiPoint", "coordinates": [[-123.32426852725041, 48.41574820823855]]}, "properties": {"OBJECTID": 1364, "StreetName1": "FAIRFIELD RD", "StreetName2": "QUEEN ANNE HTS", "Intersection": "QUEEN ANNE HTS & FAIRFIELD RD", "Jurisdiction": "COV", "POINT_X": 476007.15020000003, "POINT_Y": 5362560.7487}}, {"type": "Feature", "id": 1365, "geometry": {"type": "MultiPoint", "coordinates": [[-123.36728196809412, 48.43428446785621]]}, "properties": {"OBJECTID": 1365, "StreetName1": "GOVERNMENT ST", "StreetName2": "QUEENS AVE", "Intersection": "QUEENS AVE & GOVERNMENT ST", "Jurisdiction": "COV", "POINT_X": 472834.29310000036, "POINT_Y": 5364635.491900001}}, {"type": "Feature", "id": 1366, "geometry": {"type": "MultiPoint", "coordinates": [[-123.364674315271, 48.43417730127873]]}, "properties": {"OBJECTID": 1366, "StreetName1": "DOUGLAS ST", "StreetName2": "QUEENS AVE", "Intersection": "QUEENS AVE & DOUGLAS ST", "Jurisdiction": "COV", "POINT_X": 473027.1168999998, "POINT_Y": 5364622.6581}}, {"type": "Feature", "id": 1367, "geometry": {"type": "MultiPoint", "coordinates": [[-123.36263071926932, 48.4340598922968]]}, "properties": {"OBJECTID": 1367, "StreetName1": "BLANSHARD ST", "StreetName2": "QUEENS AVE", "Intersection": "QUEENS AVE & BLANSHARD ST", "Jurisdiction": "COV", "POINT_X": 473178.2143000001, "POINT_Y": 5364608.889799999}}, {"type": "Feature", "id": 1368, "geometry": {"type": "MultiPoint", "coordinates": [[-123.36119103757572, 48.43409105960803]]}, "properties": {"OBJECTID": 1368, "StreetName1": "DOWLER PL", "StreetName2": "QUEENS AVE", "Intersection": "QUEENS AVE & DOWLER PL", "Jurisdiction": "COV", "POINT_X": 473284.72020000033, "POINT_Y": 5364611.8509}}, {"type": "Feature", "id": 1369, "geometry": {"type": "MultiPoint", "coordinates": [[-123.35820961439727, 48.43391663275277]]}, "properties": {"OBJECTID": 1369, "StreetName1": "QUADRA ST", "StreetName2": "QUEENS AVE", "Intersection": "QUEENS AVE & QUADRA ST", "Jurisdiction": "COV", "POINT_X": 473505.15759999957, "POINT_Y": 5364591.4268}}, {"type": "Feature", "id": 1370, "geometry": {"type": "MultiPoint", "coordinates": [[-123.35245853050857, 48.43357662238768]]}, "properties": {"OBJECTID": 1370, "StreetName1": "COOK ST", "StreetName2": "QUEENS AVE", "Intersection": "QUEENS AVE & COOK ST", "Jurisdiction": "COV", "POINT_X": 473930.3777999999, "POINT_Y": 5364551.659399999}}, {"type": "Feature", "id": 1371, "geometry": {"type": "MultiPoint", "coordinates": [[-123.34950227520561, 48.43340685715654]]}, "properties": {"OBJECTID": 1371, "StreetName1": "CHAMBERS ST", "StreetName2": "QUEENS AVE", "Intersection": "QUEENS AVE & CHAMBERS ST", "Jurisdiction": "COV", "POINT_X": 474148.9604000002, "POINT_Y": 5364531.7871}}, {"type": "Feature", "id": 1372, "geometry": {"type": "MultiPoint", "coordinates": [[-123.36571563371467, 48.439473542199494]]}, "properties": {"OBJECTID": 1372, "StreetName1": "MARKET ST", "StreetName2": "QUESNEL ST", "Intersection": "QUESNEL ST & MARKET ST", "Jurisdiction": "COV", "POINT_X": 472952.90500000026, "POINT_Y": 5365211.724099999}}, {"type": "Feature", "id": 1373, "geometry": {"type": "MultiPoint", "coordinates": [[-123.32779979386315, 48.41405937952704]]}, "properties": {"OBJECTID": 1373, "StreetName1": "BEAVEN ST", "StreetName2": "QUIXOTE LANE", "Intersection": "QUIXOTE LANE & BEAVEN ST", "Jurisdiction": "COV", "POINT_X": 475745.05420000013, "POINT_Y": 5362374.1413}}, {"type": "Feature", "id": 1374, "geometry": {"type": "MultiPoint", "coordinates": [[-123.39126535107484, 48.43568278899365]]}, "properties": {"OBJECTID": 1374, "StreetName1": "EVANS ST", "StreetName2": "RAYNOR AVE", "Intersection": "RAYNOR AVE & EVANS ST", "Jurisdiction": "COV", "POINT_X": 471061.1062000003, "POINT_Y": 5364799.707}}, {"type": "Feature", "id": 1375, "geometry": {"type": "MultiPoint", "coordinates": [[-123.38951446977, 48.4360656651513]]}, "properties": {"OBJECTID": 1375, "StreetName1": "FULLERTON AVE", "StreetName2": "RAYNOR AVE", "Intersection": "RAYNOR AVE & FULLERTON AVE", "Jurisdiction": "COV", "POINT_X": 471190.8267000001, "POINT_Y": 5364841.605}}, {"type": "Feature", "id": 1376, "geometry": {"type": "MultiPoint", "coordinates": [[-123.38790250398758, 48.43641991432081]]}, "properties": {"OBJECTID": 1376, "StreetName1": "CRAIGFLOWER RD", "StreetName2": "RAYNOR AVE", "Intersection": "RAYNOR AVE & CRAIGFLOWER RD", "Jurisdiction": "COV", "POINT_X": 471310.2544, "POINT_Y": 5364880.376}}, {"type": "Feature", "id": 1377, "geometry": {"type": "MultiPoint", "coordinates": [[-123.38608322348749, 48.4365022958535]]}, "properties": {"OBJECTID": 1377, "StreetName1": "MARY ST", "StreetName2": "RAYNOR AVE", "Intersection": "RAYNOR AVE & MARY ST", "Jurisdiction": "COV", "POINT_X": 471444.8618000001, "POINT_Y": 5364888.853}}, {"type": "Feature", "id": 1378, "geometry": {"type": "MultiPoint", "coordinates": [[-123.38483798363478, 48.43649701149046]]}, "properties": {"OBJECTID": 1378, "StreetName1": "CATHERINE ST", "StreetName2": "RAYNOR AVE", "Intersection": "RAYNOR AVE & CATHERINE ST", "Jurisdiction": "COV", "POINT_X": 471536.96160000004, "POINT_Y": 5364887.801999999}}, {"type": "Feature", "id": 1379, "geometry": {"type": "MultiPoint", "coordinates": [[-123.38338280995448, 48.43656945947699]]}, "properties": {"OBJECTID": 1379, "StreetName1": "ARTHUR CURRIE LANE", "StreetName2": "RAYNOR AVE", "Intersection": "RAYNOR AVE & ARTHUR CURRIE LANE", "Jurisdiction": "COV", "POINT_X": 471644.6321999999, "POINT_Y": 5364895.3149999995}}, {"type": "Feature", "id": 1380, "geometry": {"type": "MultiPoint", "coordinates": [[-123.38329662127181, 48.43646136814226]]}, "properties": {"OBJECTID": 1380, "StreetName1": "ALSTON ST", "StreetName2": "RAYNOR AVE", "Intersection": "RAYNOR AVE & ALSTON ST", "Jurisdiction": "COV", "POINT_X": 471650.94689999986, "POINT_Y": 5364883.268300001}}, {"type": "Feature", "id": 1381, "geometry": {"type": "MultiPoint", "coordinates": [[-123.3518058824838, 48.42709455416341]]}, "properties": {"OBJECTID": 1381, "StreetName1": "PANDORA AVE", "StreetName2": "REBECCA ST", "Intersection": "REBECCA ST & PANDORA AVE", "Jurisdiction": "COV", "POINT_X": 473975.3431000002, "POINT_Y": 5363830.9299}}, {"type": "Feature", "id": 1382, "geometry": {"type": "MultiPoint", "coordinates": [[-123.35173460065548, 48.42765939194255]]}, "properties": {"OBJECTID": 1382, "StreetName1": "MASON ST", "StreetName2": "REBECCA ST", "Intersection": "REBECCA ST & MASON ST", "Jurisdiction": "COV", "POINT_X": 473980.90469999984, "POINT_Y": 5363893.6896}}, {"type": "Feature", "id": 1383, "geometry": {"type": "MultiPoint", "coordinates": [[-123.36870918897593, 48.44426412911917]]}, "properties": {"OBJECTID": 1383, "StreetName1": "NANAIMO ST", "StreetName2": "REDBRICK ST", "Intersection": "REDBRICK ST & NANAIMO ST", "Jurisdiction": "COV", "POINT_X": 472734.06709999964, "POINT_Y": 5365745.2795}}, {"type": "Feature", "id": 1384, "geometry": {"type": "MultiPoint", "coordinates": [[-123.36616024266293, 48.444750338341585]]}, "properties": {"OBJECTID": 1384, "StreetName1": "BLANSHARD ST", "StreetName2": "REDBRICK ST", "Intersection": "REDBRICK ST & BLANSHARD ST", "Jurisdiction": "COV", "POINT_X": 472922.8267999999, "POINT_Y": 5365798.4191}}, {"type": "Feature", "id": 1385, "geometry": {"type": "MultiPoint", "coordinates": [[-123.32493015121618, 48.42841632798592]]}, "properties": {"OBJECTID": 1385, "StreetName1": "LEIGHTON RD", "StreetName2": "REDFERN ST", "Intersection": "REDFERN ST & LEIGHTON RD", "Jurisdiction": "COV", "POINT_X": 475964.1676000003, "POINT_Y": 5363969.066199999}}, {"type": "Feature", "id": 1386, "geometry": {"type": "MultiPoint", "coordinates": [[-123.32494284211162, 48.42645243904568], [-123.32465863470756, 48.42645192953593]]}, "properties": {"OBJECTID": 1386, "StreetName1": "OAK BAY AVE", "StreetName2": "REDFERN ST", "Intersection": "REDFERN ST & OAK BAY AVE", "Jurisdiction": "COV", "POINT_X": 475972.81510000007, "POINT_Y": 5363750.7033}}, {"type": "Feature", "id": 1387, "geometry": {"type": "MultiPoint", "coordinates": [[-123.32455328332165, 48.42419124790482], [-123.32425757931303, 48.42419079682602]]}, "properties": {"OBJECTID": 1387, "StreetName1": "BRIGHTON AVE", "StreetName2": "REDFERN ST", "Intersection": "REDFERN ST & BRIGHTON AVE", "Jurisdiction": "COV", "POINT_X": 476000.99474999995, "POINT_Y": 5363499.2424}}, {"type": "Feature", "id": 1388, "geometry": {"type": "MultiPoint", "coordinates": [[-123.32421137978133, 48.42305752328593]]}, "properties": {"OBJECTID": 1388, "StreetName1": "BRIGHTON CRES", "StreetName2": "REDFERN ST", "Intersection": "REDFERN ST & BRIGHTON CRES", "Jurisdiction": "COV", "POINT_X": 476014.81769999955, "POINT_Y": 5363373.1888}}, {"type": "Feature", "id": 1389, "geometry": {"type": "MultiPoint", "coordinates": [[-123.32418189682843, 48.4208023965945]]}, "properties": {"OBJECTID": 1389, "StreetName1": "QUAMICHAN ST", "StreetName2": "REDFERN ST", "Intersection": "REDFERN ST & QUAMICHAN ST", "Jurisdiction": "COV", "POINT_X": 476015.9380000001, "POINT_Y": 5363122.513599999}}, {"type": "Feature", "id": 1390, "geometry": {"type": "MultiPoint", "coordinates": [[-123.3241523260197, 48.42160882199076]]}, "properties": {"OBJECTID": 1390, "StreetName1": "HAWES RD", "StreetName2": "REDFERN ST", "Intersection": "REDFERN ST & HAWES RD", "Jurisdiction": "COV", "POINT_X": 476018.50519999955, "POINT_Y": 5363212.1416}}, {"type": "Feature", "id": 1391, "geometry": {"type": "MultiPoint", "coordinates": [[-123.36277642935708, 48.447701386118744]]}, "properties": {"OBJECTID": 1391, "StreetName1": "GLASGOW ST", "StreetName2": "REED ST", "Intersection": "REED ST & GLASGOW ST", "Jurisdiction": "COV", "POINT_X": 473174.6205000002, "POINT_Y": 5366125.249399999}}, {"type": "Feature", "id": 1392, "geometry": {"type": "MultiPoint", "coordinates": [[-123.38263870968592, 48.43628560272558]]}, "properties": {"OBJECTID": 1392, "StreetName1": "RAYNOR AVE", "StreetName2": "REGATTA LANDING", "Intersection": "REGATTA LANDING & RAYNOR AVE", "Jurisdiction": "COV", "POINT_X": 471699.51099999994, "POINT_Y": 5364863.4879}}, {"type": "Feature", "id": 1393, "geometry": {"type": "MultiPoint", "coordinates": [[-123.38172452630094, 48.43638156658389]]}, "properties": {"OBJECTID": 1393, "StreetName1": "CENTRAL SPUR RD", "StreetName2": "REGATTA LANDING", "Intersection": "REGATTA LANDING & CENTRAL SPUR RD", "Jurisdiction": "COV", "POINT_X": 471767.18099999987, "POINT_Y": 5364873.8171999995}}, {"type": "Feature", "id": 1394, "geometry": {"type": "MultiPoint", "coordinates": [[-123.33801719775697, 48.42380969670799]]}, "properties": {"OBJECTID": 1394, "StreetName1": "BELMONT AVE", "StreetName2": "REGENTS PL", "Intersection": "REGENTS PL & BELMONT AVE", "Jurisdiction": "COV", "POINT_X": 474993.7849000003, "POINT_Y": 5363461.2114}}, {"type": "Feature", "id": 1395, "geometry": {"type": "MultiPoint", "coordinates": [[-123.33717964147849, 48.42337407100213]]}, "properties": {"OBJECTID": 1395, "StreetName1": "LAUREL LANE", "StreetName2": "REGENTS PL", "Intersection": "REGENTS PL & LAUREL LANE", "Jurisdiction": "COV", "POINT_X": 475055.53610000014, "POINT_Y": 5363412.516799999}}, {"type": "Feature", "id": 1396, "geometry": {"type": "MultiPoint", "coordinates": [[-123.37831545087606, 48.41511343282547]]}, "properties": {"OBJECTID": 1396, "StreetName1": "NIAGARA ST", "StreetName2": "RENDALL ST", "Intersection": "RENDALL ST & NIAGARA ST", "Jurisdiction": "COV", "POINT_X": 472007.6525999997, "POINT_Y": 5362508.531400001}}, {"type": "Feature", "id": 1397, "geometry": {"type": "MultiPoint", "coordinates": [[-123.37794943392895, 48.415452592205384]]}, "properties": {"OBJECTID": 1397, "StreetName1": "BECKLEY AVE", "StreetName2": "RENDALL ST", "Intersection": "RENDALL ST & BECKLEY AVE", "Jurisdiction": "COV", "POINT_X": 472034.92200000025, "POINT_Y": 5362546.0965}}, {"type": "Feature", "id": 1398, "geometry": {"type": "MultiPoint", "coordinates": [[-123.39207426149056, 48.43786368069492]]}, "properties": {"OBJECTID": 1398, "StreetName1": "POWDERLY AVE", "StreetName2": "RENO ST", "Intersection": "RENO ST & POWDERLY AVE", "Jurisdiction": "COV", "POINT_X": 471002.51630000025, "POINT_Y": 5365042.4279}}, {"type": "Feature", "id": 1399, "geometry": {"type": "MultiPoint", "coordinates": [[-123.39169689715712, 48.437078963686425]]}, "properties": {"OBJECTID": 1399, "StreetName1": "BELTON AVE", "StreetName2": "RENO ST", "Intersection": "RENO ST & BELTON AVE", "Jurisdiction": "COV", "POINT_X": 471029.9807000002, "POINT_Y": 5364955.0605999995}}, {"type": "Feature", "id": 1400, "geometry": {"type": "MultiPoint", "coordinates": [[-123.34769065364402, 48.419811491041784]]}, "properties": {"OBJECTID": 1400, "StreetName1": "MOSS ST", "StreetName2": "REVERCOMB PL", "Intersection": "REVERCOMB PL & MOSS ST", "Jurisdiction": "COV", "POINT_X": 474276.1026999997, "POINT_Y": 5363019.999299999}}, {"type": "Feature", "id": 1401, "geometry": {"type": "MultiPoint", "coordinates": [[-123.354981187897, 48.419635904167826]]}, "properties": {"OBJECTID": 1401, "StreetName1": "COOK ST", "StreetName2": "RICHARDSON ST", "Intersection": "RICHARDSON ST & COOK ST", "Jurisdiction": "COV", "POINT_X": 473736.5992999999, "POINT_Y": 5363002.9564}}, {"type": "Feature", "id": 1402, "geometry": {"type": "MultiPoint", "coordinates": [[-123.35154497244103, 48.419269342245364]]}, "properties": {"OBJECTID": 1402, "StreetName1": "LINDEN AVE", "StreetName2": "RICHARDSON ST", "Intersection": "RICHARDSON ST & LINDEN AVE", "Jurisdiction": "COV", "POINT_X": 473990.6523000002, "POINT_Y": 5362961.039100001}}, {"type": "Feature", "id": 1403, "geometry": {"type": "MultiPoint", "coordinates": [[-123.35014583899849, 48.41911729312697]]}, "properties": {"OBJECTID": 1403, "StreetName1": "HARBINGER AVE", "StreetName2": "RICHARDSON ST", "Intersection": "RICHARDSON ST & HARBINGER AVE", "Jurisdiction": "COV", "POINT_X": 474094.0954, "POINT_Y": 5362943.664100001}}, {"type": "Feature", "id": 1404, "geometry": {"type": "MultiPoint", "coordinates": [[-123.34891919392642, 48.41898397380982]]}, "properties": {"OBJECTID": 1404, "StreetName1": "CORNWALL ST", "StreetName2": "RICHARDSON ST", "Intersection": "RICHARDSON ST & CORNWALL ST", "Jurisdiction": "COV", "POINT_X": 474184.7862999998, "POINT_Y": 5362928.431}}, {"type": "Feature", "id": 1405, "geometry": {"type": "MultiPoint", "coordinates": [[-123.34792427607967, 48.4188758285725]]}, "properties": {"OBJECTID": 1405, "StreetName1": "MOSS ST", "StreetName2": "RICHARDSON ST", "Intersection": "RICHARDSON ST & MOSS ST", "Jurisdiction": "COV", "POINT_X": 474258.34499999974, "POINT_Y": 5362916.0754}}, {"type": "Feature", "id": 1406, "geometry": {"type": "MultiPoint", "coordinates": [[-123.3458089068918, 48.417665676442105]]}, "properties": {"OBJECTID": 1406, "StreetName1": "MINTO ST", "StreetName2": "RICHARDSON ST", "Intersection": "RICHARDSON ST & MINTO ST", "Jurisdiction": "COV", "POINT_X": 474414.2527999999, "POINT_Y": 5362780.853700001}}, {"type": "Feature", "id": 1407, "geometry": {"type": "MultiPoint", "coordinates": [[-123.34502891479451, 48.41685500854995]]}, "properties": {"OBJECTID": 1407, "StreetName1": "CARNSEW ST", "StreetName2": "RICHARDSON ST", "Intersection": "RICHARDSON ST & CARNSEW ST", "Jurisdiction": "COV", "POINT_X": 474477.6465999996, "POINT_Y": 5362684.216700001}}, {"type": "Feature", "id": 1408, "geometry": {"type": "MultiPoint", "coordinates": [[-123.34399859493155, 48.4166176991444]]}, "properties": {"OBJECTID": 1408, "StreetName1": "KIPLING ST", "StreetName2": "RICHARDSON ST", "Intersection": "RICHARDSON ST & KIPLING ST", "Jurisdiction": "COV", "POINT_X": 474547.6769000003, "POINT_Y": 5362663.764}}, {"type": "Feature", "id": 1409, "geometry": {"type": "MultiPoint", "coordinates": [[-123.34106408661087, 48.41629767074239]]}, "properties": {"OBJECTID": 1409, "StreetName1": "ARNOLD AVE", "StreetName2": "RICHARDSON ST", "Intersection": "RICHARDSON ST & ARNOLD AVE", "Jurisdiction": "COV", "POINT_X": 474764.6508999998, "POINT_Y": 5362627.2206999995}}, {"type": "Feature", "id": 1410, "geometry": {"type": "MultiPoint", "coordinates": [[-123.33045083899856, 48.41798216958036]]}, "properties": {"OBJECTID": 1410, "StreetName1": "ARMINE PL", "StreetName2": "RICHARDSON ST", "Intersection": "RICHARDSON ST & ARMINE PL", "Jurisdiction": "COV", "POINT_X": 475550.76719999965, "POINT_Y": 5362811.016799999}}, {"type": "Feature", "id": 1411, "geometry": {"type": "MultiPoint", "coordinates": [[-123.32970067383948, 48.418620242368505]]}, "properties": {"OBJECTID": 1411, "StreetName1": "GONZALES AVE", "StreetName2": "RICHARDSON ST", "Intersection": "RICHARDSON ST & GONZALES AVE", "Jurisdiction": "COV", "POINT_X": 475606.5778000001, "POINT_Y": 5362881.7018}}, {"type": "Feature", "id": 1412, "geometry": {"type": "MultiPoint", "coordinates": [[-123.32920575083858, 48.41922960458478]]}, "properties": {"OBJECTID": 1412, "StreetName1": "MADDISON ST", "StreetName2": "RICHARDSON ST", "Intersection": "RICHARDSON ST & MADDISON ST", "Jurisdiction": "COV", "POINT_X": 475643.48819999956, "POINT_Y": 5362949.2772}}, {"type": "Feature", "id": 1413, "geometry": {"type": "MultiPoint", "coordinates": [[-123.32739016981225, 48.41964382589441]]}, "properties": {"OBJECTID": 1413, "StreetName1": "LAWNDALE AVE", "StreetName2": "RICHARDSON ST", "Intersection": "RICHARDSON ST & LAWNDALE AVE", "Jurisdiction": "COV", "POINT_X": 475778.01800000016, "POINT_Y": 5362994.7436999995}}, {"type": "Feature", "id": 1414, "geometry": {"type": "MultiPoint", "coordinates": [[-123.32646817007573, 48.419858332023736]]}, "properties": {"OBJECTID": 1414, "StreetName1": "MOSS PARK GDNS", "StreetName2": "RICHARDSON ST", "Intersection": "RICHARDSON ST & MOSS PARK GDNS", "Jurisdiction": "COV", "POINT_X": 475846.33690000046, "POINT_Y": 5363018.295700001}}, {"type": "Feature", "id": 1415, "geometry": {"type": "MultiPoint", "coordinates": [[-123.32551118574375, 48.42008096903385]]}, "properties": {"OBJECTID": 1415, "StreetName1": "COWICHAN ST", "StreetName2": "RICHARDSON ST", "Intersection": "RICHARDSON ST & COWICHAN ST", "Jurisdiction": "COV", "POINT_X": 475917.2474999996, "POINT_Y": 5363042.7413}}, {"type": "Feature", "id": 1416, "geometry": {"type": "MultiPoint", "coordinates": [[-123.32341498568078, 48.42031845427566]]}, "properties": {"OBJECTID": 1416, "StreetName1": "FOUL BAY RD", "StreetName2": "RICHARDSON ST", "Intersection": "RICHARDSON ST & FOUL BAY RD", "Jurisdiction": "COV", "POINT_X": 476072.45210000034, "POINT_Y": 5363068.481699999}}, {"type": "Feature", "id": 1417, "geometry": {"type": "MultiPoint", "coordinates": [[-123.3323689908988, 48.419416462453135]]}, "properties": {"OBJECTID": 1417, "StreetName1": "GONZALES AVE", "StreetName2": "RICHMOND AVE", "Intersection": "RICHMOND AVE & GONZALES AVE", "Jurisdiction": "COV", "POINT_X": 475409.5334000001, "POINT_Y": 5362971.0579}}, {"type": "Feature", "id": 1418, "geometry": {"type": "MultiPoint", "coordinates": [[-123.3314927636835, 48.41760099021908]]}, "properties": {"OBJECTID": 1418, "StreetName1": "RICHARDSON ST", "StreetName2": "RICHMOND AVE", "Intersection": "RICHMOND AVE & RICHARDSON ST", "Jurisdiction": "COV", "POINT_X": 475473.4910000004, "POINT_Y": 5362768.9804}}, {"type": "Feature", "id": 1419, "geometry": {"type": "MultiPoint", "coordinates": [[-123.33104319688026, 48.41669534950731]]}, "properties": {"OBJECTID": 1419, "StreetName1": "CHANDLER AVE", "StreetName2": "RICHMOND AVE", "Intersection": "RICHMOND AVE & CHANDLER AVE", "Jurisdiction": "COV", "POINT_X": 475506.3200000003, "POINT_Y": 5362668.1712}}, {"type": "Feature", "id": 1420, "geometry": {"type": "MultiPoint", "coordinates": [[-123.33084365794772, 48.41156690334069]]}, "properties": {"OBJECTID": 1420, "StreetName1": "CRESCENT RD", "StreetName2": "RICHMOND AVE", "Intersection": "RICHMOND AVE & CRESCENT RD", "Jurisdiction": "COV", "POINT_X": 475518.62239999976, "POINT_Y": 5362098.061799999}}, {"type": "Feature", "id": 1421, "geometry": {"type": "MultiPoint", "coordinates": [[-123.33083168813678, 48.41318891888889], [-123.33044535552578, 48.41318882524932]]}, "properties": {"OBJECTID": 1421, "StreetName1": "LILLIAN RD", "StreetName2": "RICHMOND AVE", "Intersection": "RICHMOND AVE & LILLIAN RD", "Jurisdiction": "COV", "POINT_X": 475534.5806499999, "POINT_Y": 5362278.284}}, {"type": "Feature", "id": 1422, "geometry": {"type": "MultiPoint", "coordinates": [[-123.3306200266265, 48.42218301420554]]}, "properties": {"OBJECTID": 1422, "StreetName1": "OAK SHADE LANE", "StreetName2": "RICHMOND AVE", "Intersection": "RICHMOND AVE & OAK SHADE LANE", "Jurisdiction": "COV", "POINT_X": 475540.26439999975, "POINT_Y": 5363278.010600001}}, {"type": "Feature", "id": 1423, "geometry": {"type": "MultiPoint", "coordinates": [[-123.33050999019724, 48.41549751516101]]}, "properties": {"OBJECTID": 1423, "StreetName1": "FAIRFIELD RD", "StreetName2": "RICHMOND AVE", "Intersection": "RICHMOND AVE & FAIRFIELD RD", "Jurisdiction": "COV", "POINT_X": 475545.1989000002, "POINT_Y": 5362534.857100001}}, {"type": "Feature", "id": 1424, "geometry": {"type": "MultiPoint", "coordinates": [[-123.33039434033954, 48.42245219657642]]}, "properties": {"OBJECTID": 1424, "StreetName1": "QUAMICHAN ST", "StreetName2": "RICHMOND AVE", "Intersection": "RICHMOND AVE & QUAMICHAN ST", "Jurisdiction": "COV", "POINT_X": 475557.09080000035, "POINT_Y": 5363307.859200001}}, {"type": "Feature", "id": 1425, "geometry": {"type": "MultiPoint", "coordinates": [[-123.33025933790245, 48.426461869613675]]}, "properties": {"OBJECTID": 1425, "StreetName1": "OAK BAY AVE", "StreetName2": "RICHMOND AVE", "Intersection": "RICHMOND AVE & OAK BAY AVE", "Jurisdiction": "COV", "POINT_X": 475569.00069999974, "POINT_Y": 5363753.5068}}, {"type": "Feature", "id": 1426, "geometry": {"type": "MultiPoint", "coordinates": [[-123.33025492206922, 48.42839863525938]]}, "properties": {"OBJECTID": 1426, "StreetName1": "LEIGHTON RD", "StreetName2": "RICHMOND AVE", "Intersection": "RICHMOND AVE & LEIGHTON RD", "Jurisdiction": "COV", "POINT_X": 475570.25569999963, "POINT_Y": 5363968.784499999}}, {"type": "Feature", "id": 1427, "geometry": {"type": "MultiPoint", "coordinates": [[-123.33016109051793, 48.424532905526334]]}, "properties": {"OBJECTID": 1427, "StreetName1": "GREEN OAKS TERR", "StreetName2": "RICHMOND AVE", "Intersection": "RICHMOND AVE & GREEN OAKS TERR", "Jurisdiction": "COV", "POINT_X": 475575.3446000004, "POINT_Y": 5363539.0636}}, {"type": "Feature", "id": 1428, "geometry": {"type": "MultiPoint", "coordinates": [[-123.33014396595551, 48.42419667846272]]}, "properties": {"OBJECTID": 1428, "StreetName1": "BRIGHTON AVE", "StreetName2": "RICHMOND AVE", "Intersection": "RICHMOND AVE & BRIGHTON AVE", "Jurisdiction": "COV", "POINT_X": 475576.45040000044, "POINT_Y": 5363501.6852}}, {"type": "Feature", "id": 1429, "geometry": {"type": "MultiPoint", "coordinates": [[-123.33017038521952, 48.42954830789847]]}, "properties": {"OBJECTID": 1429, "StreetName1": "FORT ST", "StreetName2": "RICHMOND AVE", "Intersection": "RICHMOND AVE & FORT ST", "Jurisdiction": "COV", "POINT_X": 475577.0603, "POINT_Y": 5364096.5482}}, {"type": "Feature", "id": 1430, "geometry": {"type": "MultiPoint", "coordinates": [[-123.33017038521952, 48.42954830789847]]}, "properties": {"OBJECTID": 1430, "StreetName1": "FORT ST", "StreetName2": "RICHMOND RD", "Intersection": "RICHMOND RD & FORT ST", "Jurisdiction": "COV", "POINT_X": 475577.0603, "POINT_Y": 5364096.5482}}, {"type": "Feature", "id": 1431, "geometry": {"type": "MultiPoint", "coordinates": [[-123.33005147880316, 48.42977128701793]]}, "properties": {"OBJECTID": 1431, "StreetName1": "BIRCH ST", "StreetName2": "RICHMOND RD", "Intersection": "RICHMOND RD & BIRCH ST", "Jurisdiction": "COV", "POINT_X": 475585.9631000003, "POINT_Y": 5364121.295299999}}, {"type": "Feature", "id": 1432, "geometry": {"type": "MultiPoint", "coordinates": [[-123.32981316135759, 48.4308167920463]]}, "properties": {"OBJECTID": 1432, "StreetName1": "PEMBROKE ST", "StreetName2": "RICHMOND RD", "Intersection": "RICHMOND RD & PEMBROKE ST", "Jurisdiction": "COV", "POINT_X": 475604.09279999975, "POINT_Y": 5364237.431399999}}, {"type": "Feature", "id": 1433, "geometry": {"type": "MultiPoint", "coordinates": [[-123.32963886512032, 48.431581404296175]]}, "properties": {"OBJECTID": 1433, "StreetName1": "CORONATION AVE", "StreetName2": "RICHMOND RD", "Intersection": "RICHMOND RD & CORONATION AVE", "Jurisdiction": "COV", "POINT_X": 475617.35170000046, "POINT_Y": 5364322.365599999}}, {"type": "Feature", "id": 1434, "geometry": {"type": "MultiPoint", "coordinates": [[-123.32948490985785, 48.432299812061345]]}, "properties": {"OBJECTID": 1434, "StreetName1": "DENMAN ST", "StreetName2": "RICHMOND RD", "Intersection": "RICHMOND RD & DENMAN ST", "Jurisdiction": "COV", "POINT_X": 475629.0834999997, "POINT_Y": 5364402.170499999}}, {"type": "Feature", "id": 1435, "geometry": {"type": "MultiPoint", "coordinates": [[-123.32920515017493, 48.43368161159791]]}, "properties": {"OBJECTID": 1435, "StreetName1": "BAY ST", "StreetName2": "RICHMOND RD", "Intersection": "RICHMOND RD & BAY ST", "Jurisdiction": "COV", "POINT_X": 475650.43759999983, "POINT_Y": 5364555.6741}}, {"type": "Feature", "id": 1436, "geometry": {"type": "MultiPoint", "coordinates": [[-123.32903540582892, 48.434476735618205]]}, "properties": {"OBJECTID": 1436, "StreetName1": "EMERSON ST", "StreetName2": "RICHMOND RD", "Intersection": "RICHMOND RD & EMERSON ST", "Jurisdiction": "COV", "POINT_X": 475663.3729999997, "POINT_Y": 5364644.0013999995}}, {"type": "Feature", "id": 1437, "geometry": {"type": "MultiPoint", "coordinates": [[-123.32887681095195, 48.43521418040557]]}, "properties": {"OBJECTID": 1437, "StreetName1": "ADANAC ST", "StreetName2": "RICHMOND RD", "Intersection": "RICHMOND RD & ADANAC ST", "Jurisdiction": "COV", "POINT_X": 475675.45579999965, "POINT_Y": 5364725.921}}, {"type": "Feature", "id": 1438, "geometry": {"type": "MultiPoint", "coordinates": [[-123.3287239633951, 48.435924871702866]]}, "properties": {"OBJECTID": 1438, "StreetName1": "HAULTAIN ST", "StreetName2": "RICHMOND RD", "Intersection": "RICHMOND RD & HAULTAIN ST", "Jurisdiction": "COV", "POINT_X": 475687.1003999999, "POINT_Y": 5364804.8686999995}}, {"type": "Feature", "id": 1439, "geometry": {"type": "MultiPoint", "coordinates": [[-123.32852176829338, 48.436871441162864]]}, "properties": {"OBJECTID": 1439, "StreetName1": "CARRICK ST", "StreetName2": "RICHMOND RD", "Intersection": "RICHMOND RD & CARRICK ST", "Jurisdiction": "COV", "POINT_X": 475702.50710000005, "POINT_Y": 5364910.0196}}, {"type": "Feature", "id": 1440, "geometry": {"type": "MultiPoint", "coordinates": [[-123.32831522812718, 48.437838320444286]]}, "properties": {"OBJECTID": 1440, "StreetName1": "KINGS RD", "StreetName2": "RICHMOND RD", "Intersection": "RICHMOND RD & KINGS RD", "Jurisdiction": "COV", "POINT_X": 475718.24430000037, "POINT_Y": 5365017.4267}}, {"type": "Feature", "id": 1441, "geometry": {"type": "MultiPoint", "coordinates": [[-123.32813046038765, 48.43876105688407]]}, "properties": {"OBJECTID": 1441, "StreetName1": "NEWTON ST", "StreetName2": "RICHMOND RD", "Intersection": "RICHMOND RD & NEWTON ST", "Jurisdiction": "COV", "POINT_X": 475732.3496000003, "POINT_Y": 5365119.9341}}, {"type": "Feature", "id": 1442, "geometry": {"type": "MultiPoint", "coordinates": [[-123.3465019204751, 48.431493449967675]]}, "properties": {"OBJECTID": 1442, "StreetName1": "PEMBROKE ST", "StreetName2": "RIDGE RD", "Intersection": "RIDGE RD & PEMBROKE ST", "Jurisdiction": "COV", "POINT_X": 474369.9294999996, "POINT_Y": 5364318.0956999995}}, {"type": "Feature", "id": 1443, "geometry": {"type": "MultiPoint", "coordinates": [[-123.34641512052207, 48.43214739182786]]}, "properties": {"OBJECTID": 1443, "StreetName1": "CENTRE RD", "StreetName2": "RIDGE RD", "Intersection": "RIDGE RD & CENTRE RD", "Jurisdiction": "COV", "POINT_X": 474376.67899999954, "POINT_Y": 5364390.754899999}}, {"type": "Feature", "id": 1444, "geometry": {"type": "MultiPoint", "coordinates": [[-123.34632220198357, 48.432847434868364]]}, "properties": {"OBJECTID": 1444, "StreetName1": "DENMAN ST", "StreetName2": "RIDGE RD", "Intersection": "RIDGE RD & DENMAN ST", "Jurisdiction": "COV", "POINT_X": 474383.9040999999, "POINT_Y": 5364468.5364}}, {"type": "Feature", "id": 1445, "geometry": {"type": "MultiPoint", "coordinates": [[-123.37656447651186, 48.41295664629628]]}, "properties": {"OBJECTID": 1445, "StreetName1": "MENZIES ST", "StreetName2": "RITHET ST", "Intersection": "RITHET ST & MENZIES ST", "Jurisdiction": "COV", "POINT_X": 472136.03729999997, "POINT_Y": 5362268.158399999}}, {"type": "Feature", "id": 1446, "geometry": {"type": "MultiPoint", "coordinates": [[-123.38881726112156, 48.42816941812027]]}, "properties": {"OBJECTID": 1446, "StreetName1": "CAPTAIN ST", "StreetName2": "ROBERT ST", "Intersection": "ROBERT ST & CAPTAIN ST", "Jurisdiction": "COV", "POINT_X": 471237.9391000001, "POINT_Y": 5363963.643999999}}, {"type": "Feature", "id": 1447, "geometry": {"type": "MultiPoint", "coordinates": [[-123.38881950365774, 48.42846338683673]]}, "properties": {"OBJECTID": 1447, "StreetName1": "MILNE ST", "StreetName2": "ROBERT ST", "Intersection": "ROBERT ST & MILNE ST", "Jurisdiction": "COV", "POINT_X": 471237.9391000001, "POINT_Y": 5363996.320599999}}, {"type": "Feature", "id": 1448, "geometry": {"type": "MultiPoint", "coordinates": [[-123.38882583371456, 48.43054876176798]]}, "properties": {"OBJECTID": 1448, "StreetName1": "ESQUIMALT RD", "StreetName2": "ROBERT ST", "Intersection": "ROBERT ST & ESQUIMALT RD", "Jurisdiction": "COV", "POINT_X": 471238.6476999996, "POINT_Y": 5364228.1205}}, {"type": "Feature", "id": 1449, "geometry": {"type": "MultiPoint", "coordinates": [[-123.33160242230973, 48.41027653609181], [-123.33158998699689, 48.408814034237786]]}, "properties": {"OBJECTID": 1449, "StreetName1": "HOLLYWOOD CRES", "StreetName2": "ROBERTSON ST", "Intersection": "ROBERTSON ST & HOLLYWOOD CRES", "Jurisdiction": "COV", "POINT_X": 475461.96120000025, "POINT_Y": 5361873.59245}}, {"type": "Feature", "id": 1450, "geometry": {"type": "MultiPoint", "coordinates": [[-123.33158685070792, 48.41112469832819]]}, "properties": {"OBJECTID": 1450, "StreetName1": "CRESCENT RD", "StreetName2": "ROBERTSON ST", "Intersection": "ROBERTSON ST & CRESCENT RD", "Jurisdiction": "COV", "POINT_X": 475463.41330000013, "POINT_Y": 5362049.1469}}, {"type": "Feature", "id": 1451, "geometry": {"type": "MultiPoint", "coordinates": [[-123.33158315743276, 48.41319544205383]]}, "properties": {"OBJECTID": 1451, "StreetName1": "LILLIAN RD", "StreetName2": "ROBERTSON ST", "Intersection": "ROBERTSON ST & LILLIAN RD", "Jurisdiction": "COV", "POINT_X": 475464.68290000036, "POINT_Y": 5362279.316400001}}, {"type": "Feature", "id": 1452, "geometry": {"type": "MultiPoint", "coordinates": [[-123.33155591162081, 48.41519598622569]]}, "properties": {"OBJECTID": 1452, "StreetName1": "FAIRFIELD RD", "StreetName2": "ROBERTSON ST", "Intersection": "ROBERTSON ST & FAIRFIELD RD", "Jurisdiction": "COV", "POINT_X": 475467.6615000004, "POINT_Y": 5362501.6755}}, {"type": "Feature", "id": 1453, "geometry": {"type": "MultiPoint", "coordinates": [[-123.34659655778967, 48.41857144898674]]}, "properties": {"OBJECTID": 1453, "StreetName1": "RICHARDSON ST", "StreetName2": "ROBLEDA CRES", "Intersection": "ROBLEDA CRES & RICHARDSON ST", "Jurisdiction": "COV", "POINT_X": 474356.4291000003, "POINT_Y": 5362881.7971}}, {"type": "Feature", "id": 1454, "geometry": {"type": "MultiPoint", "coordinates": [[-123.37062142788669, 48.43954941848225]]}, "properties": {"OBJECTID": 1454, "StreetName1": "GORGE RD E", "StreetName2": "ROCK BAY AVE", "Intersection": "ROCK BAY AVE & GORGE RD E", "Jurisdiction": "COV", "POINT_X": 472590.11539999954, "POINT_Y": 5365221.9026}}, {"type": "Feature", "id": 1455, "geometry": {"type": "MultiPoint", "coordinates": [[-123.37051552703085, 48.43926203462063]]}, "properties": {"OBJECTID": 1455, "StreetName1": "ELLICE ST", "StreetName2": "ROCK BAY AVE", "Intersection": "ROCK BAY AVE & ELLICE ST", "Jurisdiction": "COV", "POINT_X": 472597.7932000002, "POINT_Y": 5365189.9208}}, {"type": "Feature", "id": 1456, "geometry": {"type": "MultiPoint", "coordinates": [[-123.37017130530273, 48.43847186426887]]}, "properties": {"OBJECTID": 1456, "StreetName1": "DAVID ST", "StreetName2": "ROCK BAY AVE", "Intersection": "ROCK BAY AVE & DAVID ST", "Jurisdiction": "COV", "POINT_X": 472622.8272000002, "POINT_Y": 5365101.967}}, {"type": "Feature", "id": 1457, "geometry": {"type": "MultiPoint", "coordinates": [[-123.3698251276209, 48.43768269678615]]}, "properties": {"OBJECTID": 1457, "StreetName1": "HILLSIDE AVE", "StreetName2": "ROCK BAY AVE", "Intersection": "ROCK BAY AVE & HILLSIDE AVE", "Jurisdiction": "COV", "POINT_X": 472648.0071999999, "POINT_Y": 5365014.1241}}, {"type": "Feature", "id": 1458, "geometry": {"type": "MultiPoint", "coordinates": [[-123.36947814831416, 48.43689168464823]]}, "properties": {"OBJECTID": 1458, "StreetName1": "JOHN ST", "StreetName2": "ROCK BAY AVE", "Intersection": "ROCK BAY AVE & JOHN ST", "Jurisdiction": "COV", "POINT_X": 472673.24629999977, "POINT_Y": 5364926.075999999}}, {"type": "Feature", "id": 1459, "geometry": {"type": "MultiPoint", "coordinates": [[-123.3690622129725, 48.43590150166381]]}, "properties": {"OBJECTID": 1459, "StreetName1": "BAY ST", "StreetName2": "ROCK BAY AVE", "Intersection": "ROCK BAY AVE & BAY ST", "Jurisdiction": "COV", "POINT_X": 472703.47979999986, "POINT_Y": 5364815.864800001}}, {"type": "Feature", "id": 1460, "geometry": {"type": "MultiPoint", "coordinates": [[-123.36009390563508, 48.422573417207246]]}, "properties": {"OBJECTID": 1460, "StreetName1": "QUADRA ST", "StreetName2": "ROCKLAND AVE", "Intersection": "ROCKLAND AVE & QUADRA ST", "Jurisdiction": "COV", "POINT_X": 473359.8526999997, "POINT_Y": 5363331.2378}}, {"type": "Feature", "id": 1461, "geometry": {"type": "MultiPoint", "coordinates": [[-123.35438061557475, 48.42208093744757]]}, "properties": {"OBJECTID": 1461, "StreetName1": "COOK ST", "StreetName2": "ROCKLAND AVE", "Intersection": "ROCKLAND AVE & COOK ST", "Jurisdiction": "COV", "POINT_X": 473782.2921000002, "POINT_Y": 5363274.5253}}, {"type": "Feature", "id": 1462, "geometry": {"type": "MultiPoint", "coordinates": [[-123.35100644362383, 48.42147171152897]]}, "properties": {"OBJECTID": 1462, "StreetName1": "LINDEN AVE", "StreetName2": "ROCKLAND AVE", "Intersection": "ROCKLAND AVE & LINDEN AVE", "Jurisdiction": "COV", "POINT_X": 474031.61930000037, "POINT_Y": 5363205.658}}, {"type": "Feature", "id": 1463, "geometry": {"type": "MultiPoint", "coordinates": [[-123.34958971379223, 48.42106434420989]]}, "properties": {"OBJECTID": 1463, "StreetName1": "LANGHAM CRT", "StreetName2": "ROCKLAND AVE", "Intersection": "ROCKLAND AVE & LANGHAM CRT", "Jurisdiction": "COV", "POINT_X": 474136.23039999977, "POINT_Y": 5363159.8982}}, {"type": "Feature", "id": 1464, "geometry": {"type": "MultiPoint", "coordinates": [[-123.34746155563752, 48.42082762231321]]}, "properties": {"OBJECTID": 1464, "StreetName1": "MOSS ST", "StreetName2": "ROCKLAND AVE", "Intersection": "ROCKLAND AVE & MOSS ST", "Jurisdiction": "COV", "POINT_X": 474293.5656000003, "POINT_Y": 5363132.869200001}}, {"type": "Feature", "id": 1465, "geometry": {"type": "MultiPoint", "coordinates": [[-123.34660084411092, 48.42072888275582]]}, "properties": {"OBJECTID": 1465, "StreetName1": "GILLESPIE PL", "StreetName2": "ROCKLAND AVE", "Intersection": "ROCKLAND AVE & GILLESPIE PL", "Jurisdiction": "COV", "POINT_X": 474357.19710000046, "POINT_Y": 5363121.6054}}, {"type": "Feature", "id": 1466, "geometry": {"type": "MultiPoint", "coordinates": [[-123.34511089638643, 48.419895333562]]}, "properties": {"OBJECTID": 1466, "StreetName1": "ROBLEDA CRES", "StreetName2": "ROCKLAND AVE", "Intersection": "ROCKLAND AVE & ROBLEDA CRES", "Jurisdiction": "COV", "POINT_X": 474467.01609999966, "POINT_Y": 5363028.455499999}}, {"type": "Feature", "id": 1467, "geometry": {"type": "MultiPoint", "coordinates": [[-123.34355917513354, 48.41959414019284]]}, "properties": {"OBJECTID": 1467, "StreetName1": "LOTBINIERE AVE", "StreetName2": "ROCKLAND AVE", "Intersection": "ROCKLAND AVE & LOTBINIERE AVE", "Jurisdiction": "COV", "POINT_X": 474581.6747000003, "POINT_Y": 5362994.4606}}, {"type": "Feature", "id": 1468, "geometry": {"type": "MultiPoint", "coordinates": [[-123.34244957423591, 48.41984135218469]]}, "properties": {"OBJECTID": 1468, "StreetName1": "JOAN CRES", "StreetName2": "ROCKLAND AVE", "Intersection": "ROCKLAND AVE & JOAN CRES", "Jurisdiction": "COV", "POINT_X": 474663.89520000014, "POINT_Y": 5363021.5715}}, {"type": "Feature", "id": 1469, "geometry": {"type": "MultiPoint", "coordinates": [[-123.33980730503936, 48.4199623167858]]}, "properties": {"OBJECTID": 1469, "StreetName1": "PEMBERTON RD", "StreetName2": "ROCKLAND AVE", "Intersection": "ROCKLAND AVE & PEMBERTON RD", "Jurisdiction": "COV", "POINT_X": 474859.45129999984, "POINT_Y": 5363034.146500001}}, {"type": "Feature", "id": 1470, "geometry": {"type": "MultiPoint", "coordinates": [[-123.3364466426705, 48.420581249842385]]}, "properties": {"OBJECTID": 1470, "StreetName1": "PIERMONT PL", "StreetName2": "ROCKLAND AVE", "Intersection": "ROCKLAND AVE & PIERMONT PL", "Jurisdiction": "COV", "POINT_X": 475108.40189999994, "POINT_Y": 5363101.8456}}, {"type": "Feature", "id": 1471, "geometry": {"type": "MultiPoint", "coordinates": [[-123.33612408914948, 48.42066351224234]]}, "properties": {"OBJECTID": 1471, "StreetName1": "GONZALES AVE", "StreetName2": "ROCKLAND AVE", "Intersection": "ROCKLAND AVE & GONZALES AVE", "Jurisdiction": "COV", "POINT_X": 475132.30680000037, "POINT_Y": 5363110.8846}}, {"type": "Feature", "id": 1472, "geometry": {"type": "MultiPoint", "coordinates": [[-123.33506556050881, 48.42115286254459]]}, "properties": {"OBJECTID": 1472, "StreetName1": "DEREEN PL", "StreetName2": "ROCKLAND AVE", "Intersection": "ROCKLAND AVE & DEREEN PL", "Jurisdiction": "COV", "POINT_X": 475210.86199999973, "POINT_Y": 5363164.934599999}}, {"type": "Feature", "id": 1473, "geometry": {"type": "MultiPoint", "coordinates": [[-123.33483308112268, 48.421433437899765]]}, "properties": {"OBJECTID": 1473, "StreetName1": "PATLY PL", "StreetName2": "ROCKLAND AVE", "Intersection": "ROCKLAND AVE & PATLY PL", "Jurisdiction": "COV", "POINT_X": 475228.19859999977, "POINT_Y": 5363196.046399999}}, {"type": "Feature", "id": 1474, "geometry": {"type": "MultiPoint", "coordinates": [[-123.3345731945005, 48.421747077384026]]}, "properties": {"OBJECTID": 1474, "StreetName1": "ALGOA PL", "StreetName2": "ROCKLAND AVE", "Intersection": "ROCKLAND AVE & ALGOA PL", "Jurisdiction": "COV", "POINT_X": 475247.57880000025, "POINT_Y": 5363230.8246}}, {"type": "Feature", "id": 1475, "geometry": {"type": "MultiPoint", "coordinates": [[-123.33352694071561, 48.42273125677127]]}, "properties": {"OBJECTID": 1475, "StreetName1": "OAK SHADE LANE", "StreetName2": "ROCKLAND AVE", "Intersection": "ROCKLAND AVE & OAK SHADE LANE", "Jurisdiction": "COV", "POINT_X": 475325.4626000002, "POINT_Y": 5363339.882300001}}, {"type": "Feature", "id": 1476, "geometry": {"type": "MultiPoint", "coordinates": [[-123.33302841489511, 48.42290943406873]]}, "properties": {"OBJECTID": 1476, "StreetName1": "LYMAN DUFF LANE", "StreetName2": "ROCKLAND AVE", "Intersection": "ROCKLAND AVE & LYMAN DUFF LANE", "Jurisdiction": "COV", "POINT_X": 475362.4315999998, "POINT_Y": 5363359.526900001}}, {"type": "Feature", "id": 1477, "geometry": {"type": "MultiPoint", "coordinates": [[-123.33261872327499, 48.42460010790365]]}, "properties": {"OBJECTID": 1477, "StreetName1": "CYRIL CLOSE", "StreetName2": "ROCKLAND AVE", "Intersection": "ROCKLAND AVE & CYRIL CLOSE", "Jurisdiction": "COV", "POINT_X": 475393.55819999985, "POINT_Y": 5363547.3201}}, {"type": "Feature", "id": 1478, "geometry": {"type": "MultiPoint", "coordinates": [[-123.33261382053607, 48.42421911778374]]}, "properties": {"OBJECTID": 1478, "StreetName1": "GREEN OAKS TERR", "StreetName2": "ROCKLAND AVE", "Intersection": "ROCKLAND AVE & GREEN OAKS TERR", "Jurisdiction": "COV", "POINT_X": 475393.73699999973, "POINT_Y": 5363504.970000001}}, {"type": "Feature", "id": 1479, "geometry": {"type": "MultiPoint", "coordinates": [[-123.33235752798201, 48.426475622017854]]}, "properties": {"OBJECTID": 1479, "StreetName1": "OAK BAY AVE", "StreetName2": "ROCKLAND AVE", "Intersection": "ROCKLAND AVE & OAK BAY AVE", "Jurisdiction": "COV", "POINT_X": 475413.78639999963, "POINT_Y": 5363755.706900001}}, {"type": "Feature", "id": 1480, "geometry": {"type": "MultiPoint", "coordinates": [[-123.33929304557006, 48.419949956187445]]}, "properties": {"OBJECTID": 1480, "StreetName1": "ROCKLAND AVE", "StreetName2": "ROCKLAND PL", "Intersection": "ROCKLAND PL & ROCKLAND AVE", "Jurisdiction": "COV", "POINT_X": 474897.4941999996, "POINT_Y": 5363032.6039}}, {"type": "Feature", "id": 1481, "geometry": {"type": "MultiPoint", "coordinates": [[-123.32490870907218, 48.418419033251254]]}, "properties": {"OBJECTID": 1481, "StreetName1": "FOUL BAY RD", "StreetName2": "ROMNEY RD", "Intersection": "ROMNEY RD & FOUL BAY RD", "Jurisdiction": "COV", "POINT_X": 475961.0398000004, "POINT_Y": 5362857.821599999}}, {"type": "Feature", "id": 1482, "geometry": {"type": "MultiPoint", "coordinates": [[-123.34366834624446, 48.43444654607265]]}, "properties": {"OBJECTID": 1482, "StreetName1": "BAY ST", "StreetName2": "ROSEBERRY AVE", "Intersection": "ROSEBERRY AVE & BAY ST", "Jurisdiction": "COV", "POINT_X": 474581.00540000014, "POINT_Y": 5364645.399700001}}, {"type": "Feature", "id": 1483, "geometry": {"type": "MultiPoint", "coordinates": [[-123.34361483936733, 48.4362074089306]]}, "properties": {"OBJECTID": 1483, "StreetName1": "HAULTAIN ST", "StreetName2": "ROSEBERRY AVE", "Intersection": "ROSEBERRY AVE & HAULTAIN ST", "Jurisdiction": "COV", "POINT_X": 474585.84140000027, "POINT_Y": 5364841.108999999}}, {"type": "Feature", "id": 1484, "geometry": {"type": "MultiPoint", "coordinates": [[-123.34356043324571, 48.438166863044316]]}, "properties": {"OBJECTID": 1484, "StreetName1": "KINGS RD", "StreetName2": "ROSEBERRY AVE", "Intersection": "ROSEBERRY AVE & KINGS RD", "Jurisdiction": "COV", "POINT_X": 474590.8426999999, "POINT_Y": 5365058.8923}}, {"type": "Feature", "id": 1485, "geometry": {"type": "MultiPoint", "coordinates": [[-123.36507972982521, 48.43866974309697]]}, "properties": {"OBJECTID": 1485, "StreetName1": "HILLSIDE AVE", "StreetName2": "ROSS LANE", "Intersection": "ROSS LANE & HILLSIDE AVE", "Jurisdiction": "COV", "POINT_X": 472999.51020000037, "POINT_Y": 5365122.154100001}}, {"type": "Feature", "id": 1486, "geometry": {"type": "MultiPoint", "coordinates": [[-123.36452155010097, 48.43767211427287]]}, "properties": {"OBJECTID": 1486, "StreetName1": "HILL ST", "StreetName2": "ROSS LANE", "Intersection": "ROSS LANE & HILL ST", "Jurisdiction": "COV", "POINT_X": 473040.26570000034, "POINT_Y": 5365011.0669}}, {"type": "Feature", "id": 1487, "geometry": {"type": "MultiPoint", "coordinates": [[-123.36402367261212, 48.43681859336769]]}, "properties": {"OBJECTID": 1487, "StreetName1": "KINGS RD", "StreetName2": "ROSS LANE", "Intersection": "ROSS LANE & KINGS RD", "Jurisdiction": "COV", "POINT_X": 473076.63879999984, "POINT_Y": 5364916.019400001}}, {"type": "Feature", "id": 1488, "geometry": {"type": "MultiPoint", "coordinates": [[-123.33510190145543, 48.410843502069646]]}, "properties": {"OBJECTID": 1488, "StreetName1": "PASSMORE ST", "StreetName2": "ROSS ST", "Intersection": "ROSS ST & PASSMORE ST", "Jurisdiction": "COV", "POINT_X": 475203.1601999998, "POINT_Y": 5362019.0228}}, {"type": "Feature", "id": 1489, "geometry": {"type": "MultiPoint", "coordinates": [[-123.33282094565098, 48.410864087532254]]}, "properties": {"OBJECTID": 1489, "StreetName1": "BEECHWOOD AVE", "StreetName2": "ROSS ST", "Intersection": "ROSS ST & BEECHWOOD AVE", "Jurisdiction": "COV", "POINT_X": 475371.9634999996, "POINT_Y": 5362020.575099999}}, {"type": "Feature", "id": 1490, "geometry": {"type": "MultiPoint", "coordinates": [[-123.33158685070792, 48.41112469832819]]}, "properties": {"OBJECTID": 1490, "StreetName1": "CRESCENT RD", "StreetName2": "ROSS ST", "Intersection": "ROSS ST & CRESCENT RD", "Jurisdiction": "COV", "POINT_X": 475463.41330000013, "POINT_Y": 5362049.1469}}, {"type": "Feature", "id": 1491, "geometry": {"type": "MultiPoint", "coordinates": [[-123.39360624646369, 48.431502705386976]]}, "properties": {"OBJECTID": 1491, "StreetName1": "ESQUIMALT RD", "StreetName2": "ROTHWELL ST", "Intersection": "ROTHWELL ST & ESQUIMALT RD", "Jurisdiction": "COV", "POINT_X": 470885.57359999977, "POINT_Y": 5364335.9615}}, {"type": "Feature", "id": 1492, "geometry": {"type": "MultiPoint", "coordinates": [[-123.34480364914808, 48.41977739944579]]}, "properties": {"OBJECTID": 1492, "StreetName1": "ROCKLAND AVE", "StreetName2": "ROYAL TERR", "Intersection": "ROYAL TERR & ROCKLAND AVE", "Jurisdiction": "COV", "POINT_X": 474489.6897, "POINT_Y": 5363015.2443}}, {"type": "Feature", "id": 1493, "geometry": {"type": "MultiPoint", "coordinates": [[-123.34454602285132, 48.42076579394384]]}, "properties": {"OBJECTID": 1493, "StreetName1": "MANOR RD", "StreetName2": "ROYAL TERR", "Intersection": "ROYAL TERR & MANOR RD", "Jurisdiction": "COV", "POINT_X": 474509.2451999998, "POINT_Y": 5363125.022299999}}, {"type": "Feature", "id": 1494, "geometry": {"type": "MultiPoint", "coordinates": [[-123.34434159507346, 48.421592577435]]}, "properties": {"OBJECTID": 1494, "StreetName1": "CRAIGDARROCH RD", "StreetName2": "ROYAL TERR", "Intersection": "ROYAL TERR & CRAIGDARROCH RD", "Jurisdiction": "COV", "POINT_X": 474524.78330000024, "POINT_Y": 5363216.8544}}, {"type": "Feature", "id": 1495, "geometry": {"type": "MultiPoint", "coordinates": [[-123.35051826505328, 48.426400681516085]]}, "properties": {"OBJECTID": 1495, "StreetName1": "CHAMBERS ST", "StreetName2": "RUDLIN ST", "Intersection": "RUDLIN ST & CHAMBERS ST", "Jurisdiction": "COV", "POINT_X": 474070.2449000003, "POINT_Y": 5363753.3665}}, {"type": "Feature", "id": 1496, "geometry": {"type": "MultiPoint", "coordinates": [[-123.34729337338072, 48.42622757693596]]}, "properties": {"OBJECTID": 1496, "StreetName1": "CAMOSUN ST", "StreetName2": "RUDLIN ST", "Intersection": "RUDLIN ST & CAMOSUN ST", "Jurisdiction": "COV", "POINT_X": 474308.7304999996, "POINT_Y": 5363733.0384}}, {"type": "Feature", "id": 1497, "geometry": {"type": "MultiPoint", "coordinates": [[-123.3454095138566, 48.426127840887574]]}, "properties": {"OBJECTID": 1497, "StreetName1": "FERNWOOD RD", "StreetName2": "RUDLIN ST", "Intersection": "RUDLIN ST & FERNWOOD RD", "Jurisdiction": "COV", "POINT_X": 474448.04619999975, "POINT_Y": 5363721.3221}}, {"type": "Feature", "id": 1498, "geometry": {"type": "MultiPoint", "coordinates": [[-123.32551118574375, 48.42008096903385]]}, "properties": {"OBJECTID": 1498, "StreetName1": "COWICHAN ST", "StreetName2": "RUNNYMEDE AVE", "Intersection": "RUNNYMEDE AVE & COWICHAN ST", "Jurisdiction": "COV", "POINT_X": 475917.2474999996, "POINT_Y": 5363042.7413}}, {"type": "Feature", "id": 1499, "geometry": {"type": "MultiPoint", "coordinates": [[-123.32398733555839, 48.41917839538728]]}, "properties": {"OBJECTID": 1499, "StreetName1": "FOUL BAY RD", "StreetName2": "RUNNYMEDE AVE", "Intersection": "RUNNYMEDE AVE & FOUL BAY RD", "Jurisdiction": "COV", "POINT_X": 476029.5694000004, "POINT_Y": 5362941.9388}}, {"type": "Feature", "id": 1500, "geometry": {"type": "MultiPoint", "coordinates": [[-123.36262363306518, 48.420890224554924]]}, "properties": {"OBJECTID": 1500, "StreetName1": "FAIRFIELD RD", "StreetName2": "RUPERT TERR", "Intersection": "RUPERT TERR & FAIRFIELD RD", "Jurisdiction": "COV", "POINT_X": 473171.80730000045, "POINT_Y": 5363145.0276}}, {"type": "Feature", "id": 1501, "geometry": {"type": "MultiPoint", "coordinates": [[-123.3605235405113, 48.42136863200018]]}, "properties": {"OBJECTID": 1501, "StreetName1": "QUADRA ST", "StreetName2": "RUPERT TERR", "Intersection": "RUPERT TERR & QUADRA ST", "Jurisdiction": "COV", "POINT_X": 473327.43620000035, "POINT_Y": 5363197.470899999}}, {"type": "Feature", "id": 1502, "geometry": {"type": "MultiPoint", "coordinates": [[-123.38726168114972, 48.43500474176712]]}, "properties": {"OBJECTID": 1502, "StreetName1": "LANGFORD ST", "StreetName2": "RUSSELL ST", "Intersection": "RUSSELL ST & LANGFORD ST", "Jurisdiction": "COV", "POINT_X": 471356.85670000035, "POINT_Y": 5364722.834000001}}, {"type": "Feature", "id": 1503, "geometry": {"type": "MultiPoint", "coordinates": [[-123.38726499257817, 48.43650817979836]]}, "properties": {"OBJECTID": 1503, "StreetName1": "RAYNOR AVE", "StreetName2": "RUSSELL ST", "Intersection": "RUSSELL ST & RAYNOR AVE", "Jurisdiction": "COV", "POINT_X": 471357.45689999964, "POINT_Y": 5364889.9484}}, {"type": "Feature", "id": 1504, "geometry": {"type": "MultiPoint", "coordinates": [[-123.38723605414856, 48.43468890322146]]}, "properties": {"OBJECTID": 1504, "StreetName1": "FRONT ST", "StreetName2": "RUSSELL ST", "Intersection": "RUSSELL ST & FRONT ST", "Jurisdiction": "COV", "POINT_X": 471358.57469999976, "POINT_Y": 5364687.717700001}}, {"type": "Feature", "id": 1505, "geometry": {"type": "MultiPoint", "coordinates": [[-123.38721456289173, 48.43379247860544]]}, "properties": {"OBJECTID": 1505, "StreetName1": "EDWARD ST", "StreetName2": "RUSSELL ST", "Intersection": "RUSSELL ST & EDWARD ST", "Jurisdiction": "COV", "POINT_X": 471359.66050000023, "POINT_Y": 5364588.068499999}}, {"type": "Feature", "id": 1506, "geometry": {"type": "MultiPoint", "coordinates": [[-123.38718263878279, 48.43215996482595]]}, "properties": {"OBJECTID": 1506, "StreetName1": "HENRY ST", "StreetName2": "RUSSELL ST", "Intersection": "RUSSELL ST & HENRY ST", "Jurisdiction": "COV", "POINT_X": 471361.1043999996, "POINT_Y": 5364406.5962000005}}, {"type": "Feature", "id": 1507, "geometry": {"type": "MultiPoint", "coordinates": [[-123.38714838338157, 48.42840659868617]]}, "properties": {"OBJECTID": 1507, "StreetName1": "MILNE ST", "StreetName2": "RUSSELL ST", "Intersection": "RUSSELL ST & MILNE ST", "Jurisdiction": "COV", "POINT_X": 471361.52919999976, "POINT_Y": 5363989.382099999}}, {"type": "Feature", "id": 1508, "geometry": {"type": "MultiPoint", "coordinates": [[-123.3872018056382, 48.435647306101046]]}, "properties": {"OBJECTID": 1508, "StreetName1": "CRAIGFLOWER RD", "StreetName2": "RUSSELL ST", "Intersection": "RUSSELL ST & CRAIGFLOWER RD", "Jurisdiction": "COV", "POINT_X": 471361.6465999996, "POINT_Y": 5364794.235200001}}, {"type": "Feature", "id": 1509, "geometry": {"type": "MultiPoint", "coordinates": [[-123.38716839282708, 48.43127720185777]]}, "properties": {"OBJECTID": 1509, "StreetName1": "DUNDAS ST", "StreetName2": "RUSSELL ST", "Intersection": "RUSSELL ST & DUNDAS ST", "Jurisdiction": "COV", "POINT_X": 471361.6621000003, "POINT_Y": 5364308.4683}}, {"type": "Feature", "id": 1510, "geometry": {"type": "MultiPoint", "coordinates": [[-123.38715632691635, 48.43044804087133]]}, "properties": {"OBJECTID": 1510, "StreetName1": "ESQUIMALT RD", "StreetName2": "RUSSELL ST", "Intersection": "RUSSELL ST & ESQUIMALT RD", "Jurisdiction": "COV", "POINT_X": 471362.0887000002, "POINT_Y": 5364216.2993}}, {"type": "Feature", "id": 1511, "geometry": {"type": "MultiPoint", "coordinates": [[-123.36492750485723, 48.446704660998286]]}, "properties": {"OBJECTID": 1511, "StreetName1": "REED ST", "StreetName2": "RUTLEDGE ST", "Intersection": "RUTLEDGE ST & REED ST", "Jurisdiction": "COV", "POINT_X": 473015.02550000045, "POINT_Y": 5366015.2151}}, {"type": "Feature", "id": 1512, "geometry": {"type": "MultiPoint", "coordinates": [[-123.36468237864135, 48.44582116769622]]}, "properties": {"OBJECTID": 1512, "StreetName1": "FINLAYSON ST", "StreetName2": "RUTLEDGE ST", "Intersection": "RUTLEDGE ST & FINLAYSON ST", "Jurisdiction": "COV", "POINT_X": 473032.68460000027, "POINT_Y": 5365916.924699999}}, {"type": "Feature", "id": 1513, "geometry": {"type": "MultiPoint", "coordinates": [[-123.34772842249883, 48.440268776823665]]}, "properties": {"OBJECTID": 1513, "StreetName1": "MT STEPHEN AVE", "StreetName2": "RYAN ST", "Intersection": "RYAN ST & MT STEPHEN AVE", "Jurisdiction": "COV", "POINT_X": 474283.6330000004, "POINT_Y": 5365293.9202}}, {"type": "Feature", "id": 1514, "geometry": {"type": "MultiPoint", "coordinates": [[-123.34478353971984, 48.440141659584114]]}, "properties": {"OBJECTID": 1514, "StreetName1": "CEDAR HILL RD", "StreetName2": "RYAN ST", "Intersection": "RYAN ST & CEDAR HILL RD", "Jurisdiction": "COV", "POINT_X": 474501.3683000002, "POINT_Y": 5365278.8057}}, {"type": "Feature", "id": 1515, "geometry": {"type": "MultiPoint", "coordinates": [[-123.34467999960579, 48.44028199240029]]}, "properties": {"OBJECTID": 1515, "StreetName1": "CEDAR HILL RD", "StreetName2": "RYAN ST", "Intersection": "RYAN ST & CEDAR HILL RD", "Jurisdiction": "COV", "POINT_X": 474509.09619999956, "POINT_Y": 5365294.3697999995}}, {"type": "Feature", "id": 1516, "geometry": {"type": "MultiPoint", "coordinates": [[-123.34420635828701, 48.4401347687186]]}, "properties": {"OBJECTID": 1516, "StreetName1": "IVY PL", "StreetName2": "RYAN ST", "Intersection": "RYAN ST & IVY PL", "Jurisdiction": "COV", "POINT_X": 474544.0524000004, "POINT_Y": 5365277.8477}}, {"type": "Feature", "id": 1517, "geometry": {"type": "MultiPoint", "coordinates": [[-123.34350624839763, 48.44012640666578]]}, "properties": {"OBJECTID": 1517, "StreetName1": "ROSEBERRY AVE", "StreetName2": "RYAN ST", "Intersection": "RYAN ST & ROSEBERRY AVE", "Jurisdiction": "COV", "POINT_X": 474595.82739999983, "POINT_Y": 5365276.685699999}}, {"type": "Feature", "id": 1518, "geometry": {"type": "MultiPoint", "coordinates": [[-123.34217285013992, 48.44011044454263]]}, "properties": {"OBJECTID": 1518, "StreetName1": "AVEBURY AVE", "StreetName2": "RYAN ST", "Intersection": "RYAN ST & AVEBURY AVE", "Jurisdiction": "COV", "POINT_X": 474694.4358000001, "POINT_Y": 5365274.469900001}}, {"type": "Feature", "id": 1519, "geometry": {"type": "MultiPoint", "coordinates": [[-123.3408403423888, 48.440094476927605]]}, "properties": {"OBJECTID": 1519, "StreetName1": "ASQUITH ST", "StreetName2": "RYAN ST", "Intersection": "RYAN ST & ASQUITH ST", "Jurisdiction": "COV", "POINT_X": 474792.9784000004, "POINT_Y": 5365272.2555}}, {"type": "Feature", "id": 1520, "geometry": {"type": "MultiPoint", "coordinates": [[-123.33966360231416, 48.440080363434895], [-123.33902500111714, 48.44007259324897]]}, "properties": {"OBJECTID": 1520, "StreetName1": "BELMONT AVE", "StreetName2": "RYAN ST", "Intersection": "RYAN ST & BELMONT AVE", "Jurisdiction": "COV", "POINT_X": 474903.61475000007, "POINT_Y": 5365269.763499999}}, {"type": "Feature", "id": 1521, "geometry": {"type": "MultiPoint", "coordinates": [[-123.33843167629443, 48.44006537011382]]}, "properties": {"OBJECTID": 1521, "StreetName1": "FORBES ST", "StreetName2": "RYAN ST", "Intersection": "RYAN ST & FORBES ST", "Jurisdiction": "COV", "POINT_X": 474971.10589999985, "POINT_Y": 5365268.23}}, {"type": "Feature", "id": 1522, "geometry": {"type": "MultiPoint", "coordinates": [[-123.3374327299709, 48.44005350962905]]}, "properties": {"OBJECTID": 1522, "StreetName1": "LIONEL ST", "StreetName2": "RYAN ST", "Intersection": "RYAN ST & LIONEL ST", "Jurisdiction": "COV", "POINT_X": 475044.98089999985, "POINT_Y": 5365266.5856}}, {"type": "Feature", "id": 1523, "geometry": {"type": "MultiPoint", "coordinates": [[-123.38182745977193, 48.42864604268156]]}, "properties": {"OBJECTID": 1523, "StreetName1": "KIMTA RD", "StreetName2": "SAGHALIE RD", "Intersection": "SAGHALIE RD & KIMTA RD", "Jurisdiction": "COV", "POINT_X": 471755.28050000034, "POINT_Y": 5364014.0211}}, {"type": "Feature", "id": 1524, "geometry": {"type": "MultiPoint", "coordinates": [[-123.3813484922048, 48.4137939150575]]}, "properties": {"OBJECTID": 1524, "StreetName1": "DALLAS RD", "StreetName2": "SAN JOSE AVE", "Intersection": "SAN JOSE AVE & DALLAS RD", "Jurisdiction": "COV", "POINT_X": 471782.4928000001, "POINT_Y": 5362362.975099999}}, {"type": "Feature", "id": 1525, "geometry": {"type": "MultiPoint", "coordinates": [[-123.37938996497799, 48.415634532029905]]}, "properties": {"OBJECTID": 1525, "StreetName1": "NIAGARA ST", "StreetName2": "SAN JOSE AVE", "Intersection": "SAN JOSE AVE & NIAGARA ST", "Jurisdiction": "COV", "POINT_X": 471928.43090000004, "POINT_Y": 5362566.8467}}, {"type": "Feature", "id": 1526, "geometry": {"type": "MultiPoint", "coordinates": [[-123.34412765331058, 48.43135124205412]]}, "properties": {"OBJECTID": 1526, "StreetName1": "PEMBROKE ST", "StreetName2": "SAYWARD ST", "Intersection": "SAYWARD ST & PEMBROKE ST", "Jurisdiction": "COV", "POINT_X": 474545.4857999999, "POINT_Y": 5364301.4968}}, {"type": "Feature", "id": 1527, "geometry": {"type": "MultiPoint", "coordinates": [[-123.34406266549287, 48.43278630693141]]}, "properties": {"OBJECTID": 1527, "StreetName1": "DENMAN ST", "StreetName2": "SAYWARD ST", "Intersection": "SAYWARD ST & DENMAN ST", "Jurisdiction": "COV", "POINT_X": 474551.0097000003, "POINT_Y": 5364460.988399999}}, {"type": "Feature", "id": 1528, "geometry": {"type": "MultiPoint", "coordinates": [[-123.3350776219375, 48.434012537136766]]}, "properties": {"OBJECTID": 1528, "StreetName1": "BAY ST", "StreetName2": "SCOTT ST", "Intersection": "SCOTT ST & BAY ST", "Jurisdiction": "COV", "POINT_X": 475216.2235000003, "POINT_Y": 5364594.3418000005}}, {"type": "Feature", "id": 1529, "geometry": {"type": "MultiPoint", "coordinates": [[-123.33501332777455, 48.43610128934407]]}, "properties": {"OBJECTID": 1529, "StreetName1": "HAULTAIN ST", "StreetName2": "SCOTT ST", "Intersection": "SCOTT ST & HAULTAIN ST", "Jurisdiction": "COV", "POINT_X": 475221.9949000003, "POINT_Y": 5364826.4943}}, {"type": "Feature", "id": 1530, "geometry": {"type": "MultiPoint", "coordinates": [[-123.33495929928104, 48.4380617484309]]}, "properties": {"OBJECTID": 1530, "StreetName1": "KINGS RD", "StreetName2": "SCOTT ST", "Intersection": "SCOTT ST & KINGS RD", "Jurisdiction": "COV", "POINT_X": 475226.9442999996, "POINT_Y": 5365044.389900001}}, {"type": "Feature", "id": 1531, "geometry": {"type": "MultiPoint", "coordinates": [[-123.33490469575645, 48.440023132436195]]}, "properties": {"OBJECTID": 1531, "StreetName1": "RYAN ST", "StreetName2": "SCOTT ST", "Intersection": "SCOTT ST & RYAN ST", "Jurisdiction": "COV", "POINT_X": 475231.9364, "POINT_Y": 5365262.3882}}, {"type": "Feature", "id": 1532, "geometry": {"type": "MultiPoint", "coordinates": [[-123.33483563104832, 48.44201474021407]]}, "properties": {"OBJECTID": 1532, "StreetName1": "PEARL ST", "StreetName2": "SCOTT ST", "Intersection": "SCOTT ST & PEARL ST", "Jurisdiction": "COV", "POINT_X": 475238.01240000036, "POINT_Y": 5365483.7414}}, {"type": "Feature", "id": 1533, "geometry": {"type": "MultiPoint", "coordinates": [[-123.33477639767065, 48.44372800808626]]}, "properties": {"OBJECTID": 1533, "StreetName1": "MYRTLE AVE", "StreetName2": "SCOTT ST", "Intersection": "SCOTT ST & MYRTLE AVE", "Jurisdiction": "COV", "POINT_X": 475243.2257000003, "POINT_Y": 5365674.1592}}, {"type": "Feature", "id": 1534, "geometry": {"type": "MultiPoint", "coordinates": [[-123.33473413133683, 48.445121905890666]]}, "properties": {"OBJECTID": 1534, "StreetName1": "HILLSIDE AVE", "StreetName2": "SCOTT ST", "Intersection": "SCOTT ST & HILLSIDE AVE", "Jurisdiction": "COV", "POINT_X": 475247.02880000044, "POINT_Y": 5365829.0832}}, {"type": "Feature", "id": 1535, "geometry": {"type": "MultiPoint", "coordinates": [[-123.39038506171514, 48.42955760185841]]}, "properties": {"OBJECTID": 1535, "StreetName1": "MAITLAND ST", "StreetName2": "SEAFORTH ST", "Intersection": "SEAFORTH ST & MAITLAND ST", "Jurisdiction": "COV", "POINT_X": 471122.7461000001, "POINT_Y": 5364118.536}}, {"type": "Feature", "id": 1536, "geometry": {"type": "MultiPoint", "coordinates": [[-123.38883249127385, 48.42955307645069]]}, "properties": {"OBJECTID": 1536, "StreetName1": "ROBERT ST", "StreetName2": "SEAFORTH ST", "Intersection": "SEAFORTH ST & ROBERT ST", "Jurisdiction": "COV", "POINT_X": 471237.59329999983, "POINT_Y": 5364117.4487}}, {"type": "Feature", "id": 1537, "geometry": {"type": "MultiPoint", "coordinates": [[-123.3932203595087, 48.441265086802915]]}, "properties": {"OBJECTID": 1537, "StreetName1": "ARM ST", "StreetName2": "SELKIRK AVE", "Intersection": "SELKIRK AVE & ARM ST", "Jurisdiction": "COV", "POINT_X": 470919.6902999999, "POINT_Y": 5365420.9427000005}}, {"type": "Feature", "id": 1538, "geometry": {"type": "MultiPoint", "coordinates": [[-123.39203557555253, 48.440959344662815], [-123.3913233372139, 48.44079019796025]]}, "properties": {"OBJECTID": 1538, "StreetName1": "BURLEITH CRES", "StreetName2": "SELKIRK AVE", "Intersection": "SELKIRK AVE & BURLEITH CRES", "Jurisdiction": "COV", "POINT_X": 471033.42889999994, "POINT_Y": 5365376.9735}}, {"type": "Feature", "id": 1539, "geometry": {"type": "MultiPoint", "coordinates": [[-123.38994234703188, 48.43987056607718]]}, "properties": {"OBJECTID": 1539, "StreetName1": "COVENTRY AVE", "StreetName2": "SELKIRK AVE", "Intersection": "SELKIRK AVE & COVENTRY AVE", "Jurisdiction": "COV", "POINT_X": 471161.33270000014, "POINT_Y": 5365264.6962}}, {"type": "Feature", "id": 1540, "geometry": {"type": "MultiPoint", "coordinates": [[-123.33811542605974, 48.447729260944364]]}, "properties": {"OBJECTID": 1540, "StreetName1": "BURTON AVE", "StreetName2": "SHAKESPEARE ST", "Intersection": "SHAKESPEARE ST & BURTON AVE", "Jurisdiction": "COV", "POINT_X": 474998.2571999999, "POINT_Y": 5366120.000600001}}, {"type": "Feature", "id": 1541, "geometry": {"type": "MultiPoint", "coordinates": [[-123.33750814582145, 48.44695716614379]]}, "properties": {"OBJECTID": 1541, "StreetName1": "OAKLAND AVE", "StreetName2": "SHAKESPEARE ST", "Intersection": "SHAKESPEARE ST & OAKLAND AVE", "Jurisdiction": "COV", "POINT_X": 475042.7857999997, "POINT_Y": 5366033.980799999}}, {"type": "Feature", "id": 1542, "geometry": {"type": "MultiPoint", "coordinates": [[-123.33693448927106, 48.44619181864909]]}, "properties": {"OBJECTID": 1542, "StreetName1": "EDGEWARE RD", "StreetName2": "SHAKESPEARE ST", "Intersection": "SHAKESPEARE ST & EDGEWARE RD", "Jurisdiction": "COV", "POINT_X": 475084.8326000003, "POINT_Y": 5365948.7223000005}}, {"type": "Feature", "id": 1543, "geometry": {"type": "MultiPoint", "coordinates": [[-123.33619213953429, 48.43611587162344]]}, "properties": {"OBJECTID": 1543, "StreetName1": "HAULTAIN ST", "StreetName2": "SHAKESPEARE ST", "Intersection": "SHAKESPEARE ST & HAULTAIN ST", "Jurisdiction": "COV", "POINT_X": 475134.81180000026, "POINT_Y": 5364828.497300001}}, {"type": "Feature", "id": 1544, "geometry": {"type": "MultiPoint", "coordinates": [[-123.33625993840586, 48.434069955334955], [-123.33559318868677, 48.43403757722458]]}, "properties": {"OBJECTID": 1544, "StreetName1": "BAY ST", "StreetName2": "SHAKESPEARE ST", "Intersection": "SHAKESPEARE ST & BAY ST", "Jurisdiction": "COV", "POINT_X": 475153.4494999996, "POINT_Y": 5364599.199749999}}, {"type": "Feature", "id": 1545, "geometry": {"type": "MultiPoint", "coordinates": [[-123.33588188507477, 48.42942962065036]]}, "properties": {"OBJECTID": 1545, "StreetName1": "BEGBIE ST", "StreetName2": "SHAKESPEARE ST", "Intersection": "SHAKESPEARE ST & BEGBIE ST", "Jurisdiction": "COV", "POINT_X": 475154.49990000017, "POINT_Y": 5364085.1929}}, {"type": "Feature", "id": 1546, "geometry": {"type": "MultiPoint", "coordinates": [[-123.33582198645905, 48.43024627464849]]}, "properties": {"OBJECTID": 1546, "StreetName1": "GLADSTONE AVE", "StreetName2": "SHAKESPEARE ST", "Intersection": "SHAKESPEARE ST & GLADSTONE AVE", "Jurisdiction": "COV", "POINT_X": 475159.3289000001, "POINT_Y": 5364175.947799999}}, {"type": "Feature", "id": 1547, "geometry": {"type": "MultiPoint", "coordinates": [[-123.33587199953992, 48.440034677187256]]}, "properties": {"OBJECTID": 1547, "StreetName1": "RYAN ST", "StreetName2": "SHAKESPEARE ST", "Intersection": "SHAKESPEARE ST & RYAN ST", "Jurisdiction": "COV", "POINT_X": 475160.40139999986, "POINT_Y": 5365263.9848}}, {"type": "Feature", "id": 1548, "geometry": {"type": "MultiPoint", "coordinates": [[-123.33585603169449, 48.44051532654661]]}, "properties": {"OBJECTID": 1548, "StreetName1": "LIONEL ST", "StreetName2": "SHAKESPEARE ST", "Intersection": "SHAKESPEARE ST & LIONEL ST", "Jurisdiction": "COV", "POINT_X": 475161.8167000003, "POINT_Y": 5365317.4058}}, {"type": "Feature", "id": 1549, "geometry": {"type": "MultiPoint", "coordinates": [[-123.3358303712088, 48.44125520626449]]}, "properties": {"OBJECTID": 1549, "StreetName1": "MORLEY ST", "StreetName2": "SHAKESPEARE ST", "Intersection": "SHAKESPEARE ST & MORLEY ST", "Jurisdiction": "COV", "POINT_X": 475164.07519999985, "POINT_Y": 5365399.6382}}, {"type": "Feature", "id": 1550, "geometry": {"type": "MultiPoint", "coordinates": [[-123.335755562369, 48.43115185392647]]}, "properties": {"OBJECTID": 1550, "StreetName1": "PEMBROKE ST", "StreetName2": "SHAKESPEARE ST", "Intersection": "SHAKESPEARE ST & PEMBROKE ST", "Jurisdiction": "COV", "POINT_X": 475164.68379999977, "POINT_Y": 5364276.585000001}}, {"type": "Feature", "id": 1551, "geometry": {"type": "MultiPoint", "coordinates": [[-123.335804433585, 48.44202555877186]]}, "properties": {"OBJECTID": 1551, "StreetName1": "PEARL ST", "StreetName2": "SHAKESPEARE ST", "Intersection": "SHAKESPEARE ST & PEARL ST", "Jurisdiction": "COV", "POINT_X": 475166.36899999995, "POINT_Y": 5365485.2577}}, {"type": "Feature", "id": 1552, "geometry": {"type": "MultiPoint", "coordinates": [[-123.33574893815256, 48.44374072441372]]}, "properties": {"OBJECTID": 1552, "StreetName1": "MYRTLE AVE", "StreetName2": "SHAKESPEARE ST", "Intersection": "SHAKESPEARE ST & MYRTLE AVE", "Jurisdiction": "COV", "POINT_X": 475171.3092, "POINT_Y": 5365675.887599999}}, {"type": "Feature", "id": 1553, "geometry": {"type": "MultiPoint", "coordinates": [[-123.33567368670597, 48.43259294233168]]}, "properties": {"OBJECTID": 1553, "StreetName1": "DENMAN ST", "StreetName2": "SHAKESPEARE ST", "Intersection": "SHAKESPEARE ST & DENMAN ST", "Jurisdiction": "COV", "POINT_X": 475171.44240000006, "POINT_Y": 5364436.7412}}, {"type": "Feature", "id": 1554, "geometry": {"type": "MultiPoint", "coordinates": [[-123.33573360136445, 48.44473025272924]]}, "properties": {"OBJECTID": 1554, "StreetName1": "HILLSIDE AVE", "StreetName2": "SHAKESPEARE ST", "Intersection": "SHAKESPEARE ST & HILLSIDE AVE", "Jurisdiction": "COV", "POINT_X": 475172.92569999956, "POINT_Y": 5365785.8729}}, {"type": "Feature", "id": 1555, "geometry": {"type": "MultiPoint", "coordinates": [[-123.33368047907217, 48.43395471869563]]}, "properties": {"OBJECTID": 1555, "StreetName1": "BAY ST", "StreetName2": "SHELBOURNE ST", "Intersection": "SHELBOURNE ST & BAY ST", "Jurisdiction": "COV", "POINT_X": 475319.5387000004, "POINT_Y": 5364587.4638}}, {"type": "Feature", "id": 1556, "geometry": {"type": "MultiPoint", "coordinates": [[-123.33363355828065, 48.433198484584125]]}, "properties": {"OBJECTID": 1556, "StreetName1": "ALBERT AVE", "StreetName2": "SHELBOURNE ST", "Intersection": "SHELBOURNE ST & ALBERT AVE", "Jurisdiction": "COV", "POINT_X": 475322.6431, "POINT_Y": 5364503.3902}}, {"type": "Feature", "id": 1557, "geometry": {"type": "MultiPoint", "coordinates": [[-123.33361086284124, 48.43604963915662]]}, "properties": {"OBJECTID": 1557, "StreetName1": "HAULTAIN ST", "StreetName2": "SHELBOURNE ST", "Intersection": "SHELBOURNE ST & HAULTAIN ST", "Jurisdiction": "COV", "POINT_X": 475325.70249999966, "POINT_Y": 5364820.3003}}, {"type": "Feature", "id": 1558, "geometry": {"type": "MultiPoint", "coordinates": [[-123.33355563098948, 48.43802886239387]]}, "properties": {"OBJECTID": 1558, "StreetName1": "KINGS RD", "StreetName2": "SHELBOURNE ST", "Intersection": "SHELBOURNE ST & KINGS RD", "Jurisdiction": "COV", "POINT_X": 475330.7460000003, "POINT_Y": 5365040.281300001}}, {"type": "Feature", "id": 1559, "geometry": {"type": "MultiPoint", "coordinates": [[-123.33350050223054, 48.440004186431864]]}, "properties": {"OBJECTID": 1559, "StreetName1": "RYAN ST", "StreetName2": "SHELBOURNE ST", "Intersection": "SHELBOURNE ST & RYAN ST", "Jurisdiction": "COV", "POINT_X": 475335.77969999984, "POINT_Y": 5365259.829}}, {"type": "Feature", "id": 1560, "geometry": {"type": "MultiPoint", "coordinates": [[-123.33336398840314, 48.430415591115036]]}, "properties": {"OBJECTID": 1560, "StreetName1": "BEGBIE ST", "StreetName2": "SHELBOURNE ST", "Intersection": "SHELBOURNE ST & BEGBIE ST", "Jurisdiction": "COV", "POINT_X": 475341.2363, "POINT_Y": 5364193.9736}}, {"type": "Feature", "id": 1561, "geometry": {"type": "MultiPoint", "coordinates": [[-123.33343096562994, 48.44199570924024]]}, "properties": {"OBJECTID": 1561, "StreetName1": "PEARL ST", "StreetName2": "SHELBOURNE ST", "Intersection": "SHELBOURNE ST & PEARL ST", "Jurisdiction": "COV", "POINT_X": 475341.8865, "POINT_Y": 5365481.172700001}}, {"type": "Feature", "id": 1562, "geometry": {"type": "MultiPoint", "coordinates": [[-123.33337034358507, 48.443707728074834]]}, "properties": {"OBJECTID": 1562, "StreetName1": "MYRTLE AVE", "StreetName2": "SHELBOURNE ST", "Intersection": "SHELBOURNE ST & MYRTLE AVE", "Jurisdiction": "COV", "POINT_X": 475347.1984000001, "POINT_Y": 5365671.451300001}}, {"type": "Feature", "id": 1563, "geometry": {"type": "MultiPoint", "coordinates": [[-123.33331354314257, 48.4456945812271]]}, "properties": {"OBJECTID": 1563, "StreetName1": "HILLSIDE AVE", "StreetName2": "SHELBOURNE ST", "Intersection": "SHELBOURNE ST & HILLSIDE AVE", "Jurisdiction": "COV", "POINT_X": 475352.36039999966, "POINT_Y": 5365892.280200001}}, {"type": "Feature", "id": 1564, "geometry": {"type": "MultiPoint", "coordinates": [[-123.33327364648855, 48.4481609063337]]}, "properties": {"OBJECTID": 1564, "StreetName1": "NORTH DAIRY RD", "StreetName2": "SHELBOURNE ST", "Intersection": "SHELBOURNE ST & NORTH DAIRY RD", "Jurisdiction": "COV", "POINT_X": 475356.50409999955, "POINT_Y": 5366166.41}}, {"type": "Feature", "id": 1565, "geometry": {"type": "MultiPoint", "coordinates": [[-123.33312983290165, 48.432475227013896]]}, "properties": {"OBJECTID": 1565, "StreetName1": "DENMAN ST", "StreetName2": "SHELBOURNE ST", "Intersection": "SHELBOURNE ST & DENMAN ST", "Jurisdiction": "COV", "POINT_X": 475359.5532999998, "POINT_Y": 5364422.835000001}}, {"type": "Feature", "id": 1566, "geometry": {"type": "MultiPoint", "coordinates": [[-123.3329629048236, 48.43107328476309], [-123.33295927095729, 48.43107327728422]]}, "properties": {"OBJECTID": 1566, "StreetName1": "PEMBROKE ST", "StreetName2": "SHELBOURNE ST", "Intersection": "SHELBOURNE ST & PEMBROKE ST", "Jurisdiction": "COV", "POINT_X": 475371.35779999953, "POINT_Y": 5364266.948799999}}, {"type": "Feature", "id": 1567, "geometry": {"type": "MultiPoint", "coordinates": [[-123.33290099543777, 48.43173152205843]]}, "properties": {"OBJECTID": 1567, "StreetName1": "CORONATION AVE", "StreetName2": "SHELBOURNE ST", "Intersection": "SHELBOURNE ST & CORONATION AVE", "Jurisdiction": "COV", "POINT_X": 475376.1210000003, "POINT_Y": 5364340.0956}}, {"type": "Feature", "id": 1568, "geometry": {"type": "MultiPoint", "coordinates": [[-123.39037471163617, 48.434139323967194]]}, "properties": {"OBJECTID": 1568, "StreetName1": "GRIFFITHS ST", "StreetName2": "SHERK ST", "Intersection": "SHERK ST & GRIFFITHS ST", "Jurisdiction": "COV", "POINT_X": 471126.10780000035, "POINT_Y": 5364627.808499999}}, {"type": "Feature", "id": 1569, "geometry": {"type": "MultiPoint", "coordinates": [[-123.32769030761553, 48.41488735807503]]}, "properties": {"OBJECTID": 1569, "StreetName1": "FOUL BAY RD", "StreetName2": "SHOTBOLT RD", "Intersection": "SHOTBOLT RD & FOUL BAY RD", "Jurisdiction": "COV", "POINT_X": 475753.54949999973, "POINT_Y": 5362466.1395}}, {"type": "Feature", "id": 1570, "geometry": {"type": "MultiPoint", "coordinates": [[-123.32623986889607, 48.41561309919339]]}, "properties": {"OBJECTID": 1570, "StreetName1": "FAIRFIELD RD", "StreetName2": "SHOTBOLT RD", "Intersection": "SHOTBOLT RD & FAIRFIELD RD", "Jurisdiction": "COV", "POINT_X": 475861.2187000001, "POINT_Y": 5362546.350199999}}, {"type": "Feature", "id": 1571, "geometry": {"type": "MultiPoint", "coordinates": [[-123.3856074203467, 48.42092007255712]]}, "properties": {"OBJECTID": 1571, "StreetName1": "DALLAS RD", "StreetName2": "SIMCOE ST", "Intersection": "SIMCOE ST & DALLAS RD", "Jurisdiction": "COV", "POINT_X": 471471.3332000002, "POINT_Y": 5363156.6512}}, {"type": "Feature", "id": 1572, "geometry": {"type": "MultiPoint", "coordinates": [[-123.3814641460665, 48.4189420378142]]}, "properties": {"OBJECTID": 1572, "StreetName1": "MONTREAL ST", "StreetName2": "SIMCOE ST", "Intersection": "SIMCOE ST & MONTREAL ST", "Jurisdiction": "COV", "POINT_X": 471776.78450000007, "POINT_Y": 5362935.2502999995}}, {"type": "Feature", "id": 1573, "geometry": {"type": "MultiPoint", "coordinates": [[-123.37853716124802, 48.417539878253955]]}, "properties": {"OBJECTID": 1573, "StreetName1": "OSWEGO ST", "StreetName2": "SIMCOE ST", "Intersection": "SIMCOE ST & OSWEGO ST", "Jurisdiction": "COV", "POINT_X": 471992.5800000001, "POINT_Y": 5362778.320699999}}, {"type": "Feature", "id": 1574, "geometry": {"type": "MultiPoint", "coordinates": [[-123.37666370663284, 48.416643916281316]]}, "properties": {"OBJECTID": 1574, "StreetName1": "RENDALL ST", "StreetName2": "SIMCOE ST", "Intersection": "SIMCOE ST & RENDALL ST", "Jurisdiction": "COV", "POINT_X": 472130.7098000003, "POINT_Y": 5362678.047900001}}, {"type": "Feature", "id": 1575, "geometry": {"type": "MultiPoint", "coordinates": [[-123.37558295656065, 48.41612702425607]]}, "properties": {"OBJECTID": 1575, "StreetName1": "CROFT ST", "StreetName2": "SIMCOE ST", "Intersection": "SIMCOE ST & CROFT ST", "Jurisdiction": "COV", "POINT_X": 472210.3957000002, "POINT_Y": 5362620.2008}}, {"type": "Feature", "id": 1576, "geometry": {"type": "MultiPoint", "coordinates": [[-123.37393010343922, 48.415372701175016]]}, "properties": {"OBJECTID": 1576, "StreetName1": "MENZIES ST", "StreetName2": "SIMCOE ST", "Intersection": "SIMCOE ST & MENZIES ST", "Jurisdiction": "COV", "POINT_X": 472332.28670000006, "POINT_Y": 5362535.7567}}, {"type": "Feature", "id": 1577, "geometry": {"type": "MultiPoint", "coordinates": [[-123.37321139503068, 48.415021676695716]]}, "properties": {"OBJECTID": 1577, "StreetName1": "MEDANA ST", "StreetName2": "SIMCOE ST", "Intersection": "SIMCOE ST & MEDANA ST", "Jurisdiction": "COV", "POINT_X": 472385.2770999996, "POINT_Y": 5362496.479699999}}, {"type": "Feature", "id": 1578, "geometry": {"type": "MultiPoint", "coordinates": [[-123.37224117073985, 48.41455773254557]]}, "properties": {"OBJECTID": 1578, "StreetName1": "CLARENCE ST", "StreetName2": "SIMCOE ST", "Intersection": "SIMCOE ST & CLARENCE ST", "Jurisdiction": "COV", "POINT_X": 472456.8183000004, "POINT_Y": 5362444.5613}}, {"type": "Feature", "id": 1579, "geometry": {"type": "MultiPoint", "coordinates": [[-123.37032594374014, 48.41362760357373]]}, "properties": {"OBJECTID": 1579, "StreetName1": "GOVERNMENT ST", "StreetName2": "SIMCOE ST", "Intersection": "SIMCOE ST & GOVERNMENT ST", "Jurisdiction": "COV", "POINT_X": 472598.0371000003, "POINT_Y": 5362340.487199999}}, {"type": "Feature", "id": 1580, "geometry": {"type": "MultiPoint", "coordinates": [[-123.36784378125763, 48.41245313297647]]}, "properties": {"OBJECTID": 1580, "StreetName1": "CIRCLE DR", "StreetName2": "SIMCOE ST", "Intersection": "SIMCOE ST & CIRCLE DR", "Jurisdiction": "COV", "POINT_X": 472781.08299999963, "POINT_Y": 5362209.055600001}}, {"type": "Feature", "id": 1581, "geometry": {"type": "MultiPoint", "coordinates": [[-123.38042227314443, 48.429301193002615]]}, "properties": {"OBJECTID": 1581, "StreetName1": "SAGHALIE RD", "StreetName2": "SITKUM RD", "Intersection": "SITKUM RD & SAGHALIE RD", "Jurisdiction": "COV", "POINT_X": 471859.59130000044, "POINT_Y": 5364086.326300001}}, {"type": "Feature", "id": 1582, "geometry": {"type": "MultiPoint", "coordinates": [[-123.38018380685178, 48.429871357433036]]}, "properties": {"OBJECTID": 1582, "StreetName1": "ESQUIMALT RD", "StreetName2": "SITKUM RD", "Intersection": "SITKUM RD & ESQUIMALT RD", "Jurisdiction": "COV", "POINT_X": 471877.5462999996, "POINT_Y": 5364149.614700001}}, {"type": "Feature", "id": 1583, "geometry": {"type": "MultiPoint", "coordinates": [[-123.3872018056382, 48.435647306101046]]}, "properties": {"OBJECTID": 1583, "StreetName1": "CRAIGFLOWER RD", "StreetName2": "SKINNER ST", "Intersection": "SKINNER ST & CRAIGFLOWER RD", "Jurisdiction": "COV", "POINT_X": 471361.6465999996, "POINT_Y": 5364794.235200001}}, {"type": "Feature", "id": 1584, "geometry": {"type": "MultiPoint", "coordinates": [[-123.38606910366148, 48.4355976624484]]}, "properties": {"OBJECTID": 1584, "StreetName1": "MARY ST", "StreetName2": "SKINNER ST", "Intersection": "SKINNER ST & MARY ST", "Jurisdiction": "COV", "POINT_X": 471445.39919999987, "POINT_Y": 5364788.2941}}, {"type": "Feature", "id": 1585, "geometry": {"type": "MultiPoint", "coordinates": [[-123.3848212909142, 48.43559230648213]]}, "properties": {"OBJECTID": 1585, "StreetName1": "CATHERINE ST", "StreetName2": "SKINNER ST", "Intersection": "SKINNER ST & CATHERINE ST", "Jurisdiction": "COV", "POINT_X": 471537.6908999998, "POINT_Y": 5364787.234200001}}, {"type": "Feature", "id": 1586, "geometry": {"type": "MultiPoint", "coordinates": [[-123.3833641729118, 48.43557594345613]]}, "properties": {"OBJECTID": 1586, "StreetName1": "ALSTON ST", "StreetName2": "SKINNER ST", "Intersection": "SKINNER ST & ALSTON ST", "Jurisdiction": "COV", "POINT_X": 471645.4578, "POINT_Y": 5364784.8748}}, {"type": "Feature", "id": 1587, "geometry": {"type": "MultiPoint", "coordinates": [[-123.38169538591922, 48.43441468874514]]}, "properties": {"OBJECTID": 1587, "StreetName1": "LANGFORD ST", "StreetName2": "SKINNER ST", "Intersection": "SKINNER ST & LANGFORD ST", "Jurisdiction": "COV", "POINT_X": 471768.2466000002, "POINT_Y": 5364655.1800999995}}, {"type": "Feature", "id": 1588, "geometry": {"type": "MultiPoint", "coordinates": [[-123.35030884970686, 48.44937850795791]]}, "properties": {"OBJECTID": 1588, "StreetName1": "COOK ST", "StreetName2": "SLATER PL", "Intersection": "SLATER PL & COOK ST", "Jurisdiction": "COV", "POINT_X": 474097.4215000002, "POINT_Y": 5366307.3752999995}}, {"type": "Feature", "id": 1589, "geometry": {"type": "MultiPoint", "coordinates": [[-123.35344336339224, 48.44894988954765]]}, "properties": {"OBJECTID": 1589, "StreetName1": "HIGHVIEW ST", "StreetName2": "SLATER ST", "Intersection": "SLATER ST & HIGHVIEW ST", "Jurisdiction": "COV", "POINT_X": 473865.4193000002, "POINT_Y": 5366260.797800001}}, {"type": "Feature", "id": 1590, "geometry": {"type": "MultiPoint", "coordinates": [[-123.35030884970686, 48.44937850795791]]}, "properties": {"OBJECTID": 1590, "StreetName1": "COOK ST", "StreetName2": "SLATER ST", "Intersection": "SLATER ST & COOK ST", "Jurisdiction": "COV", "POINT_X": 474097.4215000002, "POINT_Y": 5366307.3752999995}}, {"type": "Feature", "id": 1591, "geometry": {"type": "MultiPoint", "coordinates": [[-123.329304555773, 48.42205031230697]]}, "properties": {"OBJECTID": 1591, "StreetName1": "QUAMICHAN ST", "StreetName2": "SOMENOS ST", "Intersection": "SOMENOS ST & QUAMICHAN ST", "Jurisdiction": "COV", "POINT_X": 475637.5257000001, "POINT_Y": 5363262.841}}, {"type": "Feature", "id": 1592, "geometry": {"type": "MultiPoint", "coordinates": [[-123.35663315226626, 48.44685216464899]]}, "properties": {"OBJECTID": 1592, "StreetName1": "FINLAYSON ST", "StreetName2": "SOMERSET ST", "Intersection": "SOMERSET ST & FINLAYSON ST", "Jurisdiction": "COV", "POINT_X": 473628.46160000004, "POINT_Y": 5366028.7205}}, {"type": "Feature", "id": 1593, "geometry": {"type": "MultiPoint", "coordinates": [[-123.38002233878088, 48.42746081346895]]}, "properties": {"OBJECTID": 1593, "StreetName1": "KIMTA RD", "StreetName2": "SONGHEES RD", "Intersection": "SONGHEES RD & KIMTA RD", "Jurisdiction": "COV", "POINT_X": 471888.16110000014, "POINT_Y": 5363881.6141}}, {"type": "Feature", "id": 1594, "geometry": {"type": "MultiPoint", "coordinates": [[-123.37746643652417, 48.42740008553193]]}, "properties": {"OBJECTID": 1594, "StreetName1": "KIMTA RD", "StreetName2": "SONGHEES RD", "Intersection": "SONGHEES RD & KIMTA RD", "Jurisdiction": "COV", "POINT_X": 472077.20579999965, "POINT_Y": 5363873.9289}}, {"type": "Feature", "id": 1595, "geometry": {"type": "MultiPoint", "coordinates": [[-123.37485360585062, 48.41072506447731]]}, "properties": {"OBJECTID": 1595, "StreetName1": "DALLAS RD", "StreetName2": "SOUTH TURNER ST", "Intersection": "SOUTH TURNER ST & DALLAS RD", "Jurisdiction": "COV", "POINT_X": 472261.42459999956, "POINT_Y": 5362019.4892}}, {"type": "Feature", "id": 1596, "geometry": {"type": "MultiPoint", "coordinates": [[-123.37382621423771, 48.411669537367914]]}, "properties": {"OBJECTID": 1596, "StreetName1": "RITHET ST", "StreetName2": "SOUTH TURNER ST", "Intersection": "SOUTH TURNER ST & RITHET ST", "Jurisdiction": "COV", "POINT_X": 472337.96520000044, "POINT_Y": 5362124.099199999}}, {"type": "Feature", "id": 1597, "geometry": {"type": "MultiPoint", "coordinates": [[-123.37291218569169, 48.41252587481272]]}, "properties": {"OBJECTID": 1597, "StreetName1": "NIAGARA ST", "StreetName2": "SOUTH TURNER ST", "Intersection": "SOUTH TURNER ST & NIAGARA ST", "Jurisdiction": "COV", "POINT_X": 472406.06659999955, "POINT_Y": 5362218.954500001}}, {"type": "Feature", "id": 1598, "geometry": {"type": "MultiPoint", "coordinates": [[-123.37121439867897, 48.414066793921506]]}, "properties": {"OBJECTID": 1598, "StreetName1": "SIMCOE ST", "StreetName2": "SOUTH TURNER ST", "Intersection": "SOUTH TURNER ST & SIMCOE ST", "Jurisdiction": "COV", "POINT_X": 472532.5306000002, "POINT_Y": 5362389.623}}, {"type": "Feature", "id": 1599, "geometry": {"type": "MultiPoint", "coordinates": [[-123.36564302052611, 48.41849328174248]]}, "properties": {"OBJECTID": 1599, "StreetName1": "DOUGLAS ST", "StreetName2": "SOUTHGATE ST", "Intersection": "SOUTHGATE ST & DOUGLAS ST", "Jurisdiction": "COV", "POINT_X": 472947.1414000001, "POINT_Y": 5362879.660499999}}, {"type": "Feature", "id": 1600, "geometry": {"type": "MultiPoint", "coordinates": [[-123.36259044974415, 48.41758352674885], [-123.36257107635626, 48.41761666811634]]}, "properties": {"OBJECTID": 1600, "StreetName1": "ARBUTUS WAY", "StreetName2": "SOUTHGATE ST", "Intersection": "SOUTHGATE ST & ARBUTUS WAY", "Jurisdiction": "COV", "POINT_X": 473173.24795, "POINT_Y": 5362779.3027}}, {"type": "Feature", "id": 1601, "geometry": {"type": "MultiPoint", "coordinates": [[-123.36241826366025, 48.41760619171031]]}, "properties": {"OBJECTID": 1601, "StreetName1": "QUADRA ST", "StreetName2": "SOUTHGATE ST", "Intersection": "SOUTHGATE ST & QUADRA ST", "Jurisdiction": "COV", "POINT_X": 473185.27469999995, "POINT_Y": 5362779.9232}}, {"type": "Feature", "id": 1602, "geometry": {"type": "MultiPoint", "coordinates": [[-123.36049159468942, 48.416780624014486]]}, "properties": {"OBJECTID": 1602, "StreetName1": "HEYWOOD AVE", "StreetName2": "SOUTHGATE ST", "Intersection": "SOUTHGATE ST & HEYWOOD AVE", "Jurisdiction": "COV", "POINT_X": 473327.3996000001, "POINT_Y": 5362687.4856}}, {"type": "Feature", "id": 1603, "geometry": {"type": "MultiPoint", "coordinates": [[-123.35579718617736, 48.41631094788331]]}, "properties": {"OBJECTID": 1603, "StreetName1": "COOK ST", "StreetName2": "SOUTHGATE ST", "Intersection": "SOUTHGATE ST & COOK ST", "Jurisdiction": "COV", "POINT_X": 473674.50820000004, "POINT_Y": 5362633.655300001}}, {"type": "Feature", "id": 1604, "geometry": {"type": "MultiPoint", "coordinates": [[-123.37166451482669, 48.446605561835746]]}, "properties": {"OBJECTID": 1604, "StreetName1": "DOUGLAS ST", "StreetName2": "SPEED AVE", "Intersection": "SPEED AVE & DOUGLAS ST", "Jurisdiction": "COV", "POINT_X": 472516.77639999986, "POINT_Y": 5366006.5963}}, {"type": "Feature", "id": 1605, "geometry": {"type": "MultiPoint", "coordinates": [[-123.34757098507126, 48.43156077046639]]}, "properties": {"OBJECTID": 1605, "StreetName1": "PEMBROKE ST", "StreetName2": "SPRING RD", "Intersection": "SPRING RD & PEMBROKE ST", "Jurisdiction": "COV", "POINT_X": 474290.88350000046, "POINT_Y": 5364325.937000001}}, {"type": "Feature", "id": 1606, "geometry": {"type": "MultiPoint", "coordinates": [[-123.34746027753461, 48.43250410104708]]}, "properties": {"OBJECTID": 1606, "StreetName1": "PRINCESS AVE", "StreetName2": "SPRING RD", "Intersection": "SPRING RD & PRINCESS AVE", "Jurisdiction": "COV", "POINT_X": 474299.54839999974, "POINT_Y": 5364430.754799999}}, {"type": "Feature", "id": 1607, "geometry": {"type": "MultiPoint", "coordinates": [[-123.34741004802821, 48.4328863234965]]}, "properties": {"OBJECTID": 1607, "StreetName1": "DENMAN ST", "StreetName2": "SPRING RD", "Intersection": "SPRING RD & DENMAN ST", "Jurisdiction": "COV", "POINT_X": 474303.45660000015, "POINT_Y": 5364473.2235}}, {"type": "Feature", "id": 1608, "geometry": {"type": "MultiPoint", "coordinates": [[-123.34738889250897, 48.43327611507808]]}, "properties": {"OBJECTID": 1608, "StreetName1": "QUEENS AVE", "StreetName2": "SPRING RD", "Intersection": "SPRING RD & QUEENS AVE", "Jurisdiction": "COV", "POINT_X": 474305.21800000034, "POINT_Y": 5364516.543299999}}, {"type": "Feature", "id": 1609, "geometry": {"type": "MultiPoint", "coordinates": [[-123.38800819483599, 48.432569632939206]]}, "properties": {"OBJECTID": 1609, "StreetName1": "FRONT ST", "StreetName2": "SPRINGFIELD ST", "Intersection": "SPRINGFIELD ST & FRONT ST", "Jurisdiction": "COV", "POINT_X": 471300.26860000007, "POINT_Y": 5364452.441500001}}, {"type": "Feature", "id": 1610, "geometry": {"type": "MultiPoint", "coordinates": [[-123.38781184373659, 48.43048733282199]]}, "properties": {"OBJECTID": 1610, "StreetName1": "ESQUIMALT RD", "StreetName2": "SPRINGFIELD ST", "Intersection": "SPRINGFIELD ST & ESQUIMALT RD", "Jurisdiction": "COV", "POINT_X": 471313.6205000002, "POINT_Y": 5364220.9121}}, {"type": "Feature", "id": 1611, "geometry": {"type": "MultiPoint", "coordinates": [[-123.36975896591737, 48.44338156425494]]}, "properties": {"OBJECTID": 1611, "StreetName1": "DOUGLAS ST", "StreetName2": "SPRUCE AVE", "Intersection": "SPRUCE AVE & DOUGLAS ST", "Jurisdiction": "COV", "POINT_X": 472655.9595999997, "POINT_Y": 5365647.553099999}}, {"type": "Feature", "id": 1612, "geometry": {"type": "MultiPoint", "coordinates": [[-123.36795823198071, 48.443892468486595]]}, "properties": {"OBJECTID": 1612, "StreetName1": "NANAIMO ST", "StreetName2": "SPRUCE AVE", "Intersection": "SPRUCE AVE & NANAIMO ST", "Jurisdiction": "COV", "POINT_X": 472789.40380000044, "POINT_Y": 5365703.7007}}, {"type": "Feature", "id": 1613, "geometry": {"type": "MultiPoint", "coordinates": [[-123.36064994302511, 48.4445114037397]]}, "properties": {"OBJECTID": 1613, "StreetName1": "QUADRA ST", "StreetName2": "SPRUCE AVE", "Intersection": "SPRUCE AVE & QUADRA ST", "Jurisdiction": "COV", "POINT_X": 473330.1989000002, "POINT_Y": 5365769.9264}}, {"type": "Feature", "id": 1614, "geometry": {"type": "MultiPoint", "coordinates": [[-123.37081737271916, 48.41155221376363]]}, "properties": {"OBJECTID": 1614, "StreetName1": "NIAGARA ST", "StreetName2": "ST ANDREWS ST", "Intersection": "ST ANDREWS ST & NIAGARA ST", "Jurisdiction": "COV", "POINT_X": 472560.5560999997, "POINT_Y": 5362109.9761}}, {"type": "Feature", "id": 1615, "geometry": {"type": "MultiPoint", "coordinates": [[-123.36994067277568, 48.41235723664497]]}, "properties": {"OBJECTID": 1615, "StreetName1": "BEACON ST", "StreetName2": "ST ANDREWS ST", "Intersection": "ST ANDREWS ST & BEACON ST", "Jurisdiction": "COV", "POINT_X": 472625.8640999999, "POINT_Y": 5362199.1436}}, {"type": "Feature", "id": 1616, "geometry": {"type": "MultiPoint", "coordinates": [[-123.36917192739506, 48.413075710372]]}, "properties": {"OBJECTID": 1616, "StreetName1": "SIMCOE ST", "StreetName2": "ST ANDREWS ST", "Intersection": "ST ANDREWS ST & SIMCOE ST", "Jurisdiction": "COV", "POINT_X": 472683.1353000002, "POINT_Y": 5362278.7301}}, {"type": "Feature", "id": 1617, "geometry": {"type": "MultiPoint", "coordinates": [[-123.36844759230543, 48.414371246854685]]}, "properties": {"OBJECTID": 1617, "StreetName1": "MARIFIELD AVE", "StreetName2": "ST ANDREWS ST", "Intersection": "ST ANDREWS ST & MARIFIELD AVE", "Jurisdiction": "COV", "POINT_X": 472737.4271999998, "POINT_Y": 5362422.4756000005}}, {"type": "Feature", "id": 1618, "geometry": {"type": "MultiPoint", "coordinates": [[-123.33934170832545, 48.42554149341171]]}, "properties": {"OBJECTID": 1618, "StreetName1": "FORT ST", "StreetName2": "ST CHARLES ST", "Intersection": "ST CHARLES ST & FORT ST", "Jurisdiction": "COV", "POINT_X": 474896.64740000013, "POINT_Y": 5363654.1406}}, {"type": "Feature", "id": 1619, "geometry": {"type": "MultiPoint", "coordinates": [[-123.33912052533005, 48.424702187298564]]}, "properties": {"OBJECTID": 1619, "StreetName1": "MAUD ST", "StreetName2": "ST CHARLES ST", "Intersection": "ST CHARLES ST & MAUD ST", "Jurisdiction": "COV", "POINT_X": 474912.5974000003, "POINT_Y": 5363560.776000001}}, {"type": "Feature", "id": 1620, "geometry": {"type": "MultiPoint", "coordinates": [[-123.33897499063413, 48.423804312567114]]}, "properties": {"OBJECTID": 1620, "StreetName1": "REGENTS PL", "StreetName2": "ST CHARLES ST", "Intersection": "ST CHARLES ST & REGENTS PL", "Jurisdiction": "COV", "POINT_X": 474922.92250000034, "POINT_Y": 5363460.926100001}}, {"type": "Feature", "id": 1621, "geometry": {"type": "MultiPoint", "coordinates": [[-123.3389705840669, 48.423376598541346]]}, "properties": {"OBJECTID": 1621, "StreetName1": "LAUREL LANE", "StreetName2": "ST CHARLES ST", "Intersection": "ST CHARLES ST & LAUREL LANE", "Jurisdiction": "COV", "POINT_X": 474923.03809999954, "POINT_Y": 5363413.3826}}, {"type": "Feature", "id": 1622, "geometry": {"type": "MultiPoint", "coordinates": [[-123.33896029236956, 48.422378033469606]]}, "properties": {"OBJECTID": 1622, "StreetName1": "SHASTA PL", "StreetName2": "ST CHARLES ST", "Intersection": "ST CHARLES ST & SHASTA PL", "Jurisdiction": "COV", "POINT_X": 474923.3082999997, "POINT_Y": 5363302.3849}}, {"type": "Feature", "id": 1623, "geometry": {"type": "MultiPoint", "coordinates": [[-123.33895230991412, 48.42160332511066]]}, "properties": {"OBJECTID": 1623, "StreetName1": "ANGUS RD", "StreetName2": "ST CHARLES ST", "Intersection": "ST CHARLES ST & ANGUS RD", "Jurisdiction": "COV", "POINT_X": 474923.51779999956, "POINT_Y": 5363216.270500001}}, {"type": "Feature", "id": 1624, "geometry": {"type": "MultiPoint", "coordinates": [[-123.3389497589563, 48.421430859891395]]}, "properties": {"OBJECTID": 1624, "StreetName1": "BYWOOD PL", "StreetName2": "ST CHARLES ST", "Intersection": "ST CHARLES ST & BYWOOD PL", "Jurisdiction": "COV", "POINT_X": 474923.6217, "POINT_Y": 5363197.0995000005}}, {"type": "Feature", "id": 1625, "geometry": {"type": "MultiPoint", "coordinates": [[-123.33860336135875, 48.41993263792412]]}, "properties": {"OBJECTID": 1625, "StreetName1": "ROCKLAND AVE", "StreetName2": "ST CHARLES ST", "Intersection": "ST CHARLES ST & ROCKLAND AVE", "Jurisdiction": "COV", "POINT_X": 474948.51400000043, "POINT_Y": 5363030.4531}}, {"type": "Feature", "id": 1626, "geometry": {"type": "MultiPoint", "coordinates": [[-123.33811747096885, 48.419055589886426]]}, "properties": {"OBJECTID": 1626, "StreetName1": "MONTGOMERY AVE", "StreetName2": "ST CHARLES ST", "Intersection": "ST CHARLES ST & MONTGOMERY AVE", "Jurisdiction": "COV", "POINT_X": 474984.03369999956, "POINT_Y": 5362932.8071}}, {"type": "Feature", "id": 1627, "geometry": {"type": "MultiPoint", "coordinates": [[-123.33775002441678, 48.418361712671036]]}, "properties": {"OBJECTID": 1627, "StreetName1": "DESPARD AVE", "StreetName2": "ST CHARLES ST", "Intersection": "ST CHARLES ST & DESPARD AVE", "Jurisdiction": "COV", "POINT_X": 475010.88069999963, "POINT_Y": 5362855.5601}}, {"type": "Feature", "id": 1628, "geometry": {"type": "MultiPoint", "coordinates": [[-123.33754236735957, 48.41620274517982]]}, "properties": {"OBJECTID": 1628, "StreetName1": "RICHARDSON ST", "StreetName2": "ST CHARLES ST", "Intersection": "ST CHARLES ST & RICHARDSON ST", "Jurisdiction": "COV", "POINT_X": 475025.1878000004, "POINT_Y": 5362615.5151}}, {"type": "Feature", "id": 1629, "geometry": {"type": "MultiPoint", "coordinates": [[-123.33745579657445, 48.41536492077455]]}, "properties": {"OBJECTID": 1629, "StreetName1": "PHILIPPA PL", "StreetName2": "ST CHARLES ST", "Intersection": "ST CHARLES ST & PHILIPPA PL", "Jurisdiction": "COV", "POINT_X": 475031.18319999985, "POINT_Y": 5362522.3596}}, {"type": "Feature", "id": 1630, "geometry": {"type": "MultiPoint", "coordinates": [[-123.3373976025228, 48.414801702964695]]}, "properties": {"OBJECTID": 1630, "StreetName1": "CHANDLER AVE", "StreetName2": "ST CHARLES ST", "Intersection": "ST CHARLES ST & CHANDLER AVE", "Jurisdiction": "COV", "POINT_X": 475035.2134999996, "POINT_Y": 5362459.7369}}, {"type": "Feature", "id": 1631, "geometry": {"type": "MultiPoint", "coordinates": [[-123.33736674803086, 48.414503074551696]]}, "properties": {"OBJECTID": 1631, "StreetName1": "BROOKE ST", "StreetName2": "ST CHARLES ST", "Intersection": "ST CHARLES ST & BROOKE ST", "Jurisdiction": "COV", "POINT_X": 475037.3503999999, "POINT_Y": 5362426.5331999995}}, {"type": "Feature", "id": 1632, "geometry": {"type": "MultiPoint", "coordinates": [[-123.33727484131933, 48.41365425542559]]}, "properties": {"OBJECTID": 1632, "StreetName1": "EARLE PL", "StreetName2": "ST CHARLES ST", "Intersection": "ST CHARLES ST & EARLE PL", "Jurisdiction": "COV", "POINT_X": 475043.7357000001, "POINT_Y": 5362332.153899999}}, {"type": "Feature", "id": 1633, "geometry": {"type": "MultiPoint", "coordinates": [[-123.3371159173751, 48.412217707445436], [-123.33629527931409, 48.41232237803945]]}, "properties": {"OBJECTID": 1633, "StreetName1": "FAIRFIELD RD", "StreetName2": "ST CHARLES ST", "Intersection": "ST CHARLES ST & FAIRFIELD RD", "Jurisdiction": "COV", "POINT_X": 475085.1816999997, "POINT_Y": 5362178.1084}}, {"type": "Feature", "id": 1634, "geometry": {"type": "MultiPoint", "coordinates": [[-123.33629779709285, 48.41084258792413]]}, "properties": {"OBJECTID": 1634, "StreetName1": "ROSS ST", "StreetName2": "ST CHARLES ST", "Intersection": "ST CHARLES ST & ROSS ST", "Jurisdiction": "COV", "POINT_X": 475114.6621000003, "POINT_Y": 5362019.309}}, {"type": "Feature", "id": 1635, "geometry": {"type": "MultiPoint", "coordinates": [[-123.33628730811861, 48.410093121429774]]}, "properties": {"OBJECTID": 1635, "StreetName1": "DALLAS RD", "StreetName2": "ST CHARLES ST", "Intersection": "ST CHARLES ST & DALLAS RD", "Jurisdiction": "COV", "POINT_X": 475115.0725999996, "POINT_Y": 5361935.9997000005}}, {"type": "Feature", "id": 1636, "geometry": {"type": "MultiPoint", "coordinates": [[-123.3362944015485, 48.41164147970888]]}, "properties": {"OBJECTID": 1636, "StreetName1": "PINEWOOD AVE", "StreetName2": "ST CHARLES ST", "Intersection": "ST CHARLES ST & PINEWOOD AVE", "Jurisdiction": "COV", "POINT_X": 475115.30319999997, "POINT_Y": 5362108.1076}}, {"type": "Feature", "id": 1637, "geometry": {"type": "MultiPoint", "coordinates": [[-123.33267388518928, 48.423725721505676]]}, "properties": {"OBJECTID": 1637, "StreetName1": "ROCKLAND AVE", "StreetName2": "ST FRANCIS WOOD", "Intersection": "ST FRANCIS WOOD & ROCKLAND AVE", "Jurisdiction": "COV", "POINT_X": 475389.05510000046, "POINT_Y": 5363450.146400001}}, {"type": "Feature", "id": 1638, "geometry": {"type": "MultiPoint", "coordinates": [[-123.37918205566778, 48.416951839049936]]}, "properties": {"OBJECTID": 1638, "StreetName1": "OSWEGO ST", "StreetName2": "ST JAMES ST", "Intersection": "ST JAMES ST & OSWEGO ST", "Jurisdiction": "COV", "POINT_X": 471944.5398000004, "POINT_Y": 5362713.194}}, {"type": "Feature", "id": 1639, "geometry": {"type": "MultiPoint", "coordinates": [[-123.37731213209959, 48.416043112499835]]}, "properties": {"OBJECTID": 1639, "StreetName1": "RENDALL ST", "StreetName2": "ST JAMES ST", "Intersection": "ST JAMES ST & RENDALL ST", "Jurisdiction": "COV", "POINT_X": 472082.4020999996, "POINT_Y": 5362611.5024999995}}, {"type": "Feature", "id": 1640, "geometry": {"type": "MultiPoint", "coordinates": [[-123.38508394513936, 48.41835668644518]]}, "properties": {"OBJECTID": 1640, "StreetName1": "NIAGARA ST", "StreetName2": "ST LAWRENCE ST", "Intersection": "ST LAWRENCE ST & NIAGARA ST", "Jurisdiction": "COV", "POINT_X": 471508.6308000004, "POINT_Y": 5362871.5265}}, {"type": "Feature", "id": 1641, "geometry": {"type": "MultiPoint", "coordinates": [[-123.38424631114216, 48.41913033911708]]}, "properties": {"OBJECTID": 1641, "StreetName1": "LADYSMITH ST", "StreetName2": "ST LAWRENCE ST", "Intersection": "ST LAWRENCE ST & LADYSMITH ST", "Jurisdiction": "COV", "POINT_X": 471571.03890000004, "POINT_Y": 5362957.2096}}, {"type": "Feature", "id": 1642, "geometry": {"type": "MultiPoint", "coordinates": [[-123.38338337061752, 48.419883315742986]]}, "properties": {"OBJECTID": 1642, "StreetName1": "SIMCOE ST", "StreetName2": "ST LAWRENCE ST", "Intersection": "ST LAWRENCE ST & SIMCOE ST", "Jurisdiction": "COV", "POINT_X": 471635.30599999987, "POINT_Y": 5363040.5858}}, {"type": "Feature", "id": 1643, "geometry": {"type": "MultiPoint", "coordinates": [[-123.38265634598893, 48.42052063756226]]}, "properties": {"OBJECTID": 1643, "StreetName1": "ONTARIO ST", "StreetName2": "ST LAWRENCE ST", "Intersection": "ST LAWRENCE ST & ONTARIO ST", "Jurisdiction": "COV", "POINT_X": 471689.45100000035, "POINT_Y": 5363111.157500001}}, {"type": "Feature", "id": 1644, "geometry": {"type": "MultiPoint", "coordinates": [[-123.38219971623259, 48.42094271414212]]}, "properties": {"OBJECTID": 1644, "StreetName1": "ERIE ST", "StreetName2": "ST LAWRENCE ST", "Intersection": "ST LAWRENCE ST & ERIE ST", "Jurisdiction": "COV", "POINT_X": 471723.4698000001, "POINT_Y": 5363157.904200001}}, {"type": "Feature", "id": 1645, "geometry": {"type": "MultiPoint", "coordinates": [[-123.38190699236165, 48.42121299862759]]}, "properties": {"OBJECTID": 1645, "StreetName1": "MICHIGAN ST", "StreetName2": "ST LAWRENCE ST", "Intersection": "ST LAWRENCE ST & MICHIGAN ST", "Jurisdiction": "COV", "POINT_X": 471745.27720000036, "POINT_Y": 5363187.839299999}}, {"type": "Feature", "id": 1646, "geometry": {"type": "MultiPoint", "coordinates": [[-123.38101119968121, 48.42204009426059]]}, "properties": {"OBJECTID": 1646, "StreetName1": "KINGSTON ST", "StreetName2": "ST LAWRENCE ST", "Intersection": "ST LAWRENCE ST & KINGSTON ST", "Jurisdiction": "COV", "POINT_X": 471812.01070000045, "POINT_Y": 5363279.444}}, {"type": "Feature", "id": 1647, "geometry": {"type": "MultiPoint", "coordinates": [[-123.33999050310442, 48.42537595832046]]}, "properties": {"OBJECTID": 1647, "StreetName1": "FORT ST", "StreetName2": "STADACONA AVE", "Intersection": "STADACONA AVE & FORT ST", "Jurisdiction": "COV", "POINT_X": 474848.56799999997, "POINT_Y": 5363635.953600001}}, {"type": "Feature", "id": 1648, "geometry": {"type": "MultiPoint", "coordinates": [[-123.33997010989131, 48.426559384301534]]}, "properties": {"OBJECTID": 1648, "StreetName1": "PANDORA AVE", "StreetName2": "STADACONA AVE", "Intersection": "STADACONA AVE & PANDORA AVE", "Jurisdiction": "COV", "POINT_X": 474850.66060000006, "POINT_Y": 5363767.4893}}, {"type": "Feature", "id": 1649, "geometry": {"type": "MultiPoint", "coordinates": [[-123.34293835120275, 48.42618037919926]]}, "properties": {"OBJECTID": 1649, "StreetName1": "JOHNSON ST", "StreetName2": "STANLEY AVE", "Intersection": "STANLEY AVE & JOHNSON ST", "Jurisdiction": "COV", "POINT_X": 474630.8864000002, "POINT_Y": 5363726.340399999}}, {"type": "Feature", "id": 1650, "geometry": {"type": "MultiPoint", "coordinates": [[-123.34251009347858, 48.4246310942102]]}, "properties": {"OBJECTID": 1650, "StreetName1": "FORT ST", "StreetName2": "STANLEY AVE", "Intersection": "STANLEY AVE & FORT ST", "Jurisdiction": "COV", "POINT_X": 474661.7982999999, "POINT_Y": 5363553.989600001}}, {"type": "Feature", "id": 1651, "geometry": {"type": "MultiPoint", "coordinates": [[-123.3423590832528, 48.427132727496]]}, "properties": {"OBJECTID": 1651, "StreetName1": "BEGBIE ST", "StreetName2": "STANLEY AVE", "Intersection": "STANLEY AVE & BEGBIE ST", "Jurisdiction": "COV", "POINT_X": 474674.2132000001, "POINT_Y": 5363832.005899999}}, {"type": "Feature", "id": 1652, "geometry": {"type": "MultiPoint", "coordinates": [[-123.34232480110538, 48.42767615269637]]}, "properties": {"OBJECTID": 1652, "StreetName1": "BALMORAL RD", "StreetName2": "STANLEY AVE", "Intersection": "STANLEY AVE & BALMORAL RD", "Jurisdiction": "COV", "POINT_X": 474677.0192999998, "POINT_Y": 5363892.398399999}}, {"type": "Feature", "id": 1653, "geometry": {"type": "MultiPoint", "coordinates": [[-123.34226653408336, 48.428599740097674]]}, "properties": {"OBJECTID": 1653, "StreetName1": "GRANT ST", "StreetName2": "STANLEY AVE", "Intersection": "STANLEY AVE & GRANT ST", "Jurisdiction": "COV", "POINT_X": 474681.7884999998, "POINT_Y": 5363995.0395}}, {"type": "Feature", "id": 1654, "geometry": {"type": "MultiPoint", "coordinates": [[-123.34217437634034, 48.43040952247801]]}, "properties": {"OBJECTID": 1654, "StreetName1": "GLADSTONE AVE", "StreetName2": "STANLEY AVE", "Intersection": "STANLEY AVE & GLADSTONE AVE", "Jurisdiction": "COV", "POINT_X": 474689.5047000004, "POINT_Y": 5364196.1735}}, {"type": "Feature", "id": 1655, "geometry": {"type": "MultiPoint", "coordinates": [[-123.34212704188752, 48.43130634817177]]}, "properties": {"OBJECTID": 1655, "StreetName1": "PEMBROKE ST", "StreetName2": "STANLEY AVE", "Intersection": "STANLEY AVE & PEMBROKE ST", "Jurisdiction": "COV", "POINT_X": 474693.45150000043, "POINT_Y": 5364295.843599999}}, {"type": "Feature", "id": 1656, "geometry": {"type": "MultiPoint", "coordinates": [[-123.34001542532883, 48.412270077421]]}, "properties": {"OBJECTID": 1656, "StreetName1": "FAIRFIELD RD", "StreetName2": "STANNARD AVE", "Intersection": "STANNARD AVE & FAIRFIELD RD", "Jurisdiction": "COV", "POINT_X": 474840.2576000001, "POINT_Y": 5362179.194}}, {"type": "Feature", "id": 1657, "geometry": {"type": "MultiPoint", "coordinates": [[-123.33990963567152, 48.41445584061811]]}, "properties": {"OBJECTID": 1657, "StreetName1": "BROOKE ST", "StreetName2": "STANNARD AVE", "Intersection": "STANNARD AVE & BROOKE ST", "Jurisdiction": "COV", "POINT_X": 474849.1639999999, "POINT_Y": 5362422.114800001}}, {"type": "Feature", "id": 1658, "geometry": {"type": "MultiPoint", "coordinates": [[-123.33981811999912, 48.41619587336787]]}, "properties": {"OBJECTID": 1658, "StreetName1": "RICHARDSON ST", "StreetName2": "STANNARD AVE", "Intersection": "STANNARD AVE & RICHARDSON ST", "Jurisdiction": "COV", "POINT_X": 474856.7938000001, "POINT_Y": 5362615.4958}}, {"type": "Feature", "id": 1659, "geometry": {"type": "MultiPoint", "coordinates": [[-123.37500214620182, 48.4461483862256]]}, "properties": {"OBJECTID": 1659, "StreetName1": "DELTA ST", "StreetName2": "STEELE ST", "Intersection": "STEELE ST & DELTA ST", "Jurisdiction": "COV", "POINT_X": 472269.7122999998, "POINT_Y": 5365956.982799999}}, {"type": "Feature", "id": 1660, "geometry": {"type": "MultiPoint", "coordinates": [[-123.37408987542472, 48.44506660470214]]}, "properties": {"OBJECTID": 1660, "StreetName1": "FRANCES AVE", "StreetName2": "STEELE ST", "Intersection": "STEELE ST & FRANCES AVE", "Jurisdiction": "COV", "POINT_X": 472336.5871000001, "POINT_Y": 5365836.4081999995}}, {"type": "Feature", "id": 1661, "geometry": {"type": "MultiPoint", "coordinates": [[-123.34982056674713, 48.43119655514258]]}, "properties": {"OBJECTID": 1661, "StreetName1": "CHAMBERS ST", "StreetName2": "STELLY ST", "Intersection": "STELLY ST & CHAMBERS ST", "Jurisdiction": "COV", "POINT_X": 474124.2945999997, "POINT_Y": 5364286.2107}}, {"type": "Feature", "id": 1662, "geometry": {"type": "MultiPoint", "coordinates": [[-123.35652987457995, 48.44879806774419]]}, "properties": {"OBJECTID": 1662, "StreetName1": "BLACKWOOD ST", "StreetName2": "STEVENSON PL", "Intersection": "STEVENSON PL & BLACKWOOD ST", "Jurisdiction": "COV", "POINT_X": 473637.10610000044, "POINT_Y": 5366244.9804}}, {"type": "Feature", "id": 1663, "geometry": {"type": "MultiPoint", "coordinates": [[-123.35486346186616, 48.44707518231946]]}, "properties": {"OBJECTID": 1663, "StreetName1": "FINLAYSON ST", "StreetName2": "STEVENSON PL", "Intersection": "STEVENSON PL & FINLAYSON ST", "Jurisdiction": "COV", "POINT_X": 473759.4430999998, "POINT_Y": 5366052.901799999}}, {"type": "Feature", "id": 1664, "geometry": {"type": "MultiPoint", "coordinates": [[-123.36975602249254, 48.43269015036325]]}, "properties": {"OBJECTID": 1664, "StreetName1": "PEMBROKE ST", "StreetName2": "STORE ST", "Intersection": "STORE ST & PEMBROKE ST", "Jurisdiction": "COV", "POINT_X": 472650.43879999965, "POINT_Y": 5364459.1578}}, {"type": "Feature", "id": 1665, "geometry": {"type": "MultiPoint", "coordinates": [[-123.36972222612074, 48.43184824850939]]}, "properties": {"OBJECTID": 1665, "StreetName1": "DISCOVERY ST", "StreetName2": "STORE ST", "Intersection": "STORE ST & DISCOVERY ST", "Jurisdiction": "COV", "POINT_X": 472652.4868999999, "POINT_Y": 5364365.5649999995}}, {"type": "Feature", "id": 1666, "geometry": {"type": "MultiPoint", "coordinates": [[-123.36968918159006, 48.43102503260376]]}, "properties": {"OBJECTID": 1666, "StreetName1": "CHATHAM ST", "StreetName2": "STORE ST", "Intersection": "STORE ST & CHATHAM ST", "Jurisdiction": "COV", "POINT_X": 472654.48950000014, "POINT_Y": 5364274.0495}}, {"type": "Feature", "id": 1667, "geometry": {"type": "MultiPoint", "coordinates": [[-123.36965245491919, 48.43013478533326]]}, "properties": {"OBJECTID": 1667, "StreetName1": "HERALD ST", "StreetName2": "STORE ST", "Intersection": "STORE ST & HERALD ST", "Jurisdiction": "COV", "POINT_X": 472656.72860000003, "POINT_Y": 5364175.081900001}}, {"type": "Feature", "id": 1668, "geometry": {"type": "MultiPoint", "coordinates": [[-123.36962057546339, 48.42849065316326]]}, "properties": {"OBJECTID": 1668, "StreetName1": "PANDORA AVE", "StreetName2": "STORE ST", "Intersection": "STORE ST & PANDORA AVE", "Jurisdiction": "COV", "POINT_X": 472658.2048000004, "POINT_Y": 5363992.3188000005}}, {"type": "Feature", "id": 1669, "geometry": {"type": "MultiPoint", "coordinates": [[-123.36962228485845, 48.42934038662738]]}, "properties": {"OBJECTID": 1669, "StreetName1": "FISGARD ST", "StreetName2": "STORE ST", "Intersection": "STORE ST & FISGARD ST", "Jurisdiction": "COV", "POINT_X": 472658.53419999965, "POINT_Y": 5364086.7706}}, {"type": "Feature", "id": 1670, "geometry": {"type": "MultiPoint", "coordinates": [[-123.36954093229754, 48.42849597849794]]}, "properties": {"OBJECTID": 1670, "StreetName1": "PANDORA AVE", "StreetName2": "STORE ST", "Intersection": "STORE ST & PANDORA AVE", "Jurisdiction": "COV", "POINT_X": 472664.0992999999, "POINT_Y": 5363992.882300001}}, {"type": "Feature", "id": 1671, "geometry": {"type": "MultiPoint", "coordinates": [[-123.36943662196931, 48.42772552615769]]}, "properties": {"OBJECTID": 1671, "StreetName1": "JOHNSON ST", "StreetName2": "STORE ST", "Intersection": "STORE ST & JOHNSON ST", "Jurisdiction": "COV", "POINT_X": 472671.4025999997, "POINT_Y": 5363907.2063}}, {"type": "Feature", "id": 1672, "geometry": {"type": "MultiPoint", "coordinates": [[-123.34552157872488, 48.44396061733842]]}, "properties": {"OBJECTID": 1672, "StreetName1": "DELATRE ST", "StreetName2": "STROUD RD", "Intersection": "STROUD RD & DELATRE ST", "Jurisdiction": "COV", "POINT_X": 474448.6995000001, "POINT_Y": 5365703.5449}}, {"type": "Feature", "id": 1673, "geometry": {"type": "MultiPoint", "coordinates": [[-123.3430794630254, 48.44480193495923]]}, "properties": {"OBJECTID": 1673, "StreetName1": "GOSWORTH RD", "StreetName2": "STROUD RD", "Intersection": "STROUD RD & GOSWORTH RD", "Jurisdiction": "COV", "POINT_X": 474629.7204999998, "POINT_Y": 5365796.2488}}, {"type": "Feature", "id": 1674, "geometry": {"type": "MultiPoint", "coordinates": [[-123.3897310183654, 48.43813788517623]]}, "properties": {"OBJECTID": 1674, "StreetName1": "CRAIGFLOWER RD", "StreetName2": "STYLES ST", "Intersection": "STYLES ST & CRAIGFLOWER RD", "Jurisdiction": "COV", "POINT_X": 471175.9820999997, "POINT_Y": 5365072.0221}}, {"type": "Feature", "id": 1675, "geometry": {"type": "MultiPoint", "coordinates": [[-123.38853932254779, 48.438956323244696]]}, "properties": {"OBJECTID": 1675, "StreetName1": "SELKIRK AVE", "StreetName2": "STYLES ST", "Intersection": "STYLES ST & SELKIRK AVE", "Jurisdiction": "COV", "POINT_X": 471264.58330000006, "POINT_Y": 5365162.5469}}, {"type": "Feature", "id": 1676, "geometry": {"type": "MultiPoint", "coordinates": [[-123.39266724521875, 48.43181507560659]]}, "properties": {"OBJECTID": 1676, "StreetName1": "BOWLSBY PL", "StreetName2": "SUFFOLK ST", "Intersection": "SUFFOLK ST & BOWLSBY PL", "Jurisdiction": "COV", "POINT_X": 470955.2105999999, "POINT_Y": 5364370.326099999}}, {"type": "Feature", "id": 1677, "geometry": {"type": "MultiPoint", "coordinates": [[-123.39102154461474, 48.431807036118784]]}, "properties": {"OBJECTID": 1677, "StreetName1": "DALTON ST", "StreetName2": "SUFFOLK ST", "Intersection": "SUFFOLK ST & DALTON ST", "Jurisdiction": "COV", "POINT_X": 471076.93960000016, "POINT_Y": 5364368.809599999}}, {"type": "Feature", "id": 1678, "geometry": {"type": "MultiPoint", "coordinates": [[-123.3747667990534, 48.44362280394373]]}, "properties": {"OBJECTID": 1678, "StreetName1": "JUTLAND RD", "StreetName2": "SUMAS ST", "Intersection": "SUMAS ST & JUTLAND RD", "Jurisdiction": "COV", "POINT_X": 472285.7421000004, "POINT_Y": 5365676.168500001}}, {"type": "Feature", "id": 1679, "geometry": {"type": "MultiPoint", "coordinates": [[-123.37274967980889, 48.442341937740736]]}, "properties": {"OBJECTID": 1679, "StreetName1": "MANCHESTER RD", "StreetName2": "SUMAS ST", "Intersection": "SUMAS ST & MANCHESTER RD", "Jurisdiction": "COV", "POINT_X": 472434.2220999999, "POINT_Y": 5365533.0667}}, {"type": "Feature", "id": 1680, "geometry": {"type": "MultiPoint", "coordinates": [[-123.37249339793524, 48.441454772803255]]}, "properties": {"OBJECTID": 1680, "StreetName1": "DUNEDIN ST", "StreetName2": "SUMAS ST", "Intersection": "SUMAS ST & DUNEDIN ST", "Jurisdiction": "COV", "POINT_X": 472452.69579999987, "POINT_Y": 5365434.362400001}}, {"type": "Feature", "id": 1681, "geometry": {"type": "MultiPoint", "coordinates": [[-123.37223805024931, 48.44057079790621]]}, "properties": {"OBJECTID": 1681, "StreetName1": "GARBALLY RD", "StreetName2": "SUMAS ST", "Intersection": "SUMAS ST & GARBALLY RD", "Jurisdiction": "COV", "POINT_X": 472471.10280000046, "POINT_Y": 5365336.0131}}, {"type": "Feature", "id": 1682, "geometry": {"type": "MultiPoint", "coordinates": [[-123.36938165478492, 48.44270158784803]]}, "properties": {"OBJECTID": 1682, "StreetName1": "DOUGLAS ST", "StreetName2": "SUMMIT AVE", "Intersection": "SUMMIT AVE & DOUGLAS ST", "Jurisdiction": "COV", "POINT_X": 472683.4985999996, "POINT_Y": 5365571.836200001}}, {"type": "Feature", "id": 1683, "geometry": {"type": "MultiPoint", "coordinates": [[-123.36607843507026, 48.44314241371483]]}, "properties": {"OBJECTID": 1683, "StreetName1": "NANAIMO ST", "StreetName2": "SUMMIT AVE", "Intersection": "SUMMIT AVE & NANAIMO ST", "Jurisdiction": "COV", "POINT_X": 472928.0220999997, "POINT_Y": 5365619.662599999}}, {"type": "Feature", "id": 1684, "geometry": {"type": "MultiPoint", "coordinates": [[-123.36047427967266, 48.44390048469009]]}, "properties": {"OBJECTID": 1684, "StreetName1": "QUADRA ST", "StreetName2": "SUMMIT AVE", "Intersection": "SUMMIT AVE & QUADRA ST", "Jurisdiction": "COV", "POINT_X": 473342.8699000003, "POINT_Y": 5365701.959000001}}, {"type": "Feature", "id": 1685, "geometry": {"type": "MultiPoint", "coordinates": [[-123.35912233228677, 48.444071448296846]]}, "properties": {"OBJECTID": 1685, "StreetName1": "FIFTH ST", "StreetName2": "SUMMIT AVE", "Intersection": "SUMMIT AVE & FIFTH ST", "Jurisdiction": "COV", "POINT_X": 473442.9397999998, "POINT_Y": 5365720.4925}}, {"type": "Feature", "id": 1686, "geometry": {"type": "MultiPoint", "coordinates": [[-123.35764151021812, 48.44425867542482]]}, "properties": {"OBJECTID": 1686, "StreetName1": "GRAHAM ST", "StreetName2": "SUMMIT AVE", "Intersection": "SUMMIT AVE & GRAHAM ST", "Jurisdiction": "COV", "POINT_X": 473552.54810000025, "POINT_Y": 5365740.790999999}}, {"type": "Feature", "id": 1687, "geometry": {"type": "MultiPoint", "coordinates": [[-123.35645615758298, 48.44440853911443]]}, "properties": {"OBJECTID": 1687, "StreetName1": "PRIOR ST", "StreetName2": "SUMMIT AVE", "Intersection": "SUMMIT AVE & PRIOR ST", "Jurisdiction": "COV", "POINT_X": 473640.28560000006, "POINT_Y": 5365757.040200001}}, {"type": "Feature", "id": 1688, "geometry": {"type": "MultiPoint", "coordinates": [[-123.35522129051915, 48.44456502181696]]}, "properties": {"OBJECTID": 1688, "StreetName1": "BLACKWOOD ST", "StreetName2": "SUMMIT AVE", "Intersection": "SUMMIT AVE & BLACKWOOD ST", "Jurisdiction": "COV", "POINT_X": 473731.68769999966, "POINT_Y": 5365774.009500001}}, {"type": "Feature", "id": 1689, "geometry": {"type": "MultiPoint", "coordinates": [[-123.35419149016393, 48.44469553243606]]}, "properties": {"OBJECTID": 1689, "StreetName1": "STEVENSON PL", "StreetName2": "SUMMIT AVE", "Intersection": "SUMMIT AVE & STEVENSON PL", "Jurisdiction": "COV", "POINT_X": 473807.9107999997, "POINT_Y": 5365788.1635}}, {"type": "Feature", "id": 1690, "geometry": {"type": "MultiPoint", "coordinates": [[-123.35103019006996, 48.44508902309791]]}, "properties": {"OBJECTID": 1690, "StreetName1": "ARTHUR AVE", "StreetName2": "SUMMIT AVE", "Intersection": "SUMMIT AVE & ARTHUR AVE", "Jurisdiction": "COV", "POINT_X": 474041.89580000006, "POINT_Y": 5365830.824999999}}, {"type": "Feature", "id": 1691, "geometry": {"type": "MultiPoint", "coordinates": [[-123.34922149650801, 48.44532062244213]]}, "properties": {"OBJECTID": 1691, "StreetName1": "COOK ST", "StreetName2": "SUMMIT AVE", "Intersection": "SUMMIT AVE & COOK ST", "Jurisdiction": "COV", "POINT_X": 474175.7686999999, "POINT_Y": 5365855.956599999}}, {"type": "Feature", "id": 1692, "geometry": {"type": "MultiPoint", "coordinates": [[-123.39048943332934, 48.438594801727945]]}, "properties": {"OBJECTID": 1692, "StreetName1": "CRAIGFLOWER RD", "StreetName2": "SUNNYSIDE AVE", "Intersection": "SUNNYSIDE AVE & CRAIGFLOWER RD", "Jurisdiction": "COV", "POINT_X": 471120.1475999998, "POINT_Y": 5365123.096000001}}, {"type": "Feature", "id": 1693, "geometry": {"type": "MultiPoint", "coordinates": [[-123.38925048605938, 48.43946666322836]]}, "properties": {"OBJECTID": 1693, "StreetName1": "SELKIRK AVE", "StreetName2": "SUNNYSIDE AVE", "Intersection": "SUNNYSIDE AVE & SELKIRK AVE", "Jurisdiction": "COV", "POINT_X": 471212.2737999996, "POINT_Y": 5365219.5404}}, {"type": "Feature", "id": 1694, "geometry": {"type": "MultiPoint", "coordinates": [[-123.3811510710898, 48.421910952529835]]}, "properties": {"OBJECTID": 1694, "StreetName1": "ST LAWRENCE ST", "StreetName2": "SUPERIOR ST", "Intersection": "SUPERIOR ST & ST LAWRENCE ST", "Jurisdiction": "COV", "POINT_X": 471801.5909000002, "POINT_Y": 5363265.140900001}}, {"type": "Feature", "id": 1695, "geometry": {"type": "MultiPoint", "coordinates": [[-123.37934556598584, 48.42102417777579]]}, "properties": {"OBJECTID": 1695, "StreetName1": "MONTREAL ST", "StreetName2": "SUPERIOR ST", "Intersection": "SUPERIOR ST & MONTREAL ST", "Jurisdiction": "COV", "POINT_X": 471934.6831, "POINT_Y": 5363165.909399999}}, {"type": "Feature", "id": 1696, "geometry": {"type": "MultiPoint", "coordinates": [[-123.37634062209419, 48.41956889452862]]}, "properties": {"OBJECTID": 1696, "StreetName1": "OSWEGO ST", "StreetName2": "SUPERIOR ST", "Intersection": "SUPERIOR ST & OSWEGO ST", "Jurisdiction": "COV", "POINT_X": 472156.2131000003, "POINT_Y": 5363003.0525}}, {"type": "Feature", "id": 1697, "geometry": {"type": "MultiPoint", "coordinates": [[-123.37244288379442, 48.4180622043847]]}, "properties": {"OBJECTID": 1697, "StreetName1": "MENZIES ST", "StreetName2": "SUPERIOR ST", "Intersection": "SUPERIOR ST & MENZIES ST", "Jurisdiction": "COV", "POINT_X": 472443.78639999963, "POINT_Y": 5362834.1687}}, {"type": "Feature", "id": 1698, "geometry": {"type": "MultiPoint", "coordinates": [[-123.36883698001463, 48.41827231535411]]}, "properties": {"OBJECTID": 1698, "StreetName1": "GOVERNMENT ST", "StreetName2": "SUPERIOR ST", "Intersection": "SUPERIOR ST & GOVERNMENT ST", "Jurisdiction": "COV", "POINT_X": 472710.7019999996, "POINT_Y": 5362856.2323}}, {"type": "Feature", "id": 1699, "geometry": {"type": "MultiPoint", "coordinates": [[-123.36564302052611, 48.41849328174248]]}, "properties": {"OBJECTID": 1699, "StreetName1": "DOUGLAS ST", "StreetName2": "SUPERIOR ST", "Intersection": "SUPERIOR ST & DOUGLAS ST", "Jurisdiction": "COV", "POINT_X": 472947.1414000001, "POINT_Y": 5362879.660499999}}, {"type": "Feature", "id": 1700, "geometry": {"type": "MultiPoint", "coordinates": [[-123.35653738607812, 48.41455582110189]]}, "properties": {"OBJECTID": 1700, "StreetName1": "COOK ST", "StreetName2": "SUTLEJ ST", "Intersection": "SUTLEJ ST & COOK ST", "Jurisdiction": "COV", "POINT_X": 473618.8304000003, "POINT_Y": 5362438.8212}}, {"type": "Feature", "id": 1701, "geometry": {"type": "MultiPoint", "coordinates": [[-123.36963498038381, 48.429674675059736]]}, "properties": {"OBJECTID": 1701, "StreetName1": "STORE ST", "StreetName2": "SWIFT ST", "Intersection": "SWIFT ST & STORE ST", "Jurisdiction": "COV", "POINT_X": 472657.77440000046, "POINT_Y": 5364123.932600001}}, {"type": "Feature", "id": 1702, "geometry": {"type": "MultiPoint", "coordinates": [[-123.3791703434052, 48.41372520913883]]}, "properties": {"OBJECTID": 1702, "StreetName1": "BOYD ST", "StreetName2": "SYLVIA ST", "Intersection": "SYLVIA ST & BOYD ST", "Jurisdiction": "COV", "POINT_X": 471943.6310999999, "POINT_Y": 5362354.5381000005}}, {"type": "Feature", "id": 1703, "geometry": {"type": "MultiPoint", "coordinates": [[-123.34308401317608, 48.43203420877195]]}, "properties": {"OBJECTID": 1703, "StreetName1": "OREGON AVE", "StreetName2": "TAUNTON ST", "Intersection": "TAUNTON ST & OREGON AVE", "Jurisdiction": "COV", "POINT_X": 474623.0253999997, "POINT_Y": 5364377.0649}}, {"type": "Feature", "id": 1704, "geometry": {"type": "MultiPoint", "coordinates": [[-123.33517545238689, 48.42409081287976]]}, "properties": {"OBJECTID": 1704, "StreetName1": "MOUNTBATTEN PL", "StreetName2": "TERRACE AVE", "Intersection": "TERRACE AVE & MOUNTBATTEN PL", "Jurisdiction": "COV", "POINT_X": 475204.16060000006, "POINT_Y": 5363491.534600001}}, {"type": "Feature", "id": 1705, "geometry": {"type": "MultiPoint", "coordinates": [[-123.33495401335094, 48.42650732023707]]}, "properties": {"OBJECTID": 1705, "StreetName1": "OAK BAY AVE", "StreetName2": "TERRACE AVE", "Intersection": "TERRACE AVE & OAK BAY AVE", "Jurisdiction": "COV", "POINT_X": 475221.71779999975, "POINT_Y": 5363760.0671}}, {"type": "Feature", "id": 1706, "geometry": {"type": "MultiPoint", "coordinates": [[-123.3339045242587, 48.42247392677209]]}, "properties": {"OBJECTID": 1706, "StreetName1": "ROCKLAND AVE", "StreetName2": "TERRACE AVE", "Intersection": "TERRACE AVE & ROCKLAND AVE", "Jurisdiction": "COV", "POINT_X": 475297.4028000003, "POINT_Y": 5363311.400800001}}, {"type": "Feature", "id": 1707, "geometry": {"type": "MultiPoint", "coordinates": [[-123.35168046252376, 48.44431354676678]]}, "properties": {"OBJECTID": 1707, "StreetName1": "ARTHUR AVE", "StreetName2": "THE RISE", "Intersection": "THE RISE & ARTHUR AVE", "Jurisdiction": "COV", "POINT_X": 473993.4112999998, "POINT_Y": 5365744.848200001}}, {"type": "Feature", "id": 1708, "geometry": {"type": "MultiPoint", "coordinates": [[-123.35125477849905, 48.442822888056796]]}, "properties": {"OBJECTID": 1708, "StreetName1": "MONTROSE AVE", "StreetName2": "THE RISE", "Intersection": "THE RISE & MONTROSE AVE", "Jurisdiction": "COV", "POINT_X": 474024.13159999996, "POINT_Y": 5365579.0107}}, {"type": "Feature", "id": 1709, "geometry": {"type": "MultiPoint", "coordinates": [[-123.36939701845293, 48.410883462420266]]}, "properties": {"OBJECTID": 1709, "StreetName1": "NIAGARA ST", "StreetName2": "THETIS LANE", "Intersection": "THETIS LANE & NIAGARA ST", "Jurisdiction": "COV", "POINT_X": 472665.30399999954, "POINT_Y": 5362035.134199999}}, {"type": "Feature", "id": 1710, "geometry": {"type": "MultiPoint", "coordinates": [[-123.36902642929091, 48.41190746803816]]}, "properties": {"OBJECTID": 1710, "StreetName1": "BEACON ST", "StreetName2": "THETIS LANE", "Intersection": "THETIS LANE & BEACON ST", "Jurisdiction": "COV", "POINT_X": 472693.2763, "POINT_Y": 5362148.823899999}}, {"type": "Feature", "id": 1711, "geometry": {"type": "MultiPoint", "coordinates": [[-123.34858172096973, 48.416275998494115]]}, "properties": {"OBJECTID": 1711, "StreetName1": "MOSS ST", "StreetName2": "THURLOW RD", "Intersection": "THURLOW RD & MOSS ST", "Jurisdiction": "COV", "POINT_X": 474208.3859000001, "POINT_Y": 5362627.3158}}, {"type": "Feature", "id": 1712, "geometry": {"type": "MultiPoint", "coordinates": [[-123.34563032165836, 48.415141391811154]]}, "properties": {"OBJECTID": 1712, "StreetName1": "DURBAN ST", "StreetName2": "THURLOW RD", "Intersection": "THURLOW RD & DURBAN ST", "Jurisdiction": "COV", "POINT_X": 474426.20050000027, "POINT_Y": 5362500.2105}}, {"type": "Feature", "id": 1713, "geometry": {"type": "MultiPoint", "coordinates": [[-123.34459024608105, 48.41436023833246]]}, "properties": {"OBJECTID": 1713, "StreetName1": "KIPLING ST", "StreetName2": "THURLOW RD", "Intersection": "THURLOW RD & KIPLING ST", "Jurisdiction": "COV", "POINT_X": 474502.77020000014, "POINT_Y": 5362413.035700001}}, {"type": "Feature", "id": 1714, "geometry": {"type": "MultiPoint", "coordinates": [[-123.34392596811706, 48.41386602518396]]}, "properties": {"OBJECTID": 1714, "StreetName1": "CLIFFORD ST", "StreetName2": "THURLOW RD", "Intersection": "THURLOW RD & CLIFFORD ST", "Jurisdiction": "COV", "POINT_X": 474551.6775000002, "POINT_Y": 5362357.881200001}}, {"type": "Feature", "id": 1715, "geometry": {"type": "MultiPoint", "coordinates": [[-123.34282944879718, 48.41188377873115]]}, "properties": {"OBJECTID": 1715, "StreetName1": "FAIRFIELD RD", "StreetName2": "THURLOW RD", "Intersection": "THURLOW RD & FAIRFIELD RD", "Jurisdiction": "COV", "POINT_X": 474631.83029999956, "POINT_Y": 5362137.183599999}}, {"type": "Feature", "id": 1716, "geometry": {"type": "MultiPoint", "coordinates": [[-123.37233617356605, 48.44775794848218]]}, "properties": {"OBJECTID": 1716, "StreetName1": "DOUGLAS ST", "StreetName2": "TOLMIE AVE", "Intersection": "TOLMIE AVE & DOUGLAS ST", "Jurisdiction": "COV", "POINT_X": 472467.7307000002, "POINT_Y": 5366134.930299999}}, {"type": "Feature", "id": 1717, "geometry": {"type": "MultiPoint", "coordinates": [[-123.36811646672633, 48.44825016525017], [-123.36789995048426, 48.44827546035013]]}, "properties": {"OBJECTID": 1717, "StreetName1": "BLANSHARD ST", "StreetName2": "TOLMIE AVE", "Intersection": "TOLMIE AVE & BLANSHARD ST", "Jurisdiction": "COV", "POINT_X": 472788.0428, "POINT_Y": 5366189.500750001}}, {"type": "Feature", "id": 1718, "geometry": {"type": "MultiPoint", "coordinates": [[-123.36661531861769, 48.44842575306207]]}, "properties": {"OBJECTID": 1718, "StreetName1": "ALDER ST", "StreetName2": "TOLMIE AVE", "Intersection": "TOLMIE AVE & ALDER ST", "Jurisdiction": "COV", "POINT_X": 472891.12930000015, "POINT_Y": 5366207.118100001}}, {"type": "Feature", "id": 1719, "geometry": {"type": "MultiPoint", "coordinates": [[-123.36543930993778, 48.44856331906077]]}, "properties": {"OBJECTID": 1719, "StreetName1": "RUTLEDGE ST", "StreetName2": "TOLMIE AVE", "Intersection": "TOLMIE AVE & RUTLEDGE ST", "Jurisdiction": "COV", "POINT_X": 472978.1640999997, "POINT_Y": 5366221.9934}}, {"type": "Feature", "id": 1720, "geometry": {"type": "MultiPoint", "coordinates": [[-123.36329202780946, 48.44881447062631]]}, "properties": {"OBJECTID": 1720, "StreetName1": "GLASGOW ST", "StreetName2": "TOLMIE AVE", "Intersection": "TOLMIE AVE & GLASGOW ST", "Jurisdiction": "COV", "POINT_X": 473137.08029999956, "POINT_Y": 5366249.1543000005}}, {"type": "Feature", "id": 1721, "geometry": {"type": "MultiPoint", "coordinates": [[-123.361923995515, 48.44897445649401]]}, "properties": {"OBJECTID": 1721, "StreetName1": "QUADRA ST", "StreetName2": "TOLMIE AVE", "Intersection": "TOLMIE AVE & QUADRA ST", "Jurisdiction": "COV", "POINT_X": 473238.32490000036, "POINT_Y": 5366266.4583}}, {"type": "Feature", "id": 1722, "geometry": {"type": "MultiPoint", "coordinates": [[-123.36055942810333, 48.44912593423069]]}, "properties": {"OBJECTID": 1722, "StreetName1": "FIFTH ST", "StreetName2": "TOLMIE AVE", "Intersection": "TOLMIE AVE & FIFTH ST", "Jurisdiction": "COV", "POINT_X": 473339.30819999985, "POINT_Y": 5366282.819599999}}, {"type": "Feature", "id": 1723, "geometry": {"type": "MultiPoint", "coordinates": [[-123.35888501784532, 48.44929672337919]]}, "properties": {"OBJECTID": 1723, "StreetName1": "JACKSON ST", "StreetName2": "TOLMIE AVE", "Intersection": "TOLMIE AVE & JACKSON ST", "Jurisdiction": "COV", "POINT_X": 473463.2123999996, "POINT_Y": 5366301.2217999995}}, {"type": "Feature", "id": 1724, "geometry": {"type": "MultiPoint", "coordinates": [[-123.35737080838369, 48.44946228292859]]}, "properties": {"OBJECTID": 1724, "StreetName1": "SOMERSET ST", "StreetName2": "TOLMIE AVE", "Intersection": "TOLMIE AVE & SOMERSET ST", "Jurisdiction": "COV", "POINT_X": 473575.267, "POINT_Y": 5366319.1007}}, {"type": "Feature", "id": 1725, "geometry": {"type": "MultiPoint", "coordinates": [[-123.35049954700128, 48.450209652898444]]}, "properties": {"OBJECTID": 1725, "StreetName1": "COOK ST", "StreetName2": "TOLMIE AVE", "Intersection": "TOLMIE AVE & COOK ST", "Jurisdiction": "COV", "POINT_X": 474081.36170000024, "POINT_Y": 5366399.418400001}}, {"type": "Feature", "id": 1726, "geometry": {"type": "MultiPoint", "coordinates": [[-123.37233617356605, 48.44775794848218]]}, "properties": {"OBJECTID": 1726, "StreetName1": "DOUGLAS ST", "StreetName2": "TOLMIE LANE", "Intersection": "TOLMIE LANE & DOUGLAS ST", "Jurisdiction": "COV", "POINT_X": 472467.7307000002, "POINT_Y": 5366134.930299999}}, {"type": "Feature", "id": 1727, "geometry": {"type": "MultiPoint", "coordinates": [[-123.34886197651025, 48.45038909406712]]}, "properties": {"OBJECTID": 1727, "StreetName1": "TOLMIE AVE", "StreetName2": "TOLMIE PL", "Intersection": "TOLMIE PL & TOLMIE AVE", "Jurisdiction": "COV", "POINT_X": 474216.96949999966, "POINT_Y": 5366421.1457}}, {"type": "Feature", "id": 1728, "geometry": {"type": "MultiPoint", "coordinates": [[-123.36865639136025, 48.44140225274163]]}, "properties": {"OBJECTID": 1728, "StreetName1": "DOUGLAS ST", "StreetName2": "TOPAZ AVE", "Intersection": "TOPAZ AVE & DOUGLAS ST", "Jurisdiction": "COV", "POINT_X": 472736.4400000004, "POINT_Y": 5365427.1512}}, {"type": "Feature", "id": 1729, "geometry": {"type": "MultiPoint", "coordinates": [[-123.36654725839935, 48.44166505592162]]}, "properties": {"OBJECTID": 1729, "StreetName1": "QUESNEL ST", "StreetName2": "TOPAZ AVE", "Intersection": "TOPAZ AVE & QUESNEL ST", "Jurisdiction": "COV", "POINT_X": 472892.5645000003, "POINT_Y": 5365455.614}}, {"type": "Feature", "id": 1730, "geometry": {"type": "MultiPoint", "coordinates": [[-123.36557523146601, 48.441804490015556]]}, "properties": {"OBJECTID": 1730, "StreetName1": "NANAIMO ST", "StreetName2": "TOPAZ AVE", "Intersection": "TOPAZ AVE & NANAIMO ST", "Jurisdiction": "COV", "POINT_X": 472964.52610000037, "POINT_Y": 5365470.768999999}}, {"type": "Feature", "id": 1731, "geometry": {"type": "MultiPoint", "coordinates": [[-123.36442849914626, 48.44192461215787], [-123.36421650360171, 48.44194986986284]]}, "properties": {"OBJECTID": 1731, "StreetName1": "BLANSHARD ST", "StreetName2": "TOPAZ AVE", "Intersection": "TOPAZ AVE & BLANSHARD ST", "Jurisdiction": "COV", "POINT_X": 473057.24344999983, "POINT_Y": 5365485.083250001}}, {"type": "Feature", "id": 1732, "geometry": {"type": "MultiPoint", "coordinates": [[-123.36143882305475, 48.44230781978353]]}, "properties": {"OBJECTID": 1732, "StreetName1": "GILLIE PL", "StreetName2": "TOPAZ AVE", "Intersection": "TOPAZ AVE & GILLIE PL", "Jurisdiction": "COV", "POINT_X": 473270.70320000034, "POINT_Y": 5365525.263900001}}, {"type": "Feature", "id": 1733, "geometry": {"type": "MultiPoint", "coordinates": [[-123.36006716072022, 48.4424845512777]]}, "properties": {"OBJECTID": 1733, "StreetName1": "QUADRA ST", "StreetName2": "TOPAZ AVE", "Intersection": "TOPAZ AVE & QUADRA ST", "Jurisdiction": "COV", "POINT_X": 473372.2374999998, "POINT_Y": 5365544.430400001}}, {"type": "Feature", "id": 1734, "geometry": {"type": "MultiPoint", "coordinates": [[-123.35872756689258, 48.44266171793912]]}, "properties": {"OBJECTID": 1734, "StreetName1": "FIFTH ST", "StreetName2": "TOPAZ AVE", "Intersection": "TOPAZ AVE & FIFTH ST", "Jurisdiction": "COV", "POINT_X": 473471.39969999995, "POINT_Y": 5365563.6581999995}}, {"type": "Feature", "id": 1735, "geometry": {"type": "MultiPoint", "coordinates": [[-123.35738918390159, 48.44283837222604]]}, "properties": {"OBJECTID": 1735, "StreetName1": "GRAHAM ST", "StreetName2": "TOPAZ AVE", "Intersection": "TOPAZ AVE & GRAHAM ST", "Jurisdiction": "COV", "POINT_X": 473570.47140000015, "POINT_Y": 5365582.8312}}, {"type": "Feature", "id": 1736, "geometry": {"type": "MultiPoint", "coordinates": [[-123.35605500317924, 48.44300740577821]]}, "properties": {"OBJECTID": 1736, "StreetName1": "PRIOR ST", "StreetName2": "TOPAZ AVE", "Intersection": "TOPAZ AVE & PRIOR ST", "Jurisdiction": "COV", "POINT_X": 473669.2276999997, "POINT_Y": 5365601.1603}}, {"type": "Feature", "id": 1737, "geometry": {"type": "MultiPoint", "coordinates": [[-123.35472105941368, 48.44317639433243]]}, "properties": {"OBJECTID": 1737, "StreetName1": "BLACKWOOD ST", "StreetName2": "TOPAZ AVE", "Intersection": "TOPAZ AVE & BLACKWOOD ST", "Jurisdiction": "COV", "POINT_X": 473767.96580000035, "POINT_Y": 5365619.486199999}}, {"type": "Feature", "id": 1738, "geometry": {"type": "MultiPoint", "coordinates": [[-123.35147587601823, 48.443587438226444]]}, "properties": {"OBJECTID": 1738, "StreetName1": "THE RISE", "StreetName2": "TOPAZ AVE", "Intersection": "TOPAZ AVE & THE RISE", "Jurisdiction": "COV", "POINT_X": 474008.1705, "POINT_Y": 5365664.068700001}}, {"type": "Feature", "id": 1739, "geometry": {"type": "MultiPoint", "coordinates": [[-123.37393010343922, 48.415372701175016]]}, "properties": {"OBJECTID": 1739, "StreetName1": "MENZIES ST", "StreetName2": "TORONTO ST", "Intersection": "TORONTO ST & MENZIES ST", "Jurisdiction": "COV", "POINT_X": 472332.28670000006, "POINT_Y": 5362535.7567}}, {"type": "Feature", "id": 1740, "geometry": {"type": "MultiPoint", "coordinates": [[-123.37240136421815, 48.41546252339056]]}, "properties": {"OBJECTID": 1740, "StreetName1": "PARRY ST", "StreetName2": "TORONTO ST", "Intersection": "TORONTO ST & PARRY ST", "Jurisdiction": "COV", "POINT_X": 472445.45359999966, "POINT_Y": 5362545.1897}}, {"type": "Feature", "id": 1741, "geometry": {"type": "MultiPoint", "coordinates": [[-123.37086271932927, 48.415568759738136]]}, "properties": {"OBJECTID": 1741, "StreetName1": "POWELL ST", "StreetName2": "TORONTO ST", "Intersection": "TORONTO ST & POWELL ST", "Jurisdiction": "COV", "POINT_X": 472559.3618999999, "POINT_Y": 5362556.445900001}}, {"type": "Feature", "id": 1742, "geometry": {"type": "MultiPoint", "coordinates": [[-123.3700291551957, 48.41562023070278]]}, "properties": {"OBJECTID": 1742, "StreetName1": "HEATHER ST", "StreetName2": "TORONTO ST", "Intersection": "TORONTO ST & HEATHER ST", "Jurisdiction": "COV", "POINT_X": 472621.06850000005, "POINT_Y": 5362561.868799999}}, {"type": "Feature", "id": 1743, "geometry": {"type": "MultiPoint", "coordinates": [[-123.3690468804453, 48.41568087683535]]}, "properties": {"OBJECTID": 1743, "StreetName1": "GOVERNMENT ST", "StreetName2": "TORONTO ST", "Intersection": "TORONTO ST & GOVERNMENT ST", "Jurisdiction": "COV", "POINT_X": 472693.78359999973, "POINT_Y": 5362568.259199999}}, {"type": "Feature", "id": 1744, "geometry": {"type": "MultiPoint", "coordinates": [[-123.36717183656063, 48.415805524465604]]}, "properties": {"OBJECTID": 1744, "StreetName1": "HUNTINGTON PL", "StreetName2": "TORONTO ST", "Intersection": "TORONTO ST & HUNTINGTON PL", "Jurisdiction": "COV", "POINT_X": 472832.59219999984, "POINT_Y": 5362581.4475}}, {"type": "Feature", "id": 1745, "geometry": {"type": "MultiPoint", "coordinates": [[-123.36586488030305, 48.41589005993426]]}, "properties": {"OBJECTID": 1745, "StreetName1": "DOUGLAS ST", "StreetName2": "TORONTO ST", "Intersection": "TORONTO ST & DOUGLAS ST", "Jurisdiction": "COV", "POINT_X": 472929.34389999975, "POINT_Y": 5362590.381200001}}, {"type": "Feature", "id": 1746, "geometry": {"type": "MultiPoint", "coordinates": [[-123.34973094313368, 48.44734380378519]]}, "properties": {"OBJECTID": 1746, "StreetName1": "COOK ST", "StreetName2": "TOVIDO LANE", "Intersection": "TOVIDO LANE & COOK ST", "Jurisdiction": "COV", "POINT_X": 474139.12179999985, "POINT_Y": 5366081.013800001}}, {"type": "Feature", "id": 1747, "geometry": {"type": "MultiPoint", "coordinates": [[-123.32393559311019, 48.43187258337897]]}, "properties": {"OBJECTID": 1747, "StreetName1": "FORT ST", "StreetName2": "TRENT ST", "Intersection": "TRENT ST & FORT ST", "Jurisdiction": "COV", "POINT_X": 476039.36569999997, "POINT_Y": 5364352.9311}}, {"type": "Feature", "id": 1748, "geometry": {"type": "MultiPoint", "coordinates": [[-123.35350549330904, 48.41742914734577]]}, "properties": {"OBJECTID": 1748, "StreetName1": "FAIRFIELD RD", "StreetName2": "SU'IT ST", "Intersection": "SU'IT ST & FAIRFIELD RD", "Jurisdiction": "COV", "POINT_X": 473844.6514999997, "POINT_Y": 5362757.1622}}, {"type": "Feature", "id": 1749, "geometry": {"type": "MultiPoint", "coordinates": [[-123.35322745143095, 48.41861713560107]]}, "properties": {"OBJECTID": 1749, "StreetName1": "COLLINSON ST", "StreetName2": "SU'IT ST", "Intersection": "SU'IT ST & COLLINSON ST", "Jurisdiction": "COV", "POINT_X": 473865.8332000002, "POINT_Y": 5362889.116599999}}, {"type": "Feature", "id": 1750, "geometry": {"type": "MultiPoint", "coordinates": [[-123.35302570287575, 48.419427315473826]]}, "properties": {"OBJECTID": 1750, "StreetName1": "RICHARDSON ST", "StreetName2": "SU'IT ST", "Intersection": "SU'IT ST & RICHARDSON ST", "Jurisdiction": "COV", "POINT_X": 473881.1755999997, "POINT_Y": 5362979.102299999}}, {"type": "Feature", "id": 1751, "geometry": {"type": "MultiPoint", "coordinates": [[-123.3755523209325, 48.43741600066322]]}, "properties": {"OBJECTID": 1751, "StreetName1": "DAVID ST", "StreetName2": "TURNER ST", "Intersection": "TURNER ST & DAVID ST", "Jurisdiction": "COV", "POINT_X": 472224.2662000004, "POINT_Y": 5364986.5414}}, {"type": "Feature", "id": 1752, "geometry": {"type": "MultiPoint", "coordinates": [[-123.3752235558658, 48.43665387733183]]}, "properties": {"OBJECTID": 1752, "StreetName1": "HILLSIDE AVE", "StreetName2": "TURNER ST", "Intersection": "TURNER ST & HILLSIDE AVE", "Jurisdiction": "COV", "POINT_X": 472248.1673999997, "POINT_Y": 5364901.709100001}}, {"type": "Feature", "id": 1753, "geometry": {"type": "MultiPoint", "coordinates": [[-123.37488314508062, 48.435864730257265]]}, "properties": {"OBJECTID": 1753, "StreetName1": "JOHN ST", "StreetName2": "TURNER ST", "Intersection": "TURNER ST & JOHN ST", "Jurisdiction": "COV", "POINT_X": 472272.9160000002, "POINT_Y": 5364813.868899999}}, {"type": "Feature", "id": 1754, "geometry": {"type": "MultiPoint", "coordinates": [[-123.37453636248569, 48.435066602687876]]}, "properties": {"OBJECTID": 1754, "StreetName1": "BAY ST", "StreetName2": "TURNER ST", "Intersection": "TURNER ST & BAY ST", "Jurisdiction": "COV", "POINT_X": 472298.1317999996, "POINT_Y": 5364725.0283}}, {"type": "Feature", "id": 1755, "geometry": {"type": "MultiPoint", "coordinates": [[-123.34720303444082, 48.447884197755016]]}, "properties": {"OBJECTID": 1755, "StreetName1": "FINLAYSON PL", "StreetName2": "TWIN OAKS LANE", "Intersection": "TWIN OAKS LANE & FINLAYSON PL", "Jurisdiction": "COV", "POINT_X": 474326.3284, "POINT_Y": 5366140.2301}}, {"type": "Feature", "id": 1756, "geometry": {"type": "MultiPoint", "coordinates": [[-123.38263870968592, 48.43628560272558]]}, "properties": {"OBJECTID": 1756, "StreetName1": "RAYNOR AVE", "StreetName2": "TYEE RD", "Intersection": "TYEE RD & RAYNOR AVE", "Jurisdiction": "COV", "POINT_X": 471699.51099999994, "POINT_Y": 5364863.4879}}, {"type": "Feature", "id": 1757, "geometry": {"type": "MultiPoint", "coordinates": [[-123.38177174708325, 48.435017590548775]]}, "properties": {"OBJECTID": 1757, "StreetName1": "GAUDIN RD", "StreetName2": "TYEE RD", "Intersection": "TYEE RD & GAUDIN RD", "Jurisdiction": "COV", "POINT_X": 471762.9325000001, "POINT_Y": 5364722.223200001}}, {"type": "Feature", "id": 1758, "geometry": {"type": "MultiPoint", "coordinates": [[-123.38169538591922, 48.43441468874514]]}, "properties": {"OBJECTID": 1758, "StreetName1": "LANGFORD ST", "StreetName2": "TYEE RD", "Intersection": "TYEE RD & LANGFORD ST", "Jurisdiction": "COV", "POINT_X": 471768.2466000002, "POINT_Y": 5364655.1800999995}}, {"type": "Feature", "id": 1759, "geometry": {"type": "MultiPoint", "coordinates": [[-123.38059017524698, 48.43378618119247]]}, "properties": {"OBJECTID": 1759, "StreetName1": "BAY ST", "StreetName2": "TYEE RD", "Intersection": "TYEE RD & BAY ST", "Jurisdiction": "COV", "POINT_X": 471849.6484000003, "POINT_Y": 5364584.9121}}, {"type": "Feature", "id": 1760, "geometry": {"type": "MultiPoint", "coordinates": [[-123.37947272520965, 48.432232192447614]]}, "properties": {"OBJECTID": 1760, "StreetName1": "HARBOUR RD", "StreetName2": "TYEE RD", "Intersection": "TYEE RD & HARBOUR RD", "Jurisdiction": "COV", "POINT_X": 471931.4478000002, "POINT_Y": 5364411.7699}}, {"type": "Feature", "id": 1761, "geometry": {"type": "MultiPoint", "coordinates": [[-123.37746643652417, 48.42740008553193]]}, "properties": {"OBJECTID": 1761, "StreetName1": "KIMTA RD", "StreetName2": "TYEE RD", "Intersection": "TYEE RD & KIMTA RD", "Jurisdiction": "COV", "POINT_X": 472077.20579999965, "POINT_Y": 5363873.9289}}, {"type": "Feature", "id": 1762, "geometry": {"type": "MultiPoint", "coordinates": [[-123.37741793085672, 48.42847095318138]]}, "properties": {"OBJECTID": 1762, "StreetName1": "ESQUIMALT RD", "StreetName2": "TYEE RD", "Intersection": "TYEE RD & ESQUIMALT RD", "Jurisdiction": "COV", "POINT_X": 472081.38069999963, "POINT_Y": 5363992.942299999}}, {"type": "Feature", "id": 1763, "geometry": {"type": "MultiPoint", "coordinates": [[-123.35940895537759, 48.41284237467272]]}, "properties": {"OBJECTID": 1763, "StreetName1": "PARK BLVD", "StreetName2": "VANCOUVER ST", "Intersection": "VANCOUVER ST & PARK BLVD", "Jurisdiction": "COV", "POINT_X": 473405.4528999999, "POINT_Y": 5362249.3584}}, {"type": "Feature", "id": 1764, "geometry": {"type": "MultiPoint", "coordinates": [[-123.35937975836227, 48.41387995978232]]}, "properties": {"OBJECTID": 1764, "StreetName1": "OLIPHANT AVE", "StreetName2": "VANCOUVER ST", "Intersection": "VANCOUVER ST & OLIPHANT AVE", "Jurisdiction": "COV", "POINT_X": 473408.1545000002, "POINT_Y": 5362364.6796}}, {"type": "Feature", "id": 1765, "geometry": {"type": "MultiPoint", "coordinates": [[-123.35935170852463, 48.41488238257282]]}, "properties": {"OBJECTID": 1765, "StreetName1": "SUTLEJ ST", "StreetName2": "VANCOUVER ST", "Intersection": "VANCOUVER ST & SUTLEJ ST", "Jurisdiction": "COV", "POINT_X": 473410.7527999999, "POINT_Y": 5362476.092800001}}, {"type": "Feature", "id": 1766, "geometry": {"type": "MultiPoint", "coordinates": [[-123.35932636409773, 48.41578806307894]]}, "properties": {"OBJECTID": 1766, "StreetName1": "PENDERGAST ST", "StreetName2": "VANCOUVER ST", "Intersection": "VANCOUVER ST & PENDERGAST ST", "Jurisdiction": "COV", "POINT_X": 473413.1003999999, "POINT_Y": 5362576.753699999}}, {"type": "Feature", "id": 1767, "geometry": {"type": "MultiPoint", "coordinates": [[-123.35930183073296, 48.41666472971838]]}, "properties": {"OBJECTID": 1767, "StreetName1": "SOUTHGATE ST", "StreetName2": "VANCOUVER ST", "Intersection": "VANCOUVER ST & SOUTHGATE ST", "Jurisdiction": "COV", "POINT_X": 473415.3728, "POINT_Y": 5362674.1899}}, {"type": "Feature", "id": 1768, "geometry": {"type": "MultiPoint", "coordinates": [[-123.35889520364027, 48.41708652546106]]}, "properties": {"OBJECTID": 1768, "StreetName1": "HARLING LANE", "StreetName2": "VANCOUVER ST", "Intersection": "VANCOUVER ST & HARLING LANE", "Jurisdiction": "COV", "POINT_X": 473445.6798999999, "POINT_Y": 5362720.933}}, {"type": "Feature", "id": 1769, "geometry": {"type": "MultiPoint", "coordinates": [[-123.35868242684228, 48.417235623023295]]}, "properties": {"OBJECTID": 1769, "StreetName1": "HUMBOLDT ST", "StreetName2": "VANCOUVER ST", "Intersection": "VANCOUVER ST & HUMBOLDT ST", "Jurisdiction": "COV", "POINT_X": 473461.50129999965, "POINT_Y": 5362737.432}}, {"type": "Feature", "id": 1770, "geometry": {"type": "MultiPoint", "coordinates": [[-123.35844317632129, 48.41751479473536]]}, "properties": {"OBJECTID": 1770, "StreetName1": "PAKINGTON ST", "StreetName2": "VANCOUVER ST", "Intersection": "VANCOUVER ST & PAKINGTON ST", "Jurisdiction": "COV", "POINT_X": 473479.3491000002, "POINT_Y": 5362768.380100001}}, {"type": "Feature", "id": 1771, "geometry": {"type": "MultiPoint", "coordinates": [[-123.35823365417643, 48.41831936373014]]}, "properties": {"OBJECTID": 1771, "StreetName1": "FAIRFIELD RD", "StreetName2": "VANCOUVER ST", "Intersection": "VANCOUVER ST & FAIRFIELD RD", "Jurisdiction": "COV", "POINT_X": 473495.27020000014, "POINT_Y": 5362857.738399999}}, {"type": "Feature", "id": 1772, "geometry": {"type": "MultiPoint", "coordinates": [[-123.35804454781356, 48.419138809273306]]}, "properties": {"OBJECTID": 1772, "StreetName1": "COLLINSON ST", "StreetName2": "VANCOUVER ST", "Intersection": "VANCOUVER ST & COLLINSON ST", "Jurisdiction": "COV", "POINT_X": 473509.6880000001, "POINT_Y": 5362948.7574000005}}, {"type": "Feature", "id": 1773, "geometry": {"type": "MultiPoint", "coordinates": [[-123.35784537689158, 48.41994821944642]]}, "properties": {"OBJECTID": 1773, "StreetName1": "RICHARDSON ST", "StreetName2": "VANCOUVER ST", "Intersection": "VANCOUVER ST & RICHARDSON ST", "Jurisdiction": "COV", "POINT_X": 473524.8448000001, "POINT_Y": 5363038.657500001}}, {"type": "Feature", "id": 1774, "geometry": {"type": "MultiPoint", "coordinates": [[-123.35770525757891, 48.42051759766666], [-123.35764410595802, 48.42076608703955]]}, "properties": {"OBJECTID": 1774, "StreetName1": "MCCLURE ST", "StreetName2": "VANCOUVER ST", "Intersection": "VANCOUVER ST & MCCLURE ST", "Jurisdiction": "COV", "POINT_X": 473537.8342000003, "POINT_Y": 5363115.6973}}, {"type": "Feature", "id": 1775, "geometry": {"type": "MultiPoint", "coordinates": [[-123.35746170951765, 48.42150725575804]]}, "properties": {"OBJECTID": 1775, "StreetName1": "BURDETT AVE", "StreetName2": "VANCOUVER ST", "Intersection": "VANCOUVER ST & BURDETT AVE", "Jurisdiction": "COV", "POINT_X": 473554.04030000046, "POINT_Y": 5363211.8177000005}}, {"type": "Feature", "id": 1776, "geometry": {"type": "MultiPoint", "coordinates": [[-123.35725760118993, 48.42233626628203]]}, "properties": {"OBJECTID": 1776, "StreetName1": "ROCKLAND AVE", "StreetName2": "VANCOUVER ST", "Intersection": "VANCOUVER ST & ROCKLAND AVE", "Jurisdiction": "COV", "POINT_X": 473569.5712000001, "POINT_Y": 5363303.8949}}, {"type": "Feature", "id": 1777, "geometry": {"type": "MultiPoint", "coordinates": [[-123.35704166961801, 48.4232132609799]]}, "properties": {"OBJECTID": 1777, "StreetName1": "MEARES ST", "StreetName2": "VANCOUVER ST", "Intersection": "VANCOUVER ST & MEARES ST", "Jurisdiction": "COV", "POINT_X": 473586.0011999998, "POINT_Y": 5363401.3017}}, {"type": "Feature", "id": 1778, "geometry": {"type": "MultiPoint", "coordinates": [[-123.35691862020217, 48.42371272229586]]}, "properties": {"OBJECTID": 1778, "StreetName1": "FORT ST", "StreetName2": "VANCOUVER ST", "Intersection": "VANCOUVER ST & FORT ST", "Jurisdiction": "COV", "POINT_X": 473595.3635, "POINT_Y": 5363456.7763}}, {"type": "Feature", "id": 1779, "geometry": {"type": "MultiPoint", "coordinates": [[-123.35655722740793, 48.43777227620104]]}, "properties": {"OBJECTID": 1779, "StreetName1": "KINGS RD", "StreetName2": "VANCOUVER ST", "Intersection": "VANCOUVER ST & KINGS RD", "Jurisdiction": "COV", "POINT_X": 473629.37629999965, "POINT_Y": 5365019.4268}}, {"type": "Feature", "id": 1780, "geometry": {"type": "MultiPoint", "coordinates": [[-123.35630832700807, 48.42628453371034]]}, "properties": {"OBJECTID": 1780, "StreetName1": "JOHNSON ST", "StreetName2": "VANCOUVER ST", "Intersection": "VANCOUVER ST & JOHNSON ST", "Jurisdiction": "COV", "POINT_X": 473641.8443999998, "POINT_Y": 5363742.4328000005}}, {"type": "Feature", "id": 1781, "geometry": {"type": "MultiPoint", "coordinates": [[-123.35616686773454, 48.42735998763073], [-123.3561591767942, 48.42710452059757], [-123.35615391446125, 48.42691861625606]]}, "properties": {"OBJECTID": 1781, "StreetName1": "PANDORA AVE", "StreetName2": "VANCOUVER ST", "Intersection": "VANCOUVER ST & PANDORA AVE", "Jurisdiction": "COV", "POINT_X": 473653.23034999974, "POINT_Y": 5363837.392700001}}, {"type": "Feature", "id": 1782, "geometry": {"type": "MultiPoint", "coordinates": [[-123.35612083174811, 48.42796767336022], [-123.3560738349925, 48.428324206626435]]}, "properties": {"OBJECTID": 1782, "StreetName1": "MASON ST", "StreetName2": "VANCOUVER ST", "Intersection": "VANCOUVER ST & MASON ST", "Jurisdiction": "COV", "POINT_X": 473658.41545, "POINT_Y": 5363949.262750001}}, {"type": "Feature", "id": 1783, "geometry": {"type": "MultiPoint", "coordinates": [[-123.35600859608269, 48.42883707597946]]}, "properties": {"OBJECTID": 1783, "StreetName1": "BALMORAL RD", "StreetName2": "VANCOUVER ST", "Intersection": "VANCOUVER ST & BALMORAL RD", "Jurisdiction": "COV", "POINT_X": 473665.3370000003, "POINT_Y": 5364026.0547}}, {"type": "Feature", "id": 1784, "geometry": {"type": "MultiPoint", "coordinates": [[-123.35588303469846, 48.429726271454165]]}, "properties": {"OBJECTID": 1784, "StreetName1": "NORTH PARK ST", "StreetName2": "VANCOUVER ST", "Intersection": "VANCOUVER ST & NORTH PARK ST", "Jurisdiction": "COV", "POINT_X": 473675.08469999954, "POINT_Y": 5364124.849099999}}, {"type": "Feature", "id": 1785, "geometry": {"type": "MultiPoint", "coordinates": [[-123.35574732273766, 48.43062099581163]]}, "properties": {"OBJECTID": 1785, "StreetName1": "CALEDONIA AVE", "StreetName2": "VANCOUVER ST", "Intersection": "VANCOUVER ST & CALEDONIA AVE", "Jurisdiction": "COV", "POINT_X": 473685.58579999954, "POINT_Y": 5364224.2546}}, {"type": "Feature", "id": 1786, "geometry": {"type": "MultiPoint", "coordinates": [[-123.35565766442282, 48.431364207330134]]}, "properties": {"OBJECTID": 1786, "StreetName1": "GREEN ST", "StreetName2": "VANCOUVER ST", "Intersection": "VANCOUVER ST & GREEN ST", "Jurisdiction": "COV", "POINT_X": 473692.60170000046, "POINT_Y": 5364306.8347}}, {"type": "Feature", "id": 1787, "geometry": {"type": "MultiPoint", "coordinates": [[-123.35557057115345, 48.432086155556696]]}, "properties": {"OBJECTID": 1787, "StreetName1": "PEMBROKE ST", "StreetName2": "VANCOUVER ST", "Intersection": "VANCOUVER ST & PEMBROKE ST", "Jurisdiction": "COV", "POINT_X": 473699.41669999994, "POINT_Y": 5364387.052200001}}, {"type": "Feature", "id": 1788, "geometry": {"type": "MultiPoint", "coordinates": [[-123.35584499713283, 48.43517841020327], [-123.35515087568585, 48.4351400809118]]}, "properties": {"OBJECTID": 1788, "StreetName1": "BAY ST", "StreetName2": "VANCOUVER ST", "Intersection": "VANCOUVER ST & BAY ST", "Jurisdiction": "COV", "POINT_X": 473706.3752499998, "POINT_Y": 5364728.6136}}, {"type": "Feature", "id": 1789, "geometry": {"type": "MultiPoint", "coordinates": [[-123.35545261394472, 48.43292187008705]]}, "properties": {"OBJECTID": 1789, "StreetName1": "PRINCESS AVE", "StreetName2": "VANCOUVER ST", "Intersection": "VANCOUVER ST & PRINCESS AVE", "Jurisdiction": "COV", "POINT_X": 473708.57320000045, "POINT_Y": 5364479.9047}}, {"type": "Feature", "id": 1790, "geometry": {"type": "MultiPoint", "coordinates": [[-123.35533711853216, 48.43374861623097]]}, "properties": {"OBJECTID": 1790, "StreetName1": "QUEENS AVE", "StreetName2": "VANCOUVER ST", "Intersection": "VANCOUVER ST & QUEENS AVE", "Jurisdiction": "COV", "POINT_X": 473717.5427000001, "POINT_Y": 5364571.7612}}, {"type": "Feature", "id": 1791, "geometry": {"type": "MultiPoint", "coordinates": [[-123.35521589436591, 48.43461868009451]]}, "properties": {"OBJECTID": 1791, "StreetName1": "EMPRESS AVE", "StreetName2": "VANCOUVER ST", "Intersection": "VANCOUVER ST & EMPRESS AVE", "Jurisdiction": "COV", "POINT_X": 473726.95799999963, "POINT_Y": 5364668.4307}}, {"type": "Feature", "id": 1792, "geometry": {"type": "MultiPoint", "coordinates": [[-123.33736537038267, 48.436130371822266]]}, "properties": {"OBJECTID": 1792, "StreetName1": "HAULTAIN ST", "StreetName2": "VICTOR ST", "Intersection": "VICTOR ST & HAULTAIN ST", "Jurisdiction": "COV", "POINT_X": 475048.0415000003, "POINT_Y": 5364830.490700001}}, {"type": "Feature", "id": 1793, "geometry": {"type": "MultiPoint", "coordinates": [[-123.33731070444776, 48.438090549637764]]}, "properties": {"OBJECTID": 1793, "StreetName1": "KINGS RD", "StreetName2": "VICTOR ST", "Intersection": "VICTOR ST & KINGS RD", "Jurisdiction": "COV", "POINT_X": 475053.0445999997, "POINT_Y": 5365048.354699999}}, {"type": "Feature", "id": 1794, "geometry": {"type": "MultiPoint", "coordinates": [[-123.33725369043309, 48.44005138228586]]}, "properties": {"OBJECTID": 1794, "StreetName1": "RYAN ST", "StreetName2": "VICTOR ST", "Intersection": "VICTOR ST & RYAN ST", "Jurisdiction": "COV", "POINT_X": 475058.22140000015, "POINT_Y": 5365266.2908}}, {"type": "Feature", "id": 1795, "geometry": {"type": "MultiPoint", "coordinates": [[-123.3374329084554, 48.43412690747877], [-123.33695326594864, 48.43410362013565]]}, "properties": {"OBJECTID": 1795, "StreetName1": "BAY ST", "StreetName2": "VICTOR ST", "Intersection": "VICTOR ST & BAY ST", "Jurisdiction": "COV", "POINT_X": 475059.7980499998, "POINT_Y": 5364606.447149999}}, {"type": "Feature", "id": 1796, "geometry": {"type": "MultiPoint", "coordinates": [[-123.33711256401378, 48.43118085261311]]}, "properties": {"OBJECTID": 1796, "StreetName1": "PEMBROKE ST", "StreetName2": "VICTOR ST", "Intersection": "VICTOR ST & PEMBROKE ST", "Jurisdiction": "COV", "POINT_X": 475064.3183000004, "POINT_Y": 5364280.249299999}}, {"type": "Feature", "id": 1797, "geometry": {"type": "MultiPoint", "coordinates": [[-123.33704003394108, 48.43262532161338]]}, "properties": {"OBJECTID": 1797, "StreetName1": "DENMAN ST", "StreetName2": "VICTOR ST", "Intersection": "VICTOR ST & DENMAN ST", "Jurisdiction": "COV", "POINT_X": 475070.3901000004, "POINT_Y": 5364440.7842}}, {"type": "Feature", "id": 1798, "geometry": {"type": "MultiPoint", "coordinates": [[-123.36767827158056, 48.425710032301865]]}, "properties": {"OBJECTID": 1798, "StreetName1": "BASTION SQ", "StreetName2": "VIEW ST", "Intersection": "VIEW ST & BASTION SQ", "Jurisdiction": "COV", "POINT_X": 472800.40390000027, "POINT_Y": 5363682.5504}}, {"type": "Feature", "id": 1799, "geometry": {"type": "MultiPoint", "coordinates": [[-123.36643510462385, 48.42557139445157]]}, "properties": {"OBJECTID": 1799, "StreetName1": "BROAD ST", "StreetName2": "VIEW ST", "Intersection": "VIEW ST & BROAD ST", "Jurisdiction": "COV", "POINT_X": 472892.2991000004, "POINT_Y": 5363666.6995}}, {"type": "Feature", "id": 1800, "geometry": {"type": "MultiPoint", "coordinates": [[-123.36515380897744, 48.425428490951]]}, "properties": {"OBJECTID": 1800, "StreetName1": "DOUGLAS ST", "StreetName2": "VIEW ST", "Intersection": "VIEW ST & DOUGLAS ST", "Jurisdiction": "COV", "POINT_X": 472987.01329999976, "POINT_Y": 5363650.362500001}}, {"type": "Feature", "id": 1801, "geometry": {"type": "MultiPoint", "coordinates": [[-123.36230292997982, 48.42513463450309]]}, "properties": {"OBJECTID": 1801, "StreetName1": "BLANSHARD ST", "StreetName2": "VIEW ST", "Intersection": "VIEW ST & BLANSHARD ST", "Jurisdiction": "COV", "POINT_X": 473197.76669999957, "POINT_Y": 5363616.6976}}, {"type": "Feature", "id": 1802, "geometry": {"type": "MultiPoint", "coordinates": [[-123.35951858838085, 48.42483014275227]]}, "properties": {"OBJECTID": 1802, "StreetName1": "QUADRA ST", "StreetName2": "VIEW ST", "Intersection": "VIEW ST & QUADRA ST", "Jurisdiction": "COV", "POINT_X": 473403.59449999966, "POINT_Y": 5363581.8815}}, {"type": "Feature", "id": 1803, "geometry": {"type": "MultiPoint", "coordinates": [[-123.35671866678254, 48.42452430404324]]}, "properties": {"OBJECTID": 1803, "StreetName1": "VANCOUVER ST", "StreetName2": "VIEW ST", "Intersection": "VIEW ST & VANCOUVER ST", "Jurisdiction": "COV", "POINT_X": 473610.5767000001, "POINT_Y": 5363546.9178}}, {"type": "Feature", "id": 1804, "geometry": {"type": "MultiPoint", "coordinates": [[-123.35385789737788, 48.424211612019825]]}, "properties": {"OBJECTID": 1804, "StreetName1": "COOK ST", "StreetName2": "VIEW ST", "Intersection": "VIEW ST & COOK ST", "Jurisdiction": "COV", "POINT_X": 473822.05950000044, "POINT_Y": 5363511.179099999}}, {"type": "Feature", "id": 1805, "geometry": {"type": "MultiPoint", "coordinates": [[-123.34964791854385, 48.42375214914156]]}, "properties": {"OBJECTID": 1805, "StreetName1": "ORMOND ST", "StreetName2": "VIEW ST", "Intersection": "VIEW ST & ORMOND ST", "Jurisdiction": "COV", "POINT_X": 474133.2878999999, "POINT_Y": 5363458.6776}}, {"type": "Feature", "id": 1806, "geometry": {"type": "MultiPoint", "coordinates": [[-123.36516769976511, 48.44757439474584]]}, "properties": {"OBJECTID": 1806, "StreetName1": "RUTLEDGE ST", "StreetName2": "VILLANCE ST", "Intersection": "VILLANCE ST & RUTLEDGE ST", "Jurisdiction": "COV", "POINT_X": 472997.7243999997, "POINT_Y": 5366111.974400001}}, {"type": "Feature", "id": 1807, "geometry": {"type": "MultiPoint", "coordinates": [[-123.36311863505797, 48.4483946921988]]}, "properties": {"OBJECTID": 1807, "StreetName1": "GLASGOW ST", "StreetName2": "VILLANCE ST", "Intersection": "VILLANCE ST & GLASGOW ST", "Jurisdiction": "COV", "POINT_X": 473149.6807000004, "POINT_Y": 5366202.4333}}, {"type": "Feature", "id": 1808, "geometry": {"type": "MultiPoint", "coordinates": [[-123.34941179151751, 48.41289490372951]]}, "properties": {"OBJECTID": 1808, "StreetName1": "MOSS ST", "StreetName2": "VIMY PL", "Intersection": "VIMY PL & MOSS ST", "Jurisdiction": "COV", "POINT_X": 474145.2520000003, "POINT_Y": 5362251.774599999}}, {"type": "Feature", "id": 1809, "geometry": {"type": "MultiPoint", "coordinates": [[-123.35000393485397, 48.42984387481635]]}, "properties": {"OBJECTID": 1809, "StreetName1": "CHAMBERS ST", "StreetName2": "VINING ST", "Intersection": "VINING ST & CHAMBERS ST", "Jurisdiction": "COV", "POINT_X": 474110.04339999985, "POINT_Y": 5364135.9169}}, {"type": "Feature", "id": 1810, "geometry": {"type": "MultiPoint", "coordinates": [[-123.34521933727325, 48.42956077648602]]}, "properties": {"OBJECTID": 1810, "StreetName1": "FERNWOOD RD", "StreetName2": "VINING ST", "Intersection": "VINING ST & FERNWOOD RD", "Jurisdiction": "COV", "POINT_X": 474463.8353000004, "POINT_Y": 5364102.8429000005}}, {"type": "Feature", "id": 1811, "geometry": {"type": "MultiPoint", "coordinates": [[-123.34222150234717, 48.42948430419103]]}, "properties": {"OBJECTID": 1811, "StreetName1": "STANLEY AVE", "StreetName2": "VINING ST", "Intersection": "VINING ST & STANLEY AVE", "Jurisdiction": "COV", "POINT_X": 474685.5591000002, "POINT_Y": 5364093.3474}}, {"type": "Feature", "id": 1812, "geometry": {"type": "MultiPoint", "coordinates": [[-123.33899992304514, 48.42941781811957]]}, "properties": {"OBJECTID": 1812, "StreetName1": "BELMONT AVE", "StreetName2": "VINING ST", "Intersection": "VINING ST & BELMONT AVE", "Jurisdiction": "COV", "POINT_X": 474923.8398000002, "POINT_Y": 5364084.897299999}}, {"type": "Feature", "id": 1813, "geometry": {"type": "MultiPoint", "coordinates": [[-123.33611309586911, 48.429347069034556]]}, "properties": {"OBJECTID": 1813, "StreetName1": "BEGBIE ST", "StreetName2": "VINING ST", "Intersection": "VINING ST & BEGBIE ST", "Jurisdiction": "COV", "POINT_X": 475137.3559999997, "POINT_Y": 5364076.092}}, {"type": "Feature", "id": 1814, "geometry": {"type": "MultiPoint", "coordinates": [[-123.37034865016467, 48.411982617344314]]}, "properties": {"OBJECTID": 1814, "StreetName1": "ST ANDREWS ST", "StreetName2": "VIOLET LANE", "Intersection": "VIOLET LANE & ST ANDREWS ST", "Jurisdiction": "COV", "POINT_X": 472595.4729000004, "POINT_Y": 5362157.6492}}, {"type": "Feature", "id": 1815, "geometry": {"type": "MultiPoint", "coordinates": [[-123.36919524802167, 48.41142588391527]]}, "properties": {"OBJECTID": 1815, "StreetName1": "THETIS LANE", "StreetName2": "VIOLET LANE", "Intersection": "VIOLET LANE & THETIS LANE", "Jurisdiction": "COV", "POINT_X": 472680.52579999994, "POINT_Y": 5362095.3543}}, {"type": "Feature", "id": 1816, "geometry": {"type": "MultiPoint", "coordinates": [[-123.35828877948376, 48.44115360932465]]}, "properties": {"OBJECTID": 1816, "StreetName1": "FIFTH ST", "StreetName2": "VISTA HTS", "Intersection": "VISTA HTS & FIFTH ST", "Jurisdiction": "COV", "POINT_X": 473503.0658, "POINT_Y": 5365395.8737}}, {"type": "Feature", "id": 1817, "geometry": {"type": "MultiPoint", "coordinates": [[-123.35694561205851, 48.44130467743657]]}, "properties": {"OBJECTID": 1817, "StreetName1": "GRAHAM ST", "StreetName2": "VISTA HTS", "Intersection": "VISTA HTS & GRAHAM ST", "Jurisdiction": "COV", "POINT_X": 473602.48089999985, "POINT_Y": 5365412.2016}}, {"type": "Feature", "id": 1818, "geometry": {"type": "MultiPoint", "coordinates": [[-123.35561151568265, 48.44147541139503]]}, "properties": {"OBJECTID": 1818, "StreetName1": "PRIOR ST", "StreetName2": "VISTA HTS", "Intersection": "VISTA HTS & PRIOR ST", "Jurisdiction": "COV", "POINT_X": 473701.2346999999, "POINT_Y": 5365430.7203}}, {"type": "Feature", "id": 1819, "geometry": {"type": "MultiPoint", "coordinates": [[-123.35427670818599, 48.44164394321386]]}, "properties": {"OBJECTID": 1819, "StreetName1": "BLACKWOOD ST", "StreetName2": "VISTA HTS", "Intersection": "VISTA HTS & BLACKWOOD ST", "Jurisdiction": "COV", "POINT_X": 473800.0393000003, "POINT_Y": 5365448.9957}}, {"type": "Feature", "id": 1820, "geometry": {"type": "MultiPoint", "coordinates": [[-123.35103238127621, 48.442053792692654]]}, "properties": {"OBJECTID": 1820, "StreetName1": "THE RISE", "StreetName2": "VISTA HTS", "Intersection": "VISTA HTS & THE RISE", "Jurisdiction": "COV", "POINT_X": 474040.1869999999, "POINT_Y": 5365493.4471}}, {"type": "Feature", "id": 1821, "geometry": {"type": "MultiPoint", "coordinates": [[-123.34969443260981, 48.44222553044617]]}, "properties": {"OBJECTID": 1821, "StreetName1": "COOK ST", "StreetName2": "VISTA HTS", "Intersection": "VISTA HTS & COOK ST", "Jurisdiction": "COV", "POINT_X": 474139.2232999997, "POINT_Y": 5365512.083699999}}, {"type": "Feature", "id": 1822, "geometry": {"type": "MultiPoint", "coordinates": [[-123.34712263574914, 48.44230577982988]]}, "properties": {"OBJECTID": 1822, "StreetName1": "GROSVENOR RD", "StreetName2": "VISTA HTS", "Intersection": "VISTA HTS & GROSVENOR RD", "Jurisdiction": "COV", "POINT_X": 474329.4625000004, "POINT_Y": 5365520.1383}}, {"type": "Feature", "id": 1823, "geometry": {"type": "MultiPoint", "coordinates": [[-123.36943662196931, 48.42772552615769]]}, "properties": {"OBJECTID": 1823, "StreetName1": "JOHNSON ST", "StreetName2": "WADDINGTON ALLEY", "Intersection": "WADDINGTON ALLEY & JOHNSON ST", "Jurisdiction": "COV", "POINT_X": 472671.4025999997, "POINT_Y": 5363907.2063}}, {"type": "Feature", "id": 1824, "geometry": {"type": "MultiPoint", "coordinates": [[-123.3920859262534, 48.43587849459298]]}, "properties": {"OBJECTID": 1824, "StreetName1": "MCCASKILL ST", "StreetName2": "WALKER ST", "Intersection": "WALKER ST & MCCASKILL ST", "Jurisdiction": "COV", "POINT_X": 471000.5236999998, "POINT_Y": 5364821.7709}}, {"type": "Feature", "id": 1825, "geometry": {"type": "MultiPoint", "coordinates": [[-123.34943696009655, 48.43392922104595]]}, "properties": {"OBJECTID": 1825, "StreetName1": "CHAMBERS ST", "StreetName2": "WALNUT ST", "Intersection": "WALNUT ST & CHAMBERS ST", "Jurisdiction": "COV", "POINT_X": 474154.0565999998, "POINT_Y": 5364589.8279}}, {"type": "Feature", "id": 1826, "geometry": {"type": "MultiPoint", "coordinates": [[-123.34789815865491, 48.43383712844958]]}, "properties": {"OBJECTID": 1826, "StreetName1": "CEDAR HILL RD", "StreetName2": "WALNUT ST", "Intersection": "WALNUT ST & CEDAR HILL RD", "Jurisdiction": "COV", "POINT_X": 474267.83160000015, "POINT_Y": 5364579.0732}}, {"type": "Feature", "id": 1827, "geometry": {"type": "MultiPoint", "coordinates": [[-123.34737197799913, 48.43375222358383]]}, "properties": {"OBJECTID": 1827, "StreetName1": "SPRING RD", "StreetName2": "WALNUT ST", "Intersection": "WALNUT ST & SPRING RD", "Jurisdiction": "COV", "POINT_X": 474306.7092000004, "POINT_Y": 5364569.459000001}}, {"type": "Feature", "id": 1828, "geometry": {"type": "MultiPoint", "coordinates": [[-123.34503222408922, 48.43363407320962]]}, "properties": {"OBJECTID": 1828, "StreetName1": "FERNWOOD RD", "StreetName2": "WALNUT ST", "Intersection": "WALNUT ST & FERNWOOD RD", "Jurisdiction": "COV", "POINT_X": 474479.71669999976, "POINT_Y": 5364555.5437}}, {"type": "Feature", "id": 1829, "geometry": {"type": "MultiPoint", "coordinates": [[-123.34299661213777, 48.433564607478914]]}, "properties": {"OBJECTID": 1829, "StreetName1": "OREGON AVE", "StreetName2": "WALNUT ST", "Intersection": "WALNUT ST & OREGON AVE", "Jurisdiction": "COV", "POINT_X": 474630.25239999965, "POINT_Y": 5364547.1459}}, {"type": "Feature", "id": 1830, "geometry": {"type": "MultiPoint", "coordinates": [[-123.33966268727232, 48.43348727397307]]}, "properties": {"OBJECTID": 1830, "StreetName1": "BELMONT AVE", "StreetName2": "WALNUT ST", "Intersection": "WALNUT ST & BELMONT AVE", "Jurisdiction": "COV", "POINT_X": 474876.8185999999, "POINT_Y": 5364537.4508}}, {"type": "Feature", "id": 1831, "geometry": {"type": "MultiPoint", "coordinates": [[-123.36088408887947, 48.44011397290811]]}, "properties": {"OBJECTID": 1831, "StreetName1": "MARKET ST", "StreetName2": "WARK ST", "Intersection": "WARK ST & MARKET ST", "Jurisdiction": "COV", "POINT_X": 473310.5795, "POINT_Y": 5365281.2151999995}}, {"type": "Feature", "id": 1832, "geometry": {"type": "MultiPoint", "coordinates": [[-123.36062915620192, 48.439233219527246]]}, "properties": {"OBJECTID": 1832, "StreetName1": "HILLSIDE AVE", "StreetName2": "WARK ST", "Intersection": "WARK ST & HILLSIDE AVE", "Jurisdiction": "COV", "POINT_X": 473328.9729000004, "POINT_Y": 5365183.227}}, {"type": "Feature", "id": 1833, "geometry": {"type": "MultiPoint", "coordinates": [[-123.3600472450104, 48.437325600505595]]}, "properties": {"OBJECTID": 1833, "StreetName1": "KINGS RD", "StreetName2": "WARK ST", "Intersection": "WARK ST & KINGS RD", "Jurisdiction": "COV", "POINT_X": 473371.01400000043, "POINT_Y": 5364970.9848}}, {"type": "Feature", "id": 1834, "geometry": {"type": "MultiPoint", "coordinates": [[-123.3597066883469, 48.43400422504758]]}, "properties": {"OBJECTID": 1834, "StreetName1": "QUEENS AVE", "StreetName2": "WARK ST", "Intersection": "WARK ST & QUEENS AVE", "Jurisdiction": "COV", "POINT_X": 473394.46829999983, "POINT_Y": 5364601.6821}}, {"type": "Feature", "id": 1835, "geometry": {"type": "MultiPoint", "coordinates": [[-123.35950581476082, 48.43538011286255]]}, "properties": {"OBJECTID": 1835, "StreetName1": "BAY ST", "StreetName2": "WARK ST", "Intersection": "WARK ST & BAY ST", "Jurisdiction": "COV", "POINT_X": 473410.0444, "POINT_Y": 5364754.547800001}}, {"type": "Feature", "id": 1836, "geometry": {"type": "MultiPoint", "coordinates": [[-123.33764505050027, 48.41716623631587]]}, "properties": {"OBJECTID": 1836, "StreetName1": "ST CHARLES ST", "StreetName2": "WARREN GDNS", "Intersection": "WARREN GDNS & ST CHARLES ST", "Jurisdiction": "COV", "POINT_X": 475018.0619999999, "POINT_Y": 5362722.644200001}}, {"type": "Feature", "id": 1837, "geometry": {"type": "MultiPoint", "coordinates": [[-123.33192629910302, 48.41849925943184]]}, "properties": {"OBJECTID": 1837, "StreetName1": "RICHMOND AVE", "StreetName2": "WARREN GDNS", "Intersection": "WARREN GDNS & RICHMOND AVE", "Jurisdiction": "COV", "POINT_X": 475441.84580000024, "POINT_Y": 5362868.965299999}}, {"type": "Feature", "id": 1838, "geometry": {"type": "MultiPoint", "coordinates": [[-123.38190305789236, 48.44308524563945]]}, "properties": {"OBJECTID": 1838, "StreetName1": "GORGE RD E", "StreetName2": "WASHINGTON AVE", "Intersection": "WASHINGTON AVE & GORGE RD E", "Jurisdiction": "COV", "POINT_X": 471757.6924999999, "POINT_Y": 5365619.0243999995}}, {"type": "Feature", "id": 1839, "geometry": {"type": "MultiPoint", "coordinates": [[-123.38044197701967, 48.445596849861815]]}, "properties": {"OBJECTID": 1839, "StreetName1": "CECELIA RD", "StreetName2": "WASHINGTON AVE", "Intersection": "WASHINGTON AVE & CECELIA RD", "Jurisdiction": "COV", "POINT_X": 471867.1328999996, "POINT_Y": 5365897.661800001}}, {"type": "Feature", "id": 1840, "geometry": {"type": "MultiPoint", "coordinates": [[-123.37964854038374, 48.44696055467201]]}, "properties": {"OBJECTID": 1840, "StreetName1": "BURNSIDE RD E", "StreetName2": "WASHINGTON AVE", "Intersection": "WASHINGTON AVE & BURNSIDE RD E", "Jurisdiction": "COV", "POINT_X": 471926.5597000001, "POINT_Y": 5366048.952099999}}, {"type": "Feature", "id": 1841, "geometry": {"type": "MultiPoint", "coordinates": [[-123.37946782855104, 48.44027110931903], [-123.3778230594482, 48.44169562450858]]}, "properties": {"OBJECTID": 1841, "StreetName1": "JACKLADDER LANE", "StreetName2": "WATERFRONT CRES", "Intersection": "WATERFRONT CRES & JACKLADDER LANE", "Jurisdiction": "COV", "POINT_X": 471997.45089999994, "POINT_Y": 5365384.195699999}}, {"type": "Feature", "id": 1842, "geometry": {"type": "MultiPoint", "coordinates": [[-123.37872394133551, 48.440007530955604], [-123.3772132059864, 48.4414598174845]]}, "properties": {"OBJECTID": 1842, "StreetName1": "JUTLAND RD", "StreetName2": "WATERFRONT CRES", "Intersection": "WATERFRONT CRES & JUTLAND RD", "Jurisdiction": "COV", "POINT_X": 472047.37349999975, "POINT_Y": 5365356.193949999}}, {"type": "Feature", "id": 1843, "geometry": {"type": "MultiPoint", "coordinates": [[-123.35332056293508, 48.406954226593115]]}, "properties": {"OBJECTID": 1843, "StreetName1": "DALLAS RD", "StreetName2": "WELLINGTON AVE", "Intersection": "WELLINGTON AVE & DALLAS RD", "Jurisdiction": "COV", "POINT_X": 473852.9645999996, "POINT_Y": 5361592.7739}}, {"type": "Feature", "id": 1844, "geometry": {"type": "MultiPoint", "coordinates": [[-123.35249096662928, 48.409779501890185]]}, "properties": {"OBJECTID": 1844, "StreetName1": "FAITHFUL ST", "StreetName2": "WELLINGTON AVE", "Intersection": "WELLINGTON AVE & FAITHFUL ST", "Jurisdiction": "COV", "POINT_X": 473915.8053000001, "POINT_Y": 5361906.5304000005}}, {"type": "Feature", "id": 1845, "geometry": {"type": "MultiPoint", "coordinates": [[-123.35191585882264, 48.411635243990425]]}, "properties": {"OBJECTID": 1845, "StreetName1": "MAY ST", "StreetName2": "WELLINGTON AVE", "Intersection": "WELLINGTON AVE & MAY ST", "Jurisdiction": "COV", "POINT_X": 473959.31240000017, "POINT_Y": 5362112.607100001}}, {"type": "Feature", "id": 1846, "geometry": {"type": "MultiPoint", "coordinates": [[-123.3495566908088, 48.43628223095634]]}, "properties": {"OBJECTID": 1846, "StreetName1": "CAPITAL HTS", "StreetName2": "WESLEY PL", "Intersection": "WESLEY PL & CAPITAL HTS", "Jurisdiction": "COV", "POINT_X": 474146.3942999998, "POINT_Y": 5364851.414899999}}, {"type": "Feature", "id": 1847, "geometry": {"type": "MultiPoint", "coordinates": [[-123.34809519449556, 48.436258214930746]]}, "properties": {"OBJECTID": 1847, "StreetName1": "HAULTAIN ST", "StreetName2": "WESLEY PL", "Intersection": "WESLEY PL & HAULTAIN ST", "Jurisdiction": "COV", "POINT_X": 474254.48060000036, "POINT_Y": 5364848.2530000005}}, {"type": "Feature", "id": 1848, "geometry": {"type": "MultiPoint", "coordinates": [[-123.34204914393737, 48.443507418394596]]}, "properties": {"OBJECTID": 1848, "StreetName1": "GOSWORTH RD", "StreetName2": "WESTALL AVE", "Intersection": "WESTALL AVE & GOSWORTH RD", "Jurisdiction": "COV", "POINT_X": 474705.2717000004, "POINT_Y": 5365652.016899999}}, {"type": "Feature", "id": 1849, "geometry": {"type": "MultiPoint", "coordinates": [[-123.33884987888972, 48.4445575664773]]}, "properties": {"OBJECTID": 1849, "StreetName1": "DONCASTER DR", "StreetName2": "WESTALL AVE", "Intersection": "WESTALL AVE & DONCASTER DR", "Jurisdiction": "COV", "POINT_X": 474942.3859000001, "POINT_Y": 5365767.693299999}}, {"type": "Feature", "id": 1850, "geometry": {"type": "MultiPoint", "coordinates": [[-123.36474271386558, 48.436650031188044]]}, "properties": {"OBJECTID": 1850, "StreetName1": "KINGS RD", "StreetName2": "WESTBOURNE PL", "Intersection": "WESTBOURNE PL & KINGS RD", "Jurisdiction": "COV", "POINT_X": 473023.36679999996, "POINT_Y": 5364897.5361}}, {"type": "Feature", "id": 1851, "geometry": {"type": "MultiPoint", "coordinates": [[-123.36416813021394, 48.43563488479709]]}, "properties": {"OBJECTID": 1851, "StreetName1": "BAY ST", "StreetName2": "WESTBOURNE PL", "Intersection": "WESTBOURNE PL & BAY ST", "Jurisdiction": "COV", "POINT_X": 473065.3284999998, "POINT_Y": 5364784.496200001}}, {"type": "Feature", "id": 1852, "geometry": {"type": "MultiPoint", "coordinates": [[-123.37114819075678, 48.42814892398478]]}, "properties": {"OBJECTID": 1852, "StreetName1": "JOHNSON ST", "StreetName2": "WHARF ST", "Intersection": "WHARF ST & JOHNSON ST", "Jurisdiction": "COV", "POINT_X": 472545.01460000034, "POINT_Y": 5363954.880799999}}, {"type": "Feature", "id": 1853, "geometry": {"type": "MultiPoint", "coordinates": [[-123.37004301265937, 48.42784270633941]]}, "properties": {"OBJECTID": 1853, "StreetName1": "JOHNSON ST", "StreetName2": "WHARF ST", "Intersection": "WHARF ST & JOHNSON ST", "Jurisdiction": "COV", "POINT_X": 472626.6068000002, "POINT_Y": 5363920.447899999}}, {"type": "Feature", "id": 1854, "geometry": {"type": "MultiPoint", "coordinates": [[-123.36997611233792, 48.42595403161397]]}, "properties": {"OBJECTID": 1854, "StreetName1": "BASTION SQ", "StreetName2": "WHARF ST", "Intersection": "WHARF ST & BASTION SQ", "Jurisdiction": "COV", "POINT_X": 472630.54169999994, "POINT_Y": 5363710.490499999}}, {"type": "Feature", "id": 1855, "geometry": {"type": "MultiPoint", "coordinates": [[-123.36980679459839, 48.425079270039525]]}, "properties": {"OBJECTID": 1855, "StreetName1": "FORT ST", "StreetName2": "WHARF ST", "Intersection": "WHARF ST & FORT ST", "Jurisdiction": "COV", "POINT_X": 472642.5981999999, "POINT_Y": 5363613.196900001}}, {"type": "Feature", "id": 1856, "geometry": {"type": "MultiPoint", "coordinates": [[-123.36971781203424, 48.42438174459274]]}, "properties": {"OBJECTID": 1856, "StreetName1": "BROUGHTON ST", "StreetName2": "WHARF ST", "Intersection": "WHARF ST & BROUGHTON ST", "Jurisdiction": "COV", "POINT_X": 472648.8069000002, "POINT_Y": 5363535.6325}}, {"type": "Feature", "id": 1857, "geometry": {"type": "MultiPoint", "coordinates": [[-123.36962057546339, 48.42849065316326]]}, "properties": {"OBJECTID": 1857, "StreetName1": "PANDORA AVE", "StreetName2": "WHARF ST", "Intersection": "WHARF ST & PANDORA AVE", "Jurisdiction": "COV", "POINT_X": 472658.2048000004, "POINT_Y": 5363992.3188000005}}, {"type": "Feature", "id": 1858, "geometry": {"type": "MultiPoint", "coordinates": [[-123.36948906233118, 48.423673394292656]]}, "properties": {"OBJECTID": 1858, "StreetName1": "COURTNEY ST", "StreetName2": "WHARF ST", "Intersection": "WHARF ST & COURTNEY ST", "Jurisdiction": "COV", "POINT_X": 472665.35030000005, "POINT_Y": 5363456.8149999995}}, {"type": "Feature", "id": 1859, "geometry": {"type": "MultiPoint", "coordinates": [[-123.36840418914448, 48.42268577194121]]}, "properties": {"OBJECTID": 1859, "StreetName1": "GOVERNMENT ST", "StreetName2": "WHARF ST", "Intersection": "WHARF ST & GOVERNMENT ST", "Jurisdiction": "COV", "POINT_X": 472745.08389999997, "POINT_Y": 5363346.6504}}, {"type": "Feature", "id": 1860, "geometry": {"type": "MultiPoint", "coordinates": [[-123.3683420690908, 48.42294956776333]]}, "properties": {"OBJECTID": 1860, "StreetName1": "GOVERNMENT ST", "StreetName2": "WHARF ST", "Intersection": "WHARF ST & GOVERNMENT ST", "Jurisdiction": "COV", "POINT_X": 472749.82079999987, "POINT_Y": 5363375.950200001}}, {"type": "Feature", "id": 1861, "geometry": {"type": "MultiPoint", "coordinates": [[-123.33405692845336, 48.4132659299223]]}, "properties": {"OBJECTID": 1861, "StreetName1": "FAIRFIELD RD", "StreetName2": "WILDWOOD AVE", "Intersection": "WILDWOOD AVE & FAIRFIELD RD", "Jurisdiction": "COV", "POINT_X": 475281.6635999996, "POINT_Y": 5362287.946699999}}, {"type": "Feature", "id": 1862, "geometry": {"type": "MultiPoint", "coordinates": [[-123.33391193751238, 48.40886801933061]]}, "properties": {"OBJECTID": 1862, "StreetName1": "HOLLYWOOD CRES", "StreetName2": "WILDWOOD AVE", "Intersection": "WILDWOOD AVE & HOLLYWOOD CRES", "Jurisdiction": "COV", "POINT_X": 475290.26180000044, "POINT_Y": 5361799.056299999}}, {"type": "Feature", "id": 1863, "geometry": {"type": "MultiPoint", "coordinates": [[-123.33391761848881, 48.41084865334885]]}, "properties": {"OBJECTID": 1863, "StreetName1": "ROSS ST", "StreetName2": "WILDWOOD AVE", "Intersection": "WILDWOOD AVE & ROSS ST", "Jurisdiction": "COV", "POINT_X": 475290.801, "POINT_Y": 5362019.2127}}, {"type": "Feature", "id": 1864, "geometry": {"type": "MultiPoint", "coordinates": [[-123.33390480238324, 48.41164163734751]]}, "properties": {"OBJECTID": 1864, "StreetName1": "PINEWOOD AVE", "StreetName2": "WILDWOOD AVE", "Intersection": "WILDWOOD AVE & PINEWOOD AVE", "Jurisdiction": "COV", "POINT_X": 475292.1336000003, "POINT_Y": 5362107.351600001}}, {"type": "Feature", "id": 1865, "geometry": {"type": "MultiPoint", "coordinates": [[-123.33388799019963, 48.41320352982587]]}, "properties": {"OBJECTID": 1865, "StreetName1": "LILLIAN RD", "StreetName2": "WILDWOOD AVE", "Intersection": "WILDWOOD AVE & LILLIAN RD", "Jurisdiction": "COV", "POINT_X": 475294.13439999986, "POINT_Y": 5362280.9562}}, {"type": "Feature", "id": 1866, "geometry": {"type": "MultiPoint", "coordinates": [[-123.38781230487541, 48.430573517173784]]}, "properties": {"OBJECTID": 1866, "StreetName1": "SPRINGFIELD ST", "StreetName2": "WILLIAM ST", "Intersection": "WILLIAM ST & SPRINGFIELD ST", "Jurisdiction": "COV", "POINT_X": 471313.63489999995, "POINT_Y": 5364230.492000001}}, {"type": "Feature", "id": 1867, "geometry": {"type": "MultiPoint", "coordinates": [[-123.32760573295384, 48.42419521770127]]}, "properties": {"OBJECTID": 1867, "StreetName1": "BRIGHTON AVE", "StreetName2": "WILMER ST", "Intersection": "WILMER ST & BRIGHTON AVE", "Jurisdiction": "COV", "POINT_X": 475764.2326999996, "POINT_Y": 5363500.716499999}}, {"type": "Feature", "id": 1868, "geometry": {"type": "MultiPoint", "coordinates": [[-123.32744383925149, 48.421609826393414]]}, "properties": {"OBJECTID": 1868, "StreetName1": "MADDISON ST", "StreetName2": "WILMER ST", "Intersection": "WILMER ST & MADDISON ST", "Jurisdiction": "COV", "POINT_X": 475774.9813000001, "POINT_Y": 5363213.289100001}}, {"type": "Feature", "id": 1869, "geometry": {"type": "MultiPoint", "coordinates": [[-123.39423365640906, 48.43291914543245]]}, "properties": {"OBJECTID": 1869, "StreetName1": "DOMINION RD", "StreetName2": "WILSON ST", "Intersection": "WILSON ST & DOMINION RD", "Jurisdiction": "COV", "POINT_X": 470839.97389999963, "POINT_Y": 5364493.643100001}}, {"type": "Feature", "id": 1870, "geometry": {"type": "MultiPoint", "coordinates": [[-123.39373970517823, 48.43287363986067]]}, "properties": {"OBJECTID": 1870, "StreetName1": "HEREWARD RD", "StreetName2": "WILSON ST", "Intersection": "WILSON ST & HEREWARD RD", "Jurisdiction": "COV", "POINT_X": 470876.48500000034, "POINT_Y": 5364488.397}}, {"type": "Feature", "id": 1871, "geometry": {"type": "MultiPoint", "coordinates": [[-123.39355588991835, 48.43285744063236]]}, "properties": {"OBJECTID": 1871, "StreetName1": "ROTHWELL ST", "StreetName2": "WILSON ST", "Intersection": "WILSON ST & ROTHWELL ST", "Jurisdiction": "COV", "POINT_X": 470890.07239999995, "POINT_Y": 5364486.5265}}, {"type": "Feature", "id": 1872, "geometry": {"type": "MultiPoint", "coordinates": [[-123.39277076429568, 48.432755225276146]]}, "properties": {"OBJECTID": 1872, "StreetName1": "WALKER ST", "StreetName2": "WILSON ST", "Intersection": "WILSON ST & WALKER ST", "Jurisdiction": "COV", "POINT_X": 470948.0892000003, "POINT_Y": 5364474.866699999}}, {"type": "Feature", "id": 1873, "geometry": {"type": "MultiPoint", "coordinates": [[-123.39101167447431, 48.4325920000513]]}, "properties": {"OBJECTID": 1873, "StreetName1": "DALTON ST", "StreetName2": "WILSON ST", "Intersection": "WILSON ST & DALTON ST", "Jurisdiction": "COV", "POINT_X": 471078.1151999999, "POINT_Y": 5364456.057700001}}, {"type": "Feature", "id": 1874, "geometry": {"type": "MultiPoint", "coordinates": [[-123.38890592281977, 48.43254138255436]]}, "properties": {"OBJECTID": 1874, "StreetName1": "WILLIAM ST", "StreetName2": "WILSON ST", "Intersection": "WILSON ST & WILLIAM ST", "Jurisdiction": "COV", "POINT_X": 471233.84810000006, "POINT_Y": 5364449.6382}}, {"type": "Feature", "id": 1875, "geometry": {"type": "MultiPoint", "coordinates": [[-123.38800819483599, 48.432569632939206]]}, "properties": {"OBJECTID": 1875, "StreetName1": "FRONT ST", "StreetName2": "WILSON ST", "Intersection": "WILSON ST & FRONT ST", "Jurisdiction": "COV", "POINT_X": 471300.26860000007, "POINT_Y": 5364452.441500001}}, {"type": "Feature", "id": 1876, "geometry": {"type": "MultiPoint", "coordinates": [[-123.38719578365871, 48.43283243024842]]}, "properties": {"OBJECTID": 1876, "StreetName1": "RUSSELL ST", "StreetName2": "WILSON ST", "Intersection": "WILSON ST & RUSSELL ST", "Jurisdiction": "COV", "POINT_X": 471360.5099999998, "POINT_Y": 5364481.348300001}}, {"type": "Feature", "id": 1877, "geometry": {"type": "MultiPoint", "coordinates": [[-123.38601914784991, 48.43288490512174]]}, "properties": {"OBJECTID": 1877, "StreetName1": "MARY ST", "StreetName2": "WILSON ST", "Intersection": "WILSON ST & MARY ST", "Jurisdiction": "COV", "POINT_X": 471447.5741999997, "POINT_Y": 5364486.741699999}}, {"type": "Feature", "id": 1878, "geometry": {"type": "MultiPoint", "coordinates": [[-123.38477185454146, 48.43287938498389]]}, "properties": {"OBJECTID": 1878, "StreetName1": "CATHERINE ST", "StreetName2": "WILSON ST", "Intersection": "WILSON ST & CATHERINE ST", "Jurisdiction": "COV", "POINT_X": 471539.8322999999, "POINT_Y": 5364485.663799999}}, {"type": "Feature", "id": 1879, "geometry": {"type": "MultiPoint", "coordinates": [[-123.38330782999135, 48.432872887488394]]}, "properties": {"OBJECTID": 1879, "StreetName1": "ALSTON ST", "StreetName2": "WILSON ST", "Intersection": "WILSON ST & ALSTON ST", "Jurisdiction": "COV", "POINT_X": 471648.12129999977, "POINT_Y": 5364484.398499999}}, {"type": "Feature", "id": 1880, "geometry": {"type": "MultiPoint", "coordinates": [[-123.38227831579054, 48.432870588486836]]}, "properties": {"OBJECTID": 1880, "StreetName1": "BAY ST", "StreetName2": "WILSON ST", "Intersection": "WILSON ST & BAY ST", "Jurisdiction": "COV", "POINT_X": 471724.2723000003, "POINT_Y": 5364483.7623}}, {"type": "Feature", "id": 1881, "geometry": {"type": "MultiPoint", "coordinates": [[-123.37861299785011, 48.431034293086306]]}, "properties": {"OBJECTID": 1881, "StreetName1": "TYEE RD", "StreetName2": "WILSON ST", "Intersection": "WILSON ST & TYEE RD", "Jurisdiction": "COV", "POINT_X": 471994.3836000003, "POINT_Y": 5364278.3039}}, {"type": "Feature", "id": 1882, "geometry": {"type": "MultiPoint", "coordinates": [[-123.34857491834549, 48.42242090778931]]}, "properties": {"OBJECTID": 1882, "StreetName1": "PENTRELEW PL", "StreetName2": "WILSPENCER PL", "Intersection": "WILSPENCER PL & PENTRELEW PL", "Jurisdiction": "COV", "POINT_X": 474211.99760000035, "POINT_Y": 5363310.3432}}, {"type": "Feature", "id": 1883, "geometry": {"type": "MultiPoint", "coordinates": [[-123.34709468576685, 48.42236744533929]]}, "properties": {"OBJECTID": 1883, "StreetName1": "MOSS ST", "StreetName2": "WILSPENCER PL", "Intersection": "WILSPENCER PL & MOSS ST", "Jurisdiction": "COV", "POINT_X": 474321.4846999999, "POINT_Y": 5363303.9033}}, {"type": "Feature", "id": 1884, "geometry": {"type": "MultiPoint", "coordinates": [[-123.34792340799437, 48.41198462564061]]}, "properties": {"OBJECTID": 1884, "StreetName1": "BOND ST", "StreetName2": "WINDERMERE PL", "Intersection": "WINDERMERE PL & BOND ST", "Jurisdiction": "COV", "POINT_X": 474254.93010000046, "POINT_Y": 5362150.092599999}}, {"type": "Feature", "id": 1885, "geometry": {"type": "MultiPoint", "coordinates": [[-123.34623422092349, 48.41336168958027]]}, "properties": {"OBJECTID": 1885, "StreetName1": "MASTERS RD", "StreetName2": "WINDERMERE PL", "Intersection": "WINDERMERE PL & MASTERS RD", "Jurisdiction": "COV", "POINT_X": 474380.62090000045, "POINT_Y": 5362302.5919}}, {"type": "Feature", "id": 1886, "geometry": {"type": "MultiPoint", "coordinates": [[-123.35768595492267, 48.40938901354478]]}, "properties": {"OBJECTID": 1886, "StreetName1": "COOK ST", "StreetName2": "WOODSTOCK AVE", "Intersection": "WOODSTOCK AVE & COOK ST", "Jurisdiction": "COV", "POINT_X": 473531.1595999999, "POINT_Y": 5361864.9081999995}}, {"type": "Feature", "id": 1887, "geometry": {"type": "MultiPoint", "coordinates": [[-123.35627678150938, 48.409242378060235]]}, "properties": {"OBJECTID": 1887, "StreetName1": "MARLBOROUGH ST", "StreetName2": "WOODSTOCK AVE", "Intersection": "WOODSTOCK AVE & MARLBOROUGH ST", "Jurisdiction": "COV", "POINT_X": 473635.3672000002, "POINT_Y": 5361848.123199999}}, {"type": "Feature", "id": 1888, "geometry": {"type": "MultiPoint", "coordinates": [[-123.35516016226508, 48.40912617122352]]}, "properties": {"OBJECTID": 1888, "StreetName1": "CAMBRIDGE ST", "StreetName2": "WOODSTOCK AVE", "Intersection": "WOODSTOCK AVE & CAMBRIDGE ST", "Jurisdiction": "COV", "POINT_X": 473717.94099999964, "POINT_Y": 5361834.822699999}}, {"type": "Feature", "id": 1889, "geometry": {"type": "MultiPoint", "coordinates": [[-123.37035369635935, 48.426940177301745]]}, "properties": {"OBJECTID": 1889, "StreetName1": "WHARF ST", "StreetName2": "YATES ST", "Intersection": "YATES ST & WHARF ST", "Jurisdiction": "COV", "POINT_X": 472603.1383999996, "POINT_Y": 5363820.239399999}}, {"type": "Feature", "id": 1890, "geometry": {"type": "MultiPoint", "coordinates": [[-123.36963546720345, 48.42685669831501]]}, "properties": {"OBJECTID": 1890, "StreetName1": "WADDINGTON ALLEY", "StreetName2": "YATES ST", "Intersection": "YATES ST & WADDINGTON ALLEY", "Jurisdiction": "COV", "POINT_X": 472656.2265999997, "POINT_Y": 5363810.7037}}, {"type": "Feature", "id": 1891, "geometry": {"type": "MultiPoint", "coordinates": [[-123.36934501690996, 48.42682293756875]]}, "properties": {"OBJECTID": 1891, "StreetName1": "COMMERCIAL ALLEY", "StreetName2": "YATES ST", "Intersection": "YATES ST & COMMERCIAL ALLEY", "Jurisdiction": "COV", "POINT_X": 472677.6953999996, "POINT_Y": 5363806.8474}}, {"type": "Feature", "id": 1892, "geometry": {"type": "MultiPoint", "coordinates": [[-123.3682570141383, 48.42669646771637]]}, "properties": {"OBJECTID": 1892, "StreetName1": "LANGLEY ST", "StreetName2": "YATES ST", "Intersection": "YATES ST & LANGLEY ST", "Jurisdiction": "COV", "POINT_X": 472758.1160000004, "POINT_Y": 5363792.4022}}, {"type": "Feature", "id": 1893, "geometry": {"type": "MultiPoint", "coordinates": [[-123.36746796159719, 48.426604740583166]]}, "properties": {"OBJECTID": 1893, "StreetName1": "GOVERNMENT ST", "StreetName2": "YATES ST", "Intersection": "YATES ST & GOVERNMENT ST", "Jurisdiction": "COV", "POINT_X": 472816.4397, "POINT_Y": 5363781.926000001}}, {"type": "Feature", "id": 1894, "geometry": {"type": "MultiPoint", "coordinates": [[-123.36622883333627, 48.42647108699133]]}, "properties": {"OBJECTID": 1894, "StreetName1": "BROAD ST", "StreetName2": "YATES ST", "Intersection": "YATES ST & BROAD ST", "Jurisdiction": "COV", "POINT_X": 472908.03720000014, "POINT_Y": 5363766.630799999}}, {"type": "Feature", "id": 1895, "geometry": {"type": "MultiPoint", "coordinates": [[-123.36492665138405, 48.42633061982626]]}, "properties": {"OBJECTID": 1895, "StreetName1": "DOUGLAS ST", "StreetName2": "YATES ST", "Intersection": "YATES ST & DOUGLAS ST", "Jurisdiction": "COV", "POINT_X": 473004.29619999975, "POINT_Y": 5363750.557499999}}, {"type": "Feature", "id": 1896, "geometry": {"type": "MultiPoint", "coordinates": [[-123.36306417561984, 48.42611475813125]]}, "properties": {"OBJECTID": 1896, "StreetName1": "MILLIE'S LANE", "StreetName2": "YATES ST", "Intersection": "YATES ST & MILLIE'S LANE", "Jurisdiction": "COV", "POINT_X": 473141.9659000002, "POINT_Y": 5363725.9088}}, {"type": "Feature", "id": 1897, "geometry": {"type": "MultiPoint", "coordinates": [[-123.3620836654769, 48.42600110393499]]}, "properties": {"OBJECTID": 1897, "StreetName1": "BLANSHARD ST", "StreetName2": "YATES ST", "Intersection": "YATES ST & BLANSHARD ST", "Jurisdiction": "COV", "POINT_X": 473214.4433000004, "POINT_Y": 5363712.9322999995}}, {"type": "Feature", "id": 1898, "geometry": {"type": "MultiPoint", "coordinates": [[-123.35930120839159, 48.42569837962578]]}, "properties": {"OBJECTID": 1898, "StreetName1": "QUADRA ST", "StreetName2": "YATES ST", "Intersection": "YATES ST & QUADRA ST", "Jurisdiction": "COV", "POINT_X": 473420.1292000003, "POINT_Y": 5363678.3138999995}}, {"type": "Feature", "id": 1899, "geometry": {"type": "MultiPoint", "coordinates": [[-123.35650445057429, 48.425393680997246]]}, "properties": {"OBJECTID": 1899, "StreetName1": "VANCOUVER ST", "StreetName2": "YATES ST", "Intersection": "YATES ST & VANCOUVER ST", "Jurisdiction": "COV", "POINT_X": 473626.8744999999, "POINT_Y": 5363643.478599999}}, {"type": "Feature", "id": 1900, "geometry": {"type": "MultiPoint", "coordinates": [[-123.35362740206827, 48.42507510137438]]}, "properties": {"OBJECTID": 1900, "StreetName1": "COOK ST", "StreetName2": "YATES ST", "Intersection": "YATES ST & COOK ST", "Jurisdiction": "COV", "POINT_X": 473839.55510000046, "POINT_Y": 5363607.080499999}}, {"type": "Feature", "id": 1901, "geometry": {"type": "MultiPoint", "coordinates": [[-123.34946404344686, 48.424647267893356]]}, "properties": {"OBJECTID": 1901, "StreetName1": "ORMOND ST", "StreetName2": "YATES ST", "Intersection": "YATES ST & ORMOND ST", "Jurisdiction": "COV", "POINT_X": 474147.3454, "POINT_Y": 5363558.111400001}}, {"type": "Feature", "id": 1902, "geometry": {"type": "MultiPoint", "coordinates": [[-123.34747404380175, 48.424586828559974]]}, "properties": {"OBJECTID": 1902, "StreetName1": "CAMOSUN ST", "StreetName2": "YATES ST", "Intersection": "YATES ST & CAMOSUN ST", "Jurisdiction": "COV", "POINT_X": 474294.53729999997, "POINT_Y": 5363550.7235}}, {"type": "Feature", "id": 1903, "geometry": {"type": "MultiPoint", "coordinates": [[-123.34550541874017, 48.424525125587415]]}, "properties": {"OBJECTID": 1903, "StreetName1": "FERNWOOD RD", "StreetName2": "YATES ST", "Intersection": "YATES ST & FERNWOOD RD", "Jurisdiction": "COV", "POINT_X": 474440.1475999998, "POINT_Y": 5363543.2061}}, {"type": "Feature", "id": 1904, "geometry": {"type": "MultiPoint", "coordinates": [[-123.34383855568605, 48.42421255120478]]}, "properties": {"OBJECTID": 1904, "StreetName1": "FORT ST", "StreetName2": "YATES ST", "Intersection": "YATES ST & FORT ST", "Jurisdiction": "COV", "POINT_X": 474563.3082999997, "POINT_Y": 5363507.907299999}}, {"type": "Feature", "id": 1905, "geometry": {"type": "MultiPoint", "coordinates": [[-123.364134698109, 48.44821296956405]]}, "properties": {"OBJECTID": 1905, "StreetName1": "VILLANCE ST", "StreetName2": "YEW ST", "Intersection": "YEW ST & VILLANCE ST", "Jurisdiction": "COV", "POINT_X": 473074.45019999985, "POINT_Y": 5366182.5909}}, {"type": "Feature", "id": 1906, "geometry": {"type": "MultiPoint", "coordinates": [[-123.36390219240823, 48.44739647146651]]}, "properties": {"OBJECTID": 1906, "StreetName1": "REED ST", "StreetName2": "YEW ST", "Intersection": "YEW ST & REED ST", "Jurisdiction": "COV", "POINT_X": 473091.21190000046, "POINT_Y": 5366091.7519000005}}, {"type": "Feature", "id": 1907, "geometry": {"type": "MultiPoint", "coordinates": [[-123.36351089164377, 48.44597165473047]]}, "properties": {"OBJECTID": 1907, "StreetName1": "FINLAYSON ST", "StreetName2": "YEW ST", "Intersection": "YEW ST & FINLAYSON ST", "Jurisdiction": "COV", "POINT_X": 473119.3958999999, "POINT_Y": 5365933.24}}, {"type": "Feature", "id": 1908, "geometry": {"type": "MultiPoint", "coordinates": [[-123.36829533576602, 48.41572939028135]]}, "properties": {"OBJECTID": 1908, "StreetName1": "TORONTO ST", "StreetName2": "YOUNG ST", "Intersection": "YOUNG ST & TORONTO ST", "Jurisdiction": "COV", "POINT_X": 472749.4194, "POINT_Y": 5362573.384}}, {"type": "Feature", "id": 1909, "geometry": {"type": "MultiPoint", "coordinates": [[-123.36824467515383, 48.417218485806906]]}, "properties": {"OBJECTID": 1909, "StreetName1": "MICHIGAN ST", "StreetName2": "YOUNG ST", "Intersection": "YOUNG ST & MICHIGAN ST", "Jurisdiction": "COV", "POINT_X": 472753.9637000002, "POINT_Y": 5362738.884400001}}, {"type": "Feature", "id": 1910, "geometry": {"type": "MultiPoint", "coordinates": [[-123.35014512142146, 48.42868286112776]]}, "properties": {"OBJECTID": 1910, "StreetName1": "CHAMBERS ST", "StreetName2": "YUKON ST", "Intersection": "YUKON ST & CHAMBERS ST", "Jurisdiction": "COV", "POINT_X": 474099.00930000003, "POINT_Y": 5364006.9134}}, {"type": "Feature", "id": 1911, "geometry": {"type": "MultiPoint", "coordinates": [[-123.38589486581984, 48.44410021665267]]}, "properties": {"OBJECTID": 1911, "StreetName1": "BALFOUR AVE", "StreetName2": "BALFOUR PL", "Intersection": "BALFOUR AVE & BALFOUR PL", "Jurisdiction": "COV", "POINT_X": 471463.0497000003, "POINT_Y": 5365733.322799999}}, {"type": "Feature", "id": 1912, "geometry": {"type": "MultiPoint", "coordinates": [[-123.34233928397369, 48.4343746964984]]}, "properties": {"OBJECTID": 1912, "StreetName1": "AVEBURY AVE", "StreetName2": "BAY ST", "Intersection": "AVEBURY AVE & BAY ST", "Jurisdiction": "COV", "POINT_X": 474679.2763, "POINT_Y": 5364636.972999999}}, {"type": "Feature", "id": 1913, "geometry": {"type": "MultiPoint", "coordinates": [[-123.34100696121608, 48.43430012428724]]}, "properties": {"OBJECTID": 1913, "StreetName1": "ASQUITH ST", "StreetName2": "BAY ST", "Intersection": "ASQUITH ST & BAY ST", "Jurisdiction": "COV", "POINT_X": 474777.78729999997, "POINT_Y": 5364628.2443}}, {"type": "Feature", "id": 1914, "geometry": {"type": "MultiPoint", "coordinates": [[-123.33261441018183, 48.43066713760201]]}, "properties": {"OBJECTID": 1914, "StreetName1": "ASHGROVE ST", "StreetName2": "BEGBIE ST", "Intersection": "ASHGROVE ST & BEGBIE ST", "Jurisdiction": "COV", "POINT_X": 475396.8060999997, "POINT_Y": 5364221.6929}}, {"type": "Feature", "id": 1915, "geometry": {"type": "MultiPoint", "coordinates": [[-123.33983735748048, 48.43424355939039], [-123.33962616190105, 48.43423332947375]]}, "properties": {"OBJECTID": 1915, "StreetName1": "BAY ST", "StreetName2": "BELMONT AVE", "Intersection": "BAY ST & BELMONT AVE", "Jurisdiction": "COV", "POINT_X": 474872.07984999963, "POINT_Y": 5364620.9691}}, {"type": "Feature", "id": 1916, "geometry": {"type": "MultiPoint", "coordinates": [[-123.33871194154558, 48.42840053401708]]}, "properties": {"OBJECTID": 1916, "StreetName1": "BEGBIE ST", "StreetName2": "BELMONT AVE", "Intersection": "BEGBIE ST & BELMONT AVE", "Jurisdiction": "COV", "POINT_X": 474944.6429000003, "POINT_Y": 5363971.7279}}, {"type": "Feature", "id": 1917, "geometry": {"type": "MultiPoint", "coordinates": [[-123.37688025943338, 48.44662399788049]]}, "properties": {"OBJECTID": 1917, "StreetName1": "ALPHA ST", "StreetName2": "BETA ST", "Intersection": "ALPHA ST & BETA ST", "Jurisdiction": "COV", "POINT_X": 472131.0862999996, "POINT_Y": 5366010.5309999995}}, {"type": "Feature", "id": 1918, "geometry": {"type": "MultiPoint", "coordinates": [[-123.3549551070886, 48.44398352245306]]}, "properties": {"OBJECTID": 1918, "StreetName1": "ARTHUR AVE", "StreetName2": "BLACKWOOD ST", "Intersection": "ARTHUR AVE & BLACKWOOD ST", "Jurisdiction": "COV", "POINT_X": 473751.0729, "POINT_Y": 5365709.2820999995}}, {"type": "Feature", "id": 1919, "geometry": {"type": "MultiPoint", "coordinates": [[-123.35405503497826, 48.440879387321075]]}, "properties": {"OBJECTID": 1919, "StreetName1": "BASIL AVE", "StreetName2": "BLACKWOOD ST", "Intersection": "BASIL AVE & BLACKWOOD ST", "Jurisdiction": "COV", "POINT_X": 473816.0405000001, "POINT_Y": 5365363.9363}}, {"type": "Feature", "id": 1920, "geometry": {"type": "MultiPoint", "coordinates": [[-123.36519643907002, 48.41918489728809]]}, "properties": {"OBJECTID": 1920, "StreetName1": "ACADEMY CLOSE", "StreetName2": "BLANSHARD ST", "Intersection": "ACADEMY CLOSE & BLANSHARD ST", "Jurisdiction": "COV", "POINT_X": 472980.5504999999, "POINT_Y": 5362956.3785}}, {"type": "Feature", "id": 1921, "geometry": {"type": "MultiPoint", "coordinates": [[-123.36450709031317, 48.41985727015152]]}, "properties": {"OBJECTID": 1921, "StreetName1": "BELLEVILLE ST", "StreetName2": "BLANSHARD ST", "Intersection": "BELLEVILLE ST & BLANSHARD ST", "Jurisdiction": "COV", "POINT_X": 473031.9104000004, "POINT_Y": 5363030.872300001}}, {"type": "Feature", "id": 1922, "geometry": {"type": "MultiPoint", "coordinates": [[-123.36284155632043, 48.43556115623034], [-123.36263621520136, 48.43554993257344]]}, "properties": {"OBJECTID": 1922, "StreetName1": "BAY ST", "StreetName2": "BLANSHARD ST", "Intersection": "BAY ST & BLANSHARD ST", "Jurisdiction": "COV", "POINT_X": 473171.0010000003, "POINT_Y": 5364775.175449999}}, {"type": "Feature", "id": 1923, "geometry": {"type": "MultiPoint", "coordinates": [[-123.32373041372543, 48.43018819045471]]}, "properties": {"OBJECTID": 1923, "StreetName1": "AMPHION ST", "StreetName2": "BOURCHIER ST", "Intersection": "AMPHION ST & BOURCHIER ST", "Jurisdiction": "COV", "POINT_X": 476053.75150000025, "POINT_Y": 5364165.639900001}}, {"type": "Feature", "id": 1924, "geometry": {"type": "MultiPoint", "coordinates": [[-123.37851949352846, 48.41433477989898]]}, "properties": {"OBJECTID": 1924, "StreetName1": "BERWICK ST", "StreetName2": "BOYD ST", "Intersection": "BERWICK ST & BOYD ST", "Jurisdiction": "COV", "POINT_X": 471992.12679999974, "POINT_Y": 5362422.0559}}, {"type": "Feature", "id": 1925, "geometry": {"type": "MultiPoint", "coordinates": [[-123.37261654418016, 48.43541973021317]]}, "properties": {"OBJECTID": 1925, "StreetName1": "BAY ST", "StreetName2": "BRIDGE ST", "Intersection": "BAY ST & BRIDGE ST", "Jurisdiction": "COV", "POINT_X": 472440.324, "POINT_Y": 5364763.587099999}}, {"type": "Feature", "id": 1926, "geometry": {"type": "MultiPoint", "coordinates": [[-123.36370693302585, 48.41408618655917]]}, "properties": {"OBJECTID": 1926, "StreetName1": "ARBUTUS WAY", "StreetName2": "BRIDGE WAY", "Intersection": "ARBUTUS WAY & BRIDGE WAY", "Jurisdiction": "COV", "POINT_X": 473088.06659999955, "POINT_Y": 5362389.113700001}}, {"type": "Feature", "id": 1927, "geometry": {"type": "MultiPoint", "coordinates": [[-123.3289516261011, 48.42419600057792]]}, "properties": {"OBJECTID": 1927, "StreetName1": "BANK ST", "StreetName2": "BRIGHTON AVE", "Intersection": "BANK ST & BRIGHTON AVE", "Jurisdiction": "COV", "POINT_X": 475664.6615000004, "POINT_Y": 5363501.2303}}, {"type": "Feature", "id": 1928, "geometry": {"type": "MultiPoint", "coordinates": [[-123.32335709630046, 48.42418941722654]]}, "properties": {"OBJECTID": 1928, "StreetName1": "AMPHION ST", "StreetName2": "BRIGHTON AVE", "Intersection": "AMPHION ST & BRIGHTON AVE", "Jurisdiction": "COV", "POINT_X": 476078.5516999997, "POINT_Y": 5363498.736}}, {"type": "Feature", "id": 1929, "geometry": {"type": "MultiPoint", "coordinates": [[-123.32335709630046, 48.42418941722654]]}, "properties": {"OBJECTID": 1929, "StreetName1": "AMPHION ST", "StreetName2": "BRIGHTON CRES", "Intersection": "AMPHION ST & BRIGHTON CRES", "Jurisdiction": "COV", "POINT_X": 476078.5516999997, "POINT_Y": 5363498.736}}, {"type": "Feature", "id": 1930, "geometry": {"type": "MultiPoint", "coordinates": [[-123.34116894052562, 48.41448250951644]]}, "properties": {"OBJECTID": 1930, "StreetName1": "ARNOLD AVE", "StreetName2": "BROOKE ST", "Intersection": "ARNOLD AVE & BROOKE ST", "Jurisdiction": "COV", "POINT_X": 474755.9938000003, "POINT_Y": 5362425.4934}}, {"type": "Feature", "id": 1931, "geometry": {"type": "MultiPoint", "coordinates": [[-123.36667490201278, 48.424084327295034]]}, "properties": {"OBJECTID": 1931, "StreetName1": "BROAD ST", "StreetName2": "BROUGHTON ST", "Intersection": "BROAD ST & BROUGHTON ST", "Jurisdiction": "COV", "POINT_X": 472873.7675999999, "POINT_Y": 5363501.4912}}, {"type": "Feature", "id": 1932, "geometry": {"type": "MultiPoint", "coordinates": [[-123.36271629330582, 48.423502200816486]]}, "properties": {"OBJECTID": 1932, "StreetName1": "BLANSHARD ST", "StreetName2": "BROUGHTON ST", "Intersection": "BLANSHARD ST & BROUGHTON ST", "Jurisdiction": "COV", "POINT_X": 473166.32660000026, "POINT_Y": 5363435.391100001}}, {"type": "Feature", "id": 1933, "geometry": {"type": "MultiPoint", "coordinates": [[-123.36309592199217, 48.421974286421374]]}, "properties": {"OBJECTID": 1933, "StreetName1": "BLANSHARD ST", "StreetName2": "BURDETT AVE", "Intersection": "BLANSHARD ST & BURDETT AVE", "Jurisdiction": "COV", "POINT_X": 473137.4354999997, "POINT_Y": 5363265.6907}}, {"type": "Feature", "id": 1934, "geometry": {"type": "MultiPoint", "coordinates": [[-123.3824358200562, 48.44836929524049]]}, "properties": {"OBJECTID": 1934, "StreetName1": "BALFOUR AVE", "StreetName2": "BURNSIDE RD E", "Intersection": "BALFOUR AVE & BURNSIDE RD E", "Jurisdiction": "COV", "POINT_X": 471721.2262000004, "POINT_Y": 5366206.565400001}}, {"type": "Feature", "id": 1935, "geometry": {"type": "MultiPoint", "coordinates": [[-123.37885915619569, 48.44657943607367]]}, "properties": {"OBJECTID": 1935, "StreetName1": "ALPHA TERR", "StreetName2": "BURNSIDE RD E", "Intersection": "ALPHA TERR & BURNSIDE RD E", "Jurisdiction": "COV", "POINT_X": 471984.7240000004, "POINT_Y": 5366006.300000001}}, {"type": "Feature", "id": 1936, "geometry": {"type": "MultiPoint", "coordinates": [[-123.37759313008775, 48.44596837873009]]}, "properties": {"OBJECTID": 1936, "StreetName1": "ALPHA ST", "StreetName2": "BURNSIDE RD E", "Intersection": "ALPHA ST & BURNSIDE RD E", "Jurisdiction": "COV", "POINT_X": 472078.01070000045, "POINT_Y": 5365937.915899999}}, {"type": "Feature", "id": 1937, "geometry": {"type": "MultiPoint", "coordinates": [[-123.36205056498808, 48.43112782146023], [-123.36175745368654, 48.43107023253028], [-123.36157737468714, 48.43100323094559]]}, "properties": {"OBJECTID": 1937, "StreetName1": "BLANSHARD ST", "StreetName2": "CALEDONIA AVE", "Intersection": "BLANSHARD ST & CALEDONIA AVE", "Jurisdiction": "COV", "POINT_X": 473237.0546500001, "POINT_Y": 5364275.76835}}, {"type": "Feature", "id": 1938, "geometry": {"type": "MultiPoint", "coordinates": [[-123.34695182903356, 48.427840641553104]]}, "properties": {"OBJECTID": 1938, "StreetName1": "BALMORAL RD", "StreetName2": "CAMOSUN ST", "Intersection": "BALMORAL RD & CAMOSUN ST", "Jurisdiction": "COV", "POINT_X": 474334.80979999993, "POINT_Y": 5363912.2223000005}}, {"type": "Feature", "id": 1939, "geometry": {"type": "MultiPoint", "coordinates": [[-123.3812553956148, 48.44777270670886]]}, "properties": {"OBJECTID": 1939, "StreetName1": "BURNSIDE RD E", "StreetName2": "CARROLL ST", "Intersection": "BURNSIDE RD E & CARROLL ST", "Jurisdiction": "COV", "POINT_X": 471808.1843999997, "POINT_Y": 5366139.8167}}, {"type": "Feature", "id": 1940, "geometry": {"type": "MultiPoint", "coordinates": [[-123.38479626157857, 48.43423538361435]]}, "properties": {"OBJECTID": 1940, "StreetName1": "BELLA ST", "StreetName2": "CATHERINE ST", "Intersection": "BELLA ST & CATHERINE ST", "Jurisdiction": "COV", "POINT_X": 471538.7843000004, "POINT_Y": 5364636.397500001}}, {"type": "Feature", "id": 1941, "geometry": {"type": "MultiPoint", "coordinates": [[-123.38473620163448, 48.43092888860855]]}, "properties": {"OBJECTID": 1941, "StreetName1": "BAY ST", "StreetName2": "CATHERINE ST", "Intersection": "BAY ST & CATHERINE ST", "Jurisdiction": "COV", "POINT_X": 471541.3803000003, "POINT_Y": 5364268.8452}}, {"type": "Feature", "id": 1942, "geometry": {"type": "MultiPoint", "coordinates": [[-123.34764271572021, 48.434668381275124]]}, "properties": {"OBJECTID": 1942, "StreetName1": "BAY ST", "StreetName2": "CEDAR HILL RD", "Intersection": "BAY ST & CEDAR HILL RD", "Jurisdiction": "COV", "POINT_X": 474287.1456000004, "POINT_Y": 5364671.384500001}}, {"type": "Feature", "id": 1943, "geometry": {"type": "MultiPoint", "coordinates": [[-123.34546432736262, 48.438991708381444]]}, "properties": {"OBJECTID": 1943, "StreetName1": "ACTON ST", "StreetName2": "CEDAR HILL RD", "Intersection": "ACTON ST & CEDAR HILL RD", "Jurisdiction": "COV", "POINT_X": 474450.4414999997, "POINT_Y": 5365151.2108}}, {"type": "Feature", "id": 1944, "geometry": {"type": "MultiPoint", "coordinates": [[-123.3268983156021, 48.424194802233785]]}, "properties": {"OBJECTID": 1944, "StreetName1": "BRIGHTON AVE", "StreetName2": "CHAMBERLAIN ST", "Intersection": "BRIGHTON AVE & CHAMBERLAIN ST", "Jurisdiction": "COV", "POINT_X": 475816.56850000005, "POINT_Y": 5363500.446699999}}, {"type": "Feature", "id": 1945, "geometry": {"type": "MultiPoint", "coordinates": [[-123.35022384837994, 48.428017999010216], [-123.35018715160925, 48.428327908144176]]}, "properties": {"OBJECTID": 1945, "StreetName1": "BALMORAL RD", "StreetName2": "CHAMBERS ST", "Intersection": "BALMORAL RD & CHAMBERS ST", "Jurisdiction": "COV", "POINT_X": 474094.28360000014, "POINT_Y": 5363950.255600001}}, {"type": "Feature", "id": 1946, "geometry": {"type": "MultiPoint", "coordinates": [[-123.349949895698, 48.430285932584674]]}, "properties": {"OBJECTID": 1946, "StreetName1": "CALEDONIA AVE", "StreetName2": "CHAMBERS ST", "Intersection": "CALEDONIA AVE & CHAMBERS ST", "Jurisdiction": "COV", "POINT_X": 474114.2653999999, "POINT_Y": 5364185.0351}}, {"type": "Feature", "id": 1947, "geometry": {"type": "MultiPoint", "coordinates": [[-123.34932982035627, 48.43481260738077]]}, "properties": {"OBJECTID": 1947, "StreetName1": "BAY ST", "StreetName2": "CHAMBERS ST", "Intersection": "BAY ST & CHAMBERS ST", "Jurisdiction": "COV", "POINT_X": 474162.4293999998, "POINT_Y": 5364687.9837}}, {"type": "Feature", "id": 1948, "geometry": {"type": "MultiPoint", "coordinates": [[-123.3645389464237, 48.43110074816072]]}, "properties": {"OBJECTID": 1948, "StreetName1": "CALEDONIA AVE", "StreetName2": "CHATHAM ST", "Intersection": "CALEDONIA AVE & CHATHAM ST", "Jurisdiction": "COV", "POINT_X": 473035.50189999957, "POINT_Y": 5364280.6393}}, {"type": "Feature", "id": 1949, "geometry": {"type": "MultiPoint", "coordinates": [[-123.36340217394721, 48.413878756771076]]}, "properties": {"OBJECTID": 1949, "StreetName1": "BRIDGE WAY", "StreetName2": "CHESTNUT ROW", "Intersection": "BRIDGE WAY & CHESTNUT ROW", "Jurisdiction": "COV", "POINT_X": 473110.50829999987, "POINT_Y": 5362365.950099999}}, {"type": "Feature", "id": 1950, "geometry": {"type": "MultiPoint", "coordinates": [[-123.33361287308101, 48.430269754039685]]}, "properties": {"OBJECTID": 1950, "StreetName1": "BEGBIE ST", "StreetName2": "CHESTNUT ST", "Intersection": "BEGBIE ST & CHESTNUT ST", "Jurisdiction": "COV", "POINT_X": 475322.7549999999, "POINT_Y": 5364177.8434}}, {"type": "Feature", "id": 1951, "geometry": {"type": "MultiPoint", "coordinates": [[-123.36546443016847, 48.412666232973606]]}, "properties": {"OBJECTID": 1951, "StreetName1": "BEACON HILL LOOP", "StreetName2": "CIRCLE DR", "Intersection": "BEACON HILL LOOP & CIRCLE DR", "Jurisdiction": "COV", "POINT_X": 472957.2651000004, "POINT_Y": 5362231.899700001}}, {"type": "Feature", "id": 1952, "geometry": {"type": "MultiPoint", "coordinates": [[-123.36411278107192, 48.41225819934977]]}, "properties": {"OBJECTID": 1952, "StreetName1": "CHESTNUT ROW", "StreetName2": "CIRCLE DR", "Intersection": "CHESTNUT ROW & CIRCLE DR", "Jurisdiction": "COV", "POINT_X": 473057.0695000002, "POINT_Y": 5362186.069}}, {"type": "Feature", "id": 1953, "geometry": {"type": "MultiPoint", "coordinates": [[-123.36208530766277, 48.41123713406716]]}, "properties": {"OBJECTID": 1953, "StreetName1": "CAMAS CIR", "StreetName2": "CIRCLE DR", "Intersection": "CAMAS CIR & CIRCLE DR", "Jurisdiction": "COV", "POINT_X": 473206.5641999999, "POINT_Y": 5362071.8628}}, {"type": "Feature", "id": 1954, "geometry": {"type": "MultiPoint", "coordinates": [[-123.32806715368756, 48.42419548743051]]}, "properties": {"OBJECTID": 1954, "StreetName1": "BRIGHTON AVE", "StreetName2": "CLARE ST", "Intersection": "BRIGHTON AVE & CLARE ST", "Jurisdiction": "COV", "POINT_X": 475730.09609999973, "POINT_Y": 5363500.8926}}, {"type": "Feature", "id": 1955, "geometry": {"type": "MultiPoint", "coordinates": [[-123.34119061293643, 48.413652285417996]]}, "properties": {"OBJECTID": 1955, "StreetName1": "ARNOLD AVE", "StreetName2": "CLIFFORD ST", "Intersection": "ARNOLD AVE & CLIFFORD ST", "Jurisdiction": "COV", "POINT_X": 474753.9791000001, "POINT_Y": 5362333.2181}}, {"type": "Feature", "id": 1956, "geometry": {"type": "MultiPoint", "coordinates": [[-123.33828753746509, 48.42699481363103]]}, "properties": {"OBJECTID": 1956, "StreetName1": "BELMONT AVE", "StreetName2": "COLDHARBOUR RD", "Intersection": "BELMONT AVE & COLDHARBOUR RD", "Jurisdiction": "COV", "POINT_X": 474975.3482999997, "POINT_Y": 5363815.3378}}, {"type": "Feature", "id": 1957, "geometry": {"type": "MultiPoint", "coordinates": [[-123.36954779253665, 48.425891099752924]]}, "properties": {"OBJECTID": 1957, "StreetName1": "BASTION SQ", "StreetName2": "COMMERCIAL ALLEY", "Intersection": "BASTION SQ & COMMERCIAL ALLEY", "Jurisdiction": "COV", "POINT_X": 472662.1946999999, "POINT_Y": 5363703.3423999995}}, {"type": "Feature", "id": 1958, "geometry": {"type": "MultiPoint", "coordinates": [[-123.39129114163607, 48.43803688872123]]}, "properties": {"OBJECTID": 1958, "StreetName1": "ALDERMAN RD", "StreetName2": "CONNAUGHT RD", "Intersection": "ALDERMAN RD & CONNAUGHT RD", "Jurisdiction": "COV", "POINT_X": 471060.5356999999, "POINT_Y": 5365061.384400001}}, {"type": "Feature", "id": 1959, "geometry": {"type": "MultiPoint", "coordinates": [[-123.35714107928128, 48.41316672030922]]}, "properties": {"OBJECTID": 1959, "StreetName1": "CHAPMAN ST", "StreetName2": "COOK ST", "Intersection": "CHAPMAN ST & COOK ST", "Jurisdiction": "COV", "POINT_X": 473573.4397999998, "POINT_Y": 5362284.625700001}}, {"type": "Feature", "id": 1960, "geometry": {"type": "MultiPoint", "coordinates": [[-123.35517981648786, 48.418827847394645]]}, "properties": {"OBJECTID": 1960, "StreetName1": "COLLINSON ST", "StreetName2": "COOK ST", "Intersection": "COLLINSON ST & COOK ST", "Jurisdiction": "COV", "POINT_X": 473721.4866000004, "POINT_Y": 5362913.206}}, {"type": "Feature", "id": 1961, "geometry": {"type": "MultiPoint", "coordinates": [[-123.35457985644148, 48.42126881284233]]}, "properties": {"OBJECTID": 1961, "StreetName1": "BURDETT AVE", "StreetName2": "COOK ST", "Intersection": "BURDETT AVE & COOK ST", "Jurisdiction": "COV", "POINT_X": 473767.1333999997, "POINT_Y": 5363184.322799999}}, {"type": "Feature", "id": 1962, "geometry": {"type": "MultiPoint", "coordinates": [[-123.35313264347103, 48.42855717925348]]}, "properties": {"OBJECTID": 1962, "StreetName1": "BALMORAL RD", "StreetName2": "COOK ST", "Intersection": "BALMORAL RD & COOK ST", "Jurisdiction": "COV", "POINT_X": 473877.9422000004, "POINT_Y": 5363993.9581}}, {"type": "Feature", "id": 1963, "geometry": {"type": "MultiPoint", "coordinates": [[-123.35288223084261, 48.43047316523532]]}, "properties": {"OBJECTID": 1963, "StreetName1": "CALEDONIA AVE", "StreetName2": "COOK ST", "Intersection": "CALEDONIA AVE & COOK ST", "Jurisdiction": "COV", "POINT_X": 473897.4479, "POINT_Y": 5364206.8421}}, {"type": "Feature", "id": 1964, "geometry": {"type": "MultiPoint", "coordinates": [[-123.3522843772154, 48.43498174979668]]}, "properties": {"OBJECTID": 1964, "StreetName1": "BAY ST", "StreetName2": "COOK ST", "Intersection": "BAY ST & COOK ST", "Jurisdiction": "COV", "POINT_X": 473943.97809999995, "POINT_Y": 5364707.785700001}}, {"type": "Feature", "id": 1965, "geometry": {"type": "MultiPoint", "coordinates": [[-123.35082016713524, 48.44128294652412]]}, "properties": {"OBJECTID": 1965, "StreetName1": "BASIL AVE", "StreetName2": "COOK ST", "Intersection": "BASIL AVE & COOK ST", "Jurisdiction": "COV", "POINT_X": 474055.48890000023, "POINT_Y": 5365407.692399999}}, {"type": "Feature", "id": 1966, "geometry": {"type": "MultiPoint", "coordinates": [[-123.36444563699882, 48.4285785192438]]}, "properties": {"OBJECTID": 1966, "StreetName1": "CENTENNIAL SQ", "StreetName2": "CORMORANT ST", "Intersection": "CENTENNIAL SQ & CORMORANT ST", "Jurisdiction": "COV", "POINT_X": 473041.0700000003, "POINT_Y": 5364000.2508000005}}, {"type": "Feature", "id": 1967, "geometry": {"type": "MultiPoint", "coordinates": [[-123.36191210351633, 48.42861864445894]]}, "properties": {"OBJECTID": 1967, "StreetName1": "BLANSHARD ST", "StreetName2": "CORMORANT ST", "Intersection": "BLANSHARD ST & CORMORANT ST", "Jurisdiction": "COV", "POINT_X": 473228.51020000037, "POINT_Y": 5364003.8221}}, {"type": "Feature", "id": 1968, "geometry": {"type": "MultiPoint", "coordinates": [[-123.3603253913972, 48.42862370022171]]}, "properties": {"OBJECTID": 1968, "StreetName1": "AMELIA ST", "StreetName2": "CORMORANT ST", "Intersection": "AMELIA ST & CORMORANT ST", "Jurisdiction": "COV", "POINT_X": 473345.8903999999, "POINT_Y": 5364003.830600001}}, {"type": "Feature", "id": 1969, "geometry": {"type": "MultiPoint", "coordinates": [[-123.34936762509416, 48.4171581101633]]}, "properties": {"OBJECTID": 1969, "StreetName1": "CARNSEW ST", "StreetName2": "CORNWALL ST", "Intersection": "CARNSEW ST & CORNWALL ST", "Jurisdiction": "COV", "POINT_X": 474150.68149999995, "POINT_Y": 5362725.6307}}, {"type": "Feature", "id": 1970, "geometry": {"type": "MultiPoint", "coordinates": [[-123.36918674111847, 48.425838049118276]]}, "properties": {"OBJECTID": 1970, "StreetName1": "BASTION SQ", "StreetName2": "COURT ALLEY", "Intersection": "BASTION SQ & COURT ALLEY", "Jurisdiction": "COV", "POINT_X": 472688.8766000001, "POINT_Y": 5363697.3168}}, {"type": "Feature", "id": 1971, "geometry": {"type": "MultiPoint", "coordinates": [[-123.36910174240002, 48.426202533204325]]}, "properties": {"OBJECTID": 1971, "StreetName1": "CHANCERY LANE", "StreetName2": "COURT ALLEY", "Intersection": "CHANCERY LANE & COURT ALLEY", "Jurisdiction": "COV", "POINT_X": 472695.36000000034, "POINT_Y": 5363737.8003}}, {"type": "Feature", "id": 1972, "geometry": {"type": "MultiPoint", "coordinates": [[-123.36292282527828, 48.422672506434814]]}, "properties": {"OBJECTID": 1972, "StreetName1": "BLANSHARD ST", "StreetName2": "COURTNEY ST", "Intersection": "BLANSHARD ST & COURTNEY ST", "Jurisdiction": "COV", "POINT_X": 473150.60979999974, "POINT_Y": 5363343.239800001}}, {"type": "Feature", "id": 1973, "geometry": {"type": "MultiPoint", "coordinates": [[-123.32501789810934, 48.42419195628511]]}, "properties": {"OBJECTID": 1973, "StreetName1": "BRIGHTON AVE", "StreetName2": "COWICHAN ST", "Intersection": "BRIGHTON AVE & COWICHAN ST", "Jurisdiction": "COV", "POINT_X": 475955.68379999977, "POINT_Y": 5363499.5383}}, {"type": "Feature", "id": 1974, "geometry": {"type": "MultiPoint", "coordinates": [[-123.39400545296392, 48.43980451724129]]}, "properties": {"OBJECTID": 1974, "StreetName1": "ARM ST", "StreetName2": "CRAIGFLOWER RD", "Intersection": "ARM ST & CRAIGFLOWER RD", "Jurisdiction": "COV", "POINT_X": 470860.7917999998, "POINT_Y": 5365258.892899999}}, {"type": "Feature", "id": 1975, "geometry": {"type": "MultiPoint", "coordinates": [[-123.39289780874721, 48.439406813744505]]}, "properties": {"OBJECTID": 1975, "StreetName1": "BURLEITH CRES", "StreetName2": "CRAIGFLOWER RD", "Intersection": "BURLEITH CRES & CRAIGFLOWER RD", "Jurisdiction": "COV", "POINT_X": 470942.4852999998, "POINT_Y": 5365214.2656}}, {"type": "Feature", "id": 1976, "geometry": {"type": "MultiPoint", "coordinates": [[-123.39139383665999, 48.4389010801687]]}, "properties": {"OBJECTID": 1976, "StreetName1": "COVENTRY AVE", "StreetName2": "CRAIGFLOWER RD", "Intersection": "COVENTRY AVE & CRAIGFLOWER RD", "Jurisdiction": "COV", "POINT_X": 471053.43120000046, "POINT_Y": 5365157.4816}}, {"type": "Feature", "id": 1977, "geometry": {"type": "MultiPoint", "coordinates": [[-123.39076573471564, 48.438688373217325]]}, "properties": {"OBJECTID": 1977, "StreetName1": "ALDERMAN RD", "StreetName2": "CRAIGFLOWER RD", "Intersection": "ALDERMAN RD & CRAIGFLOWER RD", "Jurisdiction": "COV", "POINT_X": 471099.76520000026, "POINT_Y": 5365133.6011}}, {"type": "Feature", "id": 1978, "geometry": {"type": "MultiPoint", "coordinates": [[-123.38919122186141, 48.437642704448024]]}, "properties": {"OBJECTID": 1978, "StreetName1": "BELTON AVE", "StreetName2": "CRAIGFLOWER RD", "Intersection": "BELTON AVE & CRAIGFLOWER RD", "Jurisdiction": "COV", "POINT_X": 471215.62650000025, "POINT_Y": 5365016.7776999995}}, {"type": "Feature", "id": 1979, "geometry": {"type": "MultiPoint", "coordinates": [[-123.37985096275149, 48.41308774057704]]}, "properties": {"OBJECTID": 1979, "StreetName1": "BOYD ST", "StreetName2": "DALLAS RD", "Intersection": "BOYD ST & DALLAS RD", "Jurisdiction": "COV", "POINT_X": 471892.9160000002, "POINT_Y": 5362283.9307}}, {"type": "Feature", "id": 1980, "geometry": {"type": "MultiPoint", "coordinates": [[-123.36191560427602, 48.40858339094262]]}, "properties": {"OBJECTID": 1980, "StreetName1": "CAMAS CIR", "StreetName2": "DALLAS RD", "Intersection": "CAMAS CIR & DALLAS RD", "Jurisdiction": "COV", "POINT_X": 473217.7287999997, "POINT_Y": 5361776.830499999}}, {"type": "Feature", "id": 1981, "geometry": {"type": "MultiPoint", "coordinates": [[-123.35785379994776, 48.407947383101046]]}, "properties": {"OBJECTID": 1981, "StreetName1": "COOK ST", "StreetName2": "DALLAS RD", "Intersection": "COOK ST & DALLAS RD", "Jurisdiction": "COV", "POINT_X": 473517.9900000002, "POINT_Y": 5361704.7239}}, {"type": "Feature", "id": 1982, "geometry": {"type": "MultiPoint", "coordinates": [[-123.35551415682173, 48.40766032197386]]}, "properties": {"OBJECTID": 1982, "StreetName1": "CAMBRIDGE ST", "StreetName2": "DALLAS RD", "Intersection": "CAMBRIDGE ST & DALLAS RD", "Jurisdiction": "COV", "POINT_X": 473690.9879999999, "POINT_Y": 5361672.0099}}, {"type": "Feature", "id": 1983, "geometry": {"type": "MultiPoint", "coordinates": [[-123.34958168272395, 48.40591521718663]]}, "properties": {"OBJECTID": 1983, "StreetName1": "CLOVER POINT", "StreetName2": "DALLAS RD", "Intersection": "CLOVER POINT & DALLAS RD", "Jurisdiction": "COV", "POINT_X": 474129.1401000004, "POINT_Y": 5361476.015000001}}, {"type": "Feature", "id": 1984, "geometry": {"type": "MultiPoint", "coordinates": [[-123.3488973016993, 48.40660788179195]]}, "properties": {"OBJECTID": 1984, "StreetName1": "BUSHBY ST", "StreetName2": "DALLAS RD", "Intersection": "BUSHBY ST & DALLAS RD", "Jurisdiction": "COV", "POINT_X": 474180.1405999996, "POINT_Y": 5361552.7762}}, {"type": "Feature", "id": 1985, "geometry": {"type": "MultiPoint", "coordinates": [[-123.37365796574137, 48.43777470578091]]}, "properties": {"OBJECTID": 1985, "StreetName1": "BRIDGE ST", "StreetName2": "DAVID ST", "Intersection": "BRIDGE ST & DAVID ST", "Jurisdiction": "COV", "POINT_X": 472364.57210000046, "POINT_Y": 5365025.727499999}}, {"type": "Feature", "id": 1986, "geometry": {"type": "MultiPoint", "coordinates": [[-123.32572680646338, 48.42419303224103]]}, "properties": {"OBJECTID": 1986, "StreetName1": "BRIGHTON AVE", "StreetName2": "DAVIE ST", "Intersection": "BRIGHTON AVE & DAVIE ST", "Jurisdiction": "COV", "POINT_X": 475903.2379999999, "POINT_Y": 5363499.8807}}, {"type": "Feature", "id": 1987, "geometry": {"type": "MultiPoint", "coordinates": [[-123.34644505887367, 48.44515397353765]]}, "properties": {"OBJECTID": 1987, "StreetName1": "CEDAR HILL RD", "StreetName2": "DELATRE ST", "Intersection": "CEDAR HILL RD & DELATRE ST", "Jurisdiction": "COV", "POINT_X": 474381.00549999997, "POINT_Y": 5365836.5001}}, {"type": "Feature", "id": 1988, "geometry": {"type": "MultiPoint", "coordinates": [[-123.3760087401607, 48.44521721618096]]}, "properties": {"OBJECTID": 1988, "StreetName1": "BURNSIDE RD E", "StreetName2": "DELTA ST", "Intersection": "BURNSIDE RD E & DELTA ST", "Jurisdiction": "COV", "POINT_X": 472194.7664999999, "POINT_Y": 5365853.8444}}, {"type": "Feature", "id": 1989, "geometry": {"type": "MultiPoint", "coordinates": [[-123.37530492753902, 48.44586618722033]]}, "properties": {"OBJECTID": 1989, "StreetName1": "BETA ST", "StreetName2": "DELTA ST", "Intersection": "BETA ST & DELTA ST", "Jurisdiction": "COV", "POINT_X": 472247.16789999977, "POINT_Y": 5365925.7249}}, {"type": "Feature", "id": 1990, "geometry": {"type": "MultiPoint", "coordinates": [[-123.3397031173409, 48.432690927052725]]}, "properties": {"OBJECTID": 1990, "StreetName1": "BELMONT AVE", "StreetName2": "DENMAN ST", "Intersection": "BELMONT AVE & DENMAN ST", "Jurisdiction": "COV", "POINT_X": 474873.43539999984, "POINT_Y": 5364448.946900001}}, {"type": "Feature", "id": 1991, "geometry": {"type": "MultiPoint", "coordinates": [[-123.3620371237809, 48.43197149268469]]}, "properties": {"OBJECTID": 1991, "StreetName1": "BLANSHARD ST", "StreetName2": "DISCOVERY ST", "Intersection": "BLANSHARD ST & DISCOVERY ST", "Jurisdiction": "COV", "POINT_X": 473221.02359999996, "POINT_Y": 5364376.5481}}, {"type": "Feature", "id": 1992, "geometry": {"type": "MultiPoint", "coordinates": [[-123.38387244116481, 48.41530625611307]]}, "properties": {"OBJECTID": 1992, "StreetName1": "DALLAS RD", "StreetName2": "DOCK ST", "Intersection": "DALLAS RD & DOCK ST", "Jurisdiction": "COV", "POINT_X": 471596.57100000046, "POINT_Y": 5362532.0101}}, {"type": "Feature", "id": 1993, "geometry": {"type": "MultiPoint", "coordinates": [[-123.39387612264052, 48.43661423844458]]}, "properties": {"OBJECTID": 1993, "StreetName1": "BELTON AVE", "StreetName2": "DOMINION RD", "Intersection": "BELTON AVE & DOMINION RD", "Jurisdiction": "COV", "POINT_X": 470868.5329, "POINT_Y": 5364904.2313}}, {"type": "Feature", "id": 1994, "geometry": {"type": "MultiPoint", "coordinates": [[-123.39329436845182, 48.438759981168054]]}, "properties": {"OBJECTID": 1994, "StreetName1": "CONNAUGHT RD", "StreetName2": "DOMINION RD", "Intersection": "CONNAUGHT RD & DOMINION RD", "Jurisdiction": "COV", "POINT_X": 470912.7866000002, "POINT_Y": 5365142.518100001}}, {"type": "Feature", "id": 1995, "geometry": {"type": "MultiPoint", "coordinates": [[-123.39309153438842, 48.4394747722469]]}, "properties": {"OBJECTID": 1995, "StreetName1": "CRAIGFLOWER RD", "StreetName2": "DOMINION RD", "Intersection": "CRAIGFLOWER RD & DOMINION RD", "Jurisdiction": "COV", "POINT_X": 470928.1962000001, "POINT_Y": 5365221.892999999}}, {"type": "Feature", "id": 1996, "geometry": {"type": "MultiPoint", "coordinates": [[-123.3412621910204, 48.44762157986411]]}, "properties": {"OBJECTID": 1996, "StreetName1": "CLAWTHORPE AVE", "StreetName2": "DONCASTER DR", "Intersection": "CLAWTHORPE AVE & DONCASTER DR", "Jurisdiction": "COV", "POINT_X": 474765.5081000002, "POINT_Y": 5366109.0638}}, {"type": "Feature", "id": 1997, "geometry": {"type": "MultiPoint", "coordinates": [[-123.34065324364275, 48.446849991471815]]}, "properties": {"OBJECTID": 1997, "StreetName1": "BURTON AVE", "StreetName2": "DONCASTER DR", "Intersection": "BURTON AVE & DONCASTER DR", "Jurisdiction": "COV", "POINT_X": 474810.1568, "POINT_Y": 5366023.0978999995}}, {"type": "Feature", "id": 1998, "geometry": {"type": "MultiPoint", "coordinates": [[-123.38290533002196, 48.446306867959024]]}, "properties": {"OBJECTID": 1998, "StreetName1": "ALBANY ST", "StreetName2": "DORIC ST", "Intersection": "ALBANY ST & DORIC ST", "Jurisdiction": "COV", "POINT_X": 471685.36099999957, "POINT_Y": 5365977.4914}}, {"type": "Feature", "id": 1999, "geometry": {"type": "MultiPoint", "coordinates": [[-123.38234835380113, 48.44613844823777], [-123.38211770629955, 48.44602965210305]]}, "properties": {"OBJECTID": 1999, "StreetName1": "CARROLL ST", "StreetName2": "DORIC ST", "Intersection": "CARROLL ST & DORIC ST", "Jurisdiction": "COV", "POINT_X": 471734.95369999984, "POINT_Y": 5365952.475850001}}, {"type": "Feature", "id": 2000, "geometry": {"type": "MultiPoint", "coordinates": [[-123.37208067350666, 48.44731958517293]]}, "properties": {"OBJECTID": 2000, "StreetName1": "ALPHA ST", "StreetName2": "DOUGLAS ST", "Intersection": "ALPHA ST & DOUGLAS ST", "Jurisdiction": "COV", "POINT_X": 472486.3875000002, "POINT_Y": 5366086.112500001}}, {"type": "Feature", "id": 2001, "geometry": {"type": "MultiPoint", "coordinates": [[-123.36923485174128, 48.40877236221984], [-123.3688134873841, 48.41040486016759]]}, "properties": {"OBJECTID": 2001, "StreetName1": "DALLAS RD", "StreetName2": "DOUGLAS ST", "Intersection": "DALLAS RD & DOUGLAS ST", "Jurisdiction": "COV", "POINT_X": 472692.2016499996, "POINT_Y": 5361891.07395}}, {"type": "Feature", "id": 2002, "geometry": {"type": "MultiPoint", "coordinates": [[-123.36894763180604, 48.41008603451094]]}, "properties": {"OBJECTID": 2002, "StreetName1": "BATTERY ST", "StreetName2": "DOUGLAS ST", "Intersection": "BATTERY ST & DOUGLAS ST", "Jurisdiction": "COV", "POINT_X": 472698.1321999999, "POINT_Y": 5361946.336999999}}, {"type": "Feature", "id": 2003, "geometry": {"type": "MultiPoint", "coordinates": [[-123.368874282082, 48.44180766623449]]}, "properties": {"OBJECTID": 2003, "StreetName1": "BURNSIDE RD E", "StreetName2": "DOUGLAS ST", "Intersection": "BURNSIDE RD E & DOUGLAS ST", "Jurisdiction": "COV", "POINT_X": 472720.5426000003, "POINT_Y": 5365472.292199999}}, {"type": "Feature", "id": 2004, "geometry": {"type": "MultiPoint", "coordinates": [[-123.3683546380666, 48.41156589251098]]}, "properties": {"OBJECTID": 2004, "StreetName1": "BEACON ST", "StreetName2": "DOUGLAS ST", "Intersection": "BEACON ST & DOUGLAS ST", "Jurisdiction": "COV", "POINT_X": 472742.80599999987, "POINT_Y": 5362110.6173}}, {"type": "Feature", "id": 2005, "geometry": {"type": "MultiPoint", "coordinates": [[-123.36844409251329, 48.411337007056645], [-123.36798832228656, 48.41220210219847]]}, "properties": {"OBJECTID": 2005, "StreetName1": "CIRCLE DR", "StreetName2": "DOUGLAS ST", "Intersection": "CIRCLE DR & DOUGLAS ST", "Jurisdiction": "COV", "POINT_X": 472753.1585500003, "POINT_Y": 5362133.20585}}, {"type": "Feature", "id": 2006, "geometry": {"type": "MultiPoint", "coordinates": [[-123.36784378125763, 48.41245313297647]]}, "properties": {"OBJECTID": 2006, "StreetName1": "CIRCLE DR", "StreetName2": "DOUGLAS ST", "Intersection": "CIRCLE DR & DOUGLAS ST", "Jurisdiction": "COV", "POINT_X": 472781.08299999963, "POINT_Y": 5362209.055600001}}, {"type": "Feature", "id": 2007, "geometry": {"type": "MultiPoint", "coordinates": [[-123.36653361372069, 48.41462777058757]]}, "properties": {"OBJECTID": 2007, "StreetName1": "AVALON RD", "StreetName2": "DOUGLAS ST", "Intersection": "AVALON RD & DOUGLAS ST", "Jurisdiction": "COV", "POINT_X": 472879.19039999973, "POINT_Y": 5362450.309699999}}, {"type": "Feature", "id": 2008, "geometry": {"type": "MultiPoint", "coordinates": [[-123.36634587576782, 48.42023523163608]]}, "properties": {"OBJECTID": 2008, "StreetName1": "BELLEVILLE ST", "StreetName2": "DOUGLAS ST", "Intersection": "BELLEVILLE ST & DOUGLAS ST", "Jurisdiction": "COV", "POINT_X": 472896.06319999974, "POINT_Y": 5363073.5331999995}}, {"type": "Feature", "id": 2009, "geometry": {"type": "MultiPoint", "coordinates": [[-123.3660367593165, 48.42221857476871]]}, "properties": {"OBJECTID": 2009, "StreetName1": "BURDETT AVE", "StreetName2": "DOUGLAS ST", "Intersection": "BURDETT AVE & DOUGLAS ST", "Jurisdiction": "COV", "POINT_X": 472919.9874999998, "POINT_Y": 5363293.879899999}}, {"type": "Feature", "id": 2010, "geometry": {"type": "MultiPoint", "coordinates": [[-123.36573978760903, 48.42313639918243]]}, "properties": {"OBJECTID": 2010, "StreetName1": "COURTNEY ST", "StreetName2": "DOUGLAS ST", "Intersection": "COURTNEY ST & DOUGLAS ST", "Jurisdiction": "COV", "POINT_X": 472942.44600000046, "POINT_Y": 5363395.794600001}}, {"type": "Feature", "id": 2011, "geometry": {"type": "MultiPoint", "coordinates": [[-123.36567550048105, 48.4187150703636]]}, "properties": {"OBJECTID": 2011, "StreetName1": "BLANSHARD ST", "StreetName2": "DOUGLAS ST", "Intersection": "BLANSHARD ST & DOUGLAS ST", "Jurisdiction": "COV", "POINT_X": 472944.85589999985, "POINT_Y": 5362904.3246}}, {"type": "Feature", "id": 2012, "geometry": {"type": "MultiPoint", "coordinates": [[-123.36554333669906, 48.42388440224256]]}, "properties": {"OBJECTID": 2012, "StreetName1": "BROUGHTON ST", "StreetName2": "DOUGLAS ST", "Intersection": "BROUGHTON ST & DOUGLAS ST", "Jurisdiction": "COV", "POINT_X": 472957.37689999957, "POINT_Y": 5363478.8686}}, {"type": "Feature", "id": 2013, "geometry": {"type": "MultiPoint", "coordinates": [[-123.3654834656381, 48.43570797342137]]}, "properties": {"OBJECTID": 2013, "StreetName1": "BAY ST", "StreetName2": "DOUGLAS ST", "Intersection": "BAY ST & DOUGLAS ST", "Jurisdiction": "COV", "POINT_X": 472968.07830000017, "POINT_Y": 5364793.083799999}}, {"type": "Feature", "id": 2014, "geometry": {"type": "MultiPoint", "coordinates": [[-123.36457211416969, 48.43194109358158]]}, "properties": {"OBJECTID": 2014, "StreetName1": "DISCOVERY ST", "StreetName2": "DOUGLAS ST", "Intersection": "DISCOVERY ST & DOUGLAS ST", "Jurisdiction": "COV", "POINT_X": 473033.4930999996, "POINT_Y": 5364374.058700001}}, {"type": "Feature", "id": 2015, "geometry": {"type": "MultiPoint", "coordinates": [[-123.3645389464237, 48.43110074816072]]}, "properties": {"OBJECTID": 2015, "StreetName1": "CALEDONIA AVE", "StreetName2": "DOUGLAS ST", "Intersection": "CALEDONIA AVE & DOUGLAS ST", "Jurisdiction": "COV", "POINT_X": 473035.50189999957, "POINT_Y": 5364280.6393}}, {"type": "Feature", "id": 2016, "geometry": {"type": "MultiPoint", "coordinates": [[-123.36444563699882, 48.4285785192438]]}, "properties": {"OBJECTID": 2016, "StreetName1": "CENTENNIAL SQ", "StreetName2": "DOUGLAS ST", "Intersection": "CENTENNIAL SQ & DOUGLAS ST", "Jurisdiction": "COV", "POINT_X": 473041.0700000003, "POINT_Y": 5364000.2508000005}}, {"type": "Feature", "id": 2017, "geometry": {"type": "MultiPoint", "coordinates": [[-123.36096699609315, 48.43546033917513]]}, "properties": {"OBJECTID": 2017, "StreetName1": "BAY ST", "StreetName2": "DOWLER PL", "Intersection": "BAY ST & DOWLER PL", "Jurisdiction": "COV", "POINT_X": 473302.00939999986, "POINT_Y": 5364763.9737}}, {"type": "Feature", "id": 2018, "geometry": {"type": "MultiPoint", "coordinates": [[-123.38474253984937, 48.431269038054225]]}, "properties": {"OBJECTID": 2018, "StreetName1": "CATHERINE ST", "StreetName2": "DUNDAS ST", "Intersection": "CATHERINE ST & DUNDAS ST", "Jurisdiction": "COV", "POINT_X": 471541.10140000004, "POINT_Y": 5364306.6565000005}}, {"type": "Feature", "id": 2019, "geometry": {"type": "MultiPoint", "coordinates": [[-123.36924687225357, 48.44196203369429]]}, "properties": {"OBJECTID": 2019, "StreetName1": "BURNSIDE RD E", "StreetName2": "DUNEDIN ST", "Intersection": "BURNSIDE RD E & DUNEDIN ST", "Jurisdiction": "COV", "POINT_X": 472693.0700000003, "POINT_Y": 5365489.5836}}, {"type": "Feature", "id": 2020, "geometry": {"type": "MultiPoint", "coordinates": [[-123.3791703434052, 48.41372520913883]]}, "properties": {"OBJECTID": 2020, "StreetName1": "BOYD ST", "StreetName2": "DUNELM WYNDE", "Intersection": "BOYD ST & DUNELM WYNDE", "Jurisdiction": "COV", "POINT_X": 471943.6310999999, "POINT_Y": 5362354.5381000005}}, {"type": "Feature", "id": 2021, "geometry": {"type": "MultiPoint", "coordinates": [[-123.34523823976961, 48.416761115260186]]}, "properties": {"OBJECTID": 2021, "StreetName1": "CARNSEW ST", "StreetName2": "DURBAN ST", "Intersection": "CARNSEW ST & DURBAN ST", "Jurisdiction": "COV", "POINT_X": 474455.8239000002, "POINT_Y": 5362678.9109000005}}, {"type": "Feature", "id": 2022, "geometry": {"type": "MultiPoint", "coordinates": [[-123.33727484131933, 48.41365425542559]]}, "properties": {"OBJECTID": 2022, "StreetName1": "EARLE PL", "StreetName2": "EARLE ST", "Intersection": "EARLE PL & EARLE ST", "Jurisdiction": "COV", "POINT_X": 475043.7357000001, "POINT_Y": 5362332.153899999}}, {"type": "Feature", "id": 2023, "geometry": {"type": "MultiPoint", "coordinates": [[-123.34656452996205, 48.408954375133874]]}, "properties": {"OBJECTID": 2023, "StreetName1": "BUSHBY ST", "StreetName2": "EBERTS ST", "Intersection": "BUSHBY ST & EBERTS ST", "Jurisdiction": "COV", "POINT_X": 474353.9626000002, "POINT_Y": 5361812.8136}}, {"type": "Feature", "id": 2024, "geometry": {"type": "MultiPoint", "coordinates": [[-123.34577784694184, 48.40829461990652]]}, "properties": {"OBJECTID": 2024, "StreetName1": "DALLAS RD", "StreetName2": "EBERTS ST", "Intersection": "DALLAS RD & EBERTS ST", "Jurisdiction": "COV", "POINT_X": 474411.84920000006, "POINT_Y": 5361739.216399999}}, {"type": "Feature", "id": 2025, "geometry": {"type": "MultiPoint", "coordinates": [[-123.34613523144927, 48.4425146291812]]}, "properties": {"OBJECTID": 2025, "StreetName1": "CEDAR HILL RD", "StreetName2": "EDGEWARE RD", "Intersection": "CEDAR HILL RD & EDGEWARE RD", "Jurisdiction": "COV", "POINT_X": 474402.59140000027, "POINT_Y": 5365543.0222}}, {"type": "Feature", "id": 2026, "geometry": {"type": "MultiPoint", "coordinates": [[-123.33943969310022, 48.44530549913322]]}, "properties": {"OBJECTID": 2026, "StreetName1": "DONCASTER DR", "StreetName2": "EDGEWARE RD", "Intersection": "DONCASTER DR & EDGEWARE RD", "Jurisdiction": "COV", "POINT_X": 474899.1364000002, "POINT_Y": 5365851.022399999}}, {"type": "Feature", "id": 2027, "geometry": {"type": "MultiPoint", "coordinates": [[-123.38478792979353, 48.433783157750156]]}, "properties": {"OBJECTID": 2027, "StreetName1": "CATHERINE ST", "StreetName2": "EDWARD ST", "Intersection": "CATHERINE ST & EDWARD ST", "Jurisdiction": "COV", "POINT_X": 471539.14800000004, "POINT_Y": 5364586.127699999}}, {"type": "Feature", "id": 2028, "geometry": {"type": "MultiPoint", "coordinates": [[-123.38332687691015, 48.433778149364976]]}, "properties": {"OBJECTID": 2028, "StreetName1": "ALSTON ST", "StreetName2": "EDWARD ST", "Intersection": "ALSTON ST & EDWARD ST", "Jurisdiction": "COV", "POINT_X": 471647.21609999985, "POINT_Y": 5364585.028999999}}, {"type": "Feature", "id": 2029, "geometry": {"type": "MultiPoint", "coordinates": [[-123.34127130169571, 48.427537190571975]]}, "properties": {"OBJECTID": 2029, "StreetName1": "BEGBIE ST", "StreetName2": "ELFORD ST", "Intersection": "BEGBIE ST & ELFORD ST", "Jurisdiction": "COV", "POINT_X": 474754.88489999995, "POINT_Y": 5363876.6044}}, {"type": "Feature", "id": 2030, "geometry": {"type": "MultiPoint", "coordinates": [[-123.37325960031885, 48.43875026962685]]}, "properties": {"OBJECTID": 2030, "StreetName1": "BRIDGE ST", "StreetName2": "ELLICE ST", "Intersection": "BRIDGE ST & ELLICE ST", "Jurisdiction": "COV", "POINT_X": 472394.56460000016, "POINT_Y": 5365134.0217}}, {"type": "Feature", "id": 2031, "geometry": {"type": "MultiPoint", "coordinates": [[-123.35099619714325, 48.43491057406726]]}, "properties": {"OBJECTID": 2031, "StreetName1": "BAY ST", "StreetName2": "EMPIRE ST", "Intersection": "BAY ST & EMPIRE ST", "Jurisdiction": "COV", "POINT_X": 474039.2235000003, "POINT_Y": 5364699.4366999995}}, {"type": "Feature", "id": 2032, "geometry": {"type": "MultiPoint", "coordinates": [[-123.352357004377, 48.43445178600692]]}, "properties": {"OBJECTID": 2032, "StreetName1": "COOK ST", "StreetName2": "EMPRESS AVE", "Intersection": "COOK ST & EMPRESS AVE", "Jurisdiction": "COV", "POINT_X": 473938.3350999998, "POINT_Y": 5364648.902799999}}, {"type": "Feature", "id": 2033, "geometry": {"type": "MultiPoint", "coordinates": [[-123.34939288540895, 48.43429262644756]]}, "properties": {"OBJECTID": 2033, "StreetName1": "CHAMBERS ST", "StreetName2": "EMPRESS AVE", "Intersection": "CHAMBERS ST & EMPRESS AVE", "Jurisdiction": "COV", "POINT_X": 474157.50100000016, "POINT_Y": 5364630.207}}, {"type": "Feature", "id": 2034, "geometry": {"type": "MultiPoint", "coordinates": [[-123.38442030799902, 48.422016068981044]]}, "properties": {"OBJECTID": 2034, "StreetName1": "DALLAS RD", "StreetName2": "ERIE ST", "Intersection": "DALLAS RD & ERIE ST", "Jurisdiction": "COV", "POINT_X": 471559.7748999996, "POINT_Y": 5363278.0338}}, {"type": "Feature", "id": 2035, "geometry": {"type": "MultiPoint", "coordinates": [[-123.39427634206984, 48.43175715992735]]}, "properties": {"OBJECTID": 2035, "StreetName1": "DOMINION RD", "StreetName2": "ESQUIMALT RD", "Intersection": "DOMINION RD & ESQUIMALT RD", "Jurisdiction": "COV", "POINT_X": 470836.1514999997, "POINT_Y": 5364364.5001}}, {"type": "Feature", "id": 2036, "geometry": {"type": "MultiPoint", "coordinates": [[-123.39291897310522, 48.43126182288476]]}, "properties": {"OBJECTID": 2036, "StreetName1": "BARNARD AVE", "StreetName2": "ESQUIMALT RD", "Intersection": "BARNARD AVE & ESQUIMALT RD", "Jurisdiction": "COV", "POINT_X": 470936.2746000001, "POINT_Y": 5364308.9254}}, {"type": "Feature", "id": 2037, "geometry": {"type": "MultiPoint", "coordinates": [[-123.39269454020793, 48.43119317081705]]}, "properties": {"OBJECTID": 2037, "StreetName1": "BOWLSBY PL", "StreetName2": "ESQUIMALT RD", "Intersection": "BOWLSBY PL & ESQUIMALT RD", "Jurisdiction": "COV", "POINT_X": 470952.8371000001, "POINT_Y": 5364301.2093}}, {"type": "Feature", "id": 2038, "geometry": {"type": "MultiPoint", "coordinates": [[-123.39103327208606, 48.43087461166218]]}, "properties": {"OBJECTID": 2038, "StreetName1": "DALTON ST", "StreetName2": "ESQUIMALT RD", "Intersection": "DALTON ST & ESQUIMALT RD", "Jurisdiction": "COV", "POINT_X": 471075.54289999977, "POINT_Y": 5364265.171399999}}, {"type": "Feature", "id": 2039, "geometry": {"type": "MultiPoint", "coordinates": [[-123.3847260157557, 48.43039044409076]]}, "properties": {"OBJECTID": 2039, "StreetName1": "CATHERINE ST", "StreetName2": "ESQUIMALT RD", "Intersection": "CATHERINE ST & ESQUIMALT RD", "Jurisdiction": "COV", "POINT_X": 471541.8331000004, "POINT_Y": 5364208.9912}}, {"type": "Feature", "id": 2040, "geometry": {"type": "MultiPoint", "coordinates": [[-123.36444322040109, 48.42197983801197]]}, "properties": {"OBJECTID": 2040, "StreetName1": "BURDETT AVE", "StreetName2": "FAIRFIELD RD", "Intersection": "BURDETT AVE & FAIRFIELD RD", "Jurisdiction": "COV", "POINT_X": 473037.7586000003, "POINT_Y": 5363266.781199999}}, {"type": "Feature", "id": 2041, "geometry": {"type": "MultiPoint", "coordinates": [[-123.36308959377087, 48.42115729315675]]}, "properties": {"OBJECTID": 2041, "StreetName1": "BLANSHARD ST", "StreetName2": "FAIRFIELD RD", "Intersection": "BLANSHARD ST & FAIRFIELD RD", "Jurisdiction": "COV", "POINT_X": 473137.4731999999, "POINT_Y": 5363174.876599999}}, {"type": "Feature", "id": 2042, "geometry": {"type": "MultiPoint", "coordinates": [[-123.35538805489955, 48.41802036864857]]}, "properties": {"OBJECTID": 2042, "StreetName1": "COOK ST", "StreetName2": "FAIRFIELD RD", "Intersection": "COOK ST & FAIRFIELD RD", "Jurisdiction": "COV", "POINT_X": 473705.6627000002, "POINT_Y": 5362823.5232}}, {"type": "Feature", "id": 2043, "geometry": {"type": "MultiPoint", "coordinates": [[-123.35412231960312, 48.417665878861825]]}, "properties": {"OBJECTID": 2043, "StreetName1": "CHESTER AVE", "StreetName2": "FAIRFIELD RD", "Intersection": "CHESTER AVE & FAIRFIELD RD", "Jurisdiction": "COV", "POINT_X": 473799.13320000004, "POINT_Y": 5362783.6866}}, {"type": "Feature", "id": 2044, "geometry": {"type": "MultiPoint", "coordinates": [[-123.34969500721627, 48.41582190497943]]}, "properties": {"OBJECTID": 2044, "StreetName1": "CORNWALL ST", "StreetName2": "FAIRFIELD RD", "Intersection": "CORNWALL ST & FAIRFIELD RD", "Jurisdiction": "COV", "POINT_X": 474125.77979999967, "POINT_Y": 5362577.2171}}, {"type": "Feature", "id": 2045, "geometry": {"type": "MultiPoint", "coordinates": [[-123.3477979373644, 48.414798437075675]]}, "properties": {"OBJECTID": 2045, "StreetName1": "BRIAR PL", "StreetName2": "FAIRFIELD RD", "Intersection": "BRIAR PL & FAIRFIELD RD", "Jurisdiction": "COV", "POINT_X": 474265.63489999995, "POINT_Y": 5362462.8158}}, {"type": "Feature", "id": 2046, "geometry": {"type": "MultiPoint", "coordinates": [[-123.34401365069205, 48.412684127409925]]}, "properties": {"OBJECTID": 2046, "StreetName1": "FAIRCLIFF LANE", "StreetName2": "FAIRFIELD RD", "Intersection": "FAIRCLIFF LANE & FAIRFIELD RD", "Jurisdiction": "COV", "POINT_X": 474544.5992999999, "POINT_Y": 5362226.5381000005}}, {"type": "Feature", "id": 2047, "geometry": {"type": "MultiPoint", "coordinates": [[-123.34129438626988, 48.41191110334306]]}, "properties": {"OBJECTID": 2047, "StreetName1": "ARNOLD AVE", "StreetName2": "FAIRFIELD RD", "Intersection": "ARNOLD AVE & FAIRFIELD RD", "Jurisdiction": "COV", "POINT_X": 474745.43790000025, "POINT_Y": 5362139.7136}}, {"type": "Feature", "id": 2048, "geometry": {"type": "MultiPoint", "coordinates": [[-123.33333375836509, 48.414022672548626]]}, "properties": {"OBJECTID": 2048, "StreetName1": "BEECHWOOD AVE", "StreetName2": "FAIRFIELD RD", "Intersection": "BEECHWOOD AVE & FAIRFIELD RD", "Jurisdiction": "COV", "POINT_X": 475335.54250000045, "POINT_Y": 5362371.828299999}}, {"type": "Feature", "id": 2049, "geometry": {"type": "MultiPoint", "coordinates": [[-123.33258103436448, 48.41478133933416]]}, "properties": {"OBJECTID": 2049, "StreetName1": "EARLE ST", "StreetName2": "FAIRFIELD RD", "Intersection": "EARLE ST & FAIRFIELD RD", "Jurisdiction": "COV", "POINT_X": 475391.60759999976, "POINT_Y": 5362455.914799999}}, {"type": "Feature", "id": 2050, "geometry": {"type": "MultiPoint", "coordinates": [[-123.32563843807407, 48.415665972465646]]}, "properties": {"OBJECTID": 2050, "StreetName1": "FAIRFIELD PL", "StreetName2": "FAIRFIELD RD", "Intersection": "FAIRFIELD PL & FAIRFIELD RD", "Jurisdiction": "COV", "POINT_X": 475905.7461000001, "POINT_Y": 5362552.037900001}}, {"type": "Feature", "id": 2051, "geometry": {"type": "MultiPoint", "coordinates": [[-123.32550958511992, 48.415677264251215]]}, "properties": {"OBJECTID": 2051, "StreetName1": "CHADWICK PL", "StreetName2": "FAIRFIELD RD", "Intersection": "CHADWICK PL & FAIRFIELD RD", "Jurisdiction": "COV", "POINT_X": 475915.2857999997, "POINT_Y": 5362553.2524999995}}, {"type": "Feature", "id": 2052, "geometry": {"type": "MultiPoint", "coordinates": [[-123.35756659196718, 48.41032567850739]]}, "properties": {"OBJECTID": 2052, "StreetName1": "COOK ST", "StreetName2": "FAITHFUL ST", "Intersection": "COOK ST & FAITHFUL ST", "Jurisdiction": "COV", "POINT_X": 473540.4787999997, "POINT_Y": 5361968.980599999}}, {"type": "Feature", "id": 2053, "geometry": {"type": "MultiPoint", "coordinates": [[-123.35499608768374, 48.4100491051274]]}, "properties": {"OBJECTID": 2053, "StreetName1": "CAMBRIDGE ST", "StreetName2": "FAITHFUL ST", "Intersection": "CAMBRIDGE ST & FAITHFUL ST", "Jurisdiction": "COV", "POINT_X": 473730.5585000003, "POINT_Y": 5361937.353800001}}, {"type": "Feature", "id": 2054, "geometry": {"type": "MultiPoint", "coordinates": [[-123.33515937971785, 48.429673344344614]]}, "properties": {"OBJECTID": 2054, "StreetName1": "BEGBIE ST", "StreetName2": "FERN ST", "Intersection": "BEGBIE ST & FERN ST", "Jurisdiction": "COV", "POINT_X": 475208.06520000007, "POINT_Y": 5364112.0496}}, {"type": "Feature", "id": 2055, "geometry": {"type": "MultiPoint", "coordinates": [[-123.34531599825023, 48.42773689464254]]}, "properties": {"OBJECTID": 2055, "StreetName1": "BALMORAL RD", "StreetName2": "FERNWOOD RD", "Intersection": "BALMORAL RD & FERNWOOD RD", "Jurisdiction": "COV", "POINT_X": 474455.77080000006, "POINT_Y": 5363900.1435}}, {"type": "Feature", "id": 2056, "geometry": {"type": "MultiPoint", "coordinates": [[-123.34509002432151, 48.432079184992844]]}, "properties": {"OBJECTID": 2056, "StreetName1": "CENTRE RD", "StreetName2": "FERNWOOD RD", "Intersection": "CENTRE RD & FERNWOOD RD", "Jurisdiction": "COV", "POINT_X": 474474.6624999996, "POINT_Y": 5364382.730900001}}, {"type": "Feature", "id": 2057, "geometry": {"type": "MultiPoint", "coordinates": [[-123.34506131811315, 48.43280234713491]]}, "properties": {"OBJECTID": 2057, "StreetName1": "DENMAN ST", "StreetName2": "FERNWOOD RD", "Intersection": "DENMAN ST & FERNWOOD RD", "Jurisdiction": "COV", "POINT_X": 474477.1480999999, "POINT_Y": 5364463.103700001}}, {"type": "Feature", "id": 2058, "geometry": {"type": "MultiPoint", "coordinates": [[-123.34499237253338, 48.43450786316546]]}, "properties": {"OBJECTID": 2058, "StreetName1": "BAY ST", "StreetName2": "FERNWOOD RD", "Intersection": "BAY ST & FERNWOOD RD", "Jurisdiction": "COV", "POINT_X": 474483.10199999996, "POINT_Y": 5364652.6557}}, {"type": "Feature", "id": 2059, "geometry": {"type": "MultiPoint", "coordinates": [[-123.34478353971984, 48.440141659584114]]}, "properties": {"OBJECTID": 2059, "StreetName1": "CEDAR HILL RD", "StreetName2": "FERNWOOD RD", "Intersection": "CEDAR HILL RD & FERNWOOD RD", "Jurisdiction": "COV", "POINT_X": 474501.3683000002, "POINT_Y": 5365278.8057}}, {"type": "Feature", "id": 2060, "geometry": {"type": "MultiPoint", "coordinates": [[-123.36508612220382, 48.43495633081827]]}, "properties": {"OBJECTID": 2060, "StreetName1": "DOUGLAS ST", "StreetName2": "FIELD ST", "Intersection": "DOUGLAS ST & FIELD ST", "Jurisdiction": "COV", "POINT_X": 472997.0695000002, "POINT_Y": 5364709.395500001}}, {"type": "Feature", "id": 2061, "geometry": {"type": "MultiPoint", "coordinates": [[-123.3566098445057, 48.435220640167756]]}, "properties": {"OBJECTID": 2061, "StreetName1": "BAY ST", "StreetName2": "FIFTH ST", "Intersection": "BAY ST & FIFTH ST", "Jurisdiction": "COV", "POINT_X": 473624.1638000002, "POINT_Y": 5364735.8202}}, {"type": "Feature", "id": 2062, "geometry": {"type": "MultiPoint", "coordinates": [[-123.34425552449618, 48.447846306631675]]}, "properties": {"OBJECTID": 2062, "StreetName1": "CEDAR HILL RD", "StreetName2": "FINLAYSON PL", "Intersection": "CEDAR HILL RD & FINLAYSON PL", "Jurisdiction": "COV", "POINT_X": 474544.2701000003, "POINT_Y": 5366135.0341}}, {"type": "Feature", "id": 2063, "geometry": {"type": "MultiPoint", "coordinates": [[-123.37394826098458, 48.4442246262392]]}, "properties": {"OBJECTID": 2063, "StreetName1": "BURNSIDE RD E", "StreetName2": "FINLAYSON ST", "Intersection": "BURNSIDE RD E & FINLAYSON ST", "Jurisdiction": "COV", "POINT_X": 472346.60259999987, "POINT_Y": 5365742.7676}}, {"type": "Feature", "id": 2064, "geometry": {"type": "MultiPoint", "coordinates": [[-123.37075242050976, 48.44504056886375]]}, "properties": {"OBJECTID": 2064, "StreetName1": "DOUGLAS ST", "StreetName2": "FINLAYSON ST", "Intersection": "DOUGLAS ST & FINLAYSON ST", "Jurisdiction": "COV", "POINT_X": 472583.38269999996, "POINT_Y": 5365832.3137}}, {"type": "Feature", "id": 2065, "geometry": {"type": "MultiPoint", "coordinates": [[-123.36662066137696, 48.44557053091552], [-123.3663927321265, 48.4456022425796]]}, "properties": {"OBJECTID": 2065, "StreetName1": "BLANSHARD ST", "StreetName2": "FINLAYSON ST", "Intersection": "BLANSHARD ST & FINLAYSON ST", "Jurisdiction": "COV", "POINT_X": 472897.65069999977, "POINT_Y": 5365891.472}}, {"type": "Feature", "id": 2066, "geometry": {"type": "MultiPoint", "coordinates": [[-123.35979789425457, 48.4464531673493]]}, "properties": {"OBJECTID": 2066, "StreetName1": "FIFTH ST", "StreetName2": "FINLAYSON ST", "Intersection": "FIFTH ST & FINLAYSON ST", "Jurisdiction": "COV", "POINT_X": 473394.2241000002, "POINT_Y": 5365985.4651999995}}, {"type": "Feature", "id": 2067, "geometry": {"type": "MultiPoint", "coordinates": [[-123.35599852911558, 48.446932143626874]]}, "properties": {"OBJECTID": 2067, "StreetName1": "BLACKWOOD ST", "StreetName2": "FINLAYSON ST", "Intersection": "BLACKWOOD ST & FINLAYSON ST", "Jurisdiction": "COV", "POINT_X": 473675.43259999994, "POINT_Y": 5366037.392100001}}, {"type": "Feature", "id": 2068, "geometry": {"type": "MultiPoint", "coordinates": [[-123.3498465801844, 48.447736091232734]]}, "properties": {"OBJECTID": 2068, "StreetName1": "COOK ST", "StreetName2": "FINLAYSON ST", "Intersection": "COOK ST & FINLAYSON ST", "Jurisdiction": "COV", "POINT_X": 474130.7698999997, "POINT_Y": 5366124.657299999}}, {"type": "Feature", "id": 2069, "geometry": {"type": "MultiPoint", "coordinates": [[-123.34396557450043, 48.44836843904165]]}, "properties": {"OBJECTID": 2069, "StreetName1": "CEDAR HILL RD", "StreetName2": "FINLAYSON ST", "Intersection": "CEDAR HILL RD & FINLAYSON ST", "Jurisdiction": "COV", "POINT_X": 474565.97190000024, "POINT_Y": 5366192.975}}, {"type": "Feature", "id": 2070, "geometry": {"type": "MultiPoint", "coordinates": [[-123.36793027891774, 48.42936582351395]]}, "properties": {"OBJECTID": 2070, "StreetName1": "FAN TAN ALLEY", "StreetName2": "FISGARD ST", "Intersection": "FAN TAN ALLEY & FISGARD ST", "Jurisdiction": "COV", "POINT_X": 472783.71270000003, "POINT_Y": 5364088.9953000005}}, {"type": "Feature", "id": 2071, "geometry": {"type": "MultiPoint", "coordinates": [[-123.36447250880632, 48.42941738257795]]}, "properties": {"OBJECTID": 2071, "StreetName1": "DOUGLAS ST", "StreetName2": "FISGARD ST", "Intersection": "DOUGLAS ST & FISGARD ST", "Jurisdiction": "COV", "POINT_X": 473039.5258999998, "POINT_Y": 5364093.5032}}, {"type": "Feature", "id": 2072, "geometry": {"type": "MultiPoint", "coordinates": [[-123.3618839919774, 48.429361434557514]]}, "properties": {"OBJECTID": 2072, "StreetName1": "BLANSHARD ST", "StreetName2": "FISGARD ST", "Intersection": "BLANSHARD ST & FISGARD ST", "Jurisdiction": "COV", "POINT_X": 473230.9798999997, "POINT_Y": 5364086.3763}}, {"type": "Feature", "id": 2073, "geometry": {"type": "MultiPoint", "coordinates": [[-123.35885839249808, 48.429069857661425]]}, "properties": {"OBJECTID": 2073, "StreetName1": "BALMORAL RD", "StreetName2": "FISGARD ST", "Intersection": "BALMORAL RD & FISGARD ST", "Jurisdiction": "COV", "POINT_X": 473454.6445000004, "POINT_Y": 5364052.9132}}, {"type": "Feature", "id": 2074, "geometry": {"type": "MultiPoint", "coordinates": [[-123.33860259744817, 48.43418368458835], [-123.33831789608398, 48.4341698692973]]}, "properties": {"OBJECTID": 2074, "StreetName1": "BAY ST", "StreetName2": "FORBES ST", "Intersection": "BAY ST & FORBES ST", "Jurisdiction": "COV", "POINT_X": 474966.0998000002, "POINT_Y": 5364613.69805}}, {"type": "Feature", "id": 2075, "geometry": {"type": "MultiPoint", "coordinates": [[-123.33839289216957, 48.432658708558634]]}, "properties": {"OBJECTID": 2075, "StreetName1": "DENMAN ST", "StreetName2": "FORBES ST", "Intersection": "DENMAN ST & FORBES ST", "Jurisdiction": "COV", "POINT_X": 474970.3361999998, "POINT_Y": 5364444.9366}}, {"type": "Feature", "id": 2076, "geometry": {"type": "MultiPoint", "coordinates": [[-123.36650538029247, 48.42473887996239]]}, "properties": {"OBJECTID": 2076, "StreetName1": "BROAD ST", "StreetName2": "FORT ST", "Intersection": "BROAD ST & FORT ST", "Jurisdiction": "COV", "POINT_X": 472886.6573000001, "POINT_Y": 5363574.1872000005}}, {"type": "Feature", "id": 2077, "geometry": {"type": "MultiPoint", "coordinates": [[-123.36535726080876, 48.42462048119684]]}, "properties": {"OBJECTID": 2077, "StreetName1": "DOUGLAS ST", "StreetName2": "FORT ST", "Intersection": "DOUGLAS ST & FORT ST", "Jurisdiction": "COV", "POINT_X": 472971.5334999999, "POINT_Y": 5363560.6208999995}}, {"type": "Feature", "id": 2078, "geometry": {"type": "MultiPoint", "coordinates": [[-123.36250847343416, 48.424322982288]]}, "properties": {"OBJECTID": 2078, "StreetName1": "BLANSHARD ST", "StreetName2": "FORT ST", "Intersection": "BLANSHARD ST & FORT ST", "Jurisdiction": "COV", "POINT_X": 473182.13350000046, "POINT_Y": 5363526.5513}}, {"type": "Feature", "id": 2079, "geometry": {"type": "MultiPoint", "coordinates": [[-123.35405643024, 48.42339968513527]]}, "properties": {"OBJECTID": 2079, "StreetName1": "COOK ST", "StreetName2": "FORT ST", "Intersection": "COOK ST & FORT ST", "Jurisdiction": "COV", "POINT_X": 473806.9545, "POINT_Y": 5363420.998199999}}, {"type": "Feature", "id": 2080, "geometry": {"type": "MultiPoint", "coordinates": [[-123.3455563146523, 48.42360038663688]]}, "properties": {"OBJECTID": 2080, "StreetName1": "FERNWOOD RD", "StreetName2": "FORT ST", "Intersection": "FERNWOOD RD & FORT ST", "Jurisdiction": "COV", "POINT_X": 474435.9184999997, "POINT_Y": 5363440.434800001}}, {"type": "Feature", "id": 2081, "geometry": {"type": "MultiPoint", "coordinates": [[-123.34492691039917, 48.423825360398666]]}, "properties": {"OBJECTID": 2081, "StreetName1": "CRAIGDARROCH RD", "StreetName2": "FORT ST", "Intersection": "CRAIGDARROCH RD & FORT ST", "Jurisdiction": "COV", "POINT_X": 474482.59609999973, "POINT_Y": 5363465.2316}}, {"type": "Feature", "id": 2082, "geometry": {"type": "MultiPoint", "coordinates": [[-123.34304636915807, 48.42446213954035]]}, "properties": {"OBJECTID": 2082, "StreetName1": "CARBERRY GDNS", "StreetName2": "FORT ST", "Intersection": "CARBERRY GDNS & FORT ST", "Jurisdiction": "COV", "POINT_X": 474622.0399000002, "POINT_Y": 5363535.3872}}, {"type": "Feature", "id": 2083, "geometry": {"type": "MultiPoint", "coordinates": [[-123.34128280045189, 48.425030983289645]]}, "properties": {"OBJECTID": 2083, "StreetName1": "ELFORD ST", "StreetName2": "FORT ST", "Intersection": "ELFORD ST & FORT ST", "Jurisdiction": "COV", "POINT_X": 474752.79289999977, "POINT_Y": 5363598.033500001}}, {"type": "Feature", "id": 2084, "geometry": {"type": "MultiPoint", "coordinates": [[-123.33806119110048, 48.426069926935654]]}, "properties": {"OBJECTID": 2084, "StreetName1": "BELMONT AVE", "StreetName2": "FORT ST", "Intersection": "BELMONT AVE & FORT ST", "Jurisdiction": "COV", "POINT_X": 474991.63910000026, "POINT_Y": 5363712.459100001}}, {"type": "Feature", "id": 2085, "geometry": {"type": "MultiPoint", "coordinates": [[-123.33297074016747, 48.42840109119964]]}, "properties": {"OBJECTID": 2085, "StreetName1": "BELCHER AVE", "StreetName2": "FORT ST", "Intersection": "BELCHER AVE & FORT ST", "Jurisdiction": "COV", "POINT_X": 475369.3524000002, "POINT_Y": 5363969.9274}}, {"type": "Feature", "id": 2086, "geometry": {"type": "MultiPoint", "coordinates": [[-123.33194371556115, 48.42879829263079]]}, "properties": {"OBJECTID": 2086, "StreetName1": "CHESTNUT ST", "StreetName2": "FORT ST", "Intersection": "CHESTNUT ST & FORT ST", "Jurisdiction": "COV", "POINT_X": 475445.51860000007, "POINT_Y": 5364013.7480999995}}, {"type": "Feature", "id": 2087, "geometry": {"type": "MultiPoint", "coordinates": [[-123.33090631742847, 48.42922090739593]]}, "properties": {"OBJECTID": 2087, "StreetName1": "ASHGROVE ST", "StreetName2": "FORT ST", "Intersection": "ASHGROVE ST & FORT ST", "Jurisdiction": "COV", "POINT_X": 475522.4632000001, "POINT_Y": 5364060.3913}}, {"type": "Feature", "id": 2088, "geometry": {"type": "MultiPoint", "coordinates": [[-123.3288821589986, 48.430109202252495]]}, "properties": {"OBJECTID": 2088, "StreetName1": "BANK ST", "StreetName2": "FORT ST", "Intersection": "BANK ST & FORT ST", "Jurisdiction": "COV", "POINT_X": 475672.6233000001, "POINT_Y": 5364158.4838}}, {"type": "Feature", "id": 2089, "geometry": {"type": "MultiPoint", "coordinates": [[-123.32778065309101, 48.43072041858217]]}, "properties": {"OBJECTID": 2089, "StreetName1": "DUCHESS ST", "StreetName2": "FORT ST", "Intersection": "DUCHESS ST & FORT ST", "Jurisdiction": "COV", "POINT_X": 475754.3959999997, "POINT_Y": 5364226.0736}}, {"type": "Feature", "id": 2090, "geometry": {"type": "MultiPoint", "coordinates": [[-123.32674534548644, 48.43123513212384]]}, "properties": {"OBJECTID": 2090, "StreetName1": "DAVIE ST", "StreetName2": "FORT ST", "Intersection": "DAVIE ST & FORT ST", "Jurisdiction": "COV", "POINT_X": 475831.22420000006, "POINT_Y": 5364282.958799999}}, {"type": "Feature", "id": 2091, "geometry": {"type": "MultiPoint", "coordinates": [[-123.32779979386315, 48.41405937952704]]}, "properties": {"OBJECTID": 2091, "StreetName1": "BEAVEN ST", "StreetName2": "FOUL BAY RD", "Intersection": "BEAVEN ST & FOUL BAY RD", "Jurisdiction": "COV", "POINT_X": 475745.05420000013, "POINT_Y": 5362374.1413}}, {"type": "Feature", "id": 2092, "geometry": {"type": "MultiPoint", "coordinates": [[-123.32755904613664, 48.41675888487914]]}, "properties": {"OBJECTID": 2092, "StreetName1": "CHANDLER AVE", "StreetName2": "FOUL BAY RD", "Intersection": "CHANDLER AVE & FOUL BAY RD", "Jurisdiction": "COV", "POINT_X": 475764.1518000001, "POINT_Y": 5362674.1251}}, {"type": "Feature", "id": 2093, "geometry": {"type": "MultiPoint", "coordinates": [[-123.3275350689725, 48.41548652689492]]}, "properties": {"OBJECTID": 2093, "StreetName1": "FAIRFIELD RD", "StreetName2": "FOUL BAY RD", "Intersection": "FAIRFIELD RD & FOUL BAY RD", "Jurisdiction": "COV", "POINT_X": 475765.3212000001, "POINT_Y": 5362532.690199999}}, {"type": "Feature", "id": 2094, "geometry": {"type": "MultiPoint", "coordinates": [[-123.3266080705411, 48.41198127934298]]}, "properties": {"OBJECTID": 2094, "StreetName1": "CRESCENT RD", "StreetName2": "FOUL BAY RD", "Intersection": "CRESCENT RD & FOUL BAY RD", "Jurisdiction": "COV", "POINT_X": 475832.25270000007, "POINT_Y": 5362142.7762}}, {"type": "Feature", "id": 2095, "geometry": {"type": "MultiPoint", "coordinates": [[-123.32254035343632, 48.43018619272343]]}, "properties": {"OBJECTID": 2095, "StreetName1": "BOURCHIER ST", "StreetName2": "FOUL BAY RD", "Intersection": "BOURCHIER ST & FOUL BAY RD", "Jurisdiction": "COV", "POINT_X": 476141.7829999998, "POINT_Y": 5364165.046399999}}, {"type": "Feature", "id": 2096, "geometry": {"type": "MultiPoint", "coordinates": [[-123.32247140858155, 48.43215679888205]]}, "properties": {"OBJECTID": 2096, "StreetName1": "FORT ST", "StreetName2": "FOUL BAY RD", "Intersection": "FORT ST & FOUL BAY RD", "Jurisdiction": "COV", "POINT_X": 476147.80539999995, "POINT_Y": 5364384.0657}}, {"type": "Feature", "id": 2097, "geometry": {"type": "MultiPoint", "coordinates": [[-123.37514274630954, 48.44478662916386]]}, "properties": {"OBJECTID": 2097, "StreetName1": "BURNSIDE RD E", "StreetName2": "FRANCES AVE", "Intersection": "BURNSIDE RD E & FRANCES AVE", "Jurisdiction": "COV", "POINT_X": 472258.5733000003, "POINT_Y": 5365805.6687}}, {"type": "Feature", "id": 2098, "geometry": {"type": "MultiPoint", "coordinates": [[-123.37121815516389, 48.445839699287504]]}, "properties": {"OBJECTID": 2098, "StreetName1": "DOUGLAS ST", "StreetName2": "FRANCES AVE", "Intersection": "DOUGLAS ST & FRANCES AVE", "Jurisdiction": "COV", "POINT_X": 472549.3716000002, "POINT_Y": 5365921.3072999995}}, {"type": "Feature", "id": 2099, "geometry": {"type": "MultiPoint", "coordinates": [[-123.37518828514756, 48.447001800982335]]}, "properties": {"OBJECTID": 2099, "StreetName1": "ALPHA ST", "StreetName2": "GAMMA ST", "Intersection": "ALPHA ST & GAMMA ST", "Jurisdiction": "COV", "POINT_X": 472256.41220000014, "POINT_Y": 5366051.9109000005}}, {"type": "Feature", "id": 2100, "geometry": {"type": "MultiPoint", "coordinates": [[-123.3747853712831, 48.44633846350052]]}, "properties": {"OBJECTID": 2100, "StreetName1": "DELTA ST", "StreetName2": "GAMMA ST", "Intersection": "DELTA ST & GAMMA ST", "Jurisdiction": "COV", "POINT_X": 472285.84619999956, "POINT_Y": 5365978.032199999}}, {"type": "Feature", "id": 2101, "geometry": {"type": "MultiPoint", "coordinates": [[-123.37347269871644, 48.44040497015002]]}, "properties": {"OBJECTID": 2101, "StreetName1": "BRIDGE ST", "StreetName2": "GARBALLY RD", "Intersection": "BRIDGE ST & GARBALLY RD", "Jurisdiction": "COV", "POINT_X": 472379.70079999976, "POINT_Y": 5365318.0253}}, {"type": "Feature", "id": 2102, "geometry": {"type": "MultiPoint", "coordinates": [[-123.36846272496209, 48.44105724303109]]}, "properties": {"OBJECTID": 2102, "StreetName1": "DOUGLAS ST", "StreetName2": "GARBALLY RD", "Intersection": "DOUGLAS ST & GARBALLY RD", "Jurisdiction": "COV", "POINT_X": 472750.5784, "POINT_Y": 5365388.732999999}}, {"type": "Feature", "id": 2103, "geometry": {"type": "MultiPoint", "coordinates": [[-123.3463374237534, 48.43458928635191]]}, "properties": {"OBJECTID": 2103, "StreetName1": "BAY ST", "StreetName2": "GARDEN ST", "Intersection": "BAY ST & GARDEN ST", "Jurisdiction": "COV", "POINT_X": 474383.65380000044, "POINT_Y": 5364662.155300001}}, {"type": "Feature", "id": 2104, "geometry": {"type": "MultiPoint", "coordinates": [[-123.38095593296161, 48.43526457142573]]}, "properties": {"OBJECTID": 2104, "StreetName1": "CENTRAL SPUR RD", "StreetName2": "GAUDIN RD", "Intersection": "CENTRAL SPUR RD & GAUDIN RD", "Jurisdiction": "COV", "POINT_X": 471823.4116000002, "POINT_Y": 5364749.375600001}}, {"type": "Feature", "id": 2105, "geometry": {"type": "MultiPoint", "coordinates": [[-123.34849723492769, 48.40792453618361]]}, "properties": {"OBJECTID": 2105, "StreetName1": "BUSHBY ST", "StreetName2": "GEORGE ST", "Intersection": "BUSHBY ST & GEORGE ST", "Jurisdiction": "COV", "POINT_X": 474210.41420000046, "POINT_Y": 5361698.9922}}, {"type": "Feature", "id": 2106, "geometry": {"type": "MultiPoint", "coordinates": [[-123.34987865950033, 48.43073599191445]]}, "properties": {"OBJECTID": 2106, "StreetName1": "CHAMBERS ST", "StreetName2": "GLADSTONE AVE", "Intersection": "CHAMBERS ST & GLADSTONE AVE", "Jurisdiction": "COV", "POINT_X": 474119.76350000035, "POINT_Y": 5364235.036900001}}, {"type": "Feature", "id": 2107, "geometry": {"type": "MultiPoint", "coordinates": [[-123.3451838241842, 48.430466468407296]]}, "properties": {"OBJECTID": 2107, "StreetName1": "FERNWOOD RD", "StreetName2": "GLADSTONE AVE", "Intersection": "FERNWOOD RD & GLADSTONE AVE", "Jurisdiction": "COV", "POINT_X": 474466.91610000003, "POINT_Y": 5364203.5023}}, {"type": "Feature", "id": 2108, "geometry": {"type": "MultiPoint", "coordinates": [[-123.33895227926592, 48.43031990650894]]}, "properties": {"OBJECTID": 2108, "StreetName1": "BELMONT AVE", "StreetName2": "GLADSTONE AVE", "Intersection": "BELMONT AVE & GLADSTONE AVE", "Jurisdiction": "COV", "POINT_X": 474927.8080000002, "POINT_Y": 5364185.1524}}, {"type": "Feature", "id": 2109, "geometry": {"type": "MultiPoint", "coordinates": [[-123.33377318106287, 48.43019803487425]]}, "properties": {"OBJECTID": 2109, "StreetName1": "BEGBIE ST", "StreetName2": "GLADSTONE AVE", "Intersection": "BEGBIE ST & GLADSTONE AVE", "Jurisdiction": "COV", "POINT_X": 475310.8618000001, "POINT_Y": 5364169.9232}}, {"type": "Feature", "id": 2110, "geometry": {"type": "MultiPoint", "coordinates": [[-123.36233763841143, 48.44613848564442]]}, "properties": {"OBJECTID": 2110, "StreetName1": "FINLAYSON ST", "StreetName2": "GLASGOW ST", "Intersection": "FINLAYSON ST & GLASGOW ST", "Jurisdiction": "COV", "POINT_X": 473206.24590000045, "POINT_Y": 5365951.3727}}, {"type": "Feature", "id": 2111, "geometry": {"type": "MultiPoint", "coordinates": [[-123.36143882305475, 48.44230781978353]]}, "properties": {"OBJECTID": 2111, "StreetName1": "GILLIE PL", "StreetName2": "GLASGOW ST", "Intersection": "GILLIE PL & GLASGOW ST", "Jurisdiction": "COV", "POINT_X": 473270.70320000034, "POINT_Y": 5365525.263900001}}, {"type": "Feature", "id": 2112, "geometry": {"type": "MultiPoint", "coordinates": [[-123.33262203172497, 48.419500502147585]]}, "properties": {"OBJECTID": 2112, "StreetName1": "DESPARD AVE", "StreetName2": "GONZALES AVE", "Intersection": "DESPARD AVE & GONZALES AVE", "Jurisdiction": "COV", "POINT_X": 475409.5334000001, "POINT_Y": 5362971.0579}}, {"type": "Feature", "id": 2113, "geometry": {"type": "MultiPoint", "coordinates": [[-123.32735581322217, 48.41788506551937]]}, "properties": {"OBJECTID": 2113, "StreetName1": "FOUL BAY RD", "StreetName2": "GONZALES AVE", "Intersection": "FOUL BAY RD & GONZALES AVE", "Jurisdiction": "COV", "POINT_X": 475779.72449999955, "POINT_Y": 5362799.24}}, {"type": "Feature", "id": 2114, "geometry": {"type": "MultiPoint", "coordinates": [[-123.36738252683256, 48.42345532612098]]}, "properties": {"OBJECTID": 2114, "StreetName1": "COURTNEY ST", "StreetName2": "GORDON ST", "Intersection": "COURTNEY ST & GORDON ST", "Jurisdiction": "COV", "POINT_X": 472821.08079999965, "POINT_Y": 5363431.826199999}}, {"type": "Feature", "id": 2115, "geometry": {"type": "MultiPoint", "coordinates": [[-123.36720391706352, 48.42414501701839]]}, "properties": {"OBJECTID": 2115, "StreetName1": "BROUGHTON ST", "StreetName2": "GORDON ST", "Intersection": "BROUGHTON ST & GORDON ST", "Jurisdiction": "COV", "POINT_X": 472834.6623999998, "POINT_Y": 5363508.4246}}, {"type": "Feature", "id": 2116, "geometry": {"type": "MultiPoint", "coordinates": [[-123.38638952367266, 48.44349114285564]]}, "properties": {"OBJECTID": 2116, "StreetName1": "BALFOUR AVE", "StreetName2": "GORGE RD E", "Intersection": "BALFOUR AVE & GORGE RD E", "Jurisdiction": "COV", "POINT_X": 471426.1266999999, "POINT_Y": 5365665.8061999995}}, {"type": "Feature", "id": 2117, "geometry": {"type": "MultiPoint", "coordinates": [[-123.38512297363557, 48.44335827516698]]}, "properties": {"OBJECTID": 2117, "StreetName1": "ALBANY ST", "StreetName2": "GORGE RD E", "Intersection": "ALBANY ST & GORGE RD E", "Jurisdiction": "COV", "POINT_X": 471519.7185000004, "POINT_Y": 5365650.5655000005}}, {"type": "Feature", "id": 2118, "geometry": {"type": "MultiPoint", "coordinates": [[-123.38386895793995, 48.443226799270406]]}, "properties": {"OBJECTID": 2118, "StreetName1": "CARROLL ST", "StreetName2": "GORGE RD E", "Intersection": "CARROLL ST & GORGE RD E", "Jurisdiction": "COV", "POINT_X": 471612.38460000046, "POINT_Y": 5365635.4857}}, {"type": "Feature", "id": 2119, "geometry": {"type": "MultiPoint", "coordinates": [[-123.37476288362896, 48.44116626793418]]}, "properties": {"OBJECTID": 2119, "StreetName1": "DUNEDIN ST", "StreetName2": "GORGE RD E", "Intersection": "DUNEDIN ST & GORGE RD E", "Jurisdiction": "COV", "POINT_X": 472284.69519999996, "POINT_Y": 5365403.1129}}, {"type": "Feature", "id": 2120, "geometry": {"type": "MultiPoint", "coordinates": [[-123.3735692169205, 48.440711471414225]]}, "properties": {"OBJECTID": 2120, "StreetName1": "BRIDGE ST", "StreetName2": "GORGE RD E", "Intersection": "BRIDGE ST & GORGE RD E", "Jurisdiction": "COV", "POINT_X": 472372.72869999986, "POINT_Y": 5365352.129000001}}, {"type": "Feature", "id": 2121, "geometry": {"type": "MultiPoint", "coordinates": [[-123.37295436576507, 48.44047723061623]]}, "properties": {"OBJECTID": 2121, "StreetName1": "GARBALLY RD", "StreetName2": "GORGE RD E", "Intersection": "GARBALLY RD & GORGE RD E", "Jurisdiction": "COV", "POINT_X": 472418.07490000036, "POINT_Y": 5365325.8705}}, {"type": "Feature", "id": 2122, "geometry": {"type": "MultiPoint", "coordinates": [[-123.3686175540464, 48.43879362272389]]}, "properties": {"OBJECTID": 2122, "StreetName1": "DAVID ST", "StreetName2": "GORGE RD E", "Intersection": "DAVID ST & GORGE RD E", "Jurisdiction": "COV", "POINT_X": 472737.91640000045, "POINT_Y": 5365137.1774}}, {"type": "Feature", "id": 2123, "geometry": {"type": "MultiPoint", "coordinates": [[-123.36691145433397, 48.43829892153408]]}, "properties": {"OBJECTID": 2123, "StreetName1": "DOUGLAS ST", "StreetName2": "GORGE RD E", "Intersection": "DOUGLAS ST & GORGE RD E", "Jurisdiction": "COV", "POINT_X": 472863.8370000003, "POINT_Y": 5365081.5833}}, {"type": "Feature", "id": 2124, "geometry": {"type": "MultiPoint", "coordinates": [[-123.34471458642989, 48.446995194767034]]}, "properties": {"OBJECTID": 2124, "StreetName1": "CEDAR HILL RD", "StreetName2": "GOSWORTH RD", "Intersection": "CEDAR HILL RD & GOSWORTH RD", "Jurisdiction": "COV", "POINT_X": 474509.8976999996, "POINT_Y": 5366040.5821}}, {"type": "Feature", "id": 2125, "geometry": {"type": "MultiPoint", "coordinates": [[-123.34441674237445, 48.446527870643614]]}, "properties": {"OBJECTID": 2125, "StreetName1": "CLAWTHORPE AVE", "StreetName2": "GOSWORTH RD", "Intersection": "CLAWTHORPE AVE & GOSWORTH RD", "Jurisdiction": "COV", "POINT_X": 474531.6891999999, "POINT_Y": 5365988.537900001}}, {"type": "Feature", "id": 2126, "geometry": {"type": "MultiPoint", "coordinates": [[-123.34381153151607, 48.445755038896934]]}, "properties": {"OBJECTID": 2126, "StreetName1": "BURTON AVE", "StreetName2": "GOSWORTH RD", "Intersection": "BURTON AVE & GOSWORTH RD", "Jurisdiction": "COV", "POINT_X": 474576.05840000045, "POINT_Y": 5365902.4332}}, {"type": "Feature", "id": 2127, "geometry": {"type": "MultiPoint", "coordinates": [[-123.34257283278694, 48.44418856166234]]}, "properties": {"OBJECTID": 2127, "StreetName1": "EDGEWARE RD", "StreetName2": "GOSWORTH RD", "Intersection": "EDGEWARE RD & GOSWORTH RD", "Jurisdiction": "COV", "POINT_X": 474666.8816999998, "POINT_Y": 5365727.902000001}}, {"type": "Feature", "id": 2128, "geometry": {"type": "MultiPoint", "coordinates": [[-123.37392614387703, 48.41028994046579]]}, "properties": {"OBJECTID": 2128, "StreetName1": "DALLAS RD", "StreetName2": "GOVERNMENT ST", "Intersection": "DALLAS RD & GOVERNMENT ST", "Jurisdiction": "COV", "POINT_X": 472329.82189999986, "POINT_Y": 5361970.7882}}, {"type": "Feature", "id": 2129, "geometry": {"type": "MultiPoint", "coordinates": [[-123.37264870438551, 48.41146493345166]]}, "properties": {"OBJECTID": 2129, "StreetName1": "BATTERY ST", "StreetName2": "GOVERNMENT ST", "Intersection": "BATTERY ST & GOVERNMENT ST", "Jurisdiction": "COV", "POINT_X": 472424.9901999999, "POINT_Y": 5362100.9322}}, {"type": "Feature", "id": 2130, "geometry": {"type": "MultiPoint", "coordinates": [[-123.36888254940715, 48.420654274895355]]}, "properties": {"OBJECTID": 2130, "StreetName1": "BELLEVILLE ST", "StreetName2": "GOVERNMENT ST", "Intersection": "BELLEVILLE ST & GOVERNMENT ST", "Jurisdiction": "COV", "POINT_X": 472708.60539999977, "POINT_Y": 5363121.0122}}, {"type": "Feature", "id": 2131, "geometry": {"type": "MultiPoint", "coordinates": [[-123.36819525229485, 48.42353920599989]]}, "properties": {"OBJECTID": 2131, "StreetName1": "COURTNEY ST", "StreetName2": "GOVERNMENT ST", "Intersection": "COURTNEY ST & GOVERNMENT ST", "Jurisdiction": "COV", "POINT_X": 472760.99789999984, "POINT_Y": 5363441.4385}}, {"type": "Feature", "id": 2132, "geometry": {"type": "MultiPoint", "coordinates": [[-123.3680296101629, 48.424228664157084]]}, "properties": {"OBJECTID": 2132, "StreetName1": "BROUGHTON ST", "StreetName2": "GOVERNMENT ST", "Intersection": "BROUGHTON ST & GOVERNMENT ST", "Jurisdiction": "COV", "POINT_X": 472773.6207999997, "POINT_Y": 5363518.0155}}, {"type": "Feature", "id": 2133, "geometry": {"type": "MultiPoint", "coordinates": [[-123.36786790941335, 48.42487937568099]]}, "properties": {"OBJECTID": 2133, "StreetName1": "FORT ST", "StreetName2": "GOVERNMENT ST", "Intersection": "FORT ST & GOVERNMENT ST", "Jurisdiction": "COV", "POINT_X": 472785.9310999997, "POINT_Y": 5363590.2871}}, {"type": "Feature", "id": 2134, "geometry": {"type": "MultiPoint", "coordinates": [[-123.36767827158056, 48.425710032301865]]}, "properties": {"OBJECTID": 2134, "StreetName1": "BASTION SQ", "StreetName2": "GOVERNMENT ST", "Intersection": "BASTION SQ & GOVERNMENT ST", "Jurisdiction": "COV", "POINT_X": 472800.40390000027, "POINT_Y": 5363682.5504}}, {"type": "Feature", "id": 2135, "geometry": {"type": "MultiPoint", "coordinates": [[-123.36750434079927, 48.438416713999196]]}, "properties": {"OBJECTID": 2135, "StreetName1": "GORGE RD E", "StreetName2": "GOVERNMENT ST", "Intersection": "GORGE RD E & GOVERNMENT ST", "Jurisdiction": "COV", "POINT_X": 472820.04920000024, "POINT_Y": 5365094.886700001}}, {"type": "Feature", "id": 2136, "geometry": {"type": "MultiPoint", "coordinates": [[-123.36734910223304, 48.43577657382675]]}, "properties": {"OBJECTID": 2136, "StreetName1": "BAY ST", "StreetName2": "GOVERNMENT ST", "Intersection": "BAY ST & GOVERNMENT ST", "Jurisdiction": "COV", "POINT_X": 472830.1229999997, "POINT_Y": 5364801.3693}}, {"type": "Feature", "id": 2137, "geometry": {"type": "MultiPoint", "coordinates": [[-123.36735210632993, 48.43907863317788]]}, "properties": {"OBJECTID": 2137, "StreetName1": "DOUGLAS ST", "StreetName2": "GOVERNMENT ST", "Intersection": "DOUGLAS ST & GOVERNMENT ST", "Jurisdiction": "COV", "POINT_X": 472831.6616000002, "POINT_Y": 5365168.4077}}, {"type": "Feature", "id": 2138, "geometry": {"type": "MultiPoint", "coordinates": [[-123.36718871347348, 48.43190445314642]]}, "properties": {"OBJECTID": 2138, "StreetName1": "DISCOVERY ST", "StreetName2": "GOVERNMENT ST", "Intersection": "DISCOVERY ST & GOVERNMENT ST", "Jurisdiction": "COV", "POINT_X": 472839.9223999996, "POINT_Y": 5364370.910700001}}, {"type": "Feature", "id": 2139, "geometry": {"type": "MultiPoint", "coordinates": [[-123.36715469862652, 48.43106228395258]]}, "properties": {"OBJECTID": 2139, "StreetName1": "CHATHAM ST", "StreetName2": "GOVERNMENT ST", "Intersection": "CHATHAM ST & GOVERNMENT ST", "Jurisdiction": "COV", "POINT_X": 472841.9896999998, "POINT_Y": 5364277.2882}}, {"type": "Feature", "id": 2140, "geometry": {"type": "MultiPoint", "coordinates": [[-123.36708669003194, 48.42937849658714]]}, "properties": {"OBJECTID": 2140, "StreetName1": "FISGARD ST", "StreetName2": "GOVERNMENT ST", "Intersection": "FISGARD ST & GOVERNMENT ST", "Jurisdiction": "COV", "POINT_X": 472846.1233000001, "POINT_Y": 5364090.104499999}}, {"type": "Feature", "id": 2141, "geometry": {"type": "MultiPoint", "coordinates": [[-123.35461199718847, 48.43511032146164]]}, "properties": {"OBJECTID": 2141, "StreetName1": "BAY ST", "StreetName2": "GRAHAM ST", "Intersection": "BAY ST & GRAHAM ST", "Jurisdiction": "COV", "POINT_X": 473771.87930000015, "POINT_Y": 5364722.8716}}, {"type": "Feature", "id": 2142, "geometry": {"type": "MultiPoint", "coordinates": [[-123.32339810533347, 48.425037030358816]]}, "properties": {"OBJECTID": 2142, "StreetName1": "AMPHION ST", "StreetName2": "GRANITE ST", "Intersection": "AMPHION ST & GRANITE ST", "Jurisdiction": "COV", "POINT_X": 476075.91559999995, "POINT_Y": 5363592.964299999}}, {"type": "Feature", "id": 2143, "geometry": {"type": "MultiPoint", "coordinates": [[-123.35306729432408, 48.42906801042193]]}, "properties": {"OBJECTID": 2143, "StreetName1": "COOK ST", "StreetName2": "GRANT ST", "Intersection": "COOK ST & GRANT ST", "Jurisdiction": "COV", "POINT_X": 473883.0382000003, "POINT_Y": 5364050.716700001}}, {"type": "Feature", "id": 2144, "geometry": {"type": "MultiPoint", "coordinates": [[-123.35012052190699, 48.42889016752025]]}, "properties": {"OBJECTID": 2144, "StreetName1": "CHAMBERS ST", "StreetName2": "GRANT ST", "Intersection": "CHAMBERS ST & GRANT ST", "Jurisdiction": "COV", "POINT_X": 474100.9343999997, "POINT_Y": 5364029.948000001}}, {"type": "Feature", "id": 2145, "geometry": {"type": "MultiPoint", "coordinates": [[-123.34683844052502, 48.42873202974785]]}, "properties": {"OBJECTID": 2145, "StreetName1": "CAMOSUN ST", "StreetName2": "GRANT ST", "Intersection": "CAMOSUN ST & GRANT ST", "Jurisdiction": "COV", "POINT_X": 474343.6465999996, "POINT_Y": 5364011.2656}}, {"type": "Feature", "id": 2146, "geometry": {"type": "MultiPoint", "coordinates": [[-123.34526783946527, 48.428643230292174]]}, "properties": {"OBJECTID": 2146, "StreetName1": "FERNWOOD RD", "StreetName2": "GRANT ST", "Intersection": "FERNWOOD RD & GRANT ST", "Jurisdiction": "COV", "POINT_X": 474459.7876000004, "POINT_Y": 5364000.870200001}}, {"type": "Feature", "id": 2147, "geometry": {"type": "MultiPoint", "coordinates": [[-123.33889823278403, 48.42853943089042]]}, "properties": {"OBJECTID": 2147, "StreetName1": "BELMONT AVE", "StreetName2": "GRANT ST", "Intersection": "BELMONT AVE & GRANT ST", "Jurisdiction": "COV", "POINT_X": 474930.9302000003, "POINT_Y": 5363987.2278}}, {"type": "Feature", "id": 2148, "geometry": {"type": "MultiPoint", "coordinates": [[-123.34685034758516, 48.44291012007479]]}, "properties": {"OBJECTID": 2148, "StreetName1": "CEDAR HILL RD", "StreetName2": "GROSVENOR RD", "Intersection": "CEDAR HILL RD & GROSVENOR RD", "Jurisdiction": "COV", "POINT_X": 474349.9040000001, "POINT_Y": 5365587.221999999}}, {"type": "Feature", "id": 2149, "geometry": {"type": "MultiPoint", "coordinates": [[-123.33899927126473, 48.44100887593975]]}, "properties": {"OBJECTID": 2149, "StreetName1": "BELMONT AVE", "StreetName2": "HAMILTON RD", "Intersection": "BELMONT AVE & HAMILTON RD", "Jurisdiction": "COV", "POINT_X": 474929.5915999999, "POINT_Y": 5365373.2903}}, {"type": "Feature", "id": 2150, "geometry": {"type": "MultiPoint", "coordinates": [[-123.34110919907707, 48.41535887991255]]}, "properties": {"OBJECTID": 2150, "StreetName1": "ARNOLD AVE", "StreetName2": "HAMLEY ST", "Intersection": "ARNOLD AVE & HAMLEY ST", "Jurisdiction": "COV", "POINT_X": 474760.8481999999, "POINT_Y": 5362522.885500001}}, {"type": "Feature", "id": 2151, "geometry": {"type": "MultiPoint", "coordinates": [[-123.35081450239757, 48.4163987066807]]}, "properties": {"OBJECTID": 2151, "StreetName1": "FAIRFIELD RD", "StreetName2": "HARBINGER AVE", "Intersection": "FAIRFIELD RD & HARBINGER AVE", "Jurisdiction": "COV", "POINT_X": 474043.23759999964, "POINT_Y": 5362641.7095}}, {"type": "Feature", "id": 2152, "geometry": {"type": "MultiPoint", "coordinates": [[-123.37495640836329, 48.42815960771815]]}, "properties": {"OBJECTID": 2152, "StreetName1": "ESQUIMALT RD", "StreetName2": "HARBOUR RD", "Intersection": "ESQUIMALT RD & HARBOUR RD", "Jurisdiction": "COV", "POINT_X": 472263.30370000005, "POINT_Y": 5363957.4406}}, {"type": "Feature", "id": 2153, "geometry": {"type": "MultiPoint", "coordinates": [[-123.39048717128806, 48.443928743606655]]}, "properties": {"OBJECTID": 2153, "StreetName1": "GORGE RD E", "StreetName2": "HARRIET RD", "Intersection": "GORGE RD E & HARRIET RD", "Jurisdiction": "COV", "POINT_X": 471123.3384999996, "POINT_Y": 5365715.9847}}, {"type": "Feature", "id": 2154, "geometry": {"type": "MultiPoint", "coordinates": [[-123.38816307772822, 48.44609978597644]]}, "properties": {"OBJECTID": 2154, "StreetName1": "CHOWN PL", "StreetName2": "HARRIET RD", "Intersection": "CHOWN PL & HARRIET RD", "Jurisdiction": "COV", "POINT_X": 471296.4358000001, "POINT_Y": 5365956.4311999995}}, {"type": "Feature", "id": 2155, "geometry": {"type": "MultiPoint", "coordinates": [[-123.38459943763331, 48.44946272293701]]}, "properties": {"OBJECTID": 2155, "StreetName1": "BURNSIDE RD E", "StreetName2": "HARRIET RD", "Intersection": "BURNSIDE RD E & HARRIET RD", "Jurisdiction": "COV", "POINT_X": 471561.84449999966, "POINT_Y": 5366328.9059999995}}, {"type": "Feature", "id": 2156, "geometry": {"type": "MultiPoint", "coordinates": [[-123.34383855568605, 48.42421255120478]]}, "properties": {"OBJECTID": 2156, "StreetName1": "FORT ST", "StreetName2": "HARRISON ST", "Intersection": "FORT ST & HARRISON ST", "Jurisdiction": "COV", "POINT_X": 474563.3082999997, "POINT_Y": 5363507.907299999}}, {"type": "Feature", "id": 2157, "geometry": {"type": "MultiPoint", "coordinates": [[-123.35262895665733, 48.436531205522485]]}, "properties": {"OBJECTID": 2157, "StreetName1": "BLACKWOOD ST", "StreetName2": "HAULTAIN ST", "Intersection": "BLACKWOOD ST & HAULTAIN ST", "Jurisdiction": "COV", "POINT_X": 473919.284, "POINT_Y": 5364880.1313000005}}, {"type": "Feature", "id": 2158, "geometry": {"type": "MultiPoint", "coordinates": [[-123.35213373181148, 48.43642939689412]]}, "properties": {"OBJECTID": 2158, "StreetName1": "COOK ST", "StreetName2": "HAULTAIN ST", "Intersection": "COOK ST & HAULTAIN ST", "Jurisdiction": "COV", "POINT_X": 473955.8607000001, "POINT_Y": 5364868.646299999}}, {"type": "Feature", "id": 2159, "geometry": {"type": "MultiPoint", "coordinates": [[-123.35084489455967, 48.436350336025285]]}, "properties": {"OBJECTID": 2159, "StreetName1": "EMPIRE ST", "StreetName2": "HAULTAIN ST", "Intersection": "EMPIRE ST & HAULTAIN ST", "Jurisdiction": "COV", "POINT_X": 474051.14800000004, "POINT_Y": 5364859.4208}}, {"type": "Feature", "id": 2160, "geometry": {"type": "MultiPoint", "coordinates": [[-123.3495566908088, 48.43628223095634]]}, "properties": {"OBJECTID": 2160, "StreetName1": "CAPITAL HTS", "StreetName2": "HAULTAIN ST", "Intersection": "CAPITAL HTS & HAULTAIN ST", "Jurisdiction": "COV", "POINT_X": 474146.3942999998, "POINT_Y": 5364851.414899999}}, {"type": "Feature", "id": 2161, "geometry": {"type": "MultiPoint", "coordinates": [[-123.34690401486314, 48.43624587185903]]}, "properties": {"OBJECTID": 2161, "StreetName1": "CEDAR HILL RD", "StreetName2": "HAULTAIN ST", "Intersection": "CEDAR HILL RD & HAULTAIN ST", "Jurisdiction": "COV", "POINT_X": 474342.57909999974, "POINT_Y": 5364846.4812}}, {"type": "Feature", "id": 2162, "geometry": {"type": "MultiPoint", "coordinates": [[-123.34628304423467, 48.43623882474185]]}, "properties": {"OBJECTID": 2162, "StreetName1": "GARDEN ST", "StreetName2": "HAULTAIN ST", "Intersection": "GARDEN ST & HAULTAIN ST", "Jurisdiction": "COV", "POINT_X": 474388.50519999955, "POINT_Y": 5364845.49}}, {"type": "Feature", "id": 2163, "geometry": {"type": "MultiPoint", "coordinates": [[-123.34494861526994, 48.436223675235496]]}, "properties": {"OBJECTID": 2163, "StreetName1": "FERNWOOD RD", "StreetName2": "HAULTAIN ST", "Intersection": "FERNWOOD RD & HAULTAIN ST", "Jurisdiction": "COV", "POINT_X": 474487.19770000037, "POINT_Y": 5364843.3606}}, {"type": "Feature", "id": 2164, "geometry": {"type": "MultiPoint", "coordinates": [[-123.34228253311878, 48.43619101663704]]}, "properties": {"OBJECTID": 2164, "StreetName1": "AVEBURY AVE", "StreetName2": "HAULTAIN ST", "Intersection": "AVEBURY AVE & HAULTAIN ST", "Jurisdiction": "COV", "POINT_X": 474684.3764000004, "POINT_Y": 5364838.8456}}, {"type": "Feature", "id": 2165, "geometry": {"type": "MultiPoint", "coordinates": [[-123.3409488809283, 48.43617459041538]]}, "properties": {"OBJECTID": 2165, "StreetName1": "ASQUITH ST", "StreetName2": "HAULTAIN ST", "Intersection": "ASQUITH ST & HAULTAIN ST", "Jurisdiction": "COV", "POINT_X": 474783.01099999994, "POINT_Y": 5364836.579700001}}, {"type": "Feature", "id": 2166, "geometry": {"type": "MultiPoint", "coordinates": [[-123.33977324011475, 48.43616009608042]]}, "properties": {"OBJECTID": 2166, "StreetName1": "BELMONT AVE", "StreetName2": "HAULTAIN ST", "Intersection": "BELMONT AVE & HAULTAIN ST", "Jurisdiction": "COV", "POINT_X": 474869.95940000005, "POINT_Y": 5364834.5821}}, {"type": "Feature", "id": 2167, "geometry": {"type": "MultiPoint", "coordinates": [[-123.33854084769335, 48.436144887638164]]}, "properties": {"OBJECTID": 2167, "StreetName1": "FORBES ST", "StreetName2": "HAULTAIN ST", "Intersection": "FORBES ST & HAULTAIN ST", "Jurisdiction": "COV", "POINT_X": 474961.1051000003, "POINT_Y": 5364832.4879}}, {"type": "Feature", "id": 2168, "geometry": {"type": "MultiPoint", "coordinates": [[-123.35061352999072, 48.43852665154276]]}, "properties": {"OBJECTID": 2168, "StreetName1": "EMPIRE ST", "StreetName2": "HAYWARD HTS", "Intersection": "EMPIRE ST & HAYWARD HTS", "Jurisdiction": "COV", "POINT_X": 474069.3683000002, "POINT_Y": 5365101.2488}}, {"type": "Feature", "id": 2169, "geometry": {"type": "MultiPoint", "coordinates": [[-123.3692671558804, 48.42584986535425]]}, "properties": {"OBJECTID": 2169, "StreetName1": "BASTION SQ", "StreetName2": "HELMCKEN ALLEY", "Intersection": "BASTION SQ & HELMCKEN ALLEY", "Jurisdiction": "COV", "POINT_X": 472682.9338999996, "POINT_Y": 5363698.6589}}, {"type": "Feature", "id": 2170, "geometry": {"type": "MultiPoint", "coordinates": [[-123.38475888462494, 48.43215047358588]]}, "properties": {"OBJECTID": 2170, "StreetName1": "CATHERINE ST", "StreetName2": "HENRY ST", "Intersection": "CATHERINE ST & HENRY ST", "Jurisdiction": "COV", "POINT_X": 471540.38460000046, "POINT_Y": 5364404.637599999}}, {"type": "Feature", "id": 2171, "geometry": {"type": "MultiPoint", "coordinates": [[-123.38325968003899, 48.432136743844175]]}, "properties": {"OBJECTID": 2171, "StreetName1": "BAY ST", "StreetName2": "HENRY ST", "Intersection": "BAY ST & HENRY ST", "Jurisdiction": "COV", "POINT_X": 471651.2734000003, "POINT_Y": 5364402.555400001}}, {"type": "Feature", "id": 2172, "geometry": {"type": "MultiPoint", "coordinates": [[-123.36712057194276, 48.430217371040314]]}, "properties": {"OBJECTID": 2172, "StreetName1": "GOVERNMENT ST", "StreetName2": "HERALD ST", "Intersection": "GOVERNMENT ST & HERALD ST", "Jurisdiction": "COV", "POINT_X": 472844.0639000004, "POINT_Y": 5364183.3607}}, {"type": "Feature", "id": 2173, "geometry": {"type": "MultiPoint", "coordinates": [[-123.36450570169795, 48.430255901886774]]}, "properties": {"OBJECTID": 2173, "StreetName1": "DOUGLAS ST", "StreetName2": "HERALD ST", "Intersection": "DOUGLAS ST & HERALD ST", "Jurisdiction": "COV", "POINT_X": 473037.51410000026, "POINT_Y": 5364186.7195999995}}, {"type": "Feature", "id": 2174, "geometry": {"type": "MultiPoint", "coordinates": [[-123.36188315541709, 48.430139585121275]]}, "properties": {"OBJECTID": 2174, "StreetName1": "BLANSHARD ST", "StreetName2": "HERALD ST", "Intersection": "BLANSHARD ST & HERALD ST", "Jurisdiction": "COV", "POINT_X": 473231.45050000027, "POINT_Y": 5364172.8705}}, {"type": "Feature", "id": 2175, "geometry": {"type": "MultiPoint", "coordinates": [[-123.3938869911076, 48.43601112987007]]}, "properties": {"OBJECTID": 2175, "StreetName1": "DOMINION RD", "StreetName2": "HEREWARD RD", "Intersection": "DOMINION RD & HEREWARD RD", "Jurisdiction": "COV", "POINT_X": 470867.3842000002, "POINT_Y": 5364837.1975}}, {"type": "Feature", "id": 2176, "geometry": {"type": "MultiPoint", "coordinates": [[-123.34440616934612, 48.4406531186522]]}, "properties": {"OBJECTID": 2176, "StreetName1": "CEDAR HILL RD", "StreetName2": "HESPLER PL", "Intersection": "CEDAR HILL RD & HESPLER PL", "Jurisdiction": "COV", "POINT_X": 474529.5338000003, "POINT_Y": 5365335.5309}}, {"type": "Feature", "id": 2177, "geometry": {"type": "MultiPoint", "coordinates": [[-123.36208530766277, 48.41123713406716]]}, "properties": {"OBJECTID": 2177, "StreetName1": "CAMAS CIR", "StreetName2": "HEYWOOD WAY", "Intersection": "CAMAS CIR & HEYWOOD WAY", "Jurisdiction": "COV", "POINT_X": 473206.5641999999, "POINT_Y": 5362071.8628}}, {"type": "Feature", "id": 2178, "geometry": {"type": "MultiPoint", "coordinates": [[-123.36107149814814, 48.411987891778075]]}, "properties": {"OBJECTID": 2178, "StreetName1": "BRIDGE WAY", "StreetName2": "HEYWOOD WAY", "Intersection": "BRIDGE WAY & HEYWOOD WAY", "Jurisdiction": "COV", "POINT_X": 473281.98000000045, "POINT_Y": 5362154.9581}}, {"type": "Feature", "id": 2179, "geometry": {"type": "MultiPoint", "coordinates": [[-123.36060119840421, 48.41285722785007]]}, "properties": {"OBJECTID": 2179, "StreetName1": "HEYWOOD AVE", "StreetName2": "HEYWOOD WAY", "Intersection": "HEYWOOD AVE & HEYWOOD WAY", "Jurisdiction": "COV", "POINT_X": 473317.2368000001, "POINT_Y": 5362251.424000001}}, {"type": "Feature", "id": 2180, "geometry": {"type": "MultiPoint", "coordinates": [[-123.34715443803454, 48.444410376954146], [-123.34670140516658, 48.44488526576664]]}, "properties": {"OBJECTID": 2180, "StreetName1": "CEDAR HILL RD", "StreetName2": "HIBBERSON CRES", "Intersection": "CEDAR HILL RD & HIBBERSON CRES", "Jurisdiction": "COV", "POINT_X": 474345.04214999976, "POINT_Y": 5365780.40085}}, {"type": "Feature", "id": 2181, "geometry": {"type": "MultiPoint", "coordinates": [[-123.34969443260981, 48.44222553044617]]}, "properties": {"OBJECTID": 2181, "StreetName1": "COOK ST", "StreetName2": "HIGGINS ST", "Intersection": "COOK ST & HIGGINS ST", "Jurisdiction": "COV", "POINT_X": 474139.2232999997, "POINT_Y": 5365512.083699999}}, {"type": "Feature", "id": 2182, "geometry": {"type": "MultiPoint", "coordinates": [[-123.34947362739635, 48.441457422183326]]}, "properties": {"OBJECTID": 2182, "StreetName1": "BASIL AVE", "StreetName2": "HIGGINS ST", "Intersection": "BASIL AVE & HIGGINS ST", "Jurisdiction": "COV", "POINT_X": 474155.16339999996, "POINT_Y": 5365426.6307}}, {"type": "Feature", "id": 2183, "geometry": {"type": "MultiPoint", "coordinates": [[-123.35297471297564, 48.447313184292334]]}, "properties": {"OBJECTID": 2183, "StreetName1": "FINLAYSON ST", "StreetName2": "HIGHVIEW ST", "Intersection": "FINLAYSON ST & HIGHVIEW ST", "Jurisdiction": "COV", "POINT_X": 473899.2352999998, "POINT_Y": 5366078.711100001}}, {"type": "Feature", "id": 2184, "geometry": {"type": "MultiPoint", "coordinates": [[-123.35569967853107, 48.41671837575452]]}, "properties": {"OBJECTID": 2184, "StreetName1": "COOK ST", "StreetName2": "HILDA ST", "Intersection": "COOK ST & HILDA ST", "Jurisdiction": "COV", "POINT_X": 473681.93340000045, "POINT_Y": 5362678.9089}}, {"type": "Feature", "id": 2185, "geometry": {"type": "MultiPoint", "coordinates": [[-123.35438199426433, 48.416584595334605]]}, "properties": {"OBJECTID": 2185, "StreetName1": "CHESTER AVE", "StreetName2": "HILDA ST", "Intersection": "CHESTER AVE & HILDA ST", "Jurisdiction": "COV", "POINT_X": 473779.3635, "POINT_Y": 5362663.5868}}, {"type": "Feature", "id": 2186, "geometry": {"type": "MultiPoint", "coordinates": [[-123.36311272909616, 48.43785484503734]]}, "properties": {"OBJECTID": 2186, "StreetName1": "BLANSHARD ST", "StreetName2": "HILL ST", "Intersection": "BLANSHARD ST & HILL ST", "Jurisdiction": "COV", "POINT_X": 473144.56149999984, "POINT_Y": 5365030.883099999}}, {"type": "Feature", "id": 2187, "geometry": {"type": "MultiPoint", "coordinates": [[-123.3733108132037, 48.4370081204979]]}, "properties": {"OBJECTID": 2187, "StreetName1": "BRIDGE ST", "StreetName2": "HILLSIDE AVE", "Intersection": "BRIDGE ST & HILLSIDE AVE", "Jurisdiction": "COV", "POINT_X": 472389.8328, "POINT_Y": 5364940.393200001}}, {"type": "Feature", "id": 2188, "geometry": {"type": "MultiPoint", "coordinates": [[-123.3674145359163, 48.4381344020549]]}, "properties": {"OBJECTID": 2188, "StreetName1": "GOVERNMENT ST", "StreetName2": "HILLSIDE AVE", "Intersection": "GOVERNMENT ST & HILLSIDE AVE", "Jurisdiction": "COV", "POINT_X": 472826.5406999998, "POINT_Y": 5365063.4747}}, {"type": "Feature", "id": 2189, "geometry": {"type": "MultiPoint", "coordinates": [[-123.36691145433397, 48.43829892153408]]}, "properties": {"OBJECTID": 2189, "StreetName1": "DOUGLAS ST", "StreetName2": "HILLSIDE AVE", "Intersection": "DOUGLAS ST & HILLSIDE AVE", "Jurisdiction": "COV", "POINT_X": 472863.8370000003, "POINT_Y": 5365081.5833}}, {"type": "Feature", "id": 2190, "geometry": {"type": "MultiPoint", "coordinates": [[-123.36340398158038, 48.43887337531055], [-123.36319984235452, 48.43889835895066]]}, "properties": {"OBJECTID": 2190, "StreetName1": "BLANSHARD ST", "StreetName2": "HILLSIDE AVE", "Intersection": "BLANSHARD ST & HILLSIDE AVE", "Jurisdiction": "COV", "POINT_X": 473131.1128999997, "POINT_Y": 5365145.551800001}}, {"type": "Feature", "id": 2191, "geometry": {"type": "MultiPoint", "coordinates": [[-123.35784044779392, 48.43960039820797]]}, "properties": {"OBJECTID": 2191, "StreetName1": "FIFTH ST", "StreetName2": "HILLSIDE AVE", "Intersection": "FIFTH ST & HILLSIDE AVE", "Jurisdiction": "COV", "POINT_X": 473535.4162999997, "POINT_Y": 5365223.072799999}}, {"type": "Feature", "id": 2192, "geometry": {"type": "MultiPoint", "coordinates": [[-123.35650265604232, 48.43977127552294]]}, "properties": {"OBJECTID": 2192, "StreetName1": "GRAHAM ST", "StreetName2": "HILLSIDE AVE", "Intersection": "GRAHAM ST & HILLSIDE AVE", "Jurisdiction": "COV", "POINT_X": 473634.4469999997, "POINT_Y": 5365241.605}}, {"type": "Feature", "id": 2193, "geometry": {"type": "MultiPoint", "coordinates": [[-123.35450523958704, 48.440026377703006]]}, "properties": {"OBJECTID": 2193, "StreetName1": "BAKERY MEWS", "StreetName2": "HILLSIDE AVE", "Intersection": "BAKERY MEWS & HILLSIDE AVE", "Jurisdiction": "COV", "POINT_X": 473782.3054999998, "POINT_Y": 5365269.274800001}}, {"type": "Feature", "id": 2194, "geometry": {"type": "MultiPoint", "coordinates": [[-123.35383308799976, 48.44011221375949]]}, "properties": {"OBJECTID": 2194, "StreetName1": "BLACKWOOD ST", "StreetName2": "HILLSIDE AVE", "Intersection": "BLACKWOOD ST & HILLSIDE AVE", "Jurisdiction": "COV", "POINT_X": 473832.0610999996, "POINT_Y": 5365278.585899999}}, {"type": "Feature", "id": 2195, "geometry": {"type": "MultiPoint", "coordinates": [[-123.35174649471298, 48.440373006659414]]}, "properties": {"OBJECTID": 2195, "StreetName1": "COOK ST", "StreetName2": "HILLSIDE AVE", "Intersection": "COOK ST & HILLSIDE AVE", "Jurisdiction": "COV", "POINT_X": 473986.5159, "POINT_Y": 5365306.8631}}, {"type": "Feature", "id": 2196, "geometry": {"type": "MultiPoint", "coordinates": [[-123.3492787053078, 48.44083104510165]]}, "properties": {"OBJECTID": 2196, "StreetName1": "HIGGINS ST", "StreetName2": "HILLSIDE AVE", "Intersection": "HIGGINS ST & HILLSIDE AVE", "Jurisdiction": "COV", "POINT_X": 474169.26159999985, "POINT_Y": 5365356.9405000005}}, {"type": "Feature", "id": 2197, "geometry": {"type": "MultiPoint", "coordinates": [[-123.34720901284496, 48.4411002294613]]}, "properties": {"OBJECTID": 2197, "StreetName1": "GROSVENOR RD", "StreetName2": "HILLSIDE AVE", "Intersection": "GROSVENOR RD & HILLSIDE AVE", "Jurisdiction": "COV", "POINT_X": 474322.4667999996, "POINT_Y": 5365386.1653}}, {"type": "Feature", "id": 2198, "geometry": {"type": "MultiPoint", "coordinates": [[-123.34427693945862, 48.44130947891408]]}, "properties": {"OBJECTID": 2198, "StreetName1": "CEDAR HILL RD", "StreetName2": "HILLSIDE AVE", "Intersection": "CEDAR HILL RD & HILLSIDE AVE", "Jurisdiction": "COV", "POINT_X": 474539.4194, "POINT_Y": 5365408.4451}}, {"type": "Feature", "id": 2199, "geometry": {"type": "MultiPoint", "coordinates": [[-123.34278017501512, 48.44189347792989]]}, "properties": {"OBJECTID": 2199, "StreetName1": "HAMILTON RD", "StreetName2": "HILLSIDE AVE", "Intersection": "HAMILTON RD & HILLSIDE AVE", "Jurisdiction": "COV", "POINT_X": 474650.40610000025, "POINT_Y": 5365472.862400001}}, {"type": "Feature", "id": 2200, "geometry": {"type": "MultiPoint", "coordinates": [[-123.34125089028737, 48.44250288710835]]}, "properties": {"OBJECTID": 2200, "StreetName1": "GOSWORTH RD", "StreetName2": "HILLSIDE AVE", "Intersection": "GOSWORTH RD & HILLSIDE AVE", "Jurisdiction": "COV", "POINT_X": 474763.80790000036, "POINT_Y": 5365540.0956}}, {"type": "Feature", "id": 2201, "geometry": {"type": "MultiPoint", "coordinates": [[-123.33986463170962, 48.44305433259204]]}, "properties": {"OBJECTID": 2201, "StreetName1": "BELMONT AVE", "StreetName2": "HILLSIDE AVE", "Intersection": "BELMONT AVE & HILLSIDE AVE", "Jurisdiction": "COV", "POINT_X": 474866.6009999998, "POINT_Y": 5365600.9351}}, {"type": "Feature", "id": 2202, "geometry": {"type": "MultiPoint", "coordinates": [[-123.33824585702413, 48.443700297419305]]}, "properties": {"OBJECTID": 2202, "StreetName1": "DONCASTER DR", "StreetName2": "HILLSIDE AVE", "Intersection": "DONCASTER DR & HILLSIDE AVE", "Jurisdiction": "COV", "POINT_X": 474986.6337000001, "POINT_Y": 5365672.206700001}}, {"type": "Feature", "id": 2203, "geometry": {"type": "MultiPoint", "coordinates": [[-123.34780405251783, 48.44372940399799]]}, "properties": {"OBJECTID": 2203, "StreetName1": "CEDAR HILL RD", "StreetName2": "HIPWOOD LANE", "Intersection": "CEDAR HILL RD & HIPWOOD LANE", "Jurisdiction": "COV", "POINT_X": 474279.7867999999, "POINT_Y": 5365678.6088}}, {"type": "Feature", "id": 2204, "geometry": {"type": "MultiPoint", "coordinates": [[-123.34025526507588, 48.44101190314702]]}, "properties": {"OBJECTID": 2204, "StreetName1": "HAMILTON RD", "StreetName2": "HOLLY ST", "Intersection": "HAMILTON RD & HOLLY ST", "Jurisdiction": "COV", "POINT_X": 474836.7030999996, "POINT_Y": 5365374.038799999}}, {"type": "Feature", "id": 2205, "geometry": {"type": "MultiPoint", "coordinates": [[-123.33897487578662, 48.44151545055239]]}, "properties": {"OBJECTID": 2205, "StreetName1": "BELMONT AVE", "StreetName2": "HOLLY ST", "Intersection": "BELMONT AVE & HOLLY ST", "Jurisdiction": "COV", "POINT_X": 474931.6451000003, "POINT_Y": 5365429.5901999995}}, {"type": "Feature", "id": 2206, "geometry": {"type": "MultiPoint", "coordinates": [[-123.33628730811861, 48.410093121429774]]}, "properties": {"OBJECTID": 2206, "StreetName1": "DALLAS RD", "StreetName2": "HOLLYWOOD CRES", "Intersection": "DALLAS RD & HOLLYWOOD CRES", "Jurisdiction": "COV", "POINT_X": 475115.0725999996, "POINT_Y": 5361935.9997000005}}, {"type": "Feature", "id": 2207, "geometry": {"type": "MultiPoint", "coordinates": [[-123.33288104203702, 48.40877027538808]]}, "properties": {"OBJECTID": 2207, "StreetName1": "BEECHWOOD AVE", "StreetName2": "HOLLYWOOD CRES", "Intersection": "BEECHWOOD AVE & HOLLYWOOD CRES", "Jurisdiction": "COV", "POINT_X": 475366.5049999999, "POINT_Y": 5361787.8597}}, {"type": "Feature", "id": 2208, "geometry": {"type": "MultiPoint", "coordinates": [[-123.33512610319053, 48.40909884815477]]}, "properties": {"OBJECTID": 2208, "StreetName1": "HOLLYWOOD CRES", "StreetName2": "HOLLYWOOD PL", "Intersection": "HOLLYWOOD CRES & HOLLYWOOD PL", "Jurisdiction": "COV", "POINT_X": 475200.5208999999, "POINT_Y": 5361825.1061}}, {"type": "Feature", "id": 2209, "geometry": {"type": "MultiPoint", "coordinates": [[-123.33438242743709, 48.432559737595184]]}, "properties": {"OBJECTID": 2209, "StreetName1": "DENMAN ST", "StreetName2": "HOWARD ST", "Intersection": "DENMAN ST & HOWARD ST", "Jurisdiction": "COV", "POINT_X": 475266.94020000007, "POINT_Y": 5364432.6325}}, {"type": "Feature", "id": 2210, "geometry": {"type": "MultiPoint", "coordinates": [[-123.3343790514714, 48.43398363003357]]}, "properties": {"OBJECTID": 2210, "StreetName1": "BAY ST", "StreetName2": "HOWARD ST", "Intersection": "BAY ST & HOWARD ST", "Jurisdiction": "COV", "POINT_X": 475267.88100000005, "POINT_Y": 5364590.902799999}}, {"type": "Feature", "id": 2211, "geometry": {"type": "MultiPoint", "coordinates": [[-123.35217996987033, 48.4064872369665]]}, "properties": {"OBJECTID": 2211, "StreetName1": "DALLAS RD", "StreetName2": "HOWE ST", "Intersection": "DALLAS RD & HOWE ST", "Jurisdiction": "COV", "POINT_X": 473937.1376, "POINT_Y": 5361540.477700001}}, {"type": "Feature", "id": 2212, "geometry": {"type": "MultiPoint", "coordinates": [[-123.35140716560902, 48.4096628450213]]}, "properties": {"OBJECTID": 2212, "StreetName1": "FAITHFUL ST", "StreetName2": "HOWE ST", "Intersection": "FAITHFUL ST & HOWE ST", "Jurisdiction": "COV", "POINT_X": 473995.9500000002, "POINT_Y": 5361893.1951}}, {"type": "Feature", "id": 2213, "geometry": {"type": "MultiPoint", "coordinates": [[-123.35068466551432, 48.41246911179227]]}, "properties": {"OBJECTID": 2213, "StreetName1": "CHAPMAN ST", "StreetName2": "HOWE ST", "Intersection": "CHAPMAN ST & HOWE ST", "Jurisdiction": "COV", "POINT_X": 474050.84499999974, "POINT_Y": 5362204.876700001}}, {"type": "Feature", "id": 2214, "geometry": {"type": "MultiPoint", "coordinates": [[-123.3683420690908, 48.42294956776333]]}, "properties": {"OBJECTID": 2214, "StreetName1": "GOVERNMENT ST", "StreetName2": "HUMBOLDT ST", "Intersection": "GOVERNMENT ST & HUMBOLDT ST", "Jurisdiction": "COV", "POINT_X": 472749.82079999987, "POINT_Y": 5363375.950200001}}, {"type": "Feature", "id": 2215, "geometry": {"type": "MultiPoint", "coordinates": [[-123.3675651677153, 48.422705066241456]]}, "properties": {"OBJECTID": 2215, "StreetName1": "GORDON ST", "StreetName2": "HUMBOLDT ST", "Intersection": "GORDON ST & HUMBOLDT ST", "Jurisdiction": "COV", "POINT_X": 472807.1683, "POINT_Y": 5363348.4968}}, {"type": "Feature", "id": 2216, "geometry": {"type": "MultiPoint", "coordinates": [[-123.3660367593165, 48.42221857476871]]}, "properties": {"OBJECTID": 2216, "StreetName1": "BURDETT AVE", "StreetName2": "HUMBOLDT ST", "Intersection": "BURDETT AVE & HUMBOLDT ST", "Jurisdiction": "COV", "POINT_X": 472919.9874999998, "POINT_Y": 5363293.879899999}}, {"type": "Feature", "id": 2217, "geometry": {"type": "MultiPoint", "coordinates": [[-123.36387102820986, 48.42053752941392]]}, "properties": {"OBJECTID": 2217, "StreetName1": "BLANSHARD ST", "StreetName2": "HUMBOLDT ST", "Intersection": "BLANSHARD ST & HUMBOLDT ST", "Jurisdiction": "COV", "POINT_X": 473079.3306, "POINT_Y": 5363106.2619}}, {"type": "Feature", "id": 2218, "geometry": {"type": "MultiPoint", "coordinates": [[-123.36767821633588, 48.414916776920414]]}, "properties": {"OBJECTID": 2218, "StreetName1": "AVALON RD", "StreetName2": "HUNTINGTON PL", "Intersection": "AVALON RD & HUNTINGTON PL", "Jurisdiction": "COV", "POINT_X": 472794.6490000002, "POINT_Y": 5362482.8397}}, {"type": "Feature", "id": 2219, "geometry": {"type": "MultiPoint", "coordinates": [[-123.38457976536506, 48.421868851951665]]}, "properties": {"OBJECTID": 2219, "StreetName1": "DALLAS RD", "StreetName2": "HURON ST", "Intersection": "DALLAS RD & HURON ST", "Jurisdiction": "COV", "POINT_X": 471547.8953, "POINT_Y": 5363261.7293}}, {"type": "Feature", "id": 2220, "geometry": {"type": "MultiPoint", "coordinates": [[-123.38800420286348, 48.44366357761122]]}, "properties": {"OBJECTID": 2220, "StreetName1": "GORGE RD E", "StreetName2": "IRMA ST", "Intersection": "GORGE RD E & IRMA ST", "Jurisdiction": "COV", "POINT_X": 471306.81230000034, "POINT_Y": 5365685.5769}}, {"type": "Feature", "id": 2221, "geometry": {"type": "MultiPoint", "coordinates": [[-123.38340137068342, 48.448857268427794]]}, "properties": {"OBJECTID": 2221, "StreetName1": "BURNSIDE RD E", "StreetName2": "IRMA ST", "Intersection": "BURNSIDE RD E & IRMA ST", "Jurisdiction": "COV", "POINT_X": 471650.09860000014, "POINT_Y": 5366261.162799999}}, {"type": "Feature", "id": 2222, "geometry": {"type": "MultiPoint", "coordinates": [[-123.32877351077806, 48.412229702514374]]}, "properties": {"OBJECTID": 2222, "StreetName1": "CRESCENT RD", "StreetName2": "IRVING RD", "Intersection": "CRESCENT RD & IRVING RD", "Jurisdiction": "COV", "POINT_X": 475672.1297000004, "POINT_Y": 5362171.0748}}, {"type": "Feature", "id": 2223, "geometry": {"type": "MultiPoint", "coordinates": [[-123.328765844258, 48.414061768566626]]}, "properties": {"OBJECTID": 2223, "StreetName1": "BEAVEN ST", "StreetName2": "IRVING RD", "Intersection": "BEAVEN ST & IRVING RD", "Jurisdiction": "COV", "POINT_X": 475673.57100000046, "POINT_Y": 5362374.713199999}}, {"type": "Feature", "id": 2224, "geometry": {"type": "MultiPoint", "coordinates": [[-123.32874295360011, 48.41553479007691]]}, "properties": {"OBJECTID": 2224, "StreetName1": "FAIRFIELD RD", "StreetName2": "IRVING RD", "Intersection": "FAIRFIELD RD & IRVING RD", "Jurisdiction": "COV", "POINT_X": 475675.96750000026, "POINT_Y": 5362538.4377}}, {"type": "Feature", "id": 2225, "geometry": {"type": "MultiPoint", "coordinates": [[-123.35813787371076, 48.44665877123212]]}, "properties": {"OBJECTID": 2225, "StreetName1": "FINLAYSON ST", "StreetName2": "JACKSON ST", "Intersection": "FINLAYSON ST & JACKSON ST", "Jurisdiction": "COV", "POINT_X": 473517.08860000037, "POINT_Y": 5366007.7434}}, {"type": "Feature", "id": 2226, "geometry": {"type": "MultiPoint", "coordinates": [[-123.35764151021812, 48.44425867542482]]}, "properties": {"OBJECTID": 2226, "StreetName1": "GRAHAM ST", "StreetName2": "JACKSON ST", "Intersection": "GRAHAM ST & JACKSON ST", "Jurisdiction": "COV", "POINT_X": 473552.54810000025, "POINT_Y": 5365740.790999999}}, {"type": "Feature", "id": 2227, "geometry": {"type": "MultiPoint", "coordinates": [[-123.34476489523401, 48.423626587840694], [-123.3424063914637, 48.421360349421626]]}, "properties": {"OBJECTID": 2227, "StreetName1": "CRAIGDARROCH RD", "StreetName2": "JOAN CRES", "Intersection": "CRAIGDARROCH RD & JOAN CRES", "Jurisdiction": "COV", "POINT_X": 474581.1639500002, "POINT_Y": 5363316.7414}}, {"type": "Feature", "id": 2228, "geometry": {"type": "MultiPoint", "coordinates": [[-123.37297799284576, 48.43621639901455]]}, "properties": {"OBJECTID": 2228, "StreetName1": "BRIDGE ST", "StreetName2": "JOHN ST", "Intersection": "BRIDGE ST & JOHN ST", "Jurisdiction": "COV", "POINT_X": 472414.0206000004, "POINT_Y": 5364852.270199999}}, {"type": "Feature", "id": 2229, "geometry": {"type": "MultiPoint", "coordinates": [[-123.3673797845929, 48.43726458447636]]}, "properties": {"OBJECTID": 2229, "StreetName1": "GOVERNMENT ST", "StreetName2": "JOHN ST", "Intersection": "GOVERNMENT ST & JOHN ST", "Jurisdiction": "COV", "POINT_X": 472828.6470999997, "POINT_Y": 5364966.7786}}, {"type": "Feature", "id": 2230, "geometry": {"type": "MultiPoint", "coordinates": [[-123.37255544866564, 48.42796290382529]]}, "properties": {"OBJECTID": 2230, "StreetName1": "ESQUIMALT RD", "StreetName2": "JOHNSON ST", "Intersection": "ESQUIMALT RD & JOHNSON ST", "Jurisdiction": "COV", "POINT_X": 472440.81070000026, "POINT_Y": 5363934.7094}}, {"type": "Feature", "id": 2231, "geometry": {"type": "MultiPoint", "coordinates": [[-123.36724971005661, 48.4274828399832]]}, "properties": {"OBJECTID": 2231, "StreetName1": "GOVERNMENT ST", "StreetName2": "JOHNSON ST", "Intersection": "GOVERNMENT ST & JOHNSON ST", "Jurisdiction": "COV", "POINT_X": 472833.0536000002, "POINT_Y": 5363879.4527}}, {"type": "Feature", "id": 2232, "geometry": {"type": "MultiPoint", "coordinates": [[-123.36600986226856, 48.4273454383787]]}, "properties": {"OBJECTID": 2232, "StreetName1": "BROAD ST", "StreetName2": "JOHNSON ST", "Intersection": "BROAD ST & JOHNSON ST", "Jurisdiction": "COV", "POINT_X": 472924.70079999976, "POINT_Y": 5363863.740900001}}, {"type": "Feature", "id": 2233, "geometry": {"type": "MultiPoint", "coordinates": [[-123.36470745778286, 48.42720109104051]]}, "properties": {"OBJECTID": 2233, "StreetName1": "DOUGLAS ST", "StreetName2": "JOHNSON ST", "Intersection": "DOUGLAS ST & JOHNSON ST", "Jurisdiction": "COV", "POINT_X": 473020.9726, "POINT_Y": 5363847.236500001}}, {"type": "Feature", "id": 2234, "geometry": {"type": "MultiPoint", "coordinates": [[-123.36185914662357, 48.42688878427926]]}, "properties": {"OBJECTID": 2234, "StreetName1": "BLANSHARD ST", "StreetName2": "JOHNSON ST", "Intersection": "BLANSHARD ST & JOHNSON ST", "Jurisdiction": "COV", "POINT_X": 473231.5192, "POINT_Y": 5363811.5229}}, {"type": "Feature", "id": 2235, "geometry": {"type": "MultiPoint", "coordinates": [[-123.3534124196654, 48.425969208989756]]}, "properties": {"OBJECTID": 2235, "StreetName1": "COOK ST", "StreetName2": "JOHNSON ST", "Intersection": "COOK ST & JOHNSON ST", "Jurisdiction": "COV", "POINT_X": 473855.9182000002, "POINT_Y": 5363706.3906}}, {"type": "Feature", "id": 2236, "geometry": {"type": "MultiPoint", "coordinates": [[-123.35069134703664, 48.42567500715141]]}, "properties": {"OBJECTID": 2236, "StreetName1": "CHAMBERS ST", "StreetName2": "JOHNSON ST", "Intersection": "CHAMBERS ST & JOHNSON ST", "Jurisdiction": "COV", "POINT_X": 474057.0712000001, "POINT_Y": 5363672.763599999}}, {"type": "Feature", "id": 2237, "geometry": {"type": "MultiPoint", "coordinates": [[-123.34738354804416, 48.42548181746638]]}, "properties": {"OBJECTID": 2237, "StreetName1": "CAMOSUN ST", "StreetName2": "JOHNSON ST", "Intersection": "CAMOSUN ST & JOHNSON ST", "Jurisdiction": "COV", "POINT_X": 474301.6835000003, "POINT_Y": 5363650.1746}}, {"type": "Feature", "id": 2238, "geometry": {"type": "MultiPoint", "coordinates": [[-123.34546049601958, 48.425449518059956]]}, "properties": {"OBJECTID": 2238, "StreetName1": "FERNWOOD RD", "StreetName2": "JOHNSON ST", "Intersection": "FERNWOOD RD & JOHNSON ST", "Jurisdiction": "COV", "POINT_X": 474443.93450000044, "POINT_Y": 5363645.9409}}, {"type": "Feature", "id": 2239, "geometry": {"type": "MultiPoint", "coordinates": [[-123.34376328365981, 48.42561171085656]]}, "properties": {"OBJECTID": 2239, "StreetName1": "HARRISON ST", "StreetName2": "JOHNSON ST", "Intersection": "HARRISON ST & JOHNSON ST", "Jurisdiction": "COV", "POINT_X": 474569.5751, "POINT_Y": 5363663.4043000005}}, {"type": "Feature", "id": 2240, "geometry": {"type": "MultiPoint", "coordinates": [[-123.3426700929842, 48.426774263280855]]}, "properties": {"OBJECTID": 2240, "StreetName1": "BEGBIE ST", "StreetName2": "JOHNSON ST", "Intersection": "BEGBIE ST & JOHNSON ST", "Jurisdiction": "COV", "POINT_X": 474651.02720000036, "POINT_Y": 5363792.2641}}, {"type": "Feature", "id": 2241, "geometry": {"type": "MultiPoint", "coordinates": [[-123.34803531705944, 48.408170679535644]]}, "properties": {"OBJECTID": 2241, "StreetName1": "BUSHBY ST", "StreetName2": "JOSEPH ST", "Intersection": "BUSHBY ST & JOSEPH ST", "Jurisdiction": "COV", "POINT_X": 474244.7229000004, "POINT_Y": 5361726.1965}}, {"type": "Feature", "id": 2242, "geometry": {"type": "MultiPoint", "coordinates": [[-123.35947386859453, 48.44528676251448]]}, "properties": {"OBJECTID": 2242, "StreetName1": "FIFTH ST", "StreetName2": "JOSETTE PL", "Intersection": "FIFTH ST & JOSETTE PL", "Jurisdiction": "COV", "POINT_X": 473417.57689999975, "POINT_Y": 5365855.7018}}, {"type": "Feature", "id": 2243, "geometry": {"type": "MultiPoint", "coordinates": [[-123.35929002786804, 48.430817750705295]]}, "properties": {"OBJECTID": 2243, "StreetName1": "CALEDONIA AVE", "StreetName2": "JULIA ST", "Intersection": "CALEDONIA AVE & JULIA ST", "Jurisdiction": "COV", "POINT_X": 473423.62590000033, "POINT_Y": 5364247.348099999}}, {"type": "Feature", "id": 2244, "geometry": {"type": "MultiPoint", "coordinates": [[-123.37774473886702, 48.439089820562344]]}, "properties": {"OBJECTID": 2244, "StreetName1": "GARBALLY RD", "StreetName2": "JUTLAND RD", "Intersection": "GARBALLY RD & JUTLAND RD", "Jurisdiction": "COV", "POINT_X": 472063.02720000036, "POINT_Y": 5365173.390900001}}, {"type": "Feature", "id": 2245, "geometry": {"type": "MultiPoint", "coordinates": [[-123.37707342690642, 48.44156066679605]]}, "properties": {"OBJECTID": 2245, "StreetName1": "DUNEDIN ST", "StreetName2": "JUTLAND RD", "Intersection": "DUNEDIN ST & JUTLAND RD", "Jurisdiction": "COV", "POINT_X": 472114.03000000026, "POINT_Y": 5365447.790899999}}, {"type": "Feature", "id": 2246, "geometry": {"type": "MultiPoint", "coordinates": [[-123.37660133485743, 48.441901270678635]]}, "properties": {"OBJECTID": 2246, "StreetName1": "GORGE RD E", "StreetName2": "JUTLAND RD", "Intersection": "GORGE RD E & JUTLAND RD", "Jurisdiction": "COV", "POINT_X": 472149.13049999997, "POINT_Y": 5365485.478599999}}, {"type": "Feature", "id": 2247, "geometry": {"type": "MultiPoint", "coordinates": [[-123.37530134169562, 48.443123604247354]]}, "properties": {"OBJECTID": 2247, "StreetName1": "CECELIA RD", "StreetName2": "JUTLAND RD", "Intersection": "CECELIA RD & JUTLAND RD", "Jurisdiction": "COV", "POINT_X": 472245.93879999965, "POINT_Y": 5365620.874}}, {"type": "Feature", "id": 2248, "geometry": {"type": "MultiPoint", "coordinates": [[-123.37394826098458, 48.4442246262392]]}, "properties": {"OBJECTID": 2248, "StreetName1": "BURNSIDE RD E", "StreetName2": "JUTLAND RD", "Intersection": "BURNSIDE RD E & JUTLAND RD", "Jurisdiction": "COV", "POINT_X": 472346.60259999987, "POINT_Y": 5365742.7676}}, {"type": "Feature", "id": 2249, "geometry": {"type": "MultiPoint", "coordinates": [[-123.38470860742261, 48.4295969916672]]}, "properties": {"OBJECTID": 2249, "StreetName1": "CATHERINE ST", "StreetName2": "KIMTA RD", "Intersection": "CATHERINE ST & KIMTA RD", "Jurisdiction": "COV", "POINT_X": 471542.6777999997, "POINT_Y": 5364120.7894}}, {"type": "Feature", "id": 2250, "geometry": {"type": "MultiPoint", "coordinates": [[-123.38182751624298, 48.42864600200975]]}, "properties": {"OBJECTID": 2250, "StreetName1": "COOPERAGE PL", "StreetName2": "KIMTA RD", "Intersection": "COOPERAGE PL & KIMTA RD", "Jurisdiction": "COV", "POINT_X": 471755.2763, "POINT_Y": 5364014.0166}}, {"type": "Feature", "id": 2251, "geometry": {"type": "MultiPoint", "coordinates": [[-123.36585496840178, 48.43637704565897]]}, "properties": {"OBJECTID": 2251, "StreetName1": "DOUGLAS ST", "StreetName2": "KINGS RD", "Intersection": "DOUGLAS ST & KINGS RD", "Jurisdiction": "COV", "POINT_X": 472940.9554000003, "POINT_Y": 5364867.585100001}}, {"type": "Feature", "id": 2252, "geometry": {"type": "MultiPoint", "coordinates": [[-123.3628595977669, 48.43696959408788]]}, "properties": {"OBJECTID": 2252, "StreetName1": "BLANSHARD ST", "StreetName2": "KINGS RD", "Intersection": "BLANSHARD ST & KINGS RD", "Jurisdiction": "COV", "POINT_X": 473162.8173000002, "POINT_Y": 5364932.395099999}}, {"type": "Feature", "id": 2253, "geometry": {"type": "MultiPoint", "coordinates": [[-123.36145174256085, 48.437146866705085]]}, "properties": {"OBJECTID": 2253, "StreetName1": "DOWLER PL", "StreetName2": "KINGS RD", "Intersection": "DOWLER PL & KINGS RD", "Jurisdiction": "COV", "POINT_X": 473267.0398000004, "POINT_Y": 5364951.6072}}, {"type": "Feature", "id": 2254, "geometry": {"type": "MultiPoint", "coordinates": [[-123.35728419860921, 48.43767891462988]]}, "properties": {"OBJECTID": 2254, "StreetName1": "FIFTH ST", "StreetName2": "KINGS RD", "Intersection": "FIFTH ST & KINGS RD", "Jurisdiction": "COV", "POINT_X": 473575.55960000027, "POINT_Y": 5365009.299900001}}, {"type": "Feature", "id": 2255, "geometry": {"type": "MultiPoint", "coordinates": [[-123.35594962278245, 48.43785030371597], [-123.35539059245885, 48.43792209187731]]}, "properties": {"OBJECTID": 2255, "StreetName1": "GRAHAM ST", "StreetName2": "KINGS RD", "Intersection": "GRAHAM ST & KINGS RD", "Jurisdiction": "COV", "POINT_X": 473695.04830000014, "POINT_Y": 5365031.784549999}}, {"type": "Feature", "id": 2256, "geometry": {"type": "MultiPoint", "coordinates": [[-123.35395155211896, 48.43810686847293]]}, "properties": {"OBJECTID": 2256, "StreetName1": "BAKERY MEWS", "StreetName2": "KINGS RD", "Intersection": "BAKERY MEWS & KINGS RD", "Jurisdiction": "COV", "POINT_X": 473822.2692999998, "POINT_Y": 5365055.723999999}}, {"type": "Feature", "id": 2257, "geometry": {"type": "MultiPoint", "coordinates": [[-123.3532917790858, 48.438193353371766], [-123.35321427088888, 48.43819663391648]]}, "properties": {"OBJECTID": 2257, "StreetName1": "BLACKWOOD ST", "StreetName2": "KINGS RD", "Intersection": "BLACKWOOD ST & KINGS RD", "Jurisdiction": "COV", "POINT_X": 473873.97864999966, "POINT_Y": 5365065.2809}}, {"type": "Feature", "id": 2258, "geometry": {"type": "MultiPoint", "coordinates": [[-123.35195172700108, 48.43836054118642]]}, "properties": {"OBJECTID": 2258, "StreetName1": "COOK ST", "StreetName2": "KINGS RD", "Intersection": "COOK ST & KINGS RD", "Jurisdiction": "COV", "POINT_X": 473970.3091000002, "POINT_Y": 5365083.239}}, {"type": "Feature", "id": 2259, "geometry": {"type": "MultiPoint", "coordinates": [[-123.35061352999072, 48.43852665154276]]}, "properties": {"OBJECTID": 2259, "StreetName1": "EMPIRE ST", "StreetName2": "KINGS RD", "Intersection": "EMPIRE ST & KINGS RD", "Jurisdiction": "COV", "POINT_X": 474069.3683000002, "POINT_Y": 5365101.2488}}, {"type": "Feature", "id": 2260, "geometry": {"type": "MultiPoint", "coordinates": [[-123.3492880780714, 48.438693116086164]]}, "properties": {"OBJECTID": 2260, "StreetName1": "CAPITAL HTS", "StreetName2": "KINGS RD", "Intersection": "CAPITAL HTS & KINGS RD", "Jurisdiction": "COV", "POINT_X": 474167.4844000004, "POINT_Y": 5365119.304}}, {"type": "Feature", "id": 2261, "geometry": {"type": "MultiPoint", "coordinates": [[-123.34592683616873, 48.4382144215797]]}, "properties": {"OBJECTID": 2261, "StreetName1": "CEDAR HILL RD", "StreetName2": "KINGS RD", "Intersection": "CEDAR HILL RD & KINGS RD", "Jurisdiction": "COV", "POINT_X": 474415.84389999975, "POINT_Y": 5365064.966600001}}, {"type": "Feature", "id": 2262, "geometry": {"type": "MultiPoint", "coordinates": [[-123.34489413960202, 48.43818085949397]]}, "properties": {"OBJECTID": 2262, "StreetName1": "FERNWOOD RD", "StreetName2": "KINGS RD", "Intersection": "FERNWOOD RD & KINGS RD", "Jurisdiction": "COV", "POINT_X": 474492.2067999998, "POINT_Y": 5365060.8915}}, {"type": "Feature", "id": 2263, "geometry": {"type": "MultiPoint", "coordinates": [[-123.34222765764623, 48.43815062083214]]}, "properties": {"OBJECTID": 2263, "StreetName1": "AVEBURY AVE", "StreetName2": "KINGS RD", "Intersection": "AVEBURY AVE & KINGS RD", "Jurisdiction": "COV", "POINT_X": 474689.40869999956, "POINT_Y": 5365056.645500001}}, {"type": "Feature", "id": 2264, "geometry": {"type": "MultiPoint", "coordinates": [[-123.34089436761458, 48.43813435301313]]}, "properties": {"OBJECTID": 2264, "StreetName1": "ASQUITH ST", "StreetName2": "KINGS RD", "Intersection": "ASQUITH ST & KINGS RD", "Jurisdiction": "COV", "POINT_X": 474788.0127999997, "POINT_Y": 5365054.397399999}}, {"type": "Feature", "id": 2265, "geometry": {"type": "MultiPoint", "coordinates": [[-123.33971867709579, 48.43811999499173]]}, "properties": {"OBJECTID": 2265, "StreetName1": "BELMONT AVE", "StreetName2": "KINGS RD", "Intersection": "BELMONT AVE & KINGS RD", "Jurisdiction": "COV", "POINT_X": 474874.96160000004, "POINT_Y": 5365052.414999999}}, {"type": "Feature", "id": 2266, "geometry": {"type": "MultiPoint", "coordinates": [[-123.33848579879165, 48.4381049259163]]}, "properties": {"OBJECTID": 2266, "StreetName1": "FORBES ST", "StreetName2": "KINGS RD", "Intersection": "FORBES ST & KINGS RD", "Jurisdiction": "COV", "POINT_X": 474966.1398, "POINT_Y": 5365050.336200001}}, {"type": "Feature", "id": 2267, "geometry": {"type": "MultiPoint", "coordinates": [[-123.34552082471836, 48.413808017341154]]}, "properties": {"OBJECTID": 2267, "StreetName1": "FAIRFIELD RD", "StreetName2": "KIPLING ST", "Intersection": "FAIRFIELD RD & KIPLING ST", "Jurisdiction": "COV", "POINT_X": 474433.6342000002, "POINT_Y": 5362351.964500001}}, {"type": "Feature", "id": 2268, "geometry": {"type": "MultiPoint", "coordinates": [[-123.34443656718696, 48.41478034814668]]}, "properties": {"OBJECTID": 2268, "StreetName1": "BROOKE ST", "StreetName2": "KIPLING ST", "Intersection": "BROOKE ST & KIPLING ST", "Jurisdiction": "COV", "POINT_X": 474514.3518000003, "POINT_Y": 5362459.681299999}}, {"type": "Feature", "id": 2269, "geometry": {"type": "MultiPoint", "coordinates": [[-123.34422774015198, 48.415657731298346]]}, "properties": {"OBJECTID": 2269, "StreetName1": "HAMLEY ST", "StreetName2": "KIPLING ST", "Intersection": "HAMLEY ST & KIPLING ST", "Jurisdiction": "COV", "POINT_X": 474530.24230000004, "POINT_Y": 5362557.1362}}, {"type": "Feature", "id": 2270, "geometry": {"type": "MultiPoint", "coordinates": [[-123.34906312332122, 48.442720362326675], [-123.34874222389634, 48.44330724738275]]}, "properties": {"OBJECTID": 2270, "StreetName1": "COOK ST", "StreetName2": "KIWANIS WAY", "Intersection": "COOK ST & KIWANIS WAY", "Jurisdiction": "COV", "POINT_X": 474198.1774999999, "POINT_Y": 5365599.4366}}, {"type": "Feature", "id": 2271, "geometry": {"type": "MultiPoint", "coordinates": [[-123.34780405251783, 48.44372940399799]]}, "properties": {"OBJECTID": 2271, "StreetName1": "CEDAR HILL RD", "StreetName2": "KIWANIS WAY", "Intersection": "CEDAR HILL RD & KIWANIS WAY", "Jurisdiction": "COV", "POINT_X": 474279.7867999999, "POINT_Y": 5365678.6088}}, {"type": "Feature", "id": 2272, "geometry": {"type": "MultiPoint", "coordinates": [[-123.34960743435923, 48.44692583079745]]}, "properties": {"OBJECTID": 2272, "StreetName1": "COOK ST", "StreetName2": "LANG ST", "Intersection": "COOK ST & LANG ST", "Jurisdiction": "COV", "POINT_X": 474148.04289999977, "POINT_Y": 5366034.512599999}}, {"type": "Feature", "id": 2273, "geometry": {"type": "MultiPoint", "coordinates": [[-123.34471458642989, 48.446995194767034]]}, "properties": {"OBJECTID": 2273, "StreetName1": "CEDAR HILL RD", "StreetName2": "LANG ST", "Intersection": "CEDAR HILL RD & LANG ST", "Jurisdiction": "COV", "POINT_X": 474509.8976999996, "POINT_Y": 5366040.5821}}, {"type": "Feature", "id": 2274, "geometry": {"type": "MultiPoint", "coordinates": [[-123.39127565165549, 48.434931814679636]]}, "properties": {"OBJECTID": 2274, "StreetName1": "EVANS ST", "StreetName2": "LANGFORD ST", "Intersection": "EVANS ST & LANGFORD ST", "Jurisdiction": "COV", "POINT_X": 471059.91779999994, "POINT_Y": 5364716.2371}}, {"type": "Feature", "id": 2275, "geometry": {"type": "MultiPoint", "coordinates": [[-123.38949882073726, 48.434944508791276]]}, "properties": {"OBJECTID": 2275, "StreetName1": "FULLERTON AVE", "StreetName2": "LANGFORD ST", "Intersection": "FULLERTON AVE & LANGFORD ST", "Jurisdiction": "COV", "POINT_X": 471191.35030000005, "POINT_Y": 5364716.9781}}, {"type": "Feature", "id": 2276, "geometry": {"type": "MultiPoint", "coordinates": [[-123.38880000947164, 48.43495397196705]]}, "properties": {"OBJECTID": 2276, "StreetName1": "HUDSON ST", "StreetName2": "LANGFORD ST", "Intersection": "HUDSON ST & LANGFORD ST", "Jurisdiction": "COV", "POINT_X": 471243.04399999976, "POINT_Y": 5364717.7673}}, {"type": "Feature", "id": 2277, "geometry": {"type": "MultiPoint", "coordinates": [[-123.38723605414856, 48.43468890322146]]}, "properties": {"OBJECTID": 2277, "StreetName1": "FRONT ST", "StreetName2": "LANGFORD ST", "Intersection": "FRONT ST & LANGFORD ST", "Jurisdiction": "COV", "POINT_X": 471358.57469999976, "POINT_Y": 5364687.717700001}}, {"type": "Feature", "id": 2278, "geometry": {"type": "MultiPoint", "coordinates": [[-123.38480459218353, 48.434687609446435]]}, "properties": {"OBJECTID": 2278, "StreetName1": "CATHERINE ST", "StreetName2": "LANGFORD ST", "Intersection": "CATHERINE ST & LANGFORD ST", "Jurisdiction": "COV", "POINT_X": 471538.42069999967, "POINT_Y": 5364686.667300001}}, {"type": "Feature", "id": 2279, "geometry": {"type": "MultiPoint", "coordinates": [[-123.38334532875717, 48.43466746583321]]}, "properties": {"OBJECTID": 2279, "StreetName1": "ALSTON ST", "StreetName2": "LANGFORD ST", "Intersection": "ALSTON ST & LANGFORD ST", "Jurisdiction": "COV", "POINT_X": 471646.34609999973, "POINT_Y": 5364683.8869}}, {"type": "Feature", "id": 2280, "geometry": {"type": "MultiPoint", "coordinates": [[-123.36882938822576, 48.42429300088802]]}, "properties": {"OBJECTID": 2280, "StreetName1": "BROUGHTON ST", "StreetName2": "LANGLEY ST", "Intersection": "BROUGHTON ST & LANGLEY ST", "Jurisdiction": "COV", "POINT_X": 472714.4863, "POINT_Y": 5363525.451400001}}, {"type": "Feature", "id": 2281, "geometry": {"type": "MultiPoint", "coordinates": [[-123.3686688959518, 48.42496196004748]]}, "properties": {"OBJECTID": 2281, "StreetName1": "FORT ST", "StreetName2": "LANGLEY ST", "Intersection": "FORT ST & LANGLEY ST", "Jurisdiction": "COV", "POINT_X": 472726.7176999999, "POINT_Y": 5363599.751599999}}, {"type": "Feature", "id": 2282, "geometry": {"type": "MultiPoint", "coordinates": [[-123.36847444690534, 48.42573338757577]]}, "properties": {"OBJECTID": 2282, "StreetName1": "BASTION SQ", "StreetName2": "LANGLEY ST", "Intersection": "BASTION SQ & LANGLEY ST", "Jurisdiction": "COV", "POINT_X": 472741.51570000034, "POINT_Y": 5363685.429500001}}, {"type": "Feature", "id": 2283, "geometry": {"type": "MultiPoint", "coordinates": [[-123.36838665573795, 48.426126828243845]]}, "properties": {"OBJECTID": 2283, "StreetName1": "CHANCERY LANE", "StreetName2": "LANGLEY ST", "Intersection": "CHANCERY LANE & LANGLEY ST", "Jurisdiction": "COV", "POINT_X": 472748.22080000024, "POINT_Y": 5363729.1307}}, {"type": "Feature", "id": 2284, "geometry": {"type": "MultiPoint", "coordinates": [[-123.37035318221386, 48.444373856244994]]}, "properties": {"OBJECTID": 2284, "StreetName1": "DOUGLAS ST", "StreetName2": "LARCH ST", "Intersection": "DOUGLAS ST & LARCH ST", "Jurisdiction": "COV", "POINT_X": 472612.54849999957, "POINT_Y": 5365758.062899999}}, {"type": "Feature", "id": 2285, "geometry": {"type": "MultiPoint", "coordinates": [[-123.33109062487343, 48.41904378626319]]}, "properties": {"OBJECTID": 2285, "StreetName1": "GONZALES AVE", "StreetName2": "LAURENTIAN PL", "Intersection": "GONZALES AVE & LAURENTIAN PL", "Jurisdiction": "COV", "POINT_X": 475503.93900000025, "POINT_Y": 5362929.2239}}, {"type": "Feature", "id": 2286, "geometry": {"type": "MultiPoint", "coordinates": [[-123.32562128476147, 48.43019129698848]]}, "properties": {"OBJECTID": 2286, "StreetName1": "BOURCHIER ST", "StreetName2": "LEE AVE", "Intersection": "BOURCHIER ST & LEE AVE", "Jurisdiction": "COV", "POINT_X": 475913.8794, "POINT_Y": 5364166.578199999}}, {"type": "Feature", "id": 2287, "geometry": {"type": "MultiPoint", "coordinates": [[-123.32562800200154, 48.4315115687484]]}, "properties": {"OBJECTID": 2287, "StreetName1": "FORT ST", "StreetName2": "LEE AVE", "Intersection": "FORT ST & LEE AVE", "Jurisdiction": "COV", "POINT_X": 475914.00650000013, "POINT_Y": 5364313.333799999}}, {"type": "Feature", "id": 2288, "geometry": {"type": "MultiPoint", "coordinates": [[-123.33297074016747, 48.42840109119964]]}, "properties": {"OBJECTID": 2288, "StreetName1": "BELCHER AVE", "StreetName2": "LEIGHTON RD", "Intersection": "BELCHER AVE & LEIGHTON RD", "Jurisdiction": "COV", "POINT_X": 475369.3524000002, "POINT_Y": 5363969.9274}}, {"type": "Feature", "id": 2289, "geometry": {"type": "MultiPoint", "coordinates": [[-123.33224591376512, 48.42868141924418]]}, "properties": {"OBJECTID": 2289, "StreetName1": "FORT ST", "StreetName2": "LEIGHTON RD", "Intersection": "FORT ST & LEIGHTON RD", "Jurisdiction": "COV", "POINT_X": 475423.1070999997, "POINT_Y": 5364000.8541}}, {"type": "Feature", "id": 2290, "geometry": {"type": "MultiPoint", "coordinates": [[-123.33161546426588, 48.42840098956946]]}, "properties": {"OBJECTID": 2290, "StreetName1": "JUBILEE AVE", "StreetName2": "LEIGHTON RD", "Intersection": "JUBILEE AVE & LEIGHTON RD", "Jurisdiction": "COV", "POINT_X": 475469.60979999974, "POINT_Y": 5363969.4811}}, {"type": "Feature", "id": 2291, "geometry": {"type": "MultiPoint", "coordinates": [[-123.32889697111166, 48.428401052608464]]}, "properties": {"OBJECTID": 2291, "StreetName1": "BANK ST", "StreetName2": "LEIGHTON RD", "Intersection": "BANK ST & LEIGHTON RD", "Jurisdiction": "COV", "POINT_X": 475670.71219999995, "POINT_Y": 5363968.6208999995}}, {"type": "Feature", "id": 2292, "geometry": {"type": "MultiPoint", "coordinates": [[-123.32776049163805, 48.42839487310893]]}, "properties": {"OBJECTID": 2292, "StreetName1": "DUCHESS ST", "StreetName2": "LEIGHTON RD", "Intersection": "DUCHESS ST & LEIGHTON RD", "Jurisdiction": "COV", "POINT_X": 475754.78110000025, "POINT_Y": 5363967.5736}}, {"type": "Feature", "id": 2293, "geometry": {"type": "MultiPoint", "coordinates": [[-123.3275130738646, 48.42839382142295]]}, "properties": {"OBJECTID": 2293, "StreetName1": "FELL ST", "StreetName2": "LEIGHTON RD", "Intersection": "FELL ST & LEIGHTON RD", "Jurisdiction": "COV", "POINT_X": 475773.0834999997, "POINT_Y": 5363967.3784}}, {"type": "Feature", "id": 2294, "geometry": {"type": "MultiPoint", "coordinates": [[-123.326773688797, 48.42839251371171], [-123.32616023979173, 48.4283914264505]]}, "properties": {"OBJECTID": 2294, "StreetName1": "DAVIE ST", "StreetName2": "LEIGHTON RD", "Intersection": "DAVIE ST & LEIGHTON RD", "Jurisdiction": "COV", "POINT_X": 475850.46930000035, "POINT_Y": 5363966.842250001}}, {"type": "Feature", "id": 2295, "geometry": {"type": "MultiPoint", "coordinates": [[-123.32562737392952, 48.42839159144961]]}, "properties": {"OBJECTID": 2295, "StreetName1": "LEE AVE", "StreetName2": "LEIGHTON RD", "Intersection": "LEE AVE & LEIGHTON RD", "Jurisdiction": "COV", "POINT_X": 475912.5784, "POINT_Y": 5363966.535700001}}, {"type": "Feature", "id": 2296, "geometry": {"type": "MultiPoint", "coordinates": [[-123.32382425791799, 48.428415294310646]]}, "properties": {"OBJECTID": 2296, "StreetName1": "AMPHION ST", "StreetName2": "LEIGHTON RD", "Intersection": "AMPHION ST & LEIGHTON RD", "Jurisdiction": "COV", "POINT_X": 476045.9763000002, "POINT_Y": 5363968.604800001}}, {"type": "Feature", "id": 2297, "geometry": {"type": "MultiPoint", "coordinates": [[-123.3226117125399, 48.42841391299965]]}, "properties": {"OBJECTID": 2297, "StreetName1": "FOUL BAY RD", "StreetName2": "LEIGHTON RD", "Intersection": "FOUL BAY RD & LEIGHTON RD", "Jurisdiction": "COV", "POINT_X": 476135.67449999973, "POINT_Y": 5363968.072699999}}, {"type": "Feature", "id": 2298, "geometry": {"type": "MultiPoint", "coordinates": [[-123.35744493183991, 48.411280323657245]]}, "properties": {"OBJECTID": 2298, "StreetName1": "COOK ST", "StreetName2": "LEONARD ST", "Intersection": "COOK ST & LEONARD ST", "Jurisdiction": "COV", "POINT_X": 473549.97699999996, "POINT_Y": 5362075.050799999}}, {"type": "Feature", "id": 2299, "geometry": {"type": "MultiPoint", "coordinates": [[-123.3548325312586, 48.410993164572815]]}, "properties": {"OBJECTID": 2299, "StreetName1": "CAMBRIDGE ST", "StreetName2": "LEONARD ST", "Intersection": "CAMBRIDGE ST & LEONARD ST", "Jurisdiction": "COV", "POINT_X": 473743.1480999999, "POINT_Y": 5362042.2333}}, {"type": "Feature", "id": 2300, "geometry": {"type": "MultiPoint", "coordinates": [[-123.3783698444022, 48.412386898619886]]}, "properties": {"OBJECTID": 2300, "StreetName1": "DALLAS RD", "StreetName2": "LEWIS ST", "Intersection": "DALLAS RD & LEWIS ST", "Jurisdiction": "COV", "POINT_X": 472002.1308000004, "POINT_Y": 5362205.487199999}}, {"type": "Feature", "id": 2301, "geometry": {"type": "MultiPoint", "coordinates": [[-123.37794567106594, 48.41277447904832]]}, "properties": {"OBJECTID": 2301, "StreetName1": "DUNELM WYNDE", "StreetName2": "LEWIS ST", "Intersection": "DUNELM WYNDE & LEWIS ST", "Jurisdiction": "COV", "POINT_X": 472033.73170000035, "POINT_Y": 5362248.4132}}, {"type": "Feature", "id": 2302, "geometry": {"type": "MultiPoint", "coordinates": [[-123.37771511525972, 48.412985143865335]]}, "properties": {"OBJECTID": 2302, "StreetName1": "BROTCHY LANE", "StreetName2": "LEWIS ST", "Intersection": "BROTCHY LANE & LEWIS ST", "Jurisdiction": "COV", "POINT_X": 472050.9079, "POINT_Y": 5362271.745200001}}, {"type": "Feature", "id": 2303, "geometry": {"type": "MultiPoint", "coordinates": [[-123.33278696763665, 48.41319924502363]]}, "properties": {"OBJECTID": 2303, "StreetName1": "BEECHWOOD AVE", "StreetName2": "LILLIAN RD", "Intersection": "BEECHWOOD AVE & LILLIAN RD", "Jurisdiction": "COV", "POINT_X": 475375.6054999996, "POINT_Y": 5362280.125399999}}, {"type": "Feature", "id": 2304, "geometry": {"type": "MultiPoint", "coordinates": [[-123.32878399601272, 48.41317379274392]]}, "properties": {"OBJECTID": 2304, "StreetName1": "IRVING RD", "StreetName2": "LILLIAN RD", "Intersection": "IRVING RD & LILLIAN RD", "Jurisdiction": "COV", "POINT_X": 475671.80420000013, "POINT_Y": 5362276.017200001}}, {"type": "Feature", "id": 2305, "geometry": {"type": "MultiPoint", "coordinates": [[-123.35444643388945, 48.40739890366649]]}, "properties": {"OBJECTID": 2305, "StreetName1": "DALLAS RD", "StreetName2": "LINDEN AVE", "Intersection": "DALLAS RD & LINDEN AVE", "Jurisdiction": "COV", "POINT_X": 473769.87119999994, "POINT_Y": 5361642.586200001}}, {"type": "Feature", "id": 2306, "geometry": {"type": "MultiPoint", "coordinates": [[-123.35382444510086, 48.40992301941146]]}, "properties": {"OBJECTID": 2306, "StreetName1": "FAITHFUL ST", "StreetName2": "LINDEN AVE", "Intersection": "FAITHFUL ST & LINDEN AVE", "Jurisdiction": "COV", "POINT_X": 473817.19799999986, "POINT_Y": 5361922.9377999995}}, {"type": "Feature", "id": 2307, "geometry": {"type": "MultiPoint", "coordinates": [[-123.35312916140785, 48.41273337600528]]}, "properties": {"OBJECTID": 2307, "StreetName1": "CHAPMAN ST", "StreetName2": "LINDEN AVE", "Intersection": "CHAPMAN ST & LINDEN AVE", "Jurisdiction": "COV", "POINT_X": 473870.0906999996, "POINT_Y": 5362235.081599999}}, {"type": "Feature", "id": 2308, "geometry": {"type": "MultiPoint", "coordinates": [[-123.35224729346955, 48.41635218071184]]}, "properties": {"OBJECTID": 2308, "StreetName1": "HILDA ST", "StreetName2": "LINDEN AVE", "Intersection": "HILDA ST & LINDEN AVE", "Jurisdiction": "COV", "POINT_X": 473937.1972000003, "POINT_Y": 5362637.024499999}}, {"type": "Feature", "id": 2309, "geometry": {"type": "MultiPoint", "coordinates": [[-123.35211433607928, 48.416895211108745]]}, "properties": {"OBJECTID": 2309, "StreetName1": "FAIRFIELD RD", "StreetName2": "LINDEN AVE", "Intersection": "FAIRFIELD RD & LINDEN AVE", "Jurisdiction": "COV", "POINT_X": 473947.31259999983, "POINT_Y": 5362697.3390999995}}, {"type": "Feature", "id": 2310, "geometry": {"type": "MultiPoint", "coordinates": [[-123.35114767727903, 48.420894135159855]]}, "properties": {"OBJECTID": 2310, "StreetName1": "BURDETT AVE", "StreetName2": "LINDEN AVE", "Intersection": "BURDETT AVE & LINDEN AVE", "Jurisdiction": "COV", "POINT_X": 474020.87569999974, "POINT_Y": 5363141.506100001}}, {"type": "Feature", "id": 2311, "geometry": {"type": "MultiPoint", "coordinates": [[-123.35061865586249, 48.4230235937816]]}, "properties": {"OBJECTID": 2311, "StreetName1": "FORT ST", "StreetName2": "LINDEN AVE", "Intersection": "FORT ST & LINDEN AVE", "Jurisdiction": "COV", "POINT_X": 474061.09970000014, "POINT_Y": 5363378.0242}}, {"type": "Feature", "id": 2312, "geometry": {"type": "MultiPoint", "coordinates": [[-123.34502891479451, 48.41685500854995]]}, "properties": {"OBJECTID": 2312, "StreetName1": "CARNSEW ST", "StreetName2": "LOTBINIERE AVE", "Intersection": "CARNSEW ST & LOTBINIERE AVE", "Jurisdiction": "COV", "POINT_X": 474477.6465999996, "POINT_Y": 5362684.216700001}}, {"type": "Feature", "id": 2313, "geometry": {"type": "MultiPoint", "coordinates": [[-123.3911437925313, 48.44330912970075]]}, "properties": {"OBJECTID": 2313, "StreetName1": "HARRIET RD", "StreetName2": "LOTUS ST", "Intersection": "HARRIET RD & LOTUS ST", "Jurisdiction": "COV", "POINT_X": 471074.4275000002, "POINT_Y": 5365647.3599}}, {"type": "Feature", "id": 2314, "geometry": {"type": "MultiPoint", "coordinates": [[-123.38918302511907, 48.44238883119043]]}, "properties": {"OBJECTID": 2314, "StreetName1": "IRMA ST", "StreetName2": "LOTUS ST", "Intersection": "IRMA ST & LOTUS ST", "Jurisdiction": "COV", "POINT_X": 471218.9140999997, "POINT_Y": 5365544.325999999}}, {"type": "Feature", "id": 2315, "geometry": {"type": "MultiPoint", "coordinates": [[-123.36121741218459, 48.41035899670038]]}, "properties": {"OBJECTID": 2315, "StreetName1": "CAMAS CIR", "StreetName2": "LOVERS LANE", "Intersection": "CAMAS CIR & LOVERS LANE", "Jurisdiction": "COV", "POINT_X": 473270.3287000004, "POINT_Y": 5361973.9515}}, {"type": "Feature", "id": 2316, "geometry": {"type": "MultiPoint", "coordinates": [[-123.37066569971024, 48.43666222121223]]}, "properties": {"OBJECTID": 2316, "StreetName1": "JOHN ST", "StreetName2": "LUDGATE ST", "Intersection": "JOHN ST & LUDGATE ST", "Jurisdiction": "COV", "POINT_X": 472585.2876000004, "POINT_Y": 5364900.9947}}, {"type": "Feature", "id": 2317, "geometry": {"type": "MultiPoint", "coordinates": [[-123.37038671397238, 48.435969556765585]]}, "properties": {"OBJECTID": 2317, "StreetName1": "BAY ST", "StreetName2": "LUDGATE ST", "Intersection": "BAY ST & LUDGATE ST", "Jurisdiction": "COV", "POINT_X": 472605.5499999998, "POINT_Y": 5364823.9024}}, {"type": "Feature", "id": 2318, "geometry": {"type": "MultiPoint", "coordinates": [[-123.3788561207211, 48.41401950590288]]}, "properties": {"OBJECTID": 2318, "StreetName1": "BOYD ST", "StreetName2": "LUXTON AVE", "Intersection": "BOYD ST & LUXTON AVE", "Jurisdiction": "COV", "POINT_X": 471967.0444, "POINT_Y": 5362387.135199999}}, {"type": "Feature", "id": 2319, "geometry": {"type": "MultiPoint", "coordinates": [[-123.33438242743709, 48.432559737595184]]}, "properties": {"OBJECTID": 2319, "StreetName1": "DENMAN ST", "StreetName2": "LYDIA ST", "Intersection": "DENMAN ST & LYDIA ST", "Jurisdiction": "COV", "POINT_X": 475266.94020000007, "POINT_Y": 5364432.6325}}, {"type": "Feature", "id": 2320, "geometry": {"type": "MultiPoint", "coordinates": [[-123.3265799706464, 48.42419432157732]]}, "properties": {"OBJECTID": 2320, "StreetName1": "BRIGHTON AVE", "StreetName2": "MADDISON ST", "Intersection": "BRIGHTON AVE & MADDISON ST", "Jurisdiction": "COV", "POINT_X": 475840.1200000001, "POINT_Y": 5363500.2928}}, {"type": "Feature", "id": 2321, "geometry": {"type": "MultiPoint", "coordinates": [[-123.32654485305353, 48.42278947043202]]}, "properties": {"OBJECTID": 2321, "StreetName1": "LAWNDALE AVE", "StreetName2": "MADDISON ST", "Intersection": "LAWNDALE AVE & MADDISON ST", "Jurisdiction": "COV", "POINT_X": 475842.05229999963, "POINT_Y": 5363344.1271}}, {"type": "Feature", "id": 2322, "geometry": {"type": "MultiPoint", "coordinates": [[-123.38679385822302, 48.44739195670631]]}, "properties": {"OBJECTID": 2322, "StreetName1": "HARRIET RD", "StreetName2": "MADDOCK AVE E", "Intersection": "HARRIET RD & MADDOCK AVE E", "Jurisdiction": "COV", "POINT_X": 471398.41509999987, "POINT_Y": 5366099.549000001}}, {"type": "Feature", "id": 2323, "geometry": {"type": "MultiPoint", "coordinates": [[-123.3854025730659, 48.44670471546241]]}, "properties": {"OBJECTID": 2323, "StreetName1": "IRMA ST", "StreetName2": "MADDOCK AVE E", "Intersection": "IRMA ST & MADDOCK AVE E", "Jurisdiction": "COV", "POINT_X": 471500.91339999996, "POINT_Y": 5366022.6404}}, {"type": "Feature", "id": 2324, "geometry": {"type": "MultiPoint", "coordinates": [[-123.38424424187197, 48.44613251705041]]}, "properties": {"OBJECTID": 2324, "StreetName1": "BALFOUR AVE", "StreetName2": "MADDOCK AVE E", "Intersection": "BALFOUR AVE & MADDOCK AVE E", "Jurisdiction": "COV", "POINT_X": 471586.2516999999, "POINT_Y": 5365958.6076}}, {"type": "Feature", "id": 2325, "geometry": {"type": "MultiPoint", "coordinates": [[-123.39037324724814, 48.43078305559559]]}, "properties": {"OBJECTID": 2325, "StreetName1": "ESQUIMALT RD", "StreetName2": "MAITLAND ST", "Intersection": "ESQUIMALT RD & MAITLAND ST", "Jurisdiction": "COV", "POINT_X": 471124.31439999957, "POINT_Y": 5364254.7455}}, {"type": "Feature", "id": 2326, "geometry": {"type": "MultiPoint", "coordinates": [[-123.34945609760885, 48.446252183192286]]}, "properties": {"OBJECTID": 2326, "StreetName1": "COOK ST", "StreetName2": "MALLEK CRES", "Intersection": "COOK ST & MALLEK CRES", "Jurisdiction": "COV", "POINT_X": 474158.8923000004, "POINT_Y": 5365959.582699999}}, {"type": "Feature", "id": 2327, "geometry": {"type": "MultiPoint", "coordinates": [[-123.34922149650801, 48.44532062244213]]}, "properties": {"OBJECTID": 2327, "StreetName1": "COOK ST", "StreetName2": "MALLEK CRES", "Intersection": "COOK ST & MALLEK CRES", "Jurisdiction": "COV", "POINT_X": 474175.7686999999, "POINT_Y": 5365855.956599999}}, {"type": "Feature", "id": 2328, "geometry": {"type": "MultiPoint", "coordinates": [[-123.37347696202582, 48.44224943469407]]}, "properties": {"OBJECTID": 2328, "StreetName1": "CECELIA RD", "StreetName2": "MANCHESTER RD", "Intersection": "CECELIA RD & MANCHESTER RD", "Jurisdiction": "COV", "POINT_X": 472380.38549999986, "POINT_Y": 5365523.046700001}}, {"type": "Feature", "id": 2329, "geometry": {"type": "MultiPoint", "coordinates": [[-123.37058722991951, 48.44261694845615]]}, "properties": {"OBJECTID": 2329, "StreetName1": "BURNSIDE RD E", "StreetName2": "MANCHESTER RD", "Intersection": "BURNSIDE RD E & MANCHESTER RD", "Jurisdiction": "COV", "POINT_X": 472594.2949000001, "POINT_Y": 5365562.858999999}}, {"type": "Feature", "id": 2330, "geometry": {"type": "MultiPoint", "coordinates": [[-123.34243071295734, 48.42050480371079]]}, "properties": {"OBJECTID": 2330, "StreetName1": "JOAN CRES", "StreetName2": "MANOR RD", "Intersection": "JOAN CRES & MANOR RD", "Jurisdiction": "COV", "POINT_X": 474665.62040000036, "POINT_Y": 5363095.3104}}, {"type": "Feature", "id": 2331, "geometry": {"type": "MultiPoint", "coordinates": [[-123.36960148813108, 48.41480173365943]]}, "properties": {"OBJECTID": 2331, "StreetName1": "GOVERNMENT ST", "StreetName2": "MARIFIELD AVE", "Intersection": "GOVERNMENT ST & MARIFIELD AVE", "Jurisdiction": "COV", "POINT_X": 472652.27440000046, "POINT_Y": 5362470.7371}}, {"type": "Feature", "id": 2332, "geometry": {"type": "MultiPoint", "coordinates": [[-123.36735210632993, 48.43907863317788]]}, "properties": {"OBJECTID": 2332, "StreetName1": "DOUGLAS ST", "StreetName2": "MARKET ST", "Intersection": "DOUGLAS ST & MARKET ST", "Jurisdiction": "COV", "POINT_X": 472831.6616000002, "POINT_Y": 5365168.4077}}, {"type": "Feature", "id": 2333, "geometry": {"type": "MultiPoint", "coordinates": [[-123.36365954007101, 48.43975956894364]]}, "properties": {"OBJECTID": 2333, "StreetName1": "BLANSHARD ST", "StreetName2": "MARKET ST", "Intersection": "BLANSHARD ST & MARKET ST", "Jurisdiction": "COV", "POINT_X": 473105.1238000002, "POINT_Y": 5365242.7929}}, {"type": "Feature", "id": 2334, "geometry": {"type": "MultiPoint", "coordinates": [[-123.35658856035417, 48.40788035604684]]}, "properties": {"OBJECTID": 2334, "StreetName1": "DALLAS RD", "StreetName2": "MARLBOROUGH ST", "Intersection": "DALLAS RD & MARLBOROUGH ST", "Jurisdiction": "COV", "POINT_X": 473611.5898000002, "POINT_Y": 5361696.836999999}}, {"type": "Feature", "id": 2335, "geometry": {"type": "MultiPoint", "coordinates": [[-123.35372746673023, 48.447218326916534]]}, "properties": {"OBJECTID": 2335, "StreetName1": "FINLAYSON ST", "StreetName2": "MARS ST", "Intersection": "FINLAYSON ST & MARS ST", "Jurisdiction": "COV", "POINT_X": 473843.5218000002, "POINT_Y": 5366068.4242}}, {"type": "Feature", "id": 2336, "geometry": {"type": "MultiPoint", "coordinates": [[-123.38605249853045, 48.43469289779096]]}, "properties": {"OBJECTID": 2336, "StreetName1": "LANGFORD ST", "StreetName2": "MARY ST", "Intersection": "LANGFORD ST & MARY ST", "Jurisdiction": "COV", "POINT_X": 471446.12040000036, "POINT_Y": 5364687.719699999}}, {"type": "Feature", "id": 2337, "geometry": {"type": "MultiPoint", "coordinates": [[-123.38604415596875, 48.43424073415799]]}, "properties": {"OBJECTID": 2337, "StreetName1": "BELLA ST", "StreetName2": "MARY ST", "Intersection": "BELLA ST & MARY ST", "Jurisdiction": "COV", "POINT_X": 471446.4841, "POINT_Y": 5364637.456800001}}, {"type": "Feature", "id": 2338, "geometry": {"type": "MultiPoint", "coordinates": [[-123.3860358149309, 48.43378857048382]]}, "properties": {"OBJECTID": 2338, "StreetName1": "EDWARD ST", "StreetName2": "MARY ST", "Intersection": "EDWARD ST & MARY ST", "Jurisdiction": "COV", "POINT_X": 471446.8476999998, "POINT_Y": 5364587.1939}}, {"type": "Feature", "id": 2339, "geometry": {"type": "MultiPoint", "coordinates": [[-123.38600572486756, 48.43215600526833]]}, "properties": {"OBJECTID": 2339, "StreetName1": "HENRY ST", "StreetName2": "MARY ST", "Intersection": "HENRY ST & MARY ST", "Jurisdiction": "COV", "POINT_X": 471448.15869999956, "POINT_Y": 5364405.716600001}}, {"type": "Feature", "id": 2340, "geometry": {"type": "MultiPoint", "coordinates": [[-123.38598964620581, 48.43127471295127]]}, "properties": {"OBJECTID": 2340, "StreetName1": "DUNDAS ST", "StreetName2": "MARY ST", "Intersection": "DUNDAS ST & MARY ST", "Jurisdiction": "COV", "POINT_X": 471448.8542999998, "POINT_Y": 5364307.751499999}}, {"type": "Feature", "id": 2341, "geometry": {"type": "MultiPoint", "coordinates": [[-123.38597356434857, 48.43039291310352]]}, "properties": {"OBJECTID": 2341, "StreetName1": "ESQUIMALT RD", "StreetName2": "MARY ST", "Intersection": "ESQUIMALT RD & MARY ST", "Jurisdiction": "COV", "POINT_X": 471449.5499, "POINT_Y": 5364209.73}}, {"type": "Feature", "id": 2342, "geometry": {"type": "MultiPoint", "coordinates": [[-123.36039815110725, 48.42809131472516]]}, "properties": {"OBJECTID": 2342, "StreetName1": "AMELIA ST", "StreetName2": "MASON ST", "Intersection": "AMELIA ST & MASON ST", "Jurisdiction": "COV", "POINT_X": 473340.22950000037, "POINT_Y": 5363944.679199999}}, {"type": "Feature", "id": 2343, "geometry": {"type": "MultiPoint", "coordinates": [[-123.35317643701322, 48.428162803228744]]}, "properties": {"OBJECTID": 2343, "StreetName1": "COOK ST", "StreetName2": "MASON ST", "Intersection": "COOK ST & MASON ST", "Jurisdiction": "COV", "POINT_X": 473874.50040000025, "POINT_Y": 5363950.136600001}}, {"type": "Feature", "id": 2344, "geometry": {"type": "MultiPoint", "coordinates": [[-123.3502669817458, 48.42756742292491]]}, "properties": {"OBJECTID": 2344, "StreetName1": "CHAMBERS ST", "StreetName2": "MASON ST", "Intersection": "CHAMBERS ST & MASON ST", "Jurisdiction": "COV", "POINT_X": 474089.42760000005, "POINT_Y": 5363882.9693}}, {"type": "Feature", "id": 2345, "geometry": {"type": "MultiPoint", "coordinates": [[-123.34623075445255, 48.414328634577515]]}, "properties": {"OBJECTID": 2345, "StreetName1": "FAIRFIELD RD", "StreetName2": "MASTERS RD", "Intersection": "FAIRFIELD RD & MASTERS RD", "Jurisdiction": "COV", "POINT_X": 474381.36319999956, "POINT_Y": 5362410.0702}}, {"type": "Feature", "id": 2346, "geometry": {"type": "MultiPoint", "coordinates": [[-123.34605601186867, 48.41285222252721]]}, "properties": {"OBJECTID": 2346, "StreetName1": "LILLOOET HTS", "StreetName2": "MASTERS RD", "Intersection": "LILLOOET HTS & MASTERS RD", "Jurisdiction": "COV", "POINT_X": 474393.5521, "POINT_Y": 5362245.9032000005}}, {"type": "Feature", "id": 2347, "geometry": {"type": "MultiPoint", "coordinates": [[-123.33803262092765, 48.424716871390565]]}, "properties": {"OBJECTID": 2347, "StreetName1": "BELMONT AVE", "StreetName2": "MAUD ST", "Intersection": "BELMONT AVE & MAUD ST", "Jurisdiction": "COV", "POINT_X": 474993.08889999986, "POINT_Y": 5363562.0524}}, {"type": "Feature", "id": 2348, "geometry": {"type": "MultiPoint", "coordinates": [[-123.35732500301201, 48.412221360341896]]}, "properties": {"OBJECTID": 2348, "StreetName1": "COOK ST", "StreetName2": "MAY ST", "Intersection": "COOK ST & MAY ST", "Jurisdiction": "COV", "POINT_X": 473559.33970000036, "POINT_Y": 5362179.608999999}}, {"type": "Feature", "id": 2349, "geometry": {"type": "MultiPoint", "coordinates": [[-123.35460432972586, 48.4119265973027]]}, "properties": {"OBJECTID": 2349, "StreetName1": "CAMBRIDGE ST", "StreetName2": "MAY ST", "Intersection": "CAMBRIDGE ST & MAY ST", "Jurisdiction": "COV", "POINT_X": 473760.51549999975, "POINT_Y": 5362145.909499999}}, {"type": "Feature", "id": 2350, "geometry": {"type": "MultiPoint", "coordinates": [[-123.35336478360566, 48.411792275587686]]}, "properties": {"OBJECTID": 2350, "StreetName1": "LINDEN AVE", "StreetName2": "MAY ST", "Intersection": "LINDEN AVE & MAY ST", "Jurisdiction": "COV", "POINT_X": 473852.17250000034, "POINT_Y": 5362130.555299999}}, {"type": "Feature", "id": 2351, "geometry": {"type": "MultiPoint", "coordinates": [[-123.35093977390514, 48.41152944856603]]}, "properties": {"OBJECTID": 2351, "StreetName1": "HOWE ST", "StreetName2": "MAY ST", "Intersection": "HOWE ST & MAY ST", "Jurisdiction": "COV", "POINT_X": 474031.4888000004, "POINT_Y": 5362100.5162}}, {"type": "Feature", "id": 2352, "geometry": {"type": "MultiPoint", "coordinates": [[-123.34734406370454, 48.41113961790776]]}, "properties": {"OBJECTID": 2352, "StreetName1": "JOSEPH ST", "StreetName2": "MAY ST", "Intersection": "JOSEPH ST & MAY ST", "Jurisdiction": "COV", "POINT_X": 474297.37540000025, "POINT_Y": 5362055.9724}}, {"type": "Feature", "id": 2353, "geometry": {"type": "MultiPoint", "coordinates": [[-123.34612723393231, 48.41100766689357]]}, "properties": {"OBJECTID": 2353, "StreetName1": "EBERTS ST", "StreetName2": "MAY ST", "Intersection": "EBERTS ST & MAY ST", "Jurisdiction": "COV", "POINT_X": 474387.35539999977, "POINT_Y": 5362040.898}}, {"type": "Feature", "id": 2354, "geometry": {"type": "MultiPoint", "coordinates": [[-123.39186366271505, 48.434927607932295]]}, "properties": {"OBJECTID": 2354, "StreetName1": "LANGFORD ST", "StreetName2": "MCCASKILL ST", "Intersection": "LANGFORD ST & MCCASKILL ST", "Jurisdiction": "COV", "POINT_X": 471016.42250000034, "POINT_Y": 5364715.991900001}}, {"type": "Feature", "id": 2355, "geometry": {"type": "MultiPoint", "coordinates": [[-123.39188148515005, 48.43412763613448], [-123.39151414744809, 48.434130486953876]]}, "properties": {"OBJECTID": 2355, "StreetName1": "GRIFFITHS ST", "StreetName2": "MCCASKILL ST", "Intersection": "GRIFFITHS ST & MCCASKILL ST", "Jurisdiction": "COV", "POINT_X": 471028.23549999984, "POINT_Y": 5364627.16755}}, {"type": "Feature", "id": 2356, "geometry": {"type": "MultiPoint", "coordinates": [[-123.35477992662298, 48.420454790543594]]}, "properties": {"OBJECTID": 2356, "StreetName1": "COOK ST", "StreetName2": "MCCLURE ST", "Intersection": "COOK ST & MCCLURE ST", "Jurisdiction": "COV", "POINT_X": 473751.9118999997, "POINT_Y": 5363093.909700001}}, {"type": "Feature", "id": 2357, "geometry": {"type": "MultiPoint", "coordinates": [[-123.35134667105481, 48.42008033171618]]}, "properties": {"OBJECTID": 2357, "StreetName1": "LINDEN AVE", "StreetName2": "MCCLURE ST", "Intersection": "LINDEN AVE & MCCLURE ST", "Jurisdiction": "COV", "POINT_X": 474005.73790000007, "POINT_Y": 5363051.1163}}, {"type": "Feature", "id": 2358, "geometry": {"type": "MultiPoint", "coordinates": [[-123.35634061077073, 48.41502241624863]]}, "properties": {"OBJECTID": 2358, "StreetName1": "COOK ST", "StreetName2": "MCKENZIE ST", "Intersection": "COOK ST & MCKENZIE ST", "Jurisdiction": "COV", "POINT_X": 473633.6321999999, "POINT_Y": 5362490.6172}}, {"type": "Feature", "id": 2359, "geometry": {"type": "MultiPoint", "coordinates": [[-123.35391499975516, 48.414742688126736]]}, "properties": {"OBJECTID": 2359, "StreetName1": "CHESTER AVE", "StreetName2": "MCKENZIE ST", "Intersection": "CHESTER AVE & MCKENZIE ST", "Jurisdiction": "COV", "POINT_X": 473812.9718000004, "POINT_Y": 5362458.692299999}}, {"type": "Feature", "id": 2360, "geometry": {"type": "MultiPoint", "coordinates": [[-123.35267634682249, 48.41459981763998]]}, "properties": {"OBJECTID": 2360, "StreetName1": "LINDEN AVE", "StreetName2": "MCKENZIE ST", "Intersection": "LINDEN AVE & MCKENZIE ST", "Jurisdiction": "COV", "POINT_X": 473904.5533999996, "POINT_Y": 5362442.389}}, {"type": "Feature", "id": 2361, "geometry": {"type": "MultiPoint", "coordinates": [[-123.34941959123896, 48.44608967589672]]}, "properties": {"OBJECTID": 2361, "StreetName1": "COOK ST", "StreetName2": "MCNAIR ST", "Intersection": "COOK ST & MCNAIR ST", "Jurisdiction": "COV", "POINT_X": 474161.5094999997, "POINT_Y": 5365941.506999999}}, {"type": "Feature", "id": 2362, "geometry": {"type": "MultiPoint", "coordinates": [[-123.32341498568078, 48.42031845427566]]}, "properties": {"OBJECTID": 2362, "StreetName1": "FOUL BAY RD", "StreetName2": "MCNEILL AVE", "Intersection": "FOUL BAY RD & MCNEILL AVE", "Jurisdiction": "COV", "POINT_X": 476072.45210000034, "POINT_Y": 5363068.481699999}}, {"type": "Feature", "id": 2363, "geometry": {"type": "MultiPoint", "coordinates": [[-123.35417908616732, 48.422900746282565]]}, "properties": {"OBJECTID": 2363, "StreetName1": "COOK ST", "StreetName2": "MEARES ST", "Intersection": "COOK ST & MEARES ST", "Jurisdiction": "COV", "POINT_X": 473797.6235999996, "POINT_Y": 5363365.5812}}, {"type": "Feature", "id": 2365, "geometry": {"type": "MultiPoint", "coordinates": [[-123.34438953141668, 48.410113213088465]]}, "properties": {"OBJECTID": 2365, "StreetName1": "BUSHBY ST", "StreetName2": "MEMORIAL CRES", "Intersection": "BUSHBY ST & MEMORIAL CRES", "Jurisdiction": "COV", "POINT_X": 474515.5, "POINT_Y": 5361940.8967}}, {"type": "Feature", "id": 2366, "geometry": {"type": "MultiPoint", "coordinates": [[-123.34427765647695, 48.41080707299041]]}, "properties": {"OBJECTID": 2366, "StreetName1": "MAY ST", "StreetName2": "MEMORIAL CRES", "Intersection": "MAY ST & MEMORIAL CRES", "Jurisdiction": "COV", "POINT_X": 474524.1255999999, "POINT_Y": 5362017.9845}}, {"type": "Feature", "id": 2367, "geometry": {"type": "MultiPoint", "coordinates": [[-123.34355645037988, 48.41234767173061], [-123.34317300836464, 48.41206549092143]]}, "properties": {"OBJECTID": 2367, "StreetName1": "FAIRFIELD RD", "StreetName2": "MEMORIAL CRES", "Intersection": "FAIRFIELD RD & MEMORIAL CRES", "Jurisdiction": "COV", "POINT_X": 474592.38060000003, "POINT_Y": 5362173.241700001}}, {"type": "Feature", "id": 2368, "geometry": {"type": "MultiPoint", "coordinates": [[-123.37758029954907, 48.412011030154176]]}, "properties": {"OBJECTID": 2368, "StreetName1": "DALLAS RD", "StreetName2": "MENZIES ST", "Intersection": "DALLAS RD & MENZIES ST", "Jurisdiction": "COV", "POINT_X": 472060.35030000005, "POINT_Y": 5362163.4198}}, {"type": "Feature", "id": 2369, "geometry": {"type": "MultiPoint", "coordinates": [[-123.37693405566576, 48.412612615058784]]}, "properties": {"OBJECTID": 2369, "StreetName1": "BROTCHY LANE", "StreetName2": "MENZIES ST", "Intersection": "BROTCHY LANE & MENZIES ST", "Jurisdiction": "COV", "POINT_X": 472108.50100000016, "POINT_Y": 5362230.0526}}, {"type": "Feature", "id": 2370, "geometry": {"type": "MultiPoint", "coordinates": [[-123.3718141120407, 48.41921568755207]]}, "properties": {"OBJECTID": 2370, "StreetName1": "KINGSTON ST", "StreetName2": "MENZIES ST", "Intersection": "KINGSTON ST & MENZIES ST", "Jurisdiction": "COV", "POINT_X": 472490.93200000003, "POINT_Y": 5362962.1566}}, {"type": "Feature", "id": 2371, "geometry": {"type": "MultiPoint", "coordinates": [[-123.37094771882683, 48.42080501626889]]}, "properties": {"OBJECTID": 2371, "StreetName1": "BELLEVILLE ST", "StreetName2": "MENZIES ST", "Intersection": "BELLEVILLE ST & MENZIES ST", "Jurisdiction": "COV", "POINT_X": 472555.89109999966, "POINT_Y": 5363138.5056}}, {"type": "Feature", "id": 2372, "geometry": {"type": "MultiPoint", "coordinates": [[-123.3500726110512, 48.44856116321319]]}, "properties": {"OBJECTID": 2372, "StreetName1": "COOK ST", "StreetName2": "MERRITT PL", "Intersection": "COOK ST & MERRITT PL", "Jurisdiction": "COV", "POINT_X": 474114.47479999997, "POINT_Y": 5366216.444}}, {"type": "Feature", "id": 2373, "geometry": {"type": "MultiPoint", "coordinates": [[-123.35320816406853, 48.448128500428474]]}, "properties": {"OBJECTID": 2373, "StreetName1": "HIGHVIEW ST", "StreetName2": "MERRITT ST", "Intersection": "HIGHVIEW ST & MERRITT ST", "Jurisdiction": "COV", "POINT_X": 473882.3901000004, "POINT_Y": 5366169.4166}}, {"type": "Feature", "id": 2374, "geometry": {"type": "MultiPoint", "coordinates": [[-123.3500726110512, 48.44856116321319]]}, "properties": {"OBJECTID": 2374, "StreetName1": "COOK ST", "StreetName2": "MERRITT ST", "Intersection": "COOK ST & MERRITT ST", "Jurisdiction": "COV", "POINT_X": 474114.47479999997, "POINT_Y": 5366216.444}}, {"type": "Feature", "id": 2375, "geometry": {"type": "MultiPoint", "coordinates": [[-123.37595915412837, 48.418348311720386]]}, "properties": {"OBJECTID": 2375, "StreetName1": "ALMA PL", "StreetName2": "MICHIGAN ST", "Intersection": "ALMA PL & MICHIGAN ST", "Jurisdiction": "COV", "POINT_X": 472183.77139999997, "POINT_Y": 5362867.241599999}}, {"type": "Feature", "id": 2376, "geometry": {"type": "MultiPoint", "coordinates": [[-123.37303132475341, 48.41696344837147]]}, "properties": {"OBJECTID": 2376, "StreetName1": "MENZIES ST", "StreetName2": "MICHIGAN ST", "Intersection": "MENZIES ST & MICHIGAN ST", "Jurisdiction": "COV", "POINT_X": 472399.65249999985, "POINT_Y": 5362712.2498}}, {"type": "Feature", "id": 2377, "geometry": {"type": "MultiPoint", "coordinates": [[-123.36995471287223, 48.41710558178035]]}, "properties": {"OBJECTID": 2377, "StreetName1": "HEATHER ST", "StreetName2": "MICHIGAN ST", "Intersection": "HEATHER ST & MICHIGAN ST", "Jurisdiction": "COV", "POINT_X": 472627.3742000004, "POINT_Y": 5362726.944399999}}, {"type": "Feature", "id": 2378, "geometry": {"type": "MultiPoint", "coordinates": [[-123.36886985028025, 48.417177715472604]]}, "properties": {"OBJECTID": 2378, "StreetName1": "GOVERNMENT ST", "StreetName2": "MICHIGAN ST", "Intersection": "GOVERNMENT ST & MICHIGAN ST", "Jurisdiction": "COV", "POINT_X": 472707.68400000036, "POINT_Y": 5362734.575200001}}, {"type": "Feature", "id": 2379, "geometry": {"type": "MultiPoint", "coordinates": [[-123.38593906831443, 48.42850099330326]]}, "properties": {"OBJECTID": 2379, "StreetName1": "MARY ST", "StreetName2": "MILNE ST", "Intersection": "MARY ST & MILNE ST", "Jurisdiction": "COV", "POINT_X": 471451.0418999996, "POINT_Y": 5363999.422900001}}, {"type": "Feature", "id": 2380, "geometry": {"type": "MultiPoint", "coordinates": [[-123.3346200209862, 48.42016403982913]]}, "properties": {"OBJECTID": 2380, "StreetName1": "GONZALES AVE", "StreetName2": "MONTGOMERY AVE", "Intersection": "GONZALES AVE & MONTGOMERY AVE", "Jurisdiction": "COV", "POINT_X": 475243.34559999965, "POINT_Y": 5363054.8791000005}}, {"type": "Feature", "id": 2381, "geometry": {"type": "MultiPoint", "coordinates": [[-123.38472963856022, 48.41591080037966]]}, "properties": {"OBJECTID": 2381, "StreetName1": "DALLAS RD", "StreetName2": "MONTREAL ST", "Intersection": "DALLAS RD & MONTREAL ST", "Jurisdiction": "COV", "POINT_X": 471533.4804999996, "POINT_Y": 5362599.525599999}}, {"type": "Feature", "id": 2382, "geometry": {"type": "MultiPoint", "coordinates": [[-123.38227570642012, 48.41818281543345]]}, "properties": {"OBJECTID": 2382, "StreetName1": "LADYSMITH ST", "StreetName2": "MONTREAL ST", "Intersection": "LADYSMITH ST & MONTREAL ST", "Jurisdiction": "COV", "POINT_X": 471716.3164999997, "POINT_Y": 5362851.1592999995}}, {"type": "Feature", "id": 2383, "geometry": {"type": "MultiPoint", "coordinates": [[-123.38210853781752, 48.41833920716824]]}, "properties": {"OBJECTID": 2383, "StreetName1": "DOBINSON ST", "StreetName2": "MONTREAL ST", "Intersection": "DOBINSON ST & MONTREAL ST", "Jurisdiction": "COV", "POINT_X": 471728.7720999997, "POINT_Y": 5362868.4811}}, {"type": "Feature", "id": 2384, "geometry": {"type": "MultiPoint", "coordinates": [[-123.38008480854666, 48.420336061879986]]}, "properties": {"OBJECTID": 2384, "StreetName1": "MICHIGAN ST", "StreetName2": "MONTREAL ST", "Intersection": "MICHIGAN ST & MONTREAL ST", "Jurisdiction": "COV", "POINT_X": 471879.6096999999, "POINT_Y": 5363089.6939}}, {"type": "Feature", "id": 2385, "geometry": {"type": "MultiPoint", "coordinates": [[-123.37856755847434, 48.42174839535705]]}, "properties": {"OBJECTID": 2385, "StreetName1": "KINGSTON ST", "StreetName2": "MONTREAL ST", "Intersection": "KINGSTON ST & MONTREAL ST", "Jurisdiction": "COV", "POINT_X": 471992.6429000003, "POINT_Y": 5363246.1241}}, {"type": "Feature", "id": 2386, "geometry": {"type": "MultiPoint", "coordinates": [[-123.35449926487686, 48.4424114943984]]}, "properties": {"OBJECTID": 2386, "StreetName1": "BLACKWOOD ST", "StreetName2": "MONTROSE AVE", "Intersection": "BLACKWOOD ST & MONTROSE AVE", "Jurisdiction": "COV", "POINT_X": 473783.97479999997, "POINT_Y": 5365534.3884}}, {"type": "Feature", "id": 2387, "geometry": {"type": "MultiPoint", "coordinates": [[-123.33429053231822, 48.42791944006789]]}, "properties": {"OBJECTID": 2387, "StreetName1": "FORT ST", "StreetName2": "MORRISON ST", "Intersection": "FORT ST & MORRISON ST", "Jurisdiction": "COV", "POINT_X": 475271.48620000016, "POINT_Y": 5363916.815300001}}, {"type": "Feature", "id": 2388, "geometry": {"type": "MultiPoint", "coordinates": [[-123.3446987289418, 48.413195045619815]]}, "properties": {"OBJECTID": 2388, "StreetName1": "FAIRFIELD RD", "StreetName2": "MOSS ROCK PL", "Intersection": "FAIRFIELD RD & MOSS ROCK PL", "Jurisdiction": "COV", "POINT_X": 474494.1601, "POINT_Y": 5362283.556399999}}, {"type": "Feature", "id": 2389, "geometry": {"type": "MultiPoint", "coordinates": [[-123.35109264202354, 48.40604657468684]]}, "properties": {"OBJECTID": 2389, "StreetName1": "DALLAS RD", "StreetName2": "MOSS ST", "Intersection": "DALLAS RD & MOSS ST", "Jurisdiction": "COV", "POINT_X": 474017.38350000046, "POINT_Y": 5361491.1272}}, {"type": "Feature", "id": 2390, "geometry": {"type": "MultiPoint", "coordinates": [[-123.35078689222857, 48.40724873346632]]}, "properties": {"OBJECTID": 2390, "StreetName1": "CLOVER AVE", "StreetName2": "MOSS ST", "Intersection": "CLOVER AVE & MOSS ST", "Jurisdiction": "COV", "POINT_X": 474040.6233000001, "POINT_Y": 5361624.647700001}}, {"type": "Feature", "id": 2391, "geometry": {"type": "MultiPoint", "coordinates": [[-123.35057453986805, 48.408157954677904]]}, "properties": {"OBJECTID": 2391, "StreetName1": "GEORGE ST", "StreetName2": "MOSS ST", "Intersection": "GEORGE ST & MOSS ST", "Jurisdiction": "COV", "POINT_X": 474056.80119999964, "POINT_Y": 5361725.638900001}}, {"type": "Feature", "id": 2392, "geometry": {"type": "MultiPoint", "coordinates": [[-123.3502361261166, 48.40953678480344]]}, "properties": {"OBJECTID": 2392, "StreetName1": "FAITHFUL ST", "StreetName2": "MOSS ST", "Intersection": "FAITHFUL ST & MOSS ST", "Jurisdiction": "COV", "POINT_X": 474082.54619999975, "POINT_Y": 5361878.7862}}, {"type": "Feature", "id": 2393, "geometry": {"type": "MultiPoint", "coordinates": [[-123.34977792992841, 48.41140350409676]]}, "properties": {"OBJECTID": 2393, "StreetName1": "MAY ST", "StreetName2": "MOSS ST", "Intersection": "MAY ST & MOSS ST", "Jurisdiction": "COV", "POINT_X": 474117.4014999997, "POINT_Y": 5362086.1238}}, {"type": "Feature", "id": 2394, "geometry": {"type": "MultiPoint", "coordinates": [[-123.34959046781762, 48.41216710891259]]}, "properties": {"OBJECTID": 2394, "StreetName1": "BOND ST", "StreetName2": "MOSS ST", "Intersection": "BOND ST & MOSS ST", "Jurisdiction": "COV", "POINT_X": 474131.66110000014, "POINT_Y": 5362170.937899999}}, {"type": "Feature", "id": 2395, "geometry": {"type": "MultiPoint", "coordinates": [[-123.34920768196055, 48.41372627894809]]}, "properties": {"OBJECTID": 2395, "StreetName1": "FRANKLIN TERR", "StreetName2": "MOSS ST", "Intersection": "FRANKLIN TERR & MOSS ST", "Jurisdiction": "COV", "POINT_X": 474160.77699999977, "POINT_Y": 5362344.1161}}, {"type": "Feature", "id": 2396, "geometry": {"type": "MultiPoint", "coordinates": [[-123.34908895491319, 48.41420986853145]]}, "properties": {"OBJECTID": 2396, "StreetName1": "MCKENZIE ST", "StreetName2": "MOSS ST", "Intersection": "MCKENZIE ST & MOSS ST", "Jurisdiction": "COV", "POINT_X": 474169.8074000003, "POINT_Y": 5362397.8288}}, {"type": "Feature", "id": 2397, "geometry": {"type": "MultiPoint", "coordinates": [[-123.34883416347945, 48.41524761565708]]}, "properties": {"OBJECTID": 2397, "StreetName1": "FAIRFIELD RD", "StreetName2": "MOSS ST", "Intersection": "FAIRFIELD RD & MOSS ST", "Jurisdiction": "COV", "POINT_X": 474189.1863000002, "POINT_Y": 5362513.0923}}, {"type": "Feature", "id": 2398, "geometry": {"type": "MultiPoint", "coordinates": [[-123.34838500441167, 48.4170773143642]]}, "properties": {"OBJECTID": 2398, "StreetName1": "CARNSEW ST", "StreetName2": "MOSS ST", "Intersection": "CARNSEW ST & MOSS ST", "Jurisdiction": "COV", "POINT_X": 474223.34669999965, "POINT_Y": 5362716.3188000005}}, {"type": "Feature", "id": 2399, "geometry": {"type": "MultiPoint", "coordinates": [[-123.34816018092347, 48.4179148404742]]}, "properties": {"OBJECTID": 2399, "StreetName1": "MINTO ST", "StreetName2": "MOSS ST", "Intersection": "MINTO ST & MOSS ST", "Jurisdiction": "COV", "POINT_X": 474240.40500000026, "POINT_Y": 5362809.337300001}}, {"type": "Feature", "id": 2400, "geometry": {"type": "MultiPoint", "coordinates": [[-123.34701206177579, 48.42323422708772]]}, "properties": {"OBJECTID": 2400, "StreetName1": "FORT ST", "StreetName2": "MOSS ST", "Intersection": "FORT ST & MOSS ST", "Jurisdiction": "COV", "POINT_X": 474328.0340999998, "POINT_Y": 5363400.2217}}, {"type": "Feature", "id": 2401, "geometry": {"type": "MultiPoint", "coordinates": [[-123.34809519449556, 48.436258214930746]]}, "properties": {"OBJECTID": 2401, "StreetName1": "HAULTAIN ST", "StreetName2": "MT STEPHEN AVE", "Intersection": "HAULTAIN ST & MT STEPHEN AVE", "Jurisdiction": "COV", "POINT_X": 474254.48060000036, "POINT_Y": 5364848.2530000005}}, {"type": "Feature", "id": 2402, "geometry": {"type": "MultiPoint", "coordinates": [[-123.34788361160523, 48.43860509123834]]}, "properties": {"OBJECTID": 2402, "StreetName1": "KINGS RD", "StreetName2": "MT STEPHEN AVE", "Intersection": "KINGS RD & MT STEPHEN AVE", "Jurisdiction": "COV", "POINT_X": 474271.3152999999, "POINT_Y": 5365109.046800001}}, {"type": "Feature", "id": 2403, "geometry": {"type": "MultiPoint", "coordinates": [[-123.34780413781723, 48.43946203198136]]}, "properties": {"OBJECTID": 2403, "StreetName1": "ACTON ST", "StreetName2": "MT STEPHEN AVE", "Intersection": "ACTON ST & MT STEPHEN AVE", "Jurisdiction": "COV", "POINT_X": 474277.62590000033, "POINT_Y": 5365204.272600001}}, {"type": "Feature", "id": 2404, "geometry": {"type": "MultiPoint", "coordinates": [[-123.34216731863621, 48.441212694963376]]}, "properties": {"OBJECTID": 2404, "StreetName1": "HAMILTON RD", "StreetName2": "MYRTLE AVE", "Intersection": "HAMILTON RD & MYRTLE AVE", "Jurisdiction": "COV", "POINT_X": 474695.39240000024, "POINT_Y": 5365396.9878}}, {"type": "Feature", "id": 2405, "geometry": {"type": "MultiPoint", "coordinates": [[-123.33925222805, 48.44237281229684]]}, "properties": {"OBJECTID": 2405, "StreetName1": "BELMONT AVE", "StreetName2": "MYRTLE AVE", "Intersection": "BELMONT AVE & MYRTLE AVE", "Jurisdiction": "COV", "POINT_X": 474911.5553000001, "POINT_Y": 5365524.9804}}, {"type": "Feature", "id": 2406, "geometry": {"type": "MultiPoint", "coordinates": [[-123.3377102322216, 48.44298616847268]]}, "properties": {"OBJECTID": 2406, "StreetName1": "DONCASTER DR", "StreetName2": "MYRTLE AVE", "Intersection": "DONCASTER DR & MYRTLE AVE", "Jurisdiction": "COV", "POINT_X": 475025.8948999997, "POINT_Y": 5365592.6534}}, {"type": "Feature", "id": 2407, "geometry": {"type": "MultiPoint", "coordinates": [[-123.3691544983449, 48.445265195302184]]}, "properties": {"OBJECTID": 2407, "StreetName1": "FINLAYSON ST", "StreetName2": "NANAIMO ST", "Intersection": "FINLAYSON ST & NANAIMO ST", "Jurisdiction": "COV", "POINT_X": 472701.67179999966, "POINT_Y": 5365856.710899999}}, {"type": "Feature", "id": 2408, "geometry": {"type": "MultiPoint", "coordinates": [[-123.36893092318302, 48.44455002574759]]}, "properties": {"OBJECTID": 2408, "StreetName1": "LARCH ST", "StreetName2": "NANAIMO ST", "Intersection": "LARCH ST & NANAIMO ST", "Jurisdiction": "COV", "POINT_X": 472717.82239999995, "POINT_Y": 5365777.1371}}, {"type": "Feature", "id": 2409, "geometry": {"type": "MultiPoint", "coordinates": [[-123.36487508224046, 48.43960432884893]]}, "properties": {"OBJECTID": 2409, "StreetName1": "MARKET ST", "StreetName2": "NANAIMO ST", "Intersection": "MARKET ST & NANAIMO ST", "Jurisdiction": "COV", "POINT_X": 473015.14109999966, "POINT_Y": 5365225.965}}, {"type": "Feature", "id": 2410, "geometry": {"type": "MultiPoint", "coordinates": [[-123.36461667900019, 48.4387377952893]]}, "properties": {"OBJECTID": 2410, "StreetName1": "HILLSIDE AVE", "StreetName2": "NANAIMO ST", "Intersection": "HILLSIDE AVE & NANAIMO ST", "Jurisdiction": "COV", "POINT_X": 473033.7938000001, "POINT_Y": 5365129.555199999}}, {"type": "Feature", "id": 2411, "geometry": {"type": "MultiPoint", "coordinates": [[-123.37819014412136, 48.44451341888164]]}, "properties": {"OBJECTID": 2411, "StreetName1": "CECELIA RD", "StreetName2": "NAPIER LANE", "Intersection": "CECELIA RD & NAPIER LANE", "Jurisdiction": "COV", "POINT_X": 472033.06259999983, "POINT_Y": 5365776.4089}}, {"type": "Feature", "id": 2412, "geometry": {"type": "MultiPoint", "coordinates": [[-123.37693192537013, 48.44566379317645]]}, "properties": {"OBJECTID": 2412, "StreetName1": "BURNSIDE RD E", "StreetName2": "NAPIER LANE", "Intersection": "BURNSIDE RD E & NAPIER LANE", "Jurisdiction": "COV", "POINT_X": 472126.7401999999, "POINT_Y": 5365903.819}}, {"type": "Feature", "id": 2413, "geometry": {"type": "MultiPoint", "coordinates": [[-123.38311224674837, 48.4174001912729]]}, "properties": {"OBJECTID": 2413, "StreetName1": "MONTREAL ST", "StreetName2": "NIAGARA ST", "Intersection": "MONTREAL ST & NIAGARA ST", "Jurisdiction": "COV", "POINT_X": 471653.98539999966, "POINT_Y": 5362764.477}}, {"type": "Feature", "id": 2414, "geometry": {"type": "MultiPoint", "coordinates": [[-123.38211971402207, 48.416932066649615]]}, "properties": {"OBJECTID": 2414, "StreetName1": "DOCK ST", "StreetName2": "NIAGARA ST", "Intersection": "DOCK ST & NIAGARA ST", "Jurisdiction": "COV", "POINT_X": 471727.1649000002, "POINT_Y": 5362712.076400001}}, {"type": "Feature", "id": 2415, "geometry": {"type": "MultiPoint", "coordinates": [[-123.37790211948662, 48.414912980224784]]}, "properties": {"OBJECTID": 2415, "StreetName1": "BOYD ST", "StreetName2": "NIAGARA ST", "Intersection": "BOYD ST & NIAGARA ST", "Jurisdiction": "COV", "POINT_X": 472038.12710000016, "POINT_Y": 5362486.099400001}}, {"type": "Feature", "id": 2416, "geometry": {"type": "MultiPoint", "coordinates": [[-123.37722350490162, 48.414584091273376]]}, "properties": {"OBJECTID": 2416, "StreetName1": "CROFT ST", "StreetName2": "NIAGARA ST", "Intersection": "CROFT ST & NIAGARA ST", "Jurisdiction": "COV", "POINT_X": 472088.1612999998, "POINT_Y": 5362449.2947}}, {"type": "Feature", "id": 2417, "geometry": {"type": "MultiPoint", "coordinates": [[-123.37564243729783, 48.4138390972007]]}, "properties": {"OBJECTID": 2417, "StreetName1": "MENZIES ST", "StreetName2": "NIAGARA ST", "Intersection": "MENZIES ST & NIAGARA ST", "Jurisdiction": "COV", "POINT_X": 472204.74739999976, "POINT_Y": 5362365.911}}, {"type": "Feature", "id": 2418, "geometry": {"type": "MultiPoint", "coordinates": [[-123.37488813870554, 48.413467470313876]]}, "properties": {"OBJECTID": 2418, "StreetName1": "MEDANA ST", "StreetName2": "NIAGARA ST", "Intersection": "MEDANA ST & NIAGARA ST", "Jurisdiction": "COV", "POINT_X": 472260.36089999974, "POINT_Y": 5362324.3299}}, {"type": "Feature", "id": 2419, "geometry": {"type": "MultiPoint", "coordinates": [[-123.3739375158274, 48.412999105059804]]}, "properties": {"OBJECTID": 2419, "StreetName1": "CLARENCE ST", "StreetName2": "NIAGARA ST", "Intersection": "CLARENCE ST & NIAGARA ST", "Jurisdiction": "COV", "POINT_X": 472330.4502999997, "POINT_Y": 5362271.9256}}, {"type": "Feature", "id": 2420, "geometry": {"type": "MultiPoint", "coordinates": [[-123.37196825483663, 48.4120894849149]]}, "properties": {"OBJECTID": 2420, "StreetName1": "GOVERNMENT ST", "StreetName2": "NIAGARA ST", "Intersection": "GOVERNMENT ST & NIAGARA ST", "Jurisdiction": "COV", "POINT_X": 472475.6807000004, "POINT_Y": 5362170.1086}}, {"type": "Feature", "id": 2421, "geometry": {"type": "MultiPoint", "coordinates": [[-123.36874190165658, 48.41057499960308]]}, "properties": {"OBJECTID": 2421, "StreetName1": "DOUGLAS ST", "StreetName2": "NIAGARA ST", "Intersection": "DOUGLAS ST & NIAGARA ST", "Jurisdiction": "COV", "POINT_X": 472713.6183000002, "POINT_Y": 5362000.6139}}, {"type": "Feature", "id": 2422, "geometry": {"type": "MultiPoint", "coordinates": [[-123.32651677381486, 48.418140193004206]]}, "properties": {"OBJECTID": 2422, "StreetName1": "FOUL BAY RD", "StreetName2": "NORMANTON CRT", "Intersection": "FOUL BAY RD & NORMANTON CRT", "Jurisdiction": "COV", "POINT_X": 475841.9266999997, "POINT_Y": 5362827.3334}}, {"type": "Feature", "id": 2423, "geometry": {"type": "MultiPoint", "coordinates": [[-123.34396557450043, 48.44836843904165]]}, "properties": {"OBJECTID": 2423, "StreetName1": "CEDAR HILL RD", "StreetName2": "NORTH DAIRY RD", "Intersection": "CEDAR HILL RD & NORTH DAIRY RD", "Jurisdiction": "COV", "POINT_X": 474565.97190000024, "POINT_Y": 5366192.975}}, {"type": "Feature", "id": 2424, "geometry": {"type": "MultiPoint", "coordinates": [[-123.34181031906296, 48.44831608004095]]}, "properties": {"OBJECTID": 2424, "StreetName1": "DONCASTER DR", "StreetName2": "NORTH DAIRY RD", "Intersection": "DONCASTER DR & NORTH DAIRY RD", "Jurisdiction": "COV", "POINT_X": 474725.31989999954, "POINT_Y": 5366186.441299999}}, {"type": "Feature", "id": 2425, "geometry": {"type": "MultiPoint", "coordinates": [[-123.33938806590079, 48.448271294017005]]}, "properties": {"OBJECTID": 2425, "StreetName1": "CLAWTHORPE AVE", "StreetName2": "NORTH DAIRY RD", "Intersection": "CLAWTHORPE AVE & NORTH DAIRY RD", "Jurisdiction": "COV", "POINT_X": 474904.41559999995, "POINT_Y": 5366180.666300001}}, {"type": "Feature", "id": 2426, "geometry": {"type": "MultiPoint", "coordinates": [[-123.36188315541709, 48.430139585121275]]}, "properties": {"OBJECTID": 2426, "StreetName1": "BLANSHARD ST", "StreetName2": "NORTH PARK ST", "Intersection": "BLANSHARD ST & NORTH PARK ST", "Jurisdiction": "COV", "POINT_X": 473231.45050000027, "POINT_Y": 5364172.8705}}, {"type": "Feature", "id": 2427, "geometry": {"type": "MultiPoint", "coordinates": [[-123.36170297965012, 48.4300882227012]]}, "properties": {"OBJECTID": 2427, "StreetName1": "BLANSHARD ST", "StreetName2": "NORTH PARK ST", "Intersection": "BLANSHARD ST & NORTH PARK ST", "Jurisdiction": "COV", "POINT_X": 473244.7516999999, "POINT_Y": 5364167.0984000005}}, {"type": "Feature", "id": 2428, "geometry": {"type": "MultiPoint", "coordinates": [[-123.35300225622666, 48.42956186949421]]}, "properties": {"OBJECTID": 2428, "StreetName1": "COOK ST", "StreetName2": "NORTH PARK ST", "Intersection": "COOK ST & NORTH PARK ST", "Jurisdiction": "COV", "POINT_X": 473888.1024000002, "POINT_Y": 5364105.5889}}, {"type": "Feature", "id": 2429, "geometry": {"type": "MultiPoint", "coordinates": [[-123.35005964598065, 48.42938813897214]]}, "properties": {"OBJECTID": 2429, "StreetName1": "CHAMBERS ST", "StreetName2": "NORTH PARK ST", "Intersection": "CHAMBERS ST & NORTH PARK ST", "Jurisdiction": "COV", "POINT_X": 474105.69070000015, "POINT_Y": 5364085.278899999}}, {"type": "Feature", "id": 2430, "geometry": {"type": "MultiPoint", "coordinates": [[-123.39245442546925, 48.44020518092007]]}, "properties": {"OBJECTID": 2430, "StreetName1": "BURLEITH CRES", "StreetName2": "NORTHCOTT AVE", "Intersection": "BURLEITH CRES & NORTHCOTT AVE", "Jurisdiction": "COV", "POINT_X": 470975.73259999976, "POINT_Y": 5365302.839199999}}, {"type": "Feature", "id": 2431, "geometry": {"type": "MultiPoint", "coordinates": [[-123.39047083896881, 48.43951757960763]]}, "properties": {"OBJECTID": 2431, "StreetName1": "COVENTRY AVE", "StreetName2": "NORTHCOTT AVE", "Intersection": "COVENTRY AVE & NORTHCOTT AVE", "Jurisdiction": "COV", "POINT_X": 471122.04590000026, "POINT_Y": 5365225.659499999}}, {"type": "Feature", "id": 2432, "geometry": {"type": "MultiPoint", "coordinates": [[-123.33694605178881, 48.42653463167545]]}, "properties": {"OBJECTID": 2432, "StreetName1": "FORT ST", "StreetName2": "OAK BAY AVE", "Intersection": "FORT ST & OAK BAY AVE", "Jurisdiction": "COV", "POINT_X": 475074.3633000003, "POINT_Y": 5363763.749299999}}, {"type": "Feature", "id": 2433, "geometry": {"type": "MultiPoint", "coordinates": [[-123.33575542591237, 48.42652175786067]]}, "properties": {"OBJECTID": 2433, "StreetName1": "MCGREGOR AVE", "StreetName2": "OAK BAY AVE", "Intersection": "MCGREGOR AVE & OAK BAY AVE", "Jurisdiction": "COV", "POINT_X": 475162.43759999983, "POINT_Y": 5363761.931500001}}, {"type": "Feature", "id": 2434, "geometry": {"type": "MultiPoint", "coordinates": [[-123.33427481779174, 48.4264978075376]]}, "properties": {"OBJECTID": 2434, "StreetName1": "MORRISON ST", "StreetName2": "OAK BAY AVE", "Intersection": "MORRISON ST & OAK BAY AVE", "Jurisdiction": "COV", "POINT_X": 475271.9589999998, "POINT_Y": 5363758.790200001}}, {"type": "Feature", "id": 2435, "geometry": {"type": "MultiPoint", "coordinates": [[-123.33298419654854, 48.426479721088256]]}, "properties": {"OBJECTID": 2435, "StreetName1": "BELCHER AVE", "StreetName2": "OAK BAY AVE", "Intersection": "BELCHER AVE & OAK BAY AVE", "Jurisdiction": "COV", "POINT_X": 475367.4283999996, "POINT_Y": 5363756.3639}}, {"type": "Feature", "id": 2436, "geometry": {"type": "MultiPoint", "coordinates": [[-123.33164401025813, 48.42647094938307]]}, "properties": {"OBJECTID": 2436, "StreetName1": "JUBILEE AVE", "StreetName2": "OAK BAY AVE", "Intersection": "JUBILEE AVE & OAK BAY AVE", "Jurisdiction": "COV", "POINT_X": 475466.56909999996, "POINT_Y": 5363754.958699999}}, {"type": "Feature", "id": 2437, "geometry": {"type": "MultiPoint", "coordinates": [[-123.33131379204039, 48.42646878509929]]}, "properties": {"OBJECTID": 2437, "StreetName1": "BEVERLEY PL", "StreetName2": "OAK BAY AVE", "Intersection": "BEVERLEY PL & OAK BAY AVE", "Jurisdiction": "COV", "POINT_X": 475490.99710000027, "POINT_Y": 5363754.612400001}}, {"type": "Feature", "id": 2438, "geometry": {"type": "MultiPoint", "coordinates": [[-123.3291933240612, 48.42645999490262], [-123.3289052113815, 48.42645948726058]]}, "properties": {"OBJECTID": 2438, "StreetName1": "BANK ST", "StreetName2": "OAK BAY AVE", "Intersection": "BANK ST & OAK BAY AVE", "Jurisdiction": "COV", "POINT_X": 475658.5188499999, "POINT_Y": 5363752.884900001}}, {"type": "Feature", "id": 2439, "geometry": {"type": "MultiPoint", "coordinates": [[-123.32819674879079, 48.426458234371005]]}, "properties": {"OBJECTID": 2439, "StreetName1": "CLARE ST", "StreetName2": "OAK BAY AVE", "Intersection": "CLARE ST & OAK BAY AVE", "Jurisdiction": "COV", "POINT_X": 475721.5861999998, "POINT_Y": 5363752.446799999}}, {"type": "Feature", "id": 2440, "geometry": {"type": "MultiPoint", "coordinates": [[-123.32754592253983, 48.426457080275654]]}, "properties": {"OBJECTID": 2440, "StreetName1": "FELL ST", "StreetName2": "OAK BAY AVE", "Intersection": "FELL ST & OAK BAY AVE", "Jurisdiction": "COV", "POINT_X": 475769.73280000035, "POINT_Y": 5363752.112400001}}, {"type": "Feature", "id": 2441, "geometry": {"type": "MultiPoint", "coordinates": [[-123.327002817982, 48.426456109450335]]}, "properties": {"OBJECTID": 2441, "StreetName1": "CHAMBERLAIN ST", "StreetName2": "OAK BAY AVE", "Intersection": "CHAMBERLAIN ST & OAK BAY AVE", "Jurisdiction": "COV", "POINT_X": 475809.9104000004, "POINT_Y": 5363751.832800001}}, {"type": "Feature", "id": 2442, "geometry": {"type": "MultiPoint", "coordinates": [[-123.326185705097, 48.42645465716733], [-123.32583124134345, 48.42645402580352]]}, "properties": {"OBJECTID": 2442, "StreetName1": "DAVIE ST", "StreetName2": "OAK BAY AVE", "Intersection": "DAVIE ST & OAK BAY AVE", "Jurisdiction": "COV", "POINT_X": 475883.46970000013, "POINT_Y": 5363751.322699999}}, {"type": "Feature", "id": 2443, "geometry": {"type": "MultiPoint", "coordinates": [[-123.3238143744979, 48.42645041284974], [-123.32346418502433, 48.426449781059496]]}, "properties": {"OBJECTID": 2443, "StreetName1": "AMPHION ST", "StreetName2": "OAK BAY AVE", "Intersection": "AMPHION ST & OAK BAY AVE", "Jurisdiction": "COV", "POINT_X": 476058.7371, "POINT_Y": 5363750.10755}}, {"type": "Feature", "id": 2444, "geometry": {"type": "MultiPoint", "coordinates": [[-123.32275240536373, 48.42644849587785]]}, "properties": {"OBJECTID": 2444, "StreetName1": "FOUL BAY RD", "StreetName2": "OAK BAY AVE", "Intersection": "FOUL BAY RD & OAK BAY AVE", "Jurisdiction": "COV", "POINT_X": 476124.3459999999, "POINT_Y": 5363749.6526999995}}, {"type": "Feature", "id": 2445, "geometry": {"type": "MultiPoint", "coordinates": [[-123.34321637394665, 48.44498018746454]]}, "properties": {"OBJECTID": 2445, "StreetName1": "GOSWORTH RD", "StreetName2": "OAKLAND AVE", "Intersection": "GOSWORTH RD & OAKLAND AVE", "Jurisdiction": "COV", "POINT_X": 474619.68450000044, "POINT_Y": 5365816.1077}}, {"type": "Feature", "id": 2446, "geometry": {"type": "MultiPoint", "coordinates": [[-123.34004455070152, 48.44607869949671]]}, "properties": {"OBJECTID": 2446, "StreetName1": "DONCASTER DR", "StreetName2": "OAKLAND AVE", "Intersection": "DONCASTER DR & OAKLAND AVE", "Jurisdiction": "COV", "POINT_X": 474854.7882000003, "POINT_Y": 5365937.1654}}, {"type": "Feature", "id": 2447, "geometry": {"type": "MultiPoint", "coordinates": [[-123.36057146622996, 48.413921581511]]}, "properties": {"OBJECTID": 2447, "StreetName1": "HEYWOOD AVE", "StreetName2": "OLIPHANT AVE", "Intersection": "HEYWOOD AVE & OLIPHANT AVE", "Jurisdiction": "COV", "POINT_X": 473319.9938000003, "POINT_Y": 5362369.7204}}, {"type": "Feature", "id": 2448, "geometry": {"type": "MultiPoint", "coordinates": [[-123.35685881785564, 48.41380688334685]]}, "properties": {"OBJECTID": 2448, "StreetName1": "COOK ST", "StreetName2": "OLIPHANT AVE", "Intersection": "COOK ST & OLIPHANT AVE", "Jurisdiction": "COV", "POINT_X": 473594.6579999998, "POINT_Y": 5362355.684800001}}, {"type": "Feature", "id": 2449, "geometry": {"type": "MultiPoint", "coordinates": [[-123.34935051082613, 48.40802042240868]]}, "properties": {"OBJECTID": 2449, "StreetName1": "GEORGE ST", "StreetName2": "OLIVE ST", "Intersection": "GEORGE ST & OLIVE ST", "Jurisdiction": "COV", "POINT_X": 474147.3158, "POINT_Y": 5361709.937899999}}, {"type": "Feature", "id": 2450, "geometry": {"type": "MultiPoint", "coordinates": [[-123.34855546464944, 48.41127096883028]]}, "properties": {"OBJECTID": 2450, "StreetName1": "MAY ST", "StreetName2": "OLIVE ST", "Intersection": "MAY ST & OLIVE ST", "Jurisdiction": "COV", "POINT_X": 474207.79729999974, "POINT_Y": 5362070.979699999}}, {"type": "Feature", "id": 2451, "geometry": {"type": "MultiPoint", "coordinates": [[-123.37088488623232, 48.40899620710567]]}, "properties": {"OBJECTID": 2451, "StreetName1": "DALLAS RD", "StreetName2": "OLYMPIA AVE", "Intersection": "DALLAS RD & OLYMPIA AVE", "Jurisdiction": "COV", "POINT_X": 472554.18460000027, "POINT_Y": 5361825.891100001}}, {"type": "Feature", "id": 2452, "geometry": {"type": "MultiPoint", "coordinates": [[-123.37032499050332, 48.410347139897326]]}, "properties": {"OBJECTID": 2452, "StreetName1": "BATTERY ST", "StreetName2": "OLYMPIA AVE", "Intersection": "BATTERY ST & OLYMPIA AVE", "Jurisdiction": "COV", "POINT_X": 472596.3448999999, "POINT_Y": 5361975.851600001}}, {"type": "Feature", "id": 2453, "geometry": {"type": "MultiPoint", "coordinates": [[-123.38488584937548, 48.42158626270536]]}, "properties": {"OBJECTID": 2453, "StreetName1": "DALLAS RD", "StreetName2": "ONTARIO ST", "Intersection": "DALLAS RD & ONTARIO ST", "Jurisdiction": "COV", "POINT_X": 471525.0917999996, "POINT_Y": 5363230.4322}}, {"type": "Feature", "id": 2454, "geometry": {"type": "MultiPoint", "coordinates": [[-123.38082920008888, 48.41964312623735]]}, "properties": {"OBJECTID": 2454, "StreetName1": "MONTREAL ST", "StreetName2": "ONTARIO ST", "Intersection": "MONTREAL ST & ONTARIO ST", "Jurisdiction": "COV", "POINT_X": 471824.1512000002, "POINT_Y": 5363012.9451}}, {"type": "Feature", "id": 2455, "geometry": {"type": "MultiPoint", "coordinates": [[-123.34304657913887, 48.43277024885679]]}, "properties": {"OBJECTID": 2455, "StreetName1": "DENMAN ST", "StreetName2": "OREGON AVE", "Intersection": "DENMAN ST & OREGON AVE", "Jurisdiction": "COV", "POINT_X": 474626.16089999955, "POINT_Y": 5364458.8663}}, {"type": "Feature", "id": 2456, "geometry": {"type": "MultiPoint", "coordinates": [[-123.34295290515874, 48.4344078722078]]}, "properties": {"OBJECTID": 2456, "StreetName1": "BAY ST", "StreetName2": "OREGON AVE", "Intersection": "BAY ST & OREGON AVE", "Jurisdiction": "COV", "POINT_X": 474633.9051000001, "POINT_Y": 5364640.863700001}}, {"type": "Feature", "id": 2457, "geometry": {"type": "MultiPoint", "coordinates": [[-123.34980858731544, 48.42294681761946]]}, "properties": {"OBJECTID": 2457, "StreetName1": "FORT ST", "StreetName2": "ORMOND ST", "Intersection": "FORT ST & ORMOND ST", "Jurisdiction": "COV", "POINT_X": 474120.9923999999, "POINT_Y": 5363369.2162}}, {"type": "Feature", "id": 2458, "geometry": {"type": "MultiPoint", "coordinates": [[-123.35597042001937, 48.41590019444582]]}, "properties": {"OBJECTID": 2458, "StreetName1": "COOK ST", "StreetName2": "OSCAR ST", "Intersection": "COOK ST & OSCAR ST", "Jurisdiction": "COV", "POINT_X": 473661.4779000003, "POINT_Y": 5362588.0581}}, {"type": "Feature", "id": 2459, "geometry": {"type": "MultiPoint", "coordinates": [[-123.35457717307908, 48.41575495446697], [-123.35368019939521, 48.415666927117044]]}, "properties": {"OBJECTID": 2459, "StreetName1": "CHESTER AVE", "StreetName2": "OSCAR ST", "Intersection": "CHESTER AVE & OSCAR ST", "Jurisdiction": "COV", "POINT_X": 473797.65755000047, "POINT_Y": 5362566.3903}}, {"type": "Feature", "id": 2460, "geometry": {"type": "MultiPoint", "coordinates": [[-123.35244786358705, 48.415532943150886]]}, "properties": {"OBJECTID": 2460, "StreetName1": "LINDEN AVE", "StreetName2": "OSCAR ST", "Intersection": "LINDEN AVE & OSCAR ST", "Jurisdiction": "COV", "POINT_X": 473921.93740000017, "POINT_Y": 5362546.0315000005}}, {"type": "Feature", "id": 2461, "geometry": {"type": "MultiPoint", "coordinates": [[-123.3455523909758, 48.44610861997211]]}, "properties": {"OBJECTID": 2461, "StreetName1": "CEDAR HILL RD", "StreetName2": "OSWALD RD", "Intersection": "CEDAR HILL RD & OSWALD RD", "Jurisdiction": "COV", "POINT_X": 474447.4983999999, "POINT_Y": 5365942.3148}}, {"type": "Feature", "id": 2462, "geometry": {"type": "MultiPoint", "coordinates": [[-123.38217963950245, 48.41419037538297]]}, "properties": {"OBJECTID": 2462, "StreetName1": "DALLAS RD", "StreetName2": "OSWEGO ST", "Intersection": "DALLAS RD & OSWEGO ST", "Jurisdiction": "COV", "POINT_X": 471721.2104000002, "POINT_Y": 5362407.3496}}, {"type": "Feature", "id": 2463, "geometry": {"type": "MultiPoint", "coordinates": [[-123.3801967178202, 48.41602658601257]]}, "properties": {"OBJECTID": 2463, "StreetName1": "NIAGARA ST", "StreetName2": "OSWEGO ST", "Intersection": "NIAGARA ST & OSWEGO ST", "Jurisdiction": "COV", "POINT_X": 471868.9522000002, "POINT_Y": 5362610.720899999}}, {"type": "Feature", "id": 2464, "geometry": {"type": "MultiPoint", "coordinates": [[-123.37982606940037, 48.41636458446748]]}, "properties": {"OBJECTID": 2464, "StreetName1": "BECKLEY AVE", "StreetName2": "OSWEGO ST", "Intersection": "BECKLEY AVE & OSWEGO ST", "Jurisdiction": "COV", "POINT_X": 471896.5641000001, "POINT_Y": 5362648.1546}}, {"type": "Feature", "id": 2465, "geometry": {"type": "MultiPoint", "coordinates": [[-123.37782180816194, 48.41820073202998]]}, "properties": {"OBJECTID": 2465, "StreetName1": "ONTARIO ST", "StreetName2": "OSWEGO ST", "Intersection": "ONTARIO ST & OSWEGO ST", "Jurisdiction": "COV", "POINT_X": 472045.87229999993, "POINT_Y": 5362851.515699999}}, {"type": "Feature", "id": 2466, "geometry": {"type": "MultiPoint", "coordinates": [[-123.3770854190224, 48.418880995492884]]}, "properties": {"OBJECTID": 2466, "StreetName1": "MICHIGAN ST", "StreetName2": "OSWEGO ST", "Intersection": "MICHIGAN ST & OSWEGO ST", "Jurisdiction": "COV", "POINT_X": 472100.73029999994, "POINT_Y": 5362926.861}}, {"type": "Feature", "id": 2467, "geometry": {"type": "MultiPoint", "coordinates": [[-123.37560430546114, 48.42024893756741]]}, "properties": {"OBJECTID": 2467, "StreetName1": "KINGSTON ST", "StreetName2": "OSWEGO ST", "Intersection": "KINGSTON ST & OSWEGO ST", "Jurisdiction": "COV", "POINT_X": 472211.06269999966, "POINT_Y": 5363078.374399999}}, {"type": "Feature", "id": 2468, "geometry": {"type": "MultiPoint", "coordinates": [[-123.37415662896876, 48.421609734174005]]}, "properties": {"OBJECTID": 2468, "StreetName1": "BELLEVILLE ST", "StreetName2": "OSWEGO ST", "Intersection": "BELLEVILLE ST & OSWEGO ST", "Jurisdiction": "COV", "POINT_X": 472318.9115000004, "POINT_Y": 5363229.107799999}}, {"type": "Feature", "id": 2469, "geometry": {"type": "MultiPoint", "coordinates": [[-123.35673049804772, 48.41409790151951]]}, "properties": {"OBJECTID": 2469, "StreetName1": "COOK ST", "StreetName2": "OXFORD ST", "Intersection": "COOK ST & OXFORD ST", "Jurisdiction": "COV", "POINT_X": 473604.3038999997, "POINT_Y": 5362387.988299999}}, {"type": "Feature", "id": 2470, "geometry": {"type": "MultiPoint", "coordinates": [[-123.354152522567, 48.41380769913451]]}, "properties": {"OBJECTID": 2470, "StreetName1": "CHESTER AVE", "StreetName2": "OXFORD ST", "Intersection": "CHESTER AVE & OXFORD ST", "Jurisdiction": "COV", "POINT_X": 473794.9156999998, "POINT_Y": 5362354.846100001}}, {"type": "Feature", "id": 2471, "geometry": {"type": "MultiPoint", "coordinates": [[-123.35290368124902, 48.41366708909105]]}, "properties": {"OBJECTID": 2471, "StreetName1": "LINDEN AVE", "StreetName2": "OXFORD ST", "Intersection": "LINDEN AVE & OXFORD ST", "Jurisdiction": "COV", "POINT_X": 473887.2539999997, "POINT_Y": 5362338.7903}}, {"type": "Feature", "id": 2472, "geometry": {"type": "MultiPoint", "coordinates": [[-123.35045724747151, 48.41338518285617]]}, "properties": {"OBJECTID": 2472, "StreetName1": "HOWE ST", "StreetName2": "OXFORD ST", "Intersection": "HOWE ST & OXFORD ST", "Jurisdiction": "COV", "POINT_X": 474068.1394999996, "POINT_Y": 5362306.624299999}}, {"type": "Feature", "id": 2473, "geometry": {"type": "MultiPoint", "coordinates": [[-123.34932350527781, 48.41325451769251]]}, "properties": {"OBJECTID": 2473, "StreetName1": "MOSS ST", "StreetName2": "OXFORD ST", "Intersection": "MOSS ST & OXFORD ST", "Jurisdiction": "COV", "POINT_X": 474151.96729999967, "POINT_Y": 5362291.7172}}, {"type": "Feature", "id": 2474, "geometry": {"type": "MultiPoint", "coordinates": [[-123.37210953470948, 48.409402272642055]]}, "properties": {"OBJECTID": 2474, "StreetName1": "DALLAS RD", "StreetName2": "PADDON AVE", "Intersection": "DALLAS RD & PADDON AVE", "Jurisdiction": "COV", "POINT_X": 472463.77520000003, "POINT_Y": 5361871.4662}}, {"type": "Feature", "id": 2475, "geometry": {"type": "MultiPoint", "coordinates": [[-123.37100760550163, 48.41067996131818]]}, "properties": {"OBJECTID": 2475, "StreetName1": "BATTERY ST", "StreetName2": "PADDON AVE", "Intersection": "BATTERY ST & PADDON AVE", "Jurisdiction": "COV", "POINT_X": 472546.00930000003, "POINT_Y": 5362013.090299999}}, {"type": "Feature", "id": 2476, "geometry": {"type": "MultiPoint", "coordinates": [[-123.35558355411746, 48.417203559765625]]}, "properties": {"OBJECTID": 2476, "StreetName1": "COOK ST", "StreetName2": "PAKINGTON ST", "Intersection": "COOK ST & PAKINGTON ST", "Jurisdiction": "COV", "POINT_X": 473690.77610000037, "POINT_Y": 5362732.799000001}}, {"type": "Feature", "id": 2477, "geometry": {"type": "MultiPoint", "coordinates": [[-123.37114819075678, 48.42814892398478]]}, "properties": {"OBJECTID": 2477, "StreetName1": "JOHNSON ST", "StreetName2": "PANDORA AVE", "Intersection": "JOHNSON ST & PANDORA AVE", "Jurisdiction": "COV", "POINT_X": 472545.01460000034, "POINT_Y": 5363954.880799999}}, {"type": "Feature", "id": 2478, "geometry": {"type": "MultiPoint", "coordinates": [[-123.36790223961349, 48.42852628903426]]}, "properties": {"OBJECTID": 2478, "StreetName1": "FAN TAN ALLEY", "StreetName2": "PANDORA AVE", "Intersection": "FAN TAN ALLEY & PANDORA AVE", "Jurisdiction": "COV", "POINT_X": 472785.33860000037, "POINT_Y": 5363995.6678}}, {"type": "Feature", "id": 2479, "geometry": {"type": "MultiPoint", "coordinates": [[-123.3670534645573, 48.42853881831722]]}, "properties": {"OBJECTID": 2479, "StreetName1": "GOVERNMENT ST", "StreetName2": "PANDORA AVE", "Intersection": "GOVERNMENT ST & PANDORA AVE", "Jurisdiction": "COV", "POINT_X": 472848.13379999995, "POINT_Y": 5363996.759199999}}, {"type": "Feature", "id": 2481, "geometry": {"type": "MultiPoint", "coordinates": [[-123.36580864525422, 48.42816972912797]]}, "properties": {"OBJECTID": 2481, "StreetName1": "BROAD ST", "StreetName2": "PANDORA AVE", "Intersection": "BROAD ST & PANDORA AVE", "Jurisdiction": "COV", "POINT_X": 472940.0239000004, "POINT_Y": 5363955.2929}}, {"type": "Feature", "id": 2482, "geometry": {"type": "MultiPoint", "coordinates": [[-123.36450130883316, 48.42803194282042]]}, "properties": {"OBJECTID": 2482, "StreetName1": "DOUGLAS ST", "StreetName2": "PANDORA AVE", "Intersection": "DOUGLAS ST & PANDORA AVE", "Jurisdiction": "COV", "POINT_X": 473036.6624999996, "POINT_Y": 5363939.5163}}, {"type": "Feature", "id": 2483, "geometry": {"type": "MultiPoint", "coordinates": [[-123.36166825573551, 48.427735225295436]]}, "properties": {"OBJECTID": 2483, "StreetName1": "BLANSHARD ST", "StreetName2": "PANDORA AVE", "Intersection": "BLANSHARD ST & PANDORA AVE", "Jurisdiction": "COV", "POINT_X": 473246.0851999996, "POINT_Y": 5363905.5414}}, {"type": "Feature", "id": 2484, "geometry": {"type": "MultiPoint", "coordinates": [[-123.36046830917397, 48.427620379126694]]}, "properties": {"OBJECTID": 2484, "StreetName1": "AMELIA ST", "StreetName2": "PANDORA AVE", "Intersection": "AMELIA ST & PANDORA AVE", "Jurisdiction": "COV", "POINT_X": 473334.79310000036, "POINT_Y": 5363892.3573}}, {"type": "Feature", "id": 2485, "geometry": {"type": "MultiPoint", "coordinates": [[-123.35331890097277, 48.42657465815944], [-123.35331325521199, 48.426808163515474], [-123.3532726373515, 48.42718511984085]]}, "properties": {"OBJECTID": 2485, "StreetName1": "COOK ST", "StreetName2": "PANDORA AVE", "Intersection": "COOK ST & PANDORA AVE", "Jurisdiction": "COV", "POINT_X": 473865.0148499997, "POINT_Y": 5363807.576400001}}, {"type": "Feature", "id": 2486, "geometry": {"type": "MultiPoint", "coordinates": [[-123.3505140475754, 48.42649640761958], [-123.35036644219188, 48.427046036301476]]}, "properties": {"OBJECTID": 2486, "StreetName1": "CHAMBERS ST", "StreetName2": "PANDORA AVE", "Intersection": "CHAMBERS ST & PANDORA AVE", "Jurisdiction": "COV", "POINT_X": 474076.2051500004, "POINT_Y": 5363794.5271000005}}, {"type": "Feature", "id": 2487, "geometry": {"type": "MultiPoint", "coordinates": [[-123.34713616173549, 48.42692142604802]]}, "properties": {"OBJECTID": 2487, "StreetName1": "CAMOSUN ST", "StreetName2": "PANDORA AVE", "Intersection": "CAMOSUN ST & PANDORA AVE", "Jurisdiction": "COV", "POINT_X": 474320.7104000002, "POINT_Y": 5363810.1097}}, {"type": "Feature", "id": 2488, "geometry": {"type": "MultiPoint", "coordinates": [[-123.34537020935895, 48.42684085069415]]}, "properties": {"OBJECTID": 2488, "StreetName1": "FERNWOOD RD", "StreetName2": "PANDORA AVE", "Intersection": "FERNWOOD RD & PANDORA AVE", "Jurisdiction": "COV", "POINT_X": 474451.3113000002, "POINT_Y": 5363800.5627999995}}, {"type": "Feature", "id": 2489, "geometry": {"type": "MultiPoint", "coordinates": [[-123.34371334422019, 48.42679524555988]]}, "properties": {"OBJECTID": 2489, "StreetName1": "HARRISON ST", "StreetName2": "PANDORA AVE", "Intersection": "HARRISON ST & PANDORA AVE", "Jurisdiction": "COV", "POINT_X": 474573.86000000034, "POINT_Y": 5363794.9421999995}}, {"type": "Feature", "id": 2490, "geometry": {"type": "MultiPoint", "coordinates": [[-123.34321752560972, 48.42678527465456]]}, "properties": {"OBJECTID": 2490, "StreetName1": "BEGBIE ST", "StreetName2": "PANDORA AVE", "Intersection": "BEGBIE ST & PANDORA AVE", "Jurisdiction": "COV", "POINT_X": 474610.5346999997, "POINT_Y": 5363793.669399999}}, {"type": "Feature", "id": 2491, "geometry": {"type": "MultiPoint", "coordinates": [[-123.3426700929842, 48.426774263280855]]}, "properties": {"OBJECTID": 2491, "StreetName1": "BEGBIE ST", "StreetName2": "PANDORA AVE", "Intersection": "BEGBIE ST & PANDORA AVE", "Jurisdiction": "COV", "POINT_X": 474651.02720000036, "POINT_Y": 5363792.2641}}, {"type": "Feature", "id": 2492, "geometry": {"type": "MultiPoint", "coordinates": [[-123.34203728518189, 48.426713079314545]]}, "properties": {"OBJECTID": 2492, "StreetName1": "JOHNSON ST", "StreetName2": "PANDORA AVE", "Intersection": "JOHNSON ST & PANDORA AVE", "Jurisdiction": "COV", "POINT_X": 474697.81070000026, "POINT_Y": 5363785.254000001}}, {"type": "Feature", "id": 2493, "geometry": {"type": "MultiPoint", "coordinates": [[-123.34127531156955, 48.426663266975254]]}, "properties": {"OBJECTID": 2493, "StreetName1": "ELFORD ST", "StreetName2": "PANDORA AVE", "Intersection": "ELFORD ST & PANDORA AVE", "Jurisdiction": "COV", "POINT_X": 474754.1553999996, "POINT_Y": 5363779.4657000005}}, {"type": "Feature", "id": 2494, "geometry": {"type": "MultiPoint", "coordinates": [[-123.33816185885794, 48.42654428118393]]}, "properties": {"OBJECTID": 2494, "StreetName1": "BELMONT AVE", "StreetName2": "PANDORA AVE", "Intersection": "BELMONT AVE & PANDORA AVE", "Jurisdiction": "COV", "POINT_X": 474984.42459999956, "POINT_Y": 5363765.2183}}, {"type": "Feature", "id": 2495, "geometry": {"type": "MultiPoint", "coordinates": [[-123.33694605178881, 48.42653463167545]]}, "properties": {"OBJECTID": 2495, "StreetName1": "FORT ST", "StreetName2": "PANDORA AVE", "Intersection": "FORT ST & PANDORA AVE", "Jurisdiction": "COV", "POINT_X": 475074.3633000003, "POINT_Y": 5363763.749299999}}, {"type": "Feature", "id": 2496, "geometry": {"type": "MultiPoint", "coordinates": [[-123.36060119840421, 48.41285722785007]]}, "properties": {"OBJECTID": 2496, "StreetName1": "HEYWOOD AVE", "StreetName2": "PARK BLVD", "Intersection": "HEYWOOD AVE & PARK BLVD", "Jurisdiction": "COV", "POINT_X": 473317.2368000001, "POINT_Y": 5362251.424000001}}, {"type": "Feature", "id": 2497, "geometry": {"type": "MultiPoint", "coordinates": [[-123.35789437168395, 48.41282348039771]]}, "properties": {"OBJECTID": 2497, "StreetName1": "NURSERY RD", "StreetName2": "PARK BLVD", "Intersection": "NURSERY RD & PARK BLVD", "Jurisdiction": "COV", "POINT_X": 473517.51960000023, "POINT_Y": 5362246.7335}}, {"type": "Feature", "id": 2498, "geometry": {"type": "MultiPoint", "coordinates": [[-123.35728600653644, 48.41283802195512]]}, "properties": {"OBJECTID": 2498, "StreetName1": "COOK ST", "StreetName2": "PARK BLVD", "Intersection": "COOK ST & PARK BLVD", "Jurisdiction": "COV", "POINT_X": 473562.54509999976, "POINT_Y": 5362248.139699999}}, {"type": "Feature", "id": 2499, "geometry": {"type": "MultiPoint", "coordinates": [[-123.37154732668009, 48.4169960246975]]}, "properties": {"OBJECTID": 2499, "StreetName1": "MICHIGAN ST", "StreetName2": "PARRY ST", "Intersection": "MICHIGAN ST & PARRY ST", "Jurisdiction": "COV", "POINT_X": 472509.4743999997, "POINT_Y": 5362715.337099999}}, {"type": "Feature", "id": 2500, "geometry": {"type": "MultiPoint", "coordinates": [[-123.33513277510838, 48.40957646789729]]}, "properties": {"OBJECTID": 2500, "StreetName1": "HOLLYWOOD CRES", "StreetName2": "PASSMORE ST", "Intersection": "HOLLYWOOD CRES & PASSMORE ST", "Jurisdiction": "COV", "POINT_X": 475200.25939999986, "POINT_Y": 5361878.1974}}, {"type": "Feature", "id": 2501, "geometry": {"type": "MultiPoint", "coordinates": [[-123.38053391711935, 48.42765188542706]]}, "properties": {"OBJECTID": 2501, "StreetName1": "KIMTA RD", "StreetName2": "PAUL KANE PL", "Intersection": "KIMTA RD & PAUL KANE PL", "Jurisdiction": "COV", "POINT_X": 471850.4216, "POINT_Y": 5363903.0404}}, {"type": "Feature", "id": 2502, "geometry": {"type": "MultiPoint", "coordinates": [[-123.33895288566771, 48.442032236267856]]}, "properties": {"OBJECTID": 2502, "StreetName1": "BELMONT AVE", "StreetName2": "PEARL ST", "Intersection": "BELMONT AVE & PEARL ST", "Jurisdiction": "COV", "POINT_X": 474933.5257000001, "POINT_Y": 5365487.025900001}}, {"type": "Feature", "id": 2503, "geometry": {"type": "MultiPoint", "coordinates": [[-123.33683525467201, 48.441997735679394]]}, "properties": {"OBJECTID": 2503, "StreetName1": "DONCASTER DR", "StreetName2": "PEARL ST", "Intersection": "DONCASTER DR & PEARL ST", "Jurisdiction": "COV", "POINT_X": 475090.12009999994, "POINT_Y": 5365482.4999}}, {"type": "Feature", "id": 2504, "geometry": {"type": "MultiPoint", "coordinates": [[-123.34209726811461, 48.424762639789265]]}, "properties": {"OBJECTID": 2504, "StreetName1": "FORT ST", "StreetName2": "PEMBERTON RD", "Intersection": "FORT ST & PEMBERTON RD", "Jurisdiction": "COV", "POINT_X": 474692.40490000043, "POINT_Y": 5363568.4749}}, {"type": "Feature", "id": 2505, "geometry": {"type": "MultiPoint", "coordinates": [[-123.3411257243148, 48.42372999618941]]}, "properties": {"OBJECTID": 2505, "StreetName1": "CARBERRY GDNS", "StreetName2": "PEMBERTON RD", "Intersection": "CARBERRY GDNS & PEMBERTON RD", "Jurisdiction": "COV", "POINT_X": 474763.76939999964, "POINT_Y": 5363453.3719999995}}, {"type": "Feature", "id": 2506, "geometry": {"type": "MultiPoint", "coordinates": [[-123.34055412151544, 48.421598238540135]]}, "properties": {"OBJECTID": 2506, "StreetName1": "ANGUS RD", "StreetName2": "PEMBERTON RD", "Intersection": "ANGUS RD & PEMBERTON RD", "Jurisdiction": "COV", "POINT_X": 474805.0044, "POINT_Y": 5363216.230799999}}, {"type": "Feature", "id": 2507, "geometry": {"type": "MultiPoint", "coordinates": [[-123.36722169369011, 48.43272819881837]]}, "properties": {"OBJECTID": 2507, "StreetName1": "GOVERNMENT ST", "StreetName2": "PEMBROKE ST", "Intersection": "GOVERNMENT ST & PEMBROKE ST", "Jurisdiction": "COV", "POINT_X": 472837.9219000004, "POINT_Y": 5364462.484999999}}, {"type": "Feature", "id": 2508, "geometry": {"type": "MultiPoint", "coordinates": [[-123.36460403504424, 48.43277006940971]]}, "properties": {"OBJECTID": 2508, "StreetName1": "DOUGLAS ST", "StreetName2": "PEMBROKE ST", "Intersection": "DOUGLAS ST & PEMBROKE ST", "Jurisdiction": "COV", "POINT_X": 473031.5706000002, "POINT_Y": 5364466.2139}}, {"type": "Feature", "id": 2509, "geometry": {"type": "MultiPoint", "coordinates": [[-123.36225703355345, 48.43281748736178], [-123.36178077478651, 48.43247261566922], [-123.36167493249391, 48.43220683014165]]}, "properties": {"OBJECTID": 2509, "StreetName1": "BLANSHARD ST", "StreetName2": "PEMBROKE ST", "Intersection": "BLANSHARD ST & PEMBROKE ST", "Jurisdiction": "COV", "POINT_X": 473226.57010000024, "POINT_Y": 5364436.620449999}}, {"type": "Feature", "id": 2510, "geometry": {"type": "MultiPoint", "coordinates": [[-123.3614313240493, 48.43245530865037]]}, "properties": {"OBJECTID": 2510, "StreetName1": "DOWLER PL", "StreetName2": "PEMBROKE ST", "Intersection": "DOWLER PL & PEMBROKE ST", "Jurisdiction": "COV", "POINT_X": 473266.0887000002, "POINT_Y": 5364430.114499999}}, {"type": "Feature", "id": 2511, "geometry": {"type": "MultiPoint", "coordinates": [[-123.35269172094256, 48.43191751417655]]}, "properties": {"OBJECTID": 2511, "StreetName1": "COOK ST", "StreetName2": "PEMBROKE ST", "Intersection": "COOK ST & PEMBROKE ST", "Jurisdiction": "COV", "POINT_X": 473912.27979999967, "POINT_Y": 5364367.3223}}, {"type": "Feature", "id": 2512, "geometry": {"type": "MultiPoint", "coordinates": [[-123.35084247971355, 48.431796948355064]]}, "properties": {"OBJECTID": 2512, "StreetName1": "CAMERON ST", "StreetName2": "PEMBROKE ST", "Intersection": "CAMERON ST & PEMBROKE ST", "Jurisdiction": "COV", "POINT_X": 474049.0077999998, "POINT_Y": 5364353.2926}}, {"type": "Feature", "id": 2513, "geometry": {"type": "MultiPoint", "coordinates": [[-123.34974170322695, 48.43172516550051]]}, "properties": {"OBJECTID": 2513, "StreetName1": "CHAMBERS ST", "StreetName2": "PEMBROKE ST", "Intersection": "CHAMBERS ST & PEMBROKE ST", "Jurisdiction": "COV", "POINT_X": 474130.3965999996, "POINT_Y": 5364344.941199999}}, {"type": "Feature", "id": 2514, "geometry": {"type": "MultiPoint", "coordinates": [[-123.34513122047017, 48.4313709033374]]}, "properties": {"OBJECTID": 2514, "StreetName1": "FERNWOOD RD", "StreetName2": "PEMBROKE ST", "Intersection": "FERNWOOD RD & PEMBROKE ST", "Jurisdiction": "COV", "POINT_X": 474471.2604, "POINT_Y": 5364304.0163}}, {"type": "Feature", "id": 2515, "geometry": {"type": "MultiPoint", "coordinates": [[-123.34311989657203, 48.43132863454938]]}, "properties": {"OBJECTID": 2515, "StreetName1": "OREGON AVE", "StreetName2": "PEMBROKE ST", "Intersection": "OREGON AVE & PEMBROKE ST", "Jurisdiction": "COV", "POINT_X": 474620.01970000006, "POINT_Y": 5364298.6493999995}}, {"type": "Feature", "id": 2516, "geometry": {"type": "MultiPoint", "coordinates": [[-123.33981096522774, 48.43123995012897], [-123.33906214082027, 48.431223693533994]]}, "properties": {"OBJECTID": 2516, "StreetName1": "BELMONT AVE", "StreetName2": "PEMBROKE ST", "Intersection": "BELMONT AVE & PEMBROKE ST", "Jurisdiction": "COV", "POINT_X": 474892.43415000004, "POINT_Y": 5364286.67415}}, {"type": "Feature", "id": 2517, "geometry": {"type": "MultiPoint", "coordinates": [[-123.33845401277425, 48.43121048740817]]}, "properties": {"OBJECTID": 2517, "StreetName1": "FORBES ST", "StreetName2": "PEMBROKE ST", "Intersection": "FORBES ST & PEMBROKE ST", "Jurisdiction": "COV", "POINT_X": 474965.10369999986, "POINT_Y": 5364283.981000001}}, {"type": "Feature", "id": 2518, "geometry": {"type": "MultiPoint", "coordinates": [[-123.33438565293177, 48.431113320634125]]}, "properties": {"OBJECTID": 2518, "StreetName1": "LYDIA ST", "StreetName2": "PEMBROKE ST", "Intersection": "LYDIA ST & PEMBROKE ST", "Jurisdiction": "COV", "POINT_X": 475265.99959999975, "POINT_Y": 5364271.8585}}, {"type": "Feature", "id": 2519, "geometry": {"type": "MultiPoint", "coordinates": [[-123.33252056605352, 48.4307051087613], [-123.33191098029872, 48.43095175587882]]}, "properties": {"OBJECTID": 2519, "StreetName1": "BEGBIE ST", "StreetName2": "PEMBROKE ST", "Intersection": "BEGBIE ST & PEMBROKE ST", "Jurisdiction": "COV", "POINT_X": 475426.3719500003, "POINT_Y": 5364239.493500001}}, {"type": "Feature", "id": 2520, "geometry": {"type": "MultiPoint", "coordinates": [[-123.33141256896135, 48.430917932259675]]}, "properties": {"OBJECTID": 2520, "StreetName1": "BIRCH ST", "StreetName2": "PEMBROKE ST", "Intersection": "BIRCH ST & PEMBROKE ST", "Jurisdiction": "COV", "POINT_X": 475485.8298000004, "POINT_Y": 5364249.1843}}, {"type": "Feature", "id": 2521, "geometry": {"type": "MultiPoint", "coordinates": [[-123.36051891454964, 48.415802826220975]]}, "properties": {"OBJECTID": 2521, "StreetName1": "HEYWOOD AVE", "StreetName2": "PENDERGAST ST", "Intersection": "HEYWOOD AVE & PENDERGAST ST", "Jurisdiction": "COV", "POINT_X": 473324.8666000003, "POINT_Y": 5362578.8093}}, {"type": "Feature", "id": 2522, "geometry": {"type": "MultiPoint", "coordinates": [[-123.35616223529556, 48.41544537745611]]}, "properties": {"OBJECTID": 2522, "StreetName1": "COOK ST", "StreetName2": "PENDERGAST ST", "Intersection": "COOK ST & PENDERGAST ST", "Jurisdiction": "COV", "POINT_X": 473647.0497000003, "POINT_Y": 5362537.569499999}}, {"type": "Feature", "id": 2523, "geometry": {"type": "MultiPoint", "coordinates": [[-123.37720630423243, 48.421027024136926]]}, "properties": {"OBJECTID": 2523, "StreetName1": "KINGSTON ST", "StreetName2": "PENDRAY ST", "Intersection": "KINGSTON ST & PENDRAY ST", "Jurisdiction": "COV", "POINT_X": 472092.96079999954, "POINT_Y": 5363165.4441}}, {"type": "Feature", "id": 2524, "geometry": {"type": "MultiPoint", "coordinates": [[-123.37633663063511, 48.421761694057885]]}, "properties": {"OBJECTID": 2524, "StreetName1": "CROSS ST", "StreetName2": "PENDRAY ST", "Intersection": "CROSS ST & PENDRAY ST", "Jurisdiction": "COV", "POINT_X": 472157.70600000024, "POINT_Y": 5363246.788899999}}, {"type": "Feature", "id": 2525, "geometry": {"type": "MultiPoint", "coordinates": [[-123.37526232889363, 48.42218787647317]]}, "properties": {"OBJECTID": 2525, "StreetName1": "BELLEVILLE ST", "StreetName2": "PENDRAY ST", "Intersection": "BELLEVILLE ST & PENDRAY ST", "Jurisdiction": "COV", "POINT_X": 472237.42059999984, "POINT_Y": 5363293.7707}}, {"type": "Feature", "id": 2526, "geometry": {"type": "MultiPoint", "coordinates": [[-123.34958971379223, 48.42106434420989]]}, "properties": {"OBJECTID": 2526, "StreetName1": "LANGHAM CRT", "StreetName2": "PENTRELEW PL", "Intersection": "LANGHAM CRT & PENTRELEW PL", "Jurisdiction": "COV", "POINT_X": 474136.23039999977, "POINT_Y": 5363159.8982}}, {"type": "Feature", "id": 2527, "geometry": {"type": "MultiPoint", "coordinates": [[-123.34841870278902, 48.42306245921601]]}, "properties": {"OBJECTID": 2527, "StreetName1": "FORT ST", "StreetName2": "PENTRELEW PL", "Intersection": "FORT ST & PENTRELEW PL", "Jurisdiction": "COV", "POINT_X": 474223.8794999998, "POINT_Y": 5363381.601500001}}, {"type": "Feature", "id": 2528, "geometry": {"type": "MultiPoint", "coordinates": [[-123.36524118639953, 48.42149909930107]]}, "properties": {"OBJECTID": 2528, "StreetName1": "HUMBOLDT ST", "StreetName2": "PENWILL ST", "Intersection": "HUMBOLDT ST & PENWILL ST", "Jurisdiction": "COV", "POINT_X": 472978.46630000044, "POINT_Y": 5363213.626499999}}, {"type": "Feature", "id": 2529, "geometry": {"type": "MultiPoint", "coordinates": [[-123.3643356747903, 48.42193263452508]]}, "properties": {"OBJECTID": 2529, "StreetName1": "FAIRFIELD RD", "StreetName2": "PENWILL ST", "Intersection": "FAIRFIELD RD & PENWILL ST", "Jurisdiction": "COV", "POINT_X": 473045.69039999973, "POINT_Y": 5363261.4965}}, {"type": "Feature", "id": 2530, "geometry": {"type": "MultiPoint", "coordinates": [[-123.38297767456282, 48.41468612786383]]}, "properties": {"OBJECTID": 2530, "StreetName1": "DALLAS RD", "StreetName2": "PILOT ST", "Intersection": "DALLAS RD & PILOT ST", "Jurisdiction": "COV", "POINT_X": 471662.43429999985, "POINT_Y": 5362462.7491999995}}, {"type": "Feature", "id": 2531, "geometry": {"type": "MultiPoint", "coordinates": [[-123.38109941512208, 48.41645082745459]]}, "properties": {"OBJECTID": 2531, "StreetName1": "NIAGARA ST", "StreetName2": "PILOT ST", "Intersection": "NIAGARA ST & PILOT ST", "Jurisdiction": "COV", "POINT_X": 471802.39300000016, "POINT_Y": 5362658.208799999}}, {"type": "Feature", "id": 2532, "geometry": {"type": "MultiPoint", "coordinates": [[-123.3938869911076, 48.43601112987007]]}, "properties": {"OBJECTID": 2532, "StreetName1": "DOMINION RD", "StreetName2": "PINE ST", "Intersection": "DOMINION RD & PINE ST", "Jurisdiction": "COV", "POINT_X": 470867.3842000002, "POINT_Y": 5364837.1975}}, {"type": "Feature", "id": 2533, "geometry": {"type": "MultiPoint", "coordinates": [[-123.3923105594355, 48.43635954611236]]}, "properties": {"OBJECTID": 2533, "StreetName1": "MCCASKILL ST", "StreetName2": "PINE ST", "Intersection": "MCCASKILL ST & PINE ST", "Jurisdiction": "COV", "POINT_X": 470984.1826999998, "POINT_Y": 5364875.3268}}, {"type": "Feature", "id": 2534, "geometry": {"type": "MultiPoint", "coordinates": [[-123.38865236828495, 48.437134873352534]]}, "properties": {"OBJECTID": 2534, "StreetName1": "CRAIGFLOWER RD", "StreetName2": "PINE ST", "Intersection": "CRAIGFLOWER RD & PINE ST", "Jurisdiction": "COV", "POINT_X": 471255.1947999997, "POINT_Y": 5364960.127800001}}, {"type": "Feature", "id": 2535, "geometry": {"type": "MultiPoint", "coordinates": [[-123.37675716573928, 48.43637720310701]]}, "properties": {"OBJECTID": 2535, "StreetName1": "HILLSIDE AVE", "StreetName2": "PLEASANT ST", "Intersection": "HILLSIDE AVE & PLEASANT ST", "Jurisdiction": "COV", "POINT_X": 472134.58469999954, "POINT_Y": 5364871.512599999}}, {"type": "Feature", "id": 2536, "geometry": {"type": "MultiPoint", "coordinates": [[-123.3765910432753, 48.43555730335052]]}, "properties": {"OBJECTID": 2536, "StreetName1": "JOHN ST", "StreetName2": "PLEASANT ST", "Intersection": "JOHN ST & PLEASANT ST", "Jurisdiction": "COV", "POINT_X": 472146.42360000033, "POINT_Y": 5364780.317}}, {"type": "Feature", "id": 2537, "geometry": {"type": "MultiPoint", "coordinates": [[-123.3764029745872, 48.434721507090224]]}, "properties": {"OBJECTID": 2537, "StreetName1": "BAY ST", "StreetName2": "PLEASANT ST", "Intersection": "BAY ST & PLEASANT ST", "Jurisdiction": "COV", "POINT_X": 472159.8775000004, "POINT_Y": 5364687.3465}}, {"type": "Feature", "id": 2538, "geometry": {"type": "MultiPoint", "coordinates": [[-123.35092843311236, 48.40664268353775]]}, "properties": {"OBJECTID": 2538, "StreetName1": "MOSS ST", "StreetName2": "POINT ST", "Intersection": "MOSS ST & POINT ST", "Jurisdiction": "COV", "POINT_X": 474029.8398000002, "POINT_Y": 5361557.3311}}, {"type": "Feature", "id": 2539, "geometry": {"type": "MultiPoint", "coordinates": [[-123.3936239924246, 48.437534329219936]]}, "properties": {"OBJECTID": 2539, "StreetName1": "DOMINION RD", "StreetName2": "POWDERLY AVE", "Intersection": "DOMINION RD & POWDERLY AVE", "Jurisdiction": "COV", "POINT_X": 470887.70710000023, "POINT_Y": 5365006.407199999}}, {"type": "Feature", "id": 2540, "geometry": {"type": "MultiPoint", "coordinates": [[-123.3708230175619, 48.4170478394941]]}, "properties": {"OBJECTID": 2540, "StreetName1": "MICHIGAN ST", "StreetName2": "POWELL ST", "Intersection": "MICHIGAN ST & POWELL ST", "Jurisdiction": "COV", "POINT_X": 472563.0954999998, "POINT_Y": 5362720.8368}}, {"type": "Feature", "id": 2541, "geometry": {"type": "MultiPoint", "coordinates": [[-123.36725519592775, 48.433560627045864]]}, "properties": {"OBJECTID": 2541, "StreetName1": "GOVERNMENT ST", "StreetName2": "PRINCESS AVE", "Intersection": "GOVERNMENT ST & PRINCESS AVE", "Jurisdiction": "COV", "POINT_X": 472835.8875000002, "POINT_Y": 5364555.024599999}}, {"type": "Feature", "id": 2542, "geometry": {"type": "MultiPoint", "coordinates": [[-123.36462535730399, 48.43345687867917]]}, "properties": {"OBJECTID": 2542, "StreetName1": "DOUGLAS ST", "StreetName2": "PRINCESS AVE", "Intersection": "DOUGLAS ST & PRINCESS AVE", "Jurisdiction": "COV", "POINT_X": 473030.3569, "POINT_Y": 5364542.562999999}}, {"type": "Feature", "id": 2543, "geometry": {"type": "MultiPoint", "coordinates": [[-123.3613124341938, 48.43326464351114]]}, "properties": {"OBJECTID": 2543, "StreetName1": "DOWLER PL", "StreetName2": "PRINCESS AVE", "Intersection": "DOWLER PL & PRINCESS AVE", "Jurisdiction": "COV", "POINT_X": 473275.3074000003, "POINT_Y": 5364520.0338}}, {"type": "Feature", "id": 2544, "geometry": {"type": "MultiPoint", "coordinates": [[-123.35258134439852, 48.432753230413326]]}, "properties": {"OBJECTID": 2544, "StreetName1": "COOK ST", "StreetName2": "PRINCESS AVE", "Intersection": "COOK ST & PRINCESS AVE", "Jurisdiction": "COV", "POINT_X": 473920.87210000027, "POINT_Y": 5364460.1779}}, {"type": "Feature", "id": 2545, "geometry": {"type": "MultiPoint", "coordinates": [[-123.34960741382129, 48.4326011291463]]}, "properties": {"OBJECTID": 2545, "StreetName1": "CHAMBERS ST", "StreetName2": "PRINCESS AVE", "Intersection": "CHAMBERS ST & PRINCESS AVE", "Jurisdiction": "COV", "POINT_X": 474140.7746000001, "POINT_Y": 5364442.262700001}}, {"type": "Feature", "id": 2546, "geometry": {"type": "MultiPoint", "coordinates": [[-123.35516903086811, 48.43994160441715]]}, "properties": {"OBJECTID": 2546, "StreetName1": "HILLSIDE AVE", "StreetName2": "PRIOR ST", "Intersection": "HILLSIDE AVE & PRIOR ST", "Jurisdiction": "COV", "POINT_X": 473733.16860000044, "POINT_Y": 5365260.079399999}}, {"type": "Feature", "id": 2547, "geometry": {"type": "MultiPoint", "coordinates": [[-123.35444796814447, 48.438043132339814]]}, "properties": {"OBJECTID": 2547, "StreetName1": "KINGS RD", "StreetName2": "PRIOR ST", "Intersection": "KINGS RD & PRIOR ST", "Jurisdiction": "COV", "POINT_X": 473785.52080000006, "POINT_Y": 5365048.8093}}, {"type": "Feature", "id": 2548, "geometry": {"type": "MultiPoint", "coordinates": [[-123.35344312609509, 48.435045761522304]]}, "properties": {"OBJECTID": 2548, "StreetName1": "BAY ST", "StreetName2": "PRIOR ST", "Intersection": "BAY ST & PRIOR ST", "Jurisdiction": "COV", "POINT_X": 473858.3027999997, "POINT_Y": 5364715.2958}}, {"type": "Feature", "id": 2549, "geometry": {"type": "MultiPoint", "coordinates": [[-123.34704919018806, 48.42253132053895]]}, "properties": {"OBJECTID": 2549, "StreetName1": "MOSS ST", "StreetName2": "PURCELL PL", "Intersection": "MOSS ST & PURCELL PL", "Jurisdiction": "COV", "POINT_X": 474324.93319999985, "POINT_Y": 5363322.103399999}}, {"type": "Feature", "id": 2550, "geometry": {"type": "MultiPoint", "coordinates": [[-123.36216850207761, 48.41785775876349]]}, "properties": {"OBJECTID": 2550, "StreetName1": "ACADEMY CLOSE", "StreetName2": "QUADRA ST", "Intersection": "ACADEMY CLOSE & QUADRA ST", "Jurisdiction": "COV", "POINT_X": 473203.88709999993, "POINT_Y": 5362807.7984}}, {"type": "Feature", "id": 2551, "geometry": {"type": "MultiPoint", "coordinates": [[-123.36159383243678, 48.41845092284276]]}, "properties": {"OBJECTID": 2551, "StreetName1": "CONVENT PL", "StreetName2": "QUADRA ST", "Intersection": "CONVENT PL & QUADRA ST", "Jurisdiction": "COV", "POINT_X": 473246.7187000001, "POINT_Y": 5362873.5298999995}}, {"type": "Feature", "id": 2552, "geometry": {"type": "MultiPoint", "coordinates": [[-123.36132556898981, 48.418915628553115]]}, "properties": {"OBJECTID": 2552, "StreetName1": "HUMBOLDT ST", "StreetName2": "QUADRA ST", "Intersection": "HUMBOLDT ST & QUADRA ST", "Jurisdiction": "COV", "POINT_X": 473266.81120000035, "POINT_Y": 5362925.09}}, {"type": "Feature", "id": 2553, "geometry": {"type": "MultiPoint", "coordinates": [[-123.36115698785005, 48.446284788775884]]}, "properties": {"OBJECTID": 2553, "StreetName1": "FINLAYSON ST", "StreetName2": "QUADRA ST", "Intersection": "FINLAYSON ST & QUADRA ST", "Jurisdiction": "COV", "POINT_X": 473293.63159999996, "POINT_Y": 5365967.2224}}, {"type": "Feature", "id": 2554, "geometry": {"type": "MultiPoint", "coordinates": [[-123.36052309212629, 48.41966796297267]]}, "properties": {"OBJECTID": 2554, "StreetName1": "FAIRFIELD RD", "StreetName2": "QUADRA ST", "Intersection": "FAIRFIELD RD & QUADRA ST", "Jurisdiction": "COV", "POINT_X": 473326.5795999998, "POINT_Y": 5363008.4350000005}}, {"type": "Feature", "id": 2555, "geometry": {"type": "MultiPoint", "coordinates": [[-123.36030603346289, 48.42175084866157]]}, "properties": {"OBJECTID": 2555, "StreetName1": "BURDETT AVE", "StreetName2": "QUADRA ST", "Intersection": "BURDETT AVE & QUADRA ST", "Jurisdiction": "COV", "POINT_X": 473343.7285000002, "POINT_Y": 5363239.880000001}}, {"type": "Feature", "id": 2556, "geometry": {"type": "MultiPoint", "coordinates": [[-123.3601490401351, 48.42236214704766]]}, "properties": {"OBJECTID": 2556, "StreetName1": "COURTNEY ST", "StreetName2": "QUADRA ST", "Intersection": "COURTNEY ST & QUADRA ST", "Jurisdiction": "COV", "POINT_X": 473355.6632000003, "POINT_Y": 5363307.773499999}}, {"type": "Feature", "id": 2557, "geometry": {"type": "MultiPoint", "coordinates": [[-123.35993048285633, 48.42319964799362]]}, "properties": {"OBJECTID": 2557, "StreetName1": "BROUGHTON ST", "StreetName2": "QUADRA ST", "Intersection": "BROUGHTON ST & QUADRA ST", "Jurisdiction": "COV", "POINT_X": 473372.27049999963, "POINT_Y": 5363400.788899999}}, {"type": "Feature", "id": 2558, "geometry": {"type": "MultiPoint", "coordinates": [[-123.35985018231324, 48.423517528378355]]}, "properties": {"OBJECTID": 2558, "StreetName1": "MEARES ST", "StreetName2": "QUADRA ST", "Intersection": "MEARES ST & QUADRA ST", "Jurisdiction": "COV", "POINT_X": 473378.37739999965, "POINT_Y": 5363436.0945999995}}, {"type": "Feature", "id": 2559, "geometry": {"type": "MultiPoint", "coordinates": [[-123.3597235000789, 48.42401900937435]]}, "properties": {"OBJECTID": 2559, "StreetName1": "FORT ST", "StreetName2": "QUADRA ST", "Intersection": "FORT ST & QUADRA ST", "Jurisdiction": "COV", "POINT_X": 473388.0115, "POINT_Y": 5363491.792099999}}, {"type": "Feature", "id": 2560, "geometry": {"type": "MultiPoint", "coordinates": [[-123.35943633373554, 48.44029870497596]]}, "properties": {"OBJECTID": 2560, "StreetName1": "MARKET ST", "StreetName2": "QUADRA ST", "Intersection": "MARKET ST & QUADRA ST", "Jurisdiction": "COV", "POINT_X": 473417.74990000017, "POINT_Y": 5365301.2453000005}}, {"type": "Feature", "id": 2561, "geometry": {"type": "MultiPoint", "coordinates": [[-123.35918520728374, 48.43942854884452]]}, "properties": {"OBJECTID": 2561, "StreetName1": "HILLSIDE AVE", "StreetName2": "QUADRA ST", "Intersection": "HILLSIDE AVE & QUADRA ST", "Jurisdiction": "COV", "POINT_X": 473435.8690999998, "POINT_Y": 5365204.4366999995}}, {"type": "Feature", "id": 2562, "geometry": {"type": "MultiPoint", "coordinates": [[-123.3590765490237, 48.426586045998626]]}, "properties": {"OBJECTID": 2562, "StreetName1": "JOHNSON ST", "StreetName2": "QUADRA ST", "Intersection": "JOHNSON ST & QUADRA ST", "Jurisdiction": "COV", "POINT_X": 473437.2120000003, "POINT_Y": 5363776.9035}}, {"type": "Feature", "id": 2563, "geometry": {"type": "MultiPoint", "coordinates": [[-123.35902859045767, 48.42749821327959], [-123.35892784757692, 48.4272666049373]]}, "properties": {"OBJECTID": 2563, "StreetName1": "PANDORA AVE", "StreetName2": "QUADRA ST", "Intersection": "PANDORA AVE & QUADRA ST", "Jurisdiction": "COV", "POINT_X": 473444.90119999996, "POINT_Y": 5363865.388250001}}, {"type": "Feature", "id": 2564, "geometry": {"type": "MultiPoint", "coordinates": [[-123.35897357344889, 48.4280682866742]]}, "properties": {"OBJECTID": 2564, "StreetName1": "MASON ST", "StreetName2": "QUADRA ST", "Intersection": "MASON ST & QUADRA ST", "Jurisdiction": "COV", "POINT_X": 473445.6021999996, "POINT_Y": 5363941.624600001}}, {"type": "Feature", "id": 2565, "geometry": {"type": "MultiPoint", "coordinates": [[-123.35892513366147, 48.42853804160493]]}, "properties": {"OBJECTID": 2565, "StreetName1": "CORMORANT ST", "StreetName2": "QUADRA ST", "Intersection": "CORMORANT ST & QUADRA ST", "Jurisdiction": "COV", "POINT_X": 473449.4303000001, "POINT_Y": 5363993.822899999}}, {"type": "Feature", "id": 2566, "geometry": {"type": "MultiPoint", "coordinates": [[-123.35885839249808, 48.429069857661425]]}, "properties": {"OBJECTID": 2566, "StreetName1": "BALMORAL RD", "StreetName2": "QUADRA ST", "Intersection": "BALMORAL RD & QUADRA ST", "Jurisdiction": "COV", "POINT_X": 473454.6445000004, "POINT_Y": 5364052.9132}}, {"type": "Feature", "id": 2567, "geometry": {"type": "MultiPoint", "coordinates": [[-123.35875915855308, 48.429896624598086]]}, "properties": {"OBJECTID": 2567, "StreetName1": "NORTH PARK ST", "StreetName2": "QUADRA ST", "Intersection": "NORTH PARK ST & QUADRA ST", "Jurisdiction": "COV", "POINT_X": 473462.4157999996, "POINT_Y": 5364144.7772}}, {"type": "Feature", "id": 2568, "geometry": {"type": "MultiPoint", "coordinates": [[-123.35862844955963, 48.43077728238154]]}, "properties": {"OBJECTID": 2568, "StreetName1": "CALEDONIA AVE", "StreetName2": "QUADRA ST", "Intersection": "CALEDONIA AVE & QUADRA ST", "Jurisdiction": "COV", "POINT_X": 473472.5432000002, "POINT_Y": 5364242.6205}}, {"type": "Feature", "id": 2569, "geometry": {"type": "MultiPoint", "coordinates": [[-123.35863073912044, 48.43750598744387]]}, "properties": {"OBJECTID": 2569, "StreetName1": "KINGS RD", "StreetName2": "QUADRA ST", "Intersection": "KINGS RD & QUADRA ST", "Jurisdiction": "COV", "POINT_X": 473475.87650000025, "POINT_Y": 5364990.5439}}, {"type": "Feature", "id": 2570, "geometry": {"type": "MultiPoint", "coordinates": [[-123.3585311740327, 48.431516185356266]]}, "properties": {"OBJECTID": 2570, "StreetName1": "GREEN ST", "StreetName2": "QUADRA ST", "Intersection": "GREEN ST & QUADRA ST", "Jurisdiction": "COV", "POINT_X": 473480.1233999999, "POINT_Y": 5364324.718800001}}, {"type": "Feature", "id": 2571, "geometry": {"type": "MultiPoint", "coordinates": [[-123.3584338971085, 48.43225508995555]]}, "properties": {"OBJECTID": 2571, "StreetName1": "PEMBROKE ST", "StreetName2": "QUADRA ST", "Intersection": "PEMBROKE ST & QUADRA ST", "Jurisdiction": "COV", "POINT_X": 473487.7034999998, "POINT_Y": 5364406.817299999}}, {"type": "Feature", "id": 2572, "geometry": {"type": "MultiPoint", "coordinates": [[-123.35832147087426, 48.4330903709668]]}, "properties": {"OBJECTID": 2572, "StreetName1": "PRINCESS AVE", "StreetName2": "QUADRA ST", "Intersection": "PRINCESS AVE & QUADRA ST", "Jurisdiction": "COV", "POINT_X": 473496.45409999974, "POINT_Y": 5364499.623199999}}, {"type": "Feature", "id": 2573, "geometry": {"type": "MultiPoint", "coordinates": [[-123.35809216961002, 48.43478698117509]]}, "properties": {"OBJECTID": 2573, "StreetName1": "EMPRESS AVE", "StreetName2": "QUADRA ST", "Intersection": "EMPRESS AVE & QUADRA ST", "Jurisdiction": "COV", "POINT_X": 473514.2971000001, "POINT_Y": 5364688.128900001}}, {"type": "Feature", "id": 2574, "geometry": {"type": "MultiPoint", "coordinates": [[-123.35802346836314, 48.43529867433423]]}, "properties": {"OBJECTID": 2574, "StreetName1": "BAY ST", "StreetName2": "QUADRA ST", "Intersection": "BAY ST & QUADRA ST", "Jurisdiction": "COV", "POINT_X": 473519.64460000023, "POINT_Y": 5364744.981899999}}, {"type": "Feature", "id": 2575, "geometry": {"type": "MultiPoint", "coordinates": [[-123.32869980799094, 48.421827467869825]]}, "properties": {"OBJECTID": 2575, "StreetName1": "BANK ST", "StreetName2": "QUAMICHAN ST", "Intersection": "BANK ST & QUAMICHAN ST", "Jurisdiction": "COV", "POINT_X": 475682.1616000002, "POINT_Y": 5363237.878799999}}, {"type": "Feature", "id": 2576, "geometry": {"type": "MultiPoint", "coordinates": [[-123.32758971903641, 48.42141839750721]]}, "properties": {"OBJECTID": 2576, "StreetName1": "MADDISON ST", "StreetName2": "QUAMICHAN ST", "Intersection": "MADDISON ST & QUAMICHAN ST", "Jurisdiction": "COV", "POINT_X": 475764.09729999956, "POINT_Y": 5363192.0572}}, {"type": "Feature", "id": 2577, "geometry": {"type": "MultiPoint", "coordinates": [[-123.32638024332508, 48.420970924014675]]}, "properties": {"OBJECTID": 2577, "StreetName1": "LAWNDALE AVE", "StreetName2": "QUAMICHAN ST", "Intersection": "LAWNDALE AVE & QUAMICHAN ST", "Jurisdiction": "COV", "POINT_X": 475853.3694000002, "POINT_Y": 5363141.936799999}}, {"type": "Feature", "id": 2578, "geometry": {"type": "MultiPoint", "coordinates": [[-123.32495518319577, 48.4208036980369]]}, "properties": {"OBJECTID": 2578, "StreetName1": "COWICHAN ST", "StreetName2": "QUAMICHAN ST", "Intersection": "COWICHAN ST & QUAMICHAN ST", "Jurisdiction": "COV", "POINT_X": 475958.7257000003, "POINT_Y": 5363122.900699999}}, {"type": "Feature", "id": 2579, "geometry": {"type": "MultiPoint", "coordinates": [[-123.32338172067139, 48.42079834510999]]}, "properties": {"OBJECTID": 2579, "StreetName1": "FOUL BAY RD", "StreetName2": "QUAMICHAN ST", "Intersection": "FOUL BAY RD & QUAMICHAN ST", "Jurisdiction": "COV", "POINT_X": 476075.13850000035, "POINT_Y": 5363121.812999999}}, {"type": "Feature", "id": 2580, "geometry": {"type": "MultiPoint", "coordinates": [[-123.3778780452934, 48.42239021901865]]}, "properties": {"OBJECTID": 2580, "StreetName1": "MONTREAL ST", "StreetName2": "QUEBEC ST", "Intersection": "MONTREAL ST & QUEBEC ST", "Jurisdiction": "COV", "POINT_X": 472044.0087000001, "POINT_Y": 5363317.213300001}}, {"type": "Feature", "id": 2581, "geometry": {"type": "MultiPoint", "coordinates": [[-123.37647131565794, 48.42170826203315]]}, "properties": {"OBJECTID": 2581, "StreetName1": "PENDRAY ST", "StreetName2": "QUEBEC ST", "Intersection": "PENDRAY ST & QUEBEC ST", "Jurisdiction": "COV", "POINT_X": 472147.7121000001, "POINT_Y": 5363240.898700001}}, {"type": "Feature", "id": 2582, "geometry": {"type": "MultiPoint", "coordinates": [[-123.37484165267301, 48.42091690185829]]}, "properties": {"OBJECTID": 2582, "StreetName1": "OSWEGO ST", "StreetName2": "QUEBEC ST", "Intersection": "OSWEGO ST & QUEBEC ST", "Jurisdiction": "COV", "POINT_X": 472267.85280000046, "POINT_Y": 5363152.344699999}}, {"type": "Feature", "id": 2583, "geometry": {"type": "MultiPoint", "coordinates": [[-123.3713840117499, 48.42000467946437]]}, "properties": {"OBJECTID": 2583, "StreetName1": "MENZIES ST", "StreetName2": "QUEBEC ST", "Intersection": "MENZIES ST & QUEBEC ST", "Jurisdiction": "COV", "POINT_X": 472523.1798999999, "POINT_Y": 5363049.7016}}, {"type": "Feature", "id": 2584, "geometry": {"type": "MultiPoint", "coordinates": [[-123.32426852725041, 48.41574820823855]]}, "properties": {"OBJECTID": 2584, "StreetName1": "FAIRFIELD RD", "StreetName2": "QUEEN ANNE HTS", "Intersection": "FAIRFIELD RD & QUEEN ANNE HTS", "Jurisdiction": "COV", "POINT_X": 476007.15020000003, "POINT_Y": 5362560.7487}}, {"type": "Feature", "id": 2585, "geometry": {"type": "MultiPoint", "coordinates": [[-123.36728196809412, 48.43428446785621]]}, "properties": {"OBJECTID": 2585, "StreetName1": "GOVERNMENT ST", "StreetName2": "QUEENS AVE", "Intersection": "GOVERNMENT ST & QUEENS AVE", "Jurisdiction": "COV", "POINT_X": 472834.29310000036, "POINT_Y": 5364635.491900001}}, {"type": "Feature", "id": 2586, "geometry": {"type": "MultiPoint", "coordinates": [[-123.364674315271, 48.43417730127873]]}, "properties": {"OBJECTID": 2586, "StreetName1": "DOUGLAS ST", "StreetName2": "QUEENS AVE", "Intersection": "DOUGLAS ST & QUEENS AVE", "Jurisdiction": "COV", "POINT_X": 473027.1168999998, "POINT_Y": 5364622.6581}}, {"type": "Feature", "id": 2587, "geometry": {"type": "MultiPoint", "coordinates": [[-123.36263071926932, 48.4340598922968]]}, "properties": {"OBJECTID": 2587, "StreetName1": "BLANSHARD ST", "StreetName2": "QUEENS AVE", "Intersection": "BLANSHARD ST & QUEENS AVE", "Jurisdiction": "COV", "POINT_X": 473178.2143000001, "POINT_Y": 5364608.889799999}}, {"type": "Feature", "id": 2588, "geometry": {"type": "MultiPoint", "coordinates": [[-123.36119103757572, 48.43409105960803]]}, "properties": {"OBJECTID": 2588, "StreetName1": "DOWLER PL", "StreetName2": "QUEENS AVE", "Intersection": "DOWLER PL & QUEENS AVE", "Jurisdiction": "COV", "POINT_X": 473284.72020000033, "POINT_Y": 5364611.8509}}, {"type": "Feature", "id": 2589, "geometry": {"type": "MultiPoint", "coordinates": [[-123.35820961439727, 48.43391663275277]]}, "properties": {"OBJECTID": 2589, "StreetName1": "QUADRA ST", "StreetName2": "QUEENS AVE", "Intersection": "QUADRA ST & QUEENS AVE", "Jurisdiction": "COV", "POINT_X": 473505.15759999957, "POINT_Y": 5364591.4268}}, {"type": "Feature", "id": 2590, "geometry": {"type": "MultiPoint", "coordinates": [[-123.35245853050857, 48.43357662238768]]}, "properties": {"OBJECTID": 2590, "StreetName1": "COOK ST", "StreetName2": "QUEENS AVE", "Intersection": "COOK ST & QUEENS AVE", "Jurisdiction": "COV", "POINT_X": 473930.3777999999, "POINT_Y": 5364551.659399999}}, {"type": "Feature", "id": 2591, "geometry": {"type": "MultiPoint", "coordinates": [[-123.34950227520561, 48.43340685715654]]}, "properties": {"OBJECTID": 2591, "StreetName1": "CHAMBERS ST", "StreetName2": "QUEENS AVE", "Intersection": "CHAMBERS ST & QUEENS AVE", "Jurisdiction": "COV", "POINT_X": 474148.9604000002, "POINT_Y": 5364531.7871}}, {"type": "Feature", "id": 2592, "geometry": {"type": "MultiPoint", "coordinates": [[-123.36571563371467, 48.439473542199494]]}, "properties": {"OBJECTID": 2592, "StreetName1": "MARKET ST", "StreetName2": "QUESNEL ST", "Intersection": "MARKET ST & QUESNEL ST", "Jurisdiction": "COV", "POINT_X": 472952.90500000026, "POINT_Y": 5365211.724099999}}, {"type": "Feature", "id": 2593, "geometry": {"type": "MultiPoint", "coordinates": [[-123.32779979386315, 48.41405937952704]]}, "properties": {"OBJECTID": 2593, "StreetName1": "BEAVEN ST", "StreetName2": "QUIXOTE LANE", "Intersection": "BEAVEN ST & QUIXOTE LANE", "Jurisdiction": "COV", "POINT_X": 475745.05420000013, "POINT_Y": 5362374.1413}}, {"type": "Feature", "id": 2594, "geometry": {"type": "MultiPoint", "coordinates": [[-123.39126535107484, 48.43568278899365]]}, "properties": {"OBJECTID": 2594, "StreetName1": "EVANS ST", "StreetName2": "RAYNOR AVE", "Intersection": "EVANS ST & RAYNOR AVE", "Jurisdiction": "COV", "POINT_X": 471061.1062000003, "POINT_Y": 5364799.707}}, {"type": "Feature", "id": 2595, "geometry": {"type": "MultiPoint", "coordinates": [[-123.38951446977, 48.4360656651513]]}, "properties": {"OBJECTID": 2595, "StreetName1": "FULLERTON AVE", "StreetName2": "RAYNOR AVE", "Intersection": "FULLERTON AVE & RAYNOR AVE", "Jurisdiction": "COV", "POINT_X": 471190.8267000001, "POINT_Y": 5364841.605}}, {"type": "Feature", "id": 2596, "geometry": {"type": "MultiPoint", "coordinates": [[-123.38790250398758, 48.43641991432081]]}, "properties": {"OBJECTID": 2596, "StreetName1": "CRAIGFLOWER RD", "StreetName2": "RAYNOR AVE", "Intersection": "CRAIGFLOWER RD & RAYNOR AVE", "Jurisdiction": "COV", "POINT_X": 471310.2544, "POINT_Y": 5364880.376}}, {"type": "Feature", "id": 2597, "geometry": {"type": "MultiPoint", "coordinates": [[-123.38608322348749, 48.4365022958535]]}, "properties": {"OBJECTID": 2597, "StreetName1": "MARY ST", "StreetName2": "RAYNOR AVE", "Intersection": "MARY ST & RAYNOR AVE", "Jurisdiction": "COV", "POINT_X": 471444.8618000001, "POINT_Y": 5364888.853}}, {"type": "Feature", "id": 2598, "geometry": {"type": "MultiPoint", "coordinates": [[-123.38483798363478, 48.43649701149046]]}, "properties": {"OBJECTID": 2598, "StreetName1": "CATHERINE ST", "StreetName2": "RAYNOR AVE", "Intersection": "CATHERINE ST & RAYNOR AVE", "Jurisdiction": "COV", "POINT_X": 471536.96160000004, "POINT_Y": 5364887.801999999}}, {"type": "Feature", "id": 2599, "geometry": {"type": "MultiPoint", "coordinates": [[-123.38338280995448, 48.43656945947699]]}, "properties": {"OBJECTID": 2599, "StreetName1": "ARTHUR CURRIE LANE", "StreetName2": "RAYNOR AVE", "Intersection": "ARTHUR CURRIE LANE & RAYNOR AVE", "Jurisdiction": "COV", "POINT_X": 471644.6321999999, "POINT_Y": 5364895.3149999995}}, {"type": "Feature", "id": 2600, "geometry": {"type": "MultiPoint", "coordinates": [[-123.38329662127181, 48.43646136814226]]}, "properties": {"OBJECTID": 2600, "StreetName1": "ALSTON ST", "StreetName2": "RAYNOR AVE", "Intersection": "ALSTON ST & RAYNOR AVE", "Jurisdiction": "COV", "POINT_X": 471650.94689999986, "POINT_Y": 5364883.268300001}}, {"type": "Feature", "id": 2601, "geometry": {"type": "MultiPoint", "coordinates": [[-123.3518058824838, 48.42709455416341]]}, "properties": {"OBJECTID": 2601, "StreetName1": "PANDORA AVE", "StreetName2": "REBECCA ST", "Intersection": "PANDORA AVE & REBECCA ST", "Jurisdiction": "COV", "POINT_X": 473975.3431000002, "POINT_Y": 5363830.9299}}, {"type": "Feature", "id": 2602, "geometry": {"type": "MultiPoint", "coordinates": [[-123.35173460065548, 48.42765939194255]]}, "properties": {"OBJECTID": 2602, "StreetName1": "MASON ST", "StreetName2": "REBECCA ST", "Intersection": "MASON ST & REBECCA ST", "Jurisdiction": "COV", "POINT_X": 473980.90469999984, "POINT_Y": 5363893.6896}}, {"type": "Feature", "id": 2603, "geometry": {"type": "MultiPoint", "coordinates": [[-123.36870918897593, 48.44426412911917]]}, "properties": {"OBJECTID": 2603, "StreetName1": "NANAIMO ST", "StreetName2": "REDBRICK ST", "Intersection": "NANAIMO ST & REDBRICK ST", "Jurisdiction": "COV", "POINT_X": 472734.06709999964, "POINT_Y": 5365745.2795}}, {"type": "Feature", "id": 2604, "geometry": {"type": "MultiPoint", "coordinates": [[-123.36616024266293, 48.444750338341585]]}, "properties": {"OBJECTID": 2604, "StreetName1": "BLANSHARD ST", "StreetName2": "REDBRICK ST", "Intersection": "BLANSHARD ST & REDBRICK ST", "Jurisdiction": "COV", "POINT_X": 472922.8267999999, "POINT_Y": 5365798.4191}}, {"type": "Feature", "id": 2605, "geometry": {"type": "MultiPoint", "coordinates": [[-123.32493015121618, 48.42841632798592]]}, "properties": {"OBJECTID": 2605, "StreetName1": "LEIGHTON RD", "StreetName2": "REDFERN ST", "Intersection": "LEIGHTON RD & REDFERN ST", "Jurisdiction": "COV", "POINT_X": 475964.1676000003, "POINT_Y": 5363969.066199999}}, {"type": "Feature", "id": 2606, "geometry": {"type": "MultiPoint", "coordinates": [[-123.32494284211162, 48.42645243904568], [-123.32465863470756, 48.42645192953593]]}, "properties": {"OBJECTID": 2606, "StreetName1": "OAK BAY AVE", "StreetName2": "REDFERN ST", "Intersection": "OAK BAY AVE & REDFERN ST", "Jurisdiction": "COV", "POINT_X": 475972.81510000007, "POINT_Y": 5363750.7033}}, {"type": "Feature", "id": 2607, "geometry": {"type": "MultiPoint", "coordinates": [[-123.32455328332165, 48.42419124790482], [-123.32425757931303, 48.42419079682602]]}, "properties": {"OBJECTID": 2607, "StreetName1": "BRIGHTON AVE", "StreetName2": "REDFERN ST", "Intersection": "BRIGHTON AVE & REDFERN ST", "Jurisdiction": "COV", "POINT_X": 476000.99474999995, "POINT_Y": 5363499.2424}}, {"type": "Feature", "id": 2608, "geometry": {"type": "MultiPoint", "coordinates": [[-123.32421137978133, 48.42305752328593]]}, "properties": {"OBJECTID": 2608, "StreetName1": "BRIGHTON CRES", "StreetName2": "REDFERN ST", "Intersection": "BRIGHTON CRES & REDFERN ST", "Jurisdiction": "COV", "POINT_X": 476014.81769999955, "POINT_Y": 5363373.1888}}, {"type": "Feature", "id": 2609, "geometry": {"type": "MultiPoint", "coordinates": [[-123.32418189682843, 48.4208023965945]]}, "properties": {"OBJECTID": 2609, "StreetName1": "QUAMICHAN ST", "StreetName2": "REDFERN ST", "Intersection": "QUAMICHAN ST & REDFERN ST", "Jurisdiction": "COV", "POINT_X": 476015.9380000001, "POINT_Y": 5363122.513599999}}, {"type": "Feature", "id": 2610, "geometry": {"type": "MultiPoint", "coordinates": [[-123.3241523260197, 48.42160882199076]]}, "properties": {"OBJECTID": 2610, "StreetName1": "HAWES RD", "StreetName2": "REDFERN ST", "Intersection": "HAWES RD & REDFERN ST", "Jurisdiction": "COV", "POINT_X": 476018.50519999955, "POINT_Y": 5363212.1416}}, {"type": "Feature", "id": 2611, "geometry": {"type": "MultiPoint", "coordinates": [[-123.36277642935708, 48.447701386118744]]}, "properties": {"OBJECTID": 2611, "StreetName1": "GLASGOW ST", "StreetName2": "REED ST", "Intersection": "GLASGOW ST & REED ST", "Jurisdiction": "COV", "POINT_X": 473174.6205000002, "POINT_Y": 5366125.249399999}}, {"type": "Feature", "id": 2612, "geometry": {"type": "MultiPoint", "coordinates": [[-123.38263870968592, 48.43628560272558]]}, "properties": {"OBJECTID": 2612, "StreetName1": "RAYNOR AVE", "StreetName2": "REGATTA LANDING", "Intersection": "RAYNOR AVE & REGATTA LANDING", "Jurisdiction": "COV", "POINT_X": 471699.51099999994, "POINT_Y": 5364863.4879}}, {"type": "Feature", "id": 2613, "geometry": {"type": "MultiPoint", "coordinates": [[-123.38172452630094, 48.43638156658389]]}, "properties": {"OBJECTID": 2613, "StreetName1": "CENTRAL SPUR RD", "StreetName2": "REGATTA LANDING", "Intersection": "CENTRAL SPUR RD & REGATTA LANDING", "Jurisdiction": "COV", "POINT_X": 471767.18099999987, "POINT_Y": 5364873.8171999995}}, {"type": "Feature", "id": 2614, "geometry": {"type": "MultiPoint", "coordinates": [[-123.33801719775697, 48.42380969670799]]}, "properties": {"OBJECTID": 2614, "StreetName1": "BELMONT AVE", "StreetName2": "REGENTS PL", "Intersection": "BELMONT AVE & REGENTS PL", "Jurisdiction": "COV", "POINT_X": 474993.7849000003, "POINT_Y": 5363461.2114}}, {"type": "Feature", "id": 2615, "geometry": {"type": "MultiPoint", "coordinates": [[-123.33717964147849, 48.42337407100213]]}, "properties": {"OBJECTID": 2615, "StreetName1": "LAUREL LANE", "StreetName2": "REGENTS PL", "Intersection": "LAUREL LANE & REGENTS PL", "Jurisdiction": "COV", "POINT_X": 475055.53610000014, "POINT_Y": 5363412.516799999}}, {"type": "Feature", "id": 2616, "geometry": {"type": "MultiPoint", "coordinates": [[-123.37831545087606, 48.41511343282547]]}, "properties": {"OBJECTID": 2616, "StreetName1": "NIAGARA ST", "StreetName2": "RENDALL ST", "Intersection": "NIAGARA ST & RENDALL ST", "Jurisdiction": "COV", "POINT_X": 472007.6525999997, "POINT_Y": 5362508.531400001}}, {"type": "Feature", "id": 2617, "geometry": {"type": "MultiPoint", "coordinates": [[-123.37794943392895, 48.415452592205384]]}, "properties": {"OBJECTID": 2617, "StreetName1": "BECKLEY AVE", "StreetName2": "RENDALL ST", "Intersection": "BECKLEY AVE & RENDALL ST", "Jurisdiction": "COV", "POINT_X": 472034.92200000025, "POINT_Y": 5362546.0965}}, {"type": "Feature", "id": 2618, "geometry": {"type": "MultiPoint", "coordinates": [[-123.39207426149056, 48.43786368069492]]}, "properties": {"OBJECTID": 2618, "StreetName1": "POWDERLY AVE", "StreetName2": "RENO ST", "Intersection": "POWDERLY AVE & RENO ST", "Jurisdiction": "COV", "POINT_X": 471002.51630000025, "POINT_Y": 5365042.4279}}, {"type": "Feature", "id": 2619, "geometry": {"type": "MultiPoint", "coordinates": [[-123.39169689715712, 48.437078963686425]]}, "properties": {"OBJECTID": 2619, "StreetName1": "BELTON AVE", "StreetName2": "RENO ST", "Intersection": "BELTON AVE & RENO ST", "Jurisdiction": "COV", "POINT_X": 471029.9807000002, "POINT_Y": 5364955.0605999995}}, {"type": "Feature", "id": 2620, "geometry": {"type": "MultiPoint", "coordinates": [[-123.34769065364402, 48.419811491041784]]}, "properties": {"OBJECTID": 2620, "StreetName1": "MOSS ST", "StreetName2": "REVERCOMB PL", "Intersection": "MOSS ST & REVERCOMB PL", "Jurisdiction": "COV", "POINT_X": 474276.1026999997, "POINT_Y": 5363019.999299999}}, {"type": "Feature", "id": 2621, "geometry": {"type": "MultiPoint", "coordinates": [[-123.354981187897, 48.419635904167826]]}, "properties": {"OBJECTID": 2621, "StreetName1": "COOK ST", "StreetName2": "RICHARDSON ST", "Intersection": "COOK ST & RICHARDSON ST", "Jurisdiction": "COV", "POINT_X": 473736.5992999999, "POINT_Y": 5363002.9564}}, {"type": "Feature", "id": 2622, "geometry": {"type": "MultiPoint", "coordinates": [[-123.35154497244103, 48.419269342245364]]}, "properties": {"OBJECTID": 2622, "StreetName1": "LINDEN AVE", "StreetName2": "RICHARDSON ST", "Intersection": "LINDEN AVE & RICHARDSON ST", "Jurisdiction": "COV", "POINT_X": 473990.6523000002, "POINT_Y": 5362961.039100001}}, {"type": "Feature", "id": 2623, "geometry": {"type": "MultiPoint", "coordinates": [[-123.35014583899849, 48.41911729312697]]}, "properties": {"OBJECTID": 2623, "StreetName1": "HARBINGER AVE", "StreetName2": "RICHARDSON ST", "Intersection": "HARBINGER AVE & RICHARDSON ST", "Jurisdiction": "COV", "POINT_X": 474094.0954, "POINT_Y": 5362943.664100001}}, {"type": "Feature", "id": 2624, "geometry": {"type": "MultiPoint", "coordinates": [[-123.34891919392642, 48.41898397380982]]}, "properties": {"OBJECTID": 2624, "StreetName1": "CORNWALL ST", "StreetName2": "RICHARDSON ST", "Intersection": "CORNWALL ST & RICHARDSON ST", "Jurisdiction": "COV", "POINT_X": 474184.7862999998, "POINT_Y": 5362928.431}}, {"type": "Feature", "id": 2625, "geometry": {"type": "MultiPoint", "coordinates": [[-123.34792427607967, 48.4188758285725]]}, "properties": {"OBJECTID": 2625, "StreetName1": "MOSS ST", "StreetName2": "RICHARDSON ST", "Intersection": "MOSS ST & RICHARDSON ST", "Jurisdiction": "COV", "POINT_X": 474258.34499999974, "POINT_Y": 5362916.0754}}, {"type": "Feature", "id": 2626, "geometry": {"type": "MultiPoint", "coordinates": [[-123.3458089068918, 48.417665676442105]]}, "properties": {"OBJECTID": 2626, "StreetName1": "MINTO ST", "StreetName2": "RICHARDSON ST", "Intersection": "MINTO ST & RICHARDSON ST", "Jurisdiction": "COV", "POINT_X": 474414.2527999999, "POINT_Y": 5362780.853700001}}, {"type": "Feature", "id": 2627, "geometry": {"type": "MultiPoint", "coordinates": [[-123.34502891479451, 48.41685500854995]]}, "properties": {"OBJECTID": 2627, "StreetName1": "CARNSEW ST", "StreetName2": "RICHARDSON ST", "Intersection": "CARNSEW ST & RICHARDSON ST", "Jurisdiction": "COV", "POINT_X": 474477.6465999996, "POINT_Y": 5362684.216700001}}, {"type": "Feature", "id": 2628, "geometry": {"type": "MultiPoint", "coordinates": [[-123.34399859493155, 48.4166176991444]]}, "properties": {"OBJECTID": 2628, "StreetName1": "KIPLING ST", "StreetName2": "RICHARDSON ST", "Intersection": "KIPLING ST & RICHARDSON ST", "Jurisdiction": "COV", "POINT_X": 474547.6769000003, "POINT_Y": 5362663.764}}, {"type": "Feature", "id": 2629, "geometry": {"type": "MultiPoint", "coordinates": [[-123.34106408661087, 48.41629767074239]]}, "properties": {"OBJECTID": 2629, "StreetName1": "ARNOLD AVE", "StreetName2": "RICHARDSON ST", "Intersection": "ARNOLD AVE & RICHARDSON ST", "Jurisdiction": "COV", "POINT_X": 474764.6508999998, "POINT_Y": 5362627.2206999995}}, {"type": "Feature", "id": 2630, "geometry": {"type": "MultiPoint", "coordinates": [[-123.33045083899856, 48.41798216958036]]}, "properties": {"OBJECTID": 2630, "StreetName1": "ARMINE PL", "StreetName2": "RICHARDSON ST", "Intersection": "ARMINE PL & RICHARDSON ST", "Jurisdiction": "COV", "POINT_X": 475550.76719999965, "POINT_Y": 5362811.016799999}}, {"type": "Feature", "id": 2631, "geometry": {"type": "MultiPoint", "coordinates": [[-123.32970067383948, 48.418620242368505]]}, "properties": {"OBJECTID": 2631, "StreetName1": "GONZALES AVE", "StreetName2": "RICHARDSON ST", "Intersection": "GONZALES AVE & RICHARDSON ST", "Jurisdiction": "COV", "POINT_X": 475606.5778000001, "POINT_Y": 5362881.7018}}, {"type": "Feature", "id": 2632, "geometry": {"type": "MultiPoint", "coordinates": [[-123.32920575083858, 48.41922960458478]]}, "properties": {"OBJECTID": 2632, "StreetName1": "MADDISON ST", "StreetName2": "RICHARDSON ST", "Intersection": "MADDISON ST & RICHARDSON ST", "Jurisdiction": "COV", "POINT_X": 475643.48819999956, "POINT_Y": 5362949.2772}}, {"type": "Feature", "id": 2633, "geometry": {"type": "MultiPoint", "coordinates": [[-123.32739016981225, 48.41964382589441]]}, "properties": {"OBJECTID": 2633, "StreetName1": "LAWNDALE AVE", "StreetName2": "RICHARDSON ST", "Intersection": "LAWNDALE AVE & RICHARDSON ST", "Jurisdiction": "COV", "POINT_X": 475778.01800000016, "POINT_Y": 5362994.7436999995}}, {"type": "Feature", "id": 2634, "geometry": {"type": "MultiPoint", "coordinates": [[-123.32646817007573, 48.419858332023736]]}, "properties": {"OBJECTID": 2634, "StreetName1": "MOSS PARK GDNS", "StreetName2": "RICHARDSON ST", "Intersection": "MOSS PARK GDNS & RICHARDSON ST", "Jurisdiction": "COV", "POINT_X": 475846.33690000046, "POINT_Y": 5363018.295700001}}, {"type": "Feature", "id": 2635, "geometry": {"type": "MultiPoint", "coordinates": [[-123.32551118574375, 48.42008096903385]]}, "properties": {"OBJECTID": 2635, "StreetName1": "COWICHAN ST", "StreetName2": "RICHARDSON ST", "Intersection": "COWICHAN ST & RICHARDSON ST", "Jurisdiction": "COV", "POINT_X": 475917.2474999996, "POINT_Y": 5363042.7413}}, {"type": "Feature", "id": 2636, "geometry": {"type": "MultiPoint", "coordinates": [[-123.32341498568078, 48.42031845427566]]}, "properties": {"OBJECTID": 2636, "StreetName1": "FOUL BAY RD", "StreetName2": "RICHARDSON ST", "Intersection": "FOUL BAY RD & RICHARDSON ST", "Jurisdiction": "COV", "POINT_X": 476072.45210000034, "POINT_Y": 5363068.481699999}}, {"type": "Feature", "id": 2637, "geometry": {"type": "MultiPoint", "coordinates": [[-123.3323689908988, 48.419416462453135]]}, "properties": {"OBJECTID": 2637, "StreetName1": "GONZALES AVE", "StreetName2": "RICHMOND AVE", "Intersection": "GONZALES AVE & RICHMOND AVE", "Jurisdiction": "COV", "POINT_X": 475409.5334000001, "POINT_Y": 5362971.0579}}, {"type": "Feature", "id": 2638, "geometry": {"type": "MultiPoint", "coordinates": [[-123.3314927636835, 48.41760099021908]]}, "properties": {"OBJECTID": 2638, "StreetName1": "RICHARDSON ST", "StreetName2": "RICHMOND AVE", "Intersection": "RICHARDSON ST & RICHMOND AVE", "Jurisdiction": "COV", "POINT_X": 475473.4910000004, "POINT_Y": 5362768.9804}}, {"type": "Feature", "id": 2639, "geometry": {"type": "MultiPoint", "coordinates": [[-123.33104319688026, 48.41669534950731]]}, "properties": {"OBJECTID": 2639, "StreetName1": "CHANDLER AVE", "StreetName2": "RICHMOND AVE", "Intersection": "CHANDLER AVE & RICHMOND AVE", "Jurisdiction": "COV", "POINT_X": 475506.3200000003, "POINT_Y": 5362668.1712}}, {"type": "Feature", "id": 2640, "geometry": {"type": "MultiPoint", "coordinates": [[-123.33084365794772, 48.41156690334069]]}, "properties": {"OBJECTID": 2640, "StreetName1": "CRESCENT RD", "StreetName2": "RICHMOND AVE", "Intersection": "CRESCENT RD & RICHMOND AVE", "Jurisdiction": "COV", "POINT_X": 475518.62239999976, "POINT_Y": 5362098.061799999}}, {"type": "Feature", "id": 2641, "geometry": {"type": "MultiPoint", "coordinates": [[-123.33083168813678, 48.41318891888889], [-123.33044535552578, 48.41318882524932]]}, "properties": {"OBJECTID": 2641, "StreetName1": "LILLIAN RD", "StreetName2": "RICHMOND AVE", "Intersection": "LILLIAN RD & RICHMOND AVE", "Jurisdiction": "COV", "POINT_X": 475534.5806499999, "POINT_Y": 5362278.284}}, {"type": "Feature", "id": 2642, "geometry": {"type": "MultiPoint", "coordinates": [[-123.3306200266265, 48.42218301420554]]}, "properties": {"OBJECTID": 2642, "StreetName1": "OAK SHADE LANE", "StreetName2": "RICHMOND AVE", "Intersection": "OAK SHADE LANE & RICHMOND AVE", "Jurisdiction": "COV", "POINT_X": 475540.26439999975, "POINT_Y": 5363278.010600001}}, {"type": "Feature", "id": 2643, "geometry": {"type": "MultiPoint", "coordinates": [[-123.33050999019724, 48.41549751516101]]}, "properties": {"OBJECTID": 2643, "StreetName1": "FAIRFIELD RD", "StreetName2": "RICHMOND AVE", "Intersection": "FAIRFIELD RD & RICHMOND AVE", "Jurisdiction": "COV", "POINT_X": 475545.1989000002, "POINT_Y": 5362534.857100001}}, {"type": "Feature", "id": 2644, "geometry": {"type": "MultiPoint", "coordinates": [[-123.33039434033954, 48.42245219657642]]}, "properties": {"OBJECTID": 2644, "StreetName1": "QUAMICHAN ST", "StreetName2": "RICHMOND AVE", "Intersection": "QUAMICHAN ST & RICHMOND AVE", "Jurisdiction": "COV", "POINT_X": 475557.09080000035, "POINT_Y": 5363307.859200001}}, {"type": "Feature", "id": 2645, "geometry": {"type": "MultiPoint", "coordinates": [[-123.33025933790245, 48.426461869613675]]}, "properties": {"OBJECTID": 2645, "StreetName1": "OAK BAY AVE", "StreetName2": "RICHMOND AVE", "Intersection": "OAK BAY AVE & RICHMOND AVE", "Jurisdiction": "COV", "POINT_X": 475569.00069999974, "POINT_Y": 5363753.5068}}, {"type": "Feature", "id": 2646, "geometry": {"type": "MultiPoint", "coordinates": [[-123.33025492206922, 48.42839863525938]]}, "properties": {"OBJECTID": 2646, "StreetName1": "LEIGHTON RD", "StreetName2": "RICHMOND AVE", "Intersection": "LEIGHTON RD & RICHMOND AVE", "Jurisdiction": "COV", "POINT_X": 475570.25569999963, "POINT_Y": 5363968.784499999}}, {"type": "Feature", "id": 2647, "geometry": {"type": "MultiPoint", "coordinates": [[-123.33016109051793, 48.424532905526334]]}, "properties": {"OBJECTID": 2647, "StreetName1": "GREEN OAKS TERR", "StreetName2": "RICHMOND AVE", "Intersection": "GREEN OAKS TERR & RICHMOND AVE", "Jurisdiction": "COV", "POINT_X": 475575.3446000004, "POINT_Y": 5363539.0636}}, {"type": "Feature", "id": 2648, "geometry": {"type": "MultiPoint", "coordinates": [[-123.33014396595551, 48.42419667846272]]}, "properties": {"OBJECTID": 2648, "StreetName1": "BRIGHTON AVE", "StreetName2": "RICHMOND AVE", "Intersection": "BRIGHTON AVE & RICHMOND AVE", "Jurisdiction": "COV", "POINT_X": 475576.45040000044, "POINT_Y": 5363501.6852}}, {"type": "Feature", "id": 2649, "geometry": {"type": "MultiPoint", "coordinates": [[-123.33017038521952, 48.42954830789847]]}, "properties": {"OBJECTID": 2649, "StreetName1": "FORT ST", "StreetName2": "RICHMOND AVE", "Intersection": "FORT ST & RICHMOND AVE", "Jurisdiction": "COV", "POINT_X": 475577.0603, "POINT_Y": 5364096.5482}}, {"type": "Feature", "id": 2650, "geometry": {"type": "MultiPoint", "coordinates": [[-123.33017038521952, 48.42954830789847]]}, "properties": {"OBJECTID": 2650, "StreetName1": "FORT ST", "StreetName2": "RICHMOND RD", "Intersection": "FORT ST & RICHMOND RD", "Jurisdiction": "COV", "POINT_X": 475577.0603, "POINT_Y": 5364096.5482}}, {"type": "Feature", "id": 2651, "geometry": {"type": "MultiPoint", "coordinates": [[-123.33005147880316, 48.42977128701793]]}, "properties": {"OBJECTID": 2651, "StreetName1": "BIRCH ST", "StreetName2": "RICHMOND RD", "Intersection": "BIRCH ST & RICHMOND RD", "Jurisdiction": "COV", "POINT_X": 475585.9631000003, "POINT_Y": 5364121.295299999}}, {"type": "Feature", "id": 2652, "geometry": {"type": "MultiPoint", "coordinates": [[-123.32981316135759, 48.4308167920463]]}, "properties": {"OBJECTID": 2652, "StreetName1": "PEMBROKE ST", "StreetName2": "RICHMOND RD", "Intersection": "PEMBROKE ST & RICHMOND RD", "Jurisdiction": "COV", "POINT_X": 475604.09279999975, "POINT_Y": 5364237.431399999}}, {"type": "Feature", "id": 2653, "geometry": {"type": "MultiPoint", "coordinates": [[-123.32963886512032, 48.431581404296175]]}, "properties": {"OBJECTID": 2653, "StreetName1": "CORONATION AVE", "StreetName2": "RICHMOND RD", "Intersection": "CORONATION AVE & RICHMOND RD", "Jurisdiction": "COV", "POINT_X": 475617.35170000046, "POINT_Y": 5364322.365599999}}, {"type": "Feature", "id": 2654, "geometry": {"type": "MultiPoint", "coordinates": [[-123.32948490985785, 48.432299812061345]]}, "properties": {"OBJECTID": 2654, "StreetName1": "DENMAN ST", "StreetName2": "RICHMOND RD", "Intersection": "DENMAN ST & RICHMOND RD", "Jurisdiction": "COV", "POINT_X": 475629.0834999997, "POINT_Y": 5364402.170499999}}, {"type": "Feature", "id": 2655, "geometry": {"type": "MultiPoint", "coordinates": [[-123.32920515017493, 48.43368161159791]]}, "properties": {"OBJECTID": 2655, "StreetName1": "BAY ST", "StreetName2": "RICHMOND RD", "Intersection": "BAY ST & RICHMOND RD", "Jurisdiction": "COV", "POINT_X": 475650.43759999983, "POINT_Y": 5364555.6741}}, {"type": "Feature", "id": 2656, "geometry": {"type": "MultiPoint", "coordinates": [[-123.32903540582892, 48.434476735618205]]}, "properties": {"OBJECTID": 2656, "StreetName1": "EMERSON ST", "StreetName2": "RICHMOND RD", "Intersection": "EMERSON ST & RICHMOND RD", "Jurisdiction": "COV", "POINT_X": 475663.3729999997, "POINT_Y": 5364644.0013999995}}, {"type": "Feature", "id": 2657, "geometry": {"type": "MultiPoint", "coordinates": [[-123.32887681095195, 48.43521418040557]]}, "properties": {"OBJECTID": 2657, "StreetName1": "ADANAC ST", "StreetName2": "RICHMOND RD", "Intersection": "ADANAC ST & RICHMOND RD", "Jurisdiction": "COV", "POINT_X": 475675.45579999965, "POINT_Y": 5364725.921}}, {"type": "Feature", "id": 2658, "geometry": {"type": "MultiPoint", "coordinates": [[-123.3287239633951, 48.435924871702866]]}, "properties": {"OBJECTID": 2658, "StreetName1": "HAULTAIN ST", "StreetName2": "RICHMOND RD", "Intersection": "HAULTAIN ST & RICHMOND RD", "Jurisdiction": "COV", "POINT_X": 475687.1003999999, "POINT_Y": 5364804.8686999995}}, {"type": "Feature", "id": 2659, "geometry": {"type": "MultiPoint", "coordinates": [[-123.32852176829338, 48.436871441162864]]}, "properties": {"OBJECTID": 2659, "StreetName1": "CARRICK ST", "StreetName2": "RICHMOND RD", "Intersection": "CARRICK ST & RICHMOND RD", "Jurisdiction": "COV", "POINT_X": 475702.50710000005, "POINT_Y": 5364910.0196}}, {"type": "Feature", "id": 2660, "geometry": {"type": "MultiPoint", "coordinates": [[-123.32831522812718, 48.437838320444286]]}, "properties": {"OBJECTID": 2660, "StreetName1": "KINGS RD", "StreetName2": "RICHMOND RD", "Intersection": "KINGS RD & RICHMOND RD", "Jurisdiction": "COV", "POINT_X": 475718.24430000037, "POINT_Y": 5365017.4267}}, {"type": "Feature", "id": 2661, "geometry": {"type": "MultiPoint", "coordinates": [[-123.32813046038765, 48.43876105688407]]}, "properties": {"OBJECTID": 2661, "StreetName1": "NEWTON ST", "StreetName2": "RICHMOND RD", "Intersection": "NEWTON ST & RICHMOND RD", "Jurisdiction": "COV", "POINT_X": 475732.3496000003, "POINT_Y": 5365119.9341}}, {"type": "Feature", "id": 2662, "geometry": {"type": "MultiPoint", "coordinates": [[-123.3465019204751, 48.431493449967675]]}, "properties": {"OBJECTID": 2662, "StreetName1": "PEMBROKE ST", "StreetName2": "RIDGE RD", "Intersection": "PEMBROKE ST & RIDGE RD", "Jurisdiction": "COV", "POINT_X": 474369.9294999996, "POINT_Y": 5364318.0956999995}}, {"type": "Feature", "id": 2663, "geometry": {"type": "MultiPoint", "coordinates": [[-123.34641512052207, 48.43214739182786]]}, "properties": {"OBJECTID": 2663, "StreetName1": "CENTRE RD", "StreetName2": "RIDGE RD", "Intersection": "CENTRE RD & RIDGE RD", "Jurisdiction": "COV", "POINT_X": 474376.67899999954, "POINT_Y": 5364390.754899999}}, {"type": "Feature", "id": 2664, "geometry": {"type": "MultiPoint", "coordinates": [[-123.34632220198357, 48.432847434868364]]}, "properties": {"OBJECTID": 2664, "StreetName1": "DENMAN ST", "StreetName2": "RIDGE RD", "Intersection": "DENMAN ST & RIDGE RD", "Jurisdiction": "COV", "POINT_X": 474383.9040999999, "POINT_Y": 5364468.5364}}, {"type": "Feature", "id": 2665, "geometry": {"type": "MultiPoint", "coordinates": [[-123.37656447651186, 48.41295664629628]]}, "properties": {"OBJECTID": 2665, "StreetName1": "MENZIES ST", "StreetName2": "RITHET ST", "Intersection": "MENZIES ST & RITHET ST", "Jurisdiction": "COV", "POINT_X": 472136.03729999997, "POINT_Y": 5362268.158399999}}, {"type": "Feature", "id": 2666, "geometry": {"type": "MultiPoint", "coordinates": [[-123.38881726112156, 48.42816941812027]]}, "properties": {"OBJECTID": 2666, "StreetName1": "CAPTAIN ST", "StreetName2": "ROBERT ST", "Intersection": "CAPTAIN ST & ROBERT ST", "Jurisdiction": "COV", "POINT_X": 471237.9391000001, "POINT_Y": 5363963.643999999}}, {"type": "Feature", "id": 2667, "geometry": {"type": "MultiPoint", "coordinates": [[-123.38881950365774, 48.42846338683673]]}, "properties": {"OBJECTID": 2667, "StreetName1": "MILNE ST", "StreetName2": "ROBERT ST", "Intersection": "MILNE ST & ROBERT ST", "Jurisdiction": "COV", "POINT_X": 471237.9391000001, "POINT_Y": 5363996.320599999}}, {"type": "Feature", "id": 2668, "geometry": {"type": "MultiPoint", "coordinates": [[-123.38882583371456, 48.43054876176798]]}, "properties": {"OBJECTID": 2668, "StreetName1": "ESQUIMALT RD", "StreetName2": "ROBERT ST", "Intersection": "ESQUIMALT RD & ROBERT ST", "Jurisdiction": "COV", "POINT_X": 471238.6476999996, "POINT_Y": 5364228.1205}}, {"type": "Feature", "id": 2669, "geometry": {"type": "MultiPoint", "coordinates": [[-123.33160242230973, 48.41027653609181], [-123.33158998699689, 48.408814034237786]]}, "properties": {"OBJECTID": 2669, "StreetName1": "HOLLYWOOD CRES", "StreetName2": "ROBERTSON ST", "Intersection": "HOLLYWOOD CRES & ROBERTSON ST", "Jurisdiction": "COV", "POINT_X": 475461.96120000025, "POINT_Y": 5361873.59245}}, {"type": "Feature", "id": 2670, "geometry": {"type": "MultiPoint", "coordinates": [[-123.33158685070792, 48.41112469832819]]}, "properties": {"OBJECTID": 2670, "StreetName1": "CRESCENT RD", "StreetName2": "ROBERTSON ST", "Intersection": "CRESCENT RD & ROBERTSON ST", "Jurisdiction": "COV", "POINT_X": 475463.41330000013, "POINT_Y": 5362049.1469}}, {"type": "Feature", "id": 2671, "geometry": {"type": "MultiPoint", "coordinates": [[-123.33158315743276, 48.41319544205383]]}, "properties": {"OBJECTID": 2671, "StreetName1": "LILLIAN RD", "StreetName2": "ROBERTSON ST", "Intersection": "LILLIAN RD & ROBERTSON ST", "Jurisdiction": "COV", "POINT_X": 475464.68290000036, "POINT_Y": 5362279.316400001}}, {"type": "Feature", "id": 2672, "geometry": {"type": "MultiPoint", "coordinates": [[-123.33155591162081, 48.41519598622569]]}, "properties": {"OBJECTID": 2672, "StreetName1": "FAIRFIELD RD", "StreetName2": "ROBERTSON ST", "Intersection": "FAIRFIELD RD & ROBERTSON ST", "Jurisdiction": "COV", "POINT_X": 475467.6615000004, "POINT_Y": 5362501.6755}}, {"type": "Feature", "id": 2673, "geometry": {"type": "MultiPoint", "coordinates": [[-123.34659655778967, 48.41857144898674]]}, "properties": {"OBJECTID": 2673, "StreetName1": "RICHARDSON ST", "StreetName2": "ROBLEDA CRES", "Intersection": "RICHARDSON ST & ROBLEDA CRES", "Jurisdiction": "COV", "POINT_X": 474356.4291000003, "POINT_Y": 5362881.7971}}, {"type": "Feature", "id": 2674, "geometry": {"type": "MultiPoint", "coordinates": [[-123.37062142788669, 48.43954941848225]]}, "properties": {"OBJECTID": 2674, "StreetName1": "GORGE RD E", "StreetName2": "ROCK BAY AVE", "Intersection": "GORGE RD E & ROCK BAY AVE", "Jurisdiction": "COV", "POINT_X": 472590.11539999954, "POINT_Y": 5365221.9026}}, {"type": "Feature", "id": 2675, "geometry": {"type": "MultiPoint", "coordinates": [[-123.37051552703085, 48.43926203462063]]}, "properties": {"OBJECTID": 2675, "StreetName1": "ELLICE ST", "StreetName2": "ROCK BAY AVE", "Intersection": "ELLICE ST & ROCK BAY AVE", "Jurisdiction": "COV", "POINT_X": 472597.7932000002, "POINT_Y": 5365189.9208}}, {"type": "Feature", "id": 2676, "geometry": {"type": "MultiPoint", "coordinates": [[-123.37017130530273, 48.43847186426887]]}, "properties": {"OBJECTID": 2676, "StreetName1": "DAVID ST", "StreetName2": "ROCK BAY AVE", "Intersection": "DAVID ST & ROCK BAY AVE", "Jurisdiction": "COV", "POINT_X": 472622.8272000002, "POINT_Y": 5365101.967}}, {"type": "Feature", "id": 2677, "geometry": {"type": "MultiPoint", "coordinates": [[-123.3698251276209, 48.43768269678615]]}, "properties": {"OBJECTID": 2677, "StreetName1": "HILLSIDE AVE", "StreetName2": "ROCK BAY AVE", "Intersection": "HILLSIDE AVE & ROCK BAY AVE", "Jurisdiction": "COV", "POINT_X": 472648.0071999999, "POINT_Y": 5365014.1241}}, {"type": "Feature", "id": 2678, "geometry": {"type": "MultiPoint", "coordinates": [[-123.36947814831416, 48.43689168464823]]}, "properties": {"OBJECTID": 2678, "StreetName1": "JOHN ST", "StreetName2": "ROCK BAY AVE", "Intersection": "JOHN ST & ROCK BAY AVE", "Jurisdiction": "COV", "POINT_X": 472673.24629999977, "POINT_Y": 5364926.075999999}}, {"type": "Feature", "id": 2679, "geometry": {"type": "MultiPoint", "coordinates": [[-123.3690622129725, 48.43590150166381]]}, "properties": {"OBJECTID": 2679, "StreetName1": "BAY ST", "StreetName2": "ROCK BAY AVE", "Intersection": "BAY ST & ROCK BAY AVE", "Jurisdiction": "COV", "POINT_X": 472703.47979999986, "POINT_Y": 5364815.864800001}}, {"type": "Feature", "id": 2680, "geometry": {"type": "MultiPoint", "coordinates": [[-123.36009390563508, 48.422573417207246]]}, "properties": {"OBJECTID": 2680, "StreetName1": "QUADRA ST", "StreetName2": "ROCKLAND AVE", "Intersection": "QUADRA ST & ROCKLAND AVE", "Jurisdiction": "COV", "POINT_X": 473359.8526999997, "POINT_Y": 5363331.2378}}, {"type": "Feature", "id": 2681, "geometry": {"type": "MultiPoint", "coordinates": [[-123.35438061557475, 48.42208093744757]]}, "properties": {"OBJECTID": 2681, "StreetName1": "COOK ST", "StreetName2": "ROCKLAND AVE", "Intersection": "COOK ST & ROCKLAND AVE", "Jurisdiction": "COV", "POINT_X": 473782.2921000002, "POINT_Y": 5363274.5253}}, {"type": "Feature", "id": 2682, "geometry": {"type": "MultiPoint", "coordinates": [[-123.35100644362383, 48.42147171152897]]}, "properties": {"OBJECTID": 2682, "StreetName1": "LINDEN AVE", "StreetName2": "ROCKLAND AVE", "Intersection": "LINDEN AVE & ROCKLAND AVE", "Jurisdiction": "COV", "POINT_X": 474031.61930000037, "POINT_Y": 5363205.658}}, {"type": "Feature", "id": 2683, "geometry": {"type": "MultiPoint", "coordinates": [[-123.34958971379223, 48.42106434420989]]}, "properties": {"OBJECTID": 2683, "StreetName1": "LANGHAM CRT", "StreetName2": "ROCKLAND AVE", "Intersection": "LANGHAM CRT & ROCKLAND AVE", "Jurisdiction": "COV", "POINT_X": 474136.23039999977, "POINT_Y": 5363159.8982}}, {"type": "Feature", "id": 2684, "geometry": {"type": "MultiPoint", "coordinates": [[-123.34746155563752, 48.42082762231321]]}, "properties": {"OBJECTID": 2684, "StreetName1": "MOSS ST", "StreetName2": "ROCKLAND AVE", "Intersection": "MOSS ST & ROCKLAND AVE", "Jurisdiction": "COV", "POINT_X": 474293.5656000003, "POINT_Y": 5363132.869200001}}, {"type": "Feature", "id": 2685, "geometry": {"type": "MultiPoint", "coordinates": [[-123.34660084411092, 48.42072888275582]]}, "properties": {"OBJECTID": 2685, "StreetName1": "GILLESPIE PL", "StreetName2": "ROCKLAND AVE", "Intersection": "GILLESPIE PL & ROCKLAND AVE", "Jurisdiction": "COV", "POINT_X": 474357.19710000046, "POINT_Y": 5363121.6054}}, {"type": "Feature", "id": 2686, "geometry": {"type": "MultiPoint", "coordinates": [[-123.34511089638643, 48.419895333562]]}, "properties": {"OBJECTID": 2686, "StreetName1": "ROBLEDA CRES", "StreetName2": "ROCKLAND AVE", "Intersection": "ROBLEDA CRES & ROCKLAND AVE", "Jurisdiction": "COV", "POINT_X": 474467.01609999966, "POINT_Y": 5363028.455499999}}, {"type": "Feature", "id": 2687, "geometry": {"type": "MultiPoint", "coordinates": [[-123.34355917513354, 48.41959414019284]]}, "properties": {"OBJECTID": 2687, "StreetName1": "LOTBINIERE AVE", "StreetName2": "ROCKLAND AVE", "Intersection": "LOTBINIERE AVE & ROCKLAND AVE", "Jurisdiction": "COV", "POINT_X": 474581.6747000003, "POINT_Y": 5362994.4606}}, {"type": "Feature", "id": 2688, "geometry": {"type": "MultiPoint", "coordinates": [[-123.34244957423591, 48.41984135218469]]}, "properties": {"OBJECTID": 2688, "StreetName1": "JOAN CRES", "StreetName2": "ROCKLAND AVE", "Intersection": "JOAN CRES & ROCKLAND AVE", "Jurisdiction": "COV", "POINT_X": 474663.89520000014, "POINT_Y": 5363021.5715}}, {"type": "Feature", "id": 2689, "geometry": {"type": "MultiPoint", "coordinates": [[-123.33980730503936, 48.4199623167858]]}, "properties": {"OBJECTID": 2689, "StreetName1": "PEMBERTON RD", "StreetName2": "ROCKLAND AVE", "Intersection": "PEMBERTON RD & ROCKLAND AVE", "Jurisdiction": "COV", "POINT_X": 474859.45129999984, "POINT_Y": 5363034.146500001}}, {"type": "Feature", "id": 2690, "geometry": {"type": "MultiPoint", "coordinates": [[-123.3364466426705, 48.420581249842385]]}, "properties": {"OBJECTID": 2690, "StreetName1": "PIERMONT PL", "StreetName2": "ROCKLAND AVE", "Intersection": "PIERMONT PL & ROCKLAND AVE", "Jurisdiction": "COV", "POINT_X": 475108.40189999994, "POINT_Y": 5363101.8456}}, {"type": "Feature", "id": 2691, "geometry": {"type": "MultiPoint", "coordinates": [[-123.33612408914948, 48.42066351224234]]}, "properties": {"OBJECTID": 2691, "StreetName1": "GONZALES AVE", "StreetName2": "ROCKLAND AVE", "Intersection": "GONZALES AVE & ROCKLAND AVE", "Jurisdiction": "COV", "POINT_X": 475132.30680000037, "POINT_Y": 5363110.8846}}, {"type": "Feature", "id": 2692, "geometry": {"type": "MultiPoint", "coordinates": [[-123.33506556050881, 48.42115286254459]]}, "properties": {"OBJECTID": 2692, "StreetName1": "DEREEN PL", "StreetName2": "ROCKLAND AVE", "Intersection": "DEREEN PL & ROCKLAND AVE", "Jurisdiction": "COV", "POINT_X": 475210.86199999973, "POINT_Y": 5363164.934599999}}, {"type": "Feature", "id": 2693, "geometry": {"type": "MultiPoint", "coordinates": [[-123.33483308112268, 48.421433437899765]]}, "properties": {"OBJECTID": 2693, "StreetName1": "PATLY PL", "StreetName2": "ROCKLAND AVE", "Intersection": "PATLY PL & ROCKLAND AVE", "Jurisdiction": "COV", "POINT_X": 475228.19859999977, "POINT_Y": 5363196.046399999}}, {"type": "Feature", "id": 2694, "geometry": {"type": "MultiPoint", "coordinates": [[-123.3345731945005, 48.421747077384026]]}, "properties": {"OBJECTID": 2694, "StreetName1": "ALGOA PL", "StreetName2": "ROCKLAND AVE", "Intersection": "ALGOA PL & ROCKLAND AVE", "Jurisdiction": "COV", "POINT_X": 475247.57880000025, "POINT_Y": 5363230.8246}}, {"type": "Feature", "id": 2695, "geometry": {"type": "MultiPoint", "coordinates": [[-123.33352694071561, 48.42273125677127]]}, "properties": {"OBJECTID": 2695, "StreetName1": "OAK SHADE LANE", "StreetName2": "ROCKLAND AVE", "Intersection": "OAK SHADE LANE & ROCKLAND AVE", "Jurisdiction": "COV", "POINT_X": 475325.4626000002, "POINT_Y": 5363339.882300001}}, {"type": "Feature", "id": 2696, "geometry": {"type": "MultiPoint", "coordinates": [[-123.33302841489511, 48.42290943406873]]}, "properties": {"OBJECTID": 2696, "StreetName1": "LYMAN DUFF LANE", "StreetName2": "ROCKLAND AVE", "Intersection": "LYMAN DUFF LANE & ROCKLAND AVE", "Jurisdiction": "COV", "POINT_X": 475362.4315999998, "POINT_Y": 5363359.526900001}}, {"type": "Feature", "id": 2697, "geometry": {"type": "MultiPoint", "coordinates": [[-123.33261872327499, 48.42460010790365]]}, "properties": {"OBJECTID": 2697, "StreetName1": "CYRIL CLOSE", "StreetName2": "ROCKLAND AVE", "Intersection": "CYRIL CLOSE & ROCKLAND AVE", "Jurisdiction": "COV", "POINT_X": 475393.55819999985, "POINT_Y": 5363547.3201}}, {"type": "Feature", "id": 2698, "geometry": {"type": "MultiPoint", "coordinates": [[-123.33261382053607, 48.42421911778374]]}, "properties": {"OBJECTID": 2698, "StreetName1": "GREEN OAKS TERR", "StreetName2": "ROCKLAND AVE", "Intersection": "GREEN OAKS TERR & ROCKLAND AVE", "Jurisdiction": "COV", "POINT_X": 475393.73699999973, "POINT_Y": 5363504.970000001}}, {"type": "Feature", "id": 2699, "geometry": {"type": "MultiPoint", "coordinates": [[-123.33235752798201, 48.426475622017854]]}, "properties": {"OBJECTID": 2699, "StreetName1": "OAK BAY AVE", "StreetName2": "ROCKLAND AVE", "Intersection": "OAK BAY AVE & ROCKLAND AVE", "Jurisdiction": "COV", "POINT_X": 475413.78639999963, "POINT_Y": 5363755.706900001}}, {"type": "Feature", "id": 2700, "geometry": {"type": "MultiPoint", "coordinates": [[-123.33929304557006, 48.419949956187445]]}, "properties": {"OBJECTID": 2700, "StreetName1": "ROCKLAND AVE", "StreetName2": "ROCKLAND PL", "Intersection": "ROCKLAND AVE & ROCKLAND PL", "Jurisdiction": "COV", "POINT_X": 474897.4941999996, "POINT_Y": 5363032.6039}}, {"type": "Feature", "id": 2701, "geometry": {"type": "MultiPoint", "coordinates": [[-123.32490870907218, 48.418419033251254]]}, "properties": {"OBJECTID": 2701, "StreetName1": "FOUL BAY RD", "StreetName2": "ROMNEY RD", "Intersection": "FOUL BAY RD & ROMNEY RD", "Jurisdiction": "COV", "POINT_X": 475961.0398000004, "POINT_Y": 5362857.821599999}}, {"type": "Feature", "id": 2702, "geometry": {"type": "MultiPoint", "coordinates": [[-123.34366834624446, 48.43444654607265]]}, "properties": {"OBJECTID": 2702, "StreetName1": "BAY ST", "StreetName2": "ROSEBERRY AVE", "Intersection": "BAY ST & ROSEBERRY AVE", "Jurisdiction": "COV", "POINT_X": 474581.00540000014, "POINT_Y": 5364645.399700001}}, {"type": "Feature", "id": 2703, "geometry": {"type": "MultiPoint", "coordinates": [[-123.34361483936733, 48.4362074089306]]}, "properties": {"OBJECTID": 2703, "StreetName1": "HAULTAIN ST", "StreetName2": "ROSEBERRY AVE", "Intersection": "HAULTAIN ST & ROSEBERRY AVE", "Jurisdiction": "COV", "POINT_X": 474585.84140000027, "POINT_Y": 5364841.108999999}}, {"type": "Feature", "id": 2704, "geometry": {"type": "MultiPoint", "coordinates": [[-123.34356043324571, 48.438166863044316]]}, "properties": {"OBJECTID": 2704, "StreetName1": "KINGS RD", "StreetName2": "ROSEBERRY AVE", "Intersection": "KINGS RD & ROSEBERRY AVE", "Jurisdiction": "COV", "POINT_X": 474590.8426999999, "POINT_Y": 5365058.8923}}, {"type": "Feature", "id": 2705, "geometry": {"type": "MultiPoint", "coordinates": [[-123.36507972982521, 48.43866974309697]]}, "properties": {"OBJECTID": 2705, "StreetName1": "HILLSIDE AVE", "StreetName2": "ROSS LANE", "Intersection": "HILLSIDE AVE & ROSS LANE", "Jurisdiction": "COV", "POINT_X": 472999.51020000037, "POINT_Y": 5365122.154100001}}, {"type": "Feature", "id": 2706, "geometry": {"type": "MultiPoint", "coordinates": [[-123.36452155010097, 48.43767211427287]]}, "properties": {"OBJECTID": 2706, "StreetName1": "HILL ST", "StreetName2": "ROSS LANE", "Intersection": "HILL ST & ROSS LANE", "Jurisdiction": "COV", "POINT_X": 473040.26570000034, "POINT_Y": 5365011.0669}}, {"type": "Feature", "id": 2707, "geometry": {"type": "MultiPoint", "coordinates": [[-123.36402367261212, 48.43681859336769]]}, "properties": {"OBJECTID": 2707, "StreetName1": "KINGS RD", "StreetName2": "ROSS LANE", "Intersection": "KINGS RD & ROSS LANE", "Jurisdiction": "COV", "POINT_X": 473076.63879999984, "POINT_Y": 5364916.019400001}}, {"type": "Feature", "id": 2708, "geometry": {"type": "MultiPoint", "coordinates": [[-123.33510190145543, 48.410843502069646]]}, "properties": {"OBJECTID": 2708, "StreetName1": "PASSMORE ST", "StreetName2": "ROSS ST", "Intersection": "PASSMORE ST & ROSS ST", "Jurisdiction": "COV", "POINT_X": 475203.1601999998, "POINT_Y": 5362019.0228}}, {"type": "Feature", "id": 2709, "geometry": {"type": "MultiPoint", "coordinates": [[-123.33282094565098, 48.410864087532254]]}, "properties": {"OBJECTID": 2709, "StreetName1": "BEECHWOOD AVE", "StreetName2": "ROSS ST", "Intersection": "BEECHWOOD AVE & ROSS ST", "Jurisdiction": "COV", "POINT_X": 475371.9634999996, "POINT_Y": 5362020.575099999}}, {"type": "Feature", "id": 2710, "geometry": {"type": "MultiPoint", "coordinates": [[-123.33158685070792, 48.41112469832819]]}, "properties": {"OBJECTID": 2710, "StreetName1": "CRESCENT RD", "StreetName2": "ROSS ST", "Intersection": "CRESCENT RD & ROSS ST", "Jurisdiction": "COV", "POINT_X": 475463.41330000013, "POINT_Y": 5362049.1469}}, {"type": "Feature", "id": 2711, "geometry": {"type": "MultiPoint", "coordinates": [[-123.39360624646369, 48.431502705386976]]}, "properties": {"OBJECTID": 2711, "StreetName1": "ESQUIMALT RD", "StreetName2": "ROTHWELL ST", "Intersection": "ESQUIMALT RD & ROTHWELL ST", "Jurisdiction": "COV", "POINT_X": 470885.57359999977, "POINT_Y": 5364335.9615}}, {"type": "Feature", "id": 2712, "geometry": {"type": "MultiPoint", "coordinates": [[-123.34480364914808, 48.41977739944579]]}, "properties": {"OBJECTID": 2712, "StreetName1": "ROCKLAND AVE", "StreetName2": "ROYAL TERR", "Intersection": "ROCKLAND AVE & ROYAL TERR", "Jurisdiction": "COV", "POINT_X": 474489.6897, "POINT_Y": 5363015.2443}}, {"type": "Feature", "id": 2713, "geometry": {"type": "MultiPoint", "coordinates": [[-123.34454602285132, 48.42076579394384]]}, "properties": {"OBJECTID": 2713, "StreetName1": "MANOR RD", "StreetName2": "ROYAL TERR", "Intersection": "MANOR RD & ROYAL TERR", "Jurisdiction": "COV", "POINT_X": 474509.2451999998, "POINT_Y": 5363125.022299999}}, {"type": "Feature", "id": 2714, "geometry": {"type": "MultiPoint", "coordinates": [[-123.34434159507346, 48.421592577435]]}, "properties": {"OBJECTID": 2714, "StreetName1": "CRAIGDARROCH RD", "StreetName2": "ROYAL TERR", "Intersection": "CRAIGDARROCH RD & ROYAL TERR", "Jurisdiction": "COV", "POINT_X": 474524.78330000024, "POINT_Y": 5363216.8544}}, {"type": "Feature", "id": 2715, "geometry": {"type": "MultiPoint", "coordinates": [[-123.35051826505328, 48.426400681516085]]}, "properties": {"OBJECTID": 2715, "StreetName1": "CHAMBERS ST", "StreetName2": "RUDLIN ST", "Intersection": "CHAMBERS ST & RUDLIN ST", "Jurisdiction": "COV", "POINT_X": 474070.2449000003, "POINT_Y": 5363753.3665}}, {"type": "Feature", "id": 2716, "geometry": {"type": "MultiPoint", "coordinates": [[-123.34729337338072, 48.42622757693596]]}, "properties": {"OBJECTID": 2716, "StreetName1": "CAMOSUN ST", "StreetName2": "RUDLIN ST", "Intersection": "CAMOSUN ST & RUDLIN ST", "Jurisdiction": "COV", "POINT_X": 474308.7304999996, "POINT_Y": 5363733.0384}}, {"type": "Feature", "id": 2717, "geometry": {"type": "MultiPoint", "coordinates": [[-123.3454095138566, 48.426127840887574]]}, "properties": {"OBJECTID": 2717, "StreetName1": "FERNWOOD RD", "StreetName2": "RUDLIN ST", "Intersection": "FERNWOOD RD & RUDLIN ST", "Jurisdiction": "COV", "POINT_X": 474448.04619999975, "POINT_Y": 5363721.3221}}, {"type": "Feature", "id": 2718, "geometry": {"type": "MultiPoint", "coordinates": [[-123.32551118574375, 48.42008096903385]]}, "properties": {"OBJECTID": 2718, "StreetName1": "COWICHAN ST", "StreetName2": "RUNNYMEDE AVE", "Intersection": "COWICHAN ST & RUNNYMEDE AVE", "Jurisdiction": "COV", "POINT_X": 475917.2474999996, "POINT_Y": 5363042.7413}}, {"type": "Feature", "id": 2719, "geometry": {"type": "MultiPoint", "coordinates": [[-123.32398733555839, 48.41917839538728]]}, "properties": {"OBJECTID": 2719, "StreetName1": "FOUL BAY RD", "StreetName2": "RUNNYMEDE AVE", "Intersection": "FOUL BAY RD & RUNNYMEDE AVE", "Jurisdiction": "COV", "POINT_X": 476029.5694000004, "POINT_Y": 5362941.9388}}, {"type": "Feature", "id": 2720, "geometry": {"type": "MultiPoint", "coordinates": [[-123.36262363306518, 48.420890224554924]]}, "properties": {"OBJECTID": 2720, "StreetName1": "FAIRFIELD RD", "StreetName2": "RUPERT TERR", "Intersection": "FAIRFIELD RD & RUPERT TERR", "Jurisdiction": "COV", "POINT_X": 473171.80730000045, "POINT_Y": 5363145.0276}}, {"type": "Feature", "id": 2721, "geometry": {"type": "MultiPoint", "coordinates": [[-123.3605235405113, 48.42136863200018]]}, "properties": {"OBJECTID": 2721, "StreetName1": "QUADRA ST", "StreetName2": "RUPERT TERR", "Intersection": "QUADRA ST & RUPERT TERR", "Jurisdiction": "COV", "POINT_X": 473327.43620000035, "POINT_Y": 5363197.470899999}}, {"type": "Feature", "id": 2722, "geometry": {"type": "MultiPoint", "coordinates": [[-123.38726168114972, 48.43500474176712]]}, "properties": {"OBJECTID": 2722, "StreetName1": "LANGFORD ST", "StreetName2": "RUSSELL ST", "Intersection": "LANGFORD ST & RUSSELL ST", "Jurisdiction": "COV", "POINT_X": 471356.85670000035, "POINT_Y": 5364722.834000001}}, {"type": "Feature", "id": 2723, "geometry": {"type": "MultiPoint", "coordinates": [[-123.38726499257817, 48.43650817979836]]}, "properties": {"OBJECTID": 2723, "StreetName1": "RAYNOR AVE", "StreetName2": "RUSSELL ST", "Intersection": "RAYNOR AVE & RUSSELL ST", "Jurisdiction": "COV", "POINT_X": 471357.45689999964, "POINT_Y": 5364889.9484}}, {"type": "Feature", "id": 2724, "geometry": {"type": "MultiPoint", "coordinates": [[-123.38723605414856, 48.43468890322146]]}, "properties": {"OBJECTID": 2724, "StreetName1": "FRONT ST", "StreetName2": "RUSSELL ST", "Intersection": "FRONT ST & RUSSELL ST", "Jurisdiction": "COV", "POINT_X": 471358.57469999976, "POINT_Y": 5364687.717700001}}, {"type": "Feature", "id": 2725, "geometry": {"type": "MultiPoint", "coordinates": [[-123.38721456289173, 48.43379247860544]]}, "properties": {"OBJECTID": 2725, "StreetName1": "EDWARD ST", "StreetName2": "RUSSELL ST", "Intersection": "EDWARD ST & RUSSELL ST", "Jurisdiction": "COV", "POINT_X": 471359.66050000023, "POINT_Y": 5364588.068499999}}, {"type": "Feature", "id": 2726, "geometry": {"type": "MultiPoint", "coordinates": [[-123.38718263878279, 48.43215996482595]]}, "properties": {"OBJECTID": 2726, "StreetName1": "HENRY ST", "StreetName2": "RUSSELL ST", "Intersection": "HENRY ST & RUSSELL ST", "Jurisdiction": "COV", "POINT_X": 471361.1043999996, "POINT_Y": 5364406.5962000005}}, {"type": "Feature", "id": 2727, "geometry": {"type": "MultiPoint", "coordinates": [[-123.38714838338157, 48.42840659868617]]}, "properties": {"OBJECTID": 2727, "StreetName1": "MILNE ST", "StreetName2": "RUSSELL ST", "Intersection": "MILNE ST & RUSSELL ST", "Jurisdiction": "COV", "POINT_X": 471361.52919999976, "POINT_Y": 5363989.382099999}}, {"type": "Feature", "id": 2728, "geometry": {"type": "MultiPoint", "coordinates": [[-123.3872018056382, 48.435647306101046]]}, "properties": {"OBJECTID": 2728, "StreetName1": "CRAIGFLOWER RD", "StreetName2": "RUSSELL ST", "Intersection": "CRAIGFLOWER RD & RUSSELL ST", "Jurisdiction": "COV", "POINT_X": 471361.6465999996, "POINT_Y": 5364794.235200001}}, {"type": "Feature", "id": 2729, "geometry": {"type": "MultiPoint", "coordinates": [[-123.38716839282708, 48.43127720185777]]}, "properties": {"OBJECTID": 2729, "StreetName1": "DUNDAS ST", "StreetName2": "RUSSELL ST", "Intersection": "DUNDAS ST & RUSSELL ST", "Jurisdiction": "COV", "POINT_X": 471361.6621000003, "POINT_Y": 5364308.4683}}, {"type": "Feature", "id": 2730, "geometry": {"type": "MultiPoint", "coordinates": [[-123.38715632691635, 48.43044804087133]]}, "properties": {"OBJECTID": 2730, "StreetName1": "ESQUIMALT RD", "StreetName2": "RUSSELL ST", "Intersection": "ESQUIMALT RD & RUSSELL ST", "Jurisdiction": "COV", "POINT_X": 471362.0887000002, "POINT_Y": 5364216.2993}}, {"type": "Feature", "id": 2731, "geometry": {"type": "MultiPoint", "coordinates": [[-123.36492750485723, 48.446704660998286]]}, "properties": {"OBJECTID": 2731, "StreetName1": "REED ST", "StreetName2": "RUTLEDGE ST", "Intersection": "REED ST & RUTLEDGE ST", "Jurisdiction": "COV", "POINT_X": 473015.02550000045, "POINT_Y": 5366015.2151}}, {"type": "Feature", "id": 2732, "geometry": {"type": "MultiPoint", "coordinates": [[-123.36468237864135, 48.44582116769622]]}, "properties": {"OBJECTID": 2732, "StreetName1": "FINLAYSON ST", "StreetName2": "RUTLEDGE ST", "Intersection": "FINLAYSON ST & RUTLEDGE ST", "Jurisdiction": "COV", "POINT_X": 473032.68460000027, "POINT_Y": 5365916.924699999}}, {"type": "Feature", "id": 2733, "geometry": {"type": "MultiPoint", "coordinates": [[-123.34772842249883, 48.440268776823665]]}, "properties": {"OBJECTID": 2733, "StreetName1": "MT STEPHEN AVE", "StreetName2": "RYAN ST", "Intersection": "MT STEPHEN AVE & RYAN ST", "Jurisdiction": "COV", "POINT_X": 474283.6330000004, "POINT_Y": 5365293.9202}}, {"type": "Feature", "id": 2734, "geometry": {"type": "MultiPoint", "coordinates": [[-123.34478353971984, 48.440141659584114]]}, "properties": {"OBJECTID": 2734, "StreetName1": "CEDAR HILL RD", "StreetName2": "RYAN ST", "Intersection": "CEDAR HILL RD & RYAN ST", "Jurisdiction": "COV", "POINT_X": 474501.3683000002, "POINT_Y": 5365278.8057}}, {"type": "Feature", "id": 2735, "geometry": {"type": "MultiPoint", "coordinates": [[-123.34467999960579, 48.44028199240029]]}, "properties": {"OBJECTID": 2735, "StreetName1": "CEDAR HILL RD", "StreetName2": "RYAN ST", "Intersection": "CEDAR HILL RD & RYAN ST", "Jurisdiction": "COV", "POINT_X": 474509.09619999956, "POINT_Y": 5365294.3697999995}}, {"type": "Feature", "id": 2736, "geometry": {"type": "MultiPoint", "coordinates": [[-123.34420635828701, 48.4401347687186]]}, "properties": {"OBJECTID": 2736, "StreetName1": "IVY PL", "StreetName2": "RYAN ST", "Intersection": "IVY PL & RYAN ST", "Jurisdiction": "COV", "POINT_X": 474544.0524000004, "POINT_Y": 5365277.8477}}, {"type": "Feature", "id": 2737, "geometry": {"type": "MultiPoint", "coordinates": [[-123.34350624839763, 48.44012640666578]]}, "properties": {"OBJECTID": 2737, "StreetName1": "ROSEBERRY AVE", "StreetName2": "RYAN ST", "Intersection": "ROSEBERRY AVE & RYAN ST", "Jurisdiction": "COV", "POINT_X": 474595.82739999983, "POINT_Y": 5365276.685699999}}, {"type": "Feature", "id": 2738, "geometry": {"type": "MultiPoint", "coordinates": [[-123.34217285013992, 48.44011044454263]]}, "properties": {"OBJECTID": 2738, "StreetName1": "AVEBURY AVE", "StreetName2": "RYAN ST", "Intersection": "AVEBURY AVE & RYAN ST", "Jurisdiction": "COV", "POINT_X": 474694.4358000001, "POINT_Y": 5365274.469900001}}, {"type": "Feature", "id": 2739, "geometry": {"type": "MultiPoint", "coordinates": [[-123.3408403423888, 48.440094476927605]]}, "properties": {"OBJECTID": 2739, "StreetName1": "ASQUITH ST", "StreetName2": "RYAN ST", "Intersection": "ASQUITH ST & RYAN ST", "Jurisdiction": "COV", "POINT_X": 474792.9784000004, "POINT_Y": 5365272.2555}}, {"type": "Feature", "id": 2740, "geometry": {"type": "MultiPoint", "coordinates": [[-123.33966360231416, 48.440080363434895], [-123.33902500111714, 48.44007259324897]]}, "properties": {"OBJECTID": 2740, "StreetName1": "BELMONT AVE", "StreetName2": "RYAN ST", "Intersection": "BELMONT AVE & RYAN ST", "Jurisdiction": "COV", "POINT_X": 474903.61475000007, "POINT_Y": 5365269.763499999}}, {"type": "Feature", "id": 2741, "geometry": {"type": "MultiPoint", "coordinates": [[-123.33843167629443, 48.44006537011382]]}, "properties": {"OBJECTID": 2741, "StreetName1": "FORBES ST", "StreetName2": "RYAN ST", "Intersection": "FORBES ST & RYAN ST", "Jurisdiction": "COV", "POINT_X": 474971.10589999985, "POINT_Y": 5365268.23}}, {"type": "Feature", "id": 2742, "geometry": {"type": "MultiPoint", "coordinates": [[-123.3374327299709, 48.44005350962905]]}, "properties": {"OBJECTID": 2742, "StreetName1": "LIONEL ST", "StreetName2": "RYAN ST", "Intersection": "LIONEL ST & RYAN ST", "Jurisdiction": "COV", "POINT_X": 475044.98089999985, "POINT_Y": 5365266.5856}}, {"type": "Feature", "id": 2743, "geometry": {"type": "MultiPoint", "coordinates": [[-123.38182745977193, 48.42864604268156]]}, "properties": {"OBJECTID": 2743, "StreetName1": "KIMTA RD", "StreetName2": "SAGHALIE RD", "Intersection": "KIMTA RD & SAGHALIE RD", "Jurisdiction": "COV", "POINT_X": 471755.28050000034, "POINT_Y": 5364014.0211}}, {"type": "Feature", "id": 2744, "geometry": {"type": "MultiPoint", "coordinates": [[-123.3813484922048, 48.4137939150575]]}, "properties": {"OBJECTID": 2744, "StreetName1": "DALLAS RD", "StreetName2": "SAN JOSE AVE", "Intersection": "DALLAS RD & SAN JOSE AVE", "Jurisdiction": "COV", "POINT_X": 471782.4928000001, "POINT_Y": 5362362.975099999}}, {"type": "Feature", "id": 2745, "geometry": {"type": "MultiPoint", "coordinates": [[-123.37938996497799, 48.415634532029905]]}, "properties": {"OBJECTID": 2745, "StreetName1": "NIAGARA ST", "StreetName2": "SAN JOSE AVE", "Intersection": "NIAGARA ST & SAN JOSE AVE", "Jurisdiction": "COV", "POINT_X": 471928.43090000004, "POINT_Y": 5362566.8467}}, {"type": "Feature", "id": 2746, "geometry": {"type": "MultiPoint", "coordinates": [[-123.34412765331058, 48.43135124205412]]}, "properties": {"OBJECTID": 2746, "StreetName1": "PEMBROKE ST", "StreetName2": "SAYWARD ST", "Intersection": "PEMBROKE ST & SAYWARD ST", "Jurisdiction": "COV", "POINT_X": 474545.4857999999, "POINT_Y": 5364301.4968}}, {"type": "Feature", "id": 2747, "geometry": {"type": "MultiPoint", "coordinates": [[-123.34406266549287, 48.43278630693141]]}, "properties": {"OBJECTID": 2747, "StreetName1": "DENMAN ST", "StreetName2": "SAYWARD ST", "Intersection": "DENMAN ST & SAYWARD ST", "Jurisdiction": "COV", "POINT_X": 474551.0097000003, "POINT_Y": 5364460.988399999}}, {"type": "Feature", "id": 2748, "geometry": {"type": "MultiPoint", "coordinates": [[-123.3350776219375, 48.434012537136766]]}, "properties": {"OBJECTID": 2748, "StreetName1": "BAY ST", "StreetName2": "SCOTT ST", "Intersection": "BAY ST & SCOTT ST", "Jurisdiction": "COV", "POINT_X": 475216.2235000003, "POINT_Y": 5364594.3418000005}}, {"type": "Feature", "id": 2749, "geometry": {"type": "MultiPoint", "coordinates": [[-123.33501332777455, 48.43610128934407]]}, "properties": {"OBJECTID": 2749, "StreetName1": "HAULTAIN ST", "StreetName2": "SCOTT ST", "Intersection": "HAULTAIN ST & SCOTT ST", "Jurisdiction": "COV", "POINT_X": 475221.9949000003, "POINT_Y": 5364826.4943}}, {"type": "Feature", "id": 2750, "geometry": {"type": "MultiPoint", "coordinates": [[-123.33495929928104, 48.4380617484309]]}, "properties": {"OBJECTID": 2750, "StreetName1": "KINGS RD", "StreetName2": "SCOTT ST", "Intersection": "KINGS RD & SCOTT ST", "Jurisdiction": "COV", "POINT_X": 475226.9442999996, "POINT_Y": 5365044.389900001}}, {"type": "Feature", "id": 2751, "geometry": {"type": "MultiPoint", "coordinates": [[-123.33490469575645, 48.440023132436195]]}, "properties": {"OBJECTID": 2751, "StreetName1": "RYAN ST", "StreetName2": "SCOTT ST", "Intersection": "RYAN ST & SCOTT ST", "Jurisdiction": "COV", "POINT_X": 475231.9364, "POINT_Y": 5365262.3882}}, {"type": "Feature", "id": 2752, "geometry": {"type": "MultiPoint", "coordinates": [[-123.33483563104832, 48.44201474021407]]}, "properties": {"OBJECTID": 2752, "StreetName1": "PEARL ST", "StreetName2": "SCOTT ST", "Intersection": "PEARL ST & SCOTT ST", "Jurisdiction": "COV", "POINT_X": 475238.01240000036, "POINT_Y": 5365483.7414}}, {"type": "Feature", "id": 2753, "geometry": {"type": "MultiPoint", "coordinates": [[-123.33477639767065, 48.44372800808626]]}, "properties": {"OBJECTID": 2753, "StreetName1": "MYRTLE AVE", "StreetName2": "SCOTT ST", "Intersection": "MYRTLE AVE & SCOTT ST", "Jurisdiction": "COV", "POINT_X": 475243.2257000003, "POINT_Y": 5365674.1592}}, {"type": "Feature", "id": 2754, "geometry": {"type": "MultiPoint", "coordinates": [[-123.33473413133683, 48.445121905890666]]}, "properties": {"OBJECTID": 2754, "StreetName1": "HILLSIDE AVE", "StreetName2": "SCOTT ST", "Intersection": "HILLSIDE AVE & SCOTT ST", "Jurisdiction": "COV", "POINT_X": 475247.02880000044, "POINT_Y": 5365829.0832}}, {"type": "Feature", "id": 2755, "geometry": {"type": "MultiPoint", "coordinates": [[-123.39038506171514, 48.42955760185841]]}, "properties": {"OBJECTID": 2755, "StreetName1": "MAITLAND ST", "StreetName2": "SEAFORTH ST", "Intersection": "MAITLAND ST & SEAFORTH ST", "Jurisdiction": "COV", "POINT_X": 471122.7461000001, "POINT_Y": 5364118.536}}, {"type": "Feature", "id": 2756, "geometry": {"type": "MultiPoint", "coordinates": [[-123.38883249127385, 48.42955307645069]]}, "properties": {"OBJECTID": 2756, "StreetName1": "ROBERT ST", "StreetName2": "SEAFORTH ST", "Intersection": "ROBERT ST & SEAFORTH ST", "Jurisdiction": "COV", "POINT_X": 471237.59329999983, "POINT_Y": 5364117.4487}}, {"type": "Feature", "id": 2757, "geometry": {"type": "MultiPoint", "coordinates": [[-123.3932203595087, 48.441265086802915]]}, "properties": {"OBJECTID": 2757, "StreetName1": "ARM ST", "StreetName2": "SELKIRK AVE", "Intersection": "ARM ST & SELKIRK AVE", "Jurisdiction": "COV", "POINT_X": 470919.6902999999, "POINT_Y": 5365420.9427000005}}, {"type": "Feature", "id": 2758, "geometry": {"type": "MultiPoint", "coordinates": [[-123.39203557555253, 48.440959344662815], [-123.3913233372139, 48.44079019796025]]}, "properties": {"OBJECTID": 2758, "StreetName1": "BURLEITH CRES", "StreetName2": "SELKIRK AVE", "Intersection": "BURLEITH CRES & SELKIRK AVE", "Jurisdiction": "COV", "POINT_X": 471033.42889999994, "POINT_Y": 5365376.9735}}, {"type": "Feature", "id": 2759, "geometry": {"type": "MultiPoint", "coordinates": [[-123.38994234703188, 48.43987056607718]]}, "properties": {"OBJECTID": 2759, "StreetName1": "COVENTRY AVE", "StreetName2": "SELKIRK AVE", "Intersection": "COVENTRY AVE & SELKIRK AVE", "Jurisdiction": "COV", "POINT_X": 471161.33270000014, "POINT_Y": 5365264.6962}}, {"type": "Feature", "id": 2760, "geometry": {"type": "MultiPoint", "coordinates": [[-123.33811542605974, 48.447729260944364]]}, "properties": {"OBJECTID": 2760, "StreetName1": "BURTON AVE", "StreetName2": "SHAKESPEARE ST", "Intersection": "BURTON AVE & SHAKESPEARE ST", "Jurisdiction": "COV", "POINT_X": 474998.2571999999, "POINT_Y": 5366120.000600001}}, {"type": "Feature", "id": 2761, "geometry": {"type": "MultiPoint", "coordinates": [[-123.33750814582145, 48.44695716614379]]}, "properties": {"OBJECTID": 2761, "StreetName1": "OAKLAND AVE", "StreetName2": "SHAKESPEARE ST", "Intersection": "OAKLAND AVE & SHAKESPEARE ST", "Jurisdiction": "COV", "POINT_X": 475042.7857999997, "POINT_Y": 5366033.980799999}}, {"type": "Feature", "id": 2762, "geometry": {"type": "MultiPoint", "coordinates": [[-123.33693448927106, 48.44619181864909]]}, "properties": {"OBJECTID": 2762, "StreetName1": "EDGEWARE RD", "StreetName2": "SHAKESPEARE ST", "Intersection": "EDGEWARE RD & SHAKESPEARE ST", "Jurisdiction": "COV", "POINT_X": 475084.8326000003, "POINT_Y": 5365948.7223000005}}, {"type": "Feature", "id": 2763, "geometry": {"type": "MultiPoint", "coordinates": [[-123.33619213953429, 48.43611587162344]]}, "properties": {"OBJECTID": 2763, "StreetName1": "HAULTAIN ST", "StreetName2": "SHAKESPEARE ST", "Intersection": "HAULTAIN ST & SHAKESPEARE ST", "Jurisdiction": "COV", "POINT_X": 475134.81180000026, "POINT_Y": 5364828.497300001}}, {"type": "Feature", "id": 2764, "geometry": {"type": "MultiPoint", "coordinates": [[-123.33625993840586, 48.434069955334955], [-123.33559318868677, 48.43403757722458]]}, "properties": {"OBJECTID": 2764, "StreetName1": "BAY ST", "StreetName2": "SHAKESPEARE ST", "Intersection": "BAY ST & SHAKESPEARE ST", "Jurisdiction": "COV", "POINT_X": 475153.4494999996, "POINT_Y": 5364599.199749999}}, {"type": "Feature", "id": 2765, "geometry": {"type": "MultiPoint", "coordinates": [[-123.33588188507477, 48.42942962065036]]}, "properties": {"OBJECTID": 2765, "StreetName1": "BEGBIE ST", "StreetName2": "SHAKESPEARE ST", "Intersection": "BEGBIE ST & SHAKESPEARE ST", "Jurisdiction": "COV", "POINT_X": 475154.49990000017, "POINT_Y": 5364085.1929}}, {"type": "Feature", "id": 2766, "geometry": {"type": "MultiPoint", "coordinates": [[-123.33582198645905, 48.43024627464849]]}, "properties": {"OBJECTID": 2766, "StreetName1": "GLADSTONE AVE", "StreetName2": "SHAKESPEARE ST", "Intersection": "GLADSTONE AVE & SHAKESPEARE ST", "Jurisdiction": "COV", "POINT_X": 475159.3289000001, "POINT_Y": 5364175.947799999}}, {"type": "Feature", "id": 2767, "geometry": {"type": "MultiPoint", "coordinates": [[-123.33587199953992, 48.440034677187256]]}, "properties": {"OBJECTID": 2767, "StreetName1": "RYAN ST", "StreetName2": "SHAKESPEARE ST", "Intersection": "RYAN ST & SHAKESPEARE ST", "Jurisdiction": "COV", "POINT_X": 475160.40139999986, "POINT_Y": 5365263.9848}}, {"type": "Feature", "id": 2768, "geometry": {"type": "MultiPoint", "coordinates": [[-123.33585603169449, 48.44051532654661]]}, "properties": {"OBJECTID": 2768, "StreetName1": "LIONEL ST", "StreetName2": "SHAKESPEARE ST", "Intersection": "LIONEL ST & SHAKESPEARE ST", "Jurisdiction": "COV", "POINT_X": 475161.8167000003, "POINT_Y": 5365317.4058}}, {"type": "Feature", "id": 2769, "geometry": {"type": "MultiPoint", "coordinates": [[-123.3358303712088, 48.44125520626449]]}, "properties": {"OBJECTID": 2769, "StreetName1": "MORLEY ST", "StreetName2": "SHAKESPEARE ST", "Intersection": "MORLEY ST & SHAKESPEARE ST", "Jurisdiction": "COV", "POINT_X": 475164.07519999985, "POINT_Y": 5365399.6382}}, {"type": "Feature", "id": 2770, "geometry": {"type": "MultiPoint", "coordinates": [[-123.335755562369, 48.43115185392647]]}, "properties": {"OBJECTID": 2770, "StreetName1": "PEMBROKE ST", "StreetName2": "SHAKESPEARE ST", "Intersection": "PEMBROKE ST & SHAKESPEARE ST", "Jurisdiction": "COV", "POINT_X": 475164.68379999977, "POINT_Y": 5364276.585000001}}, {"type": "Feature", "id": 2771, "geometry": {"type": "MultiPoint", "coordinates": [[-123.335804433585, 48.44202555877186]]}, "properties": {"OBJECTID": 2771, "StreetName1": "PEARL ST", "StreetName2": "SHAKESPEARE ST", "Intersection": "PEARL ST & SHAKESPEARE ST", "Jurisdiction": "COV", "POINT_X": 475166.36899999995, "POINT_Y": 5365485.2577}}, {"type": "Feature", "id": 2772, "geometry": {"type": "MultiPoint", "coordinates": [[-123.33574893815256, 48.44374072441372]]}, "properties": {"OBJECTID": 2772, "StreetName1": "MYRTLE AVE", "StreetName2": "SHAKESPEARE ST", "Intersection": "MYRTLE AVE & SHAKESPEARE ST", "Jurisdiction": "COV", "POINT_X": 475171.3092, "POINT_Y": 5365675.887599999}}, {"type": "Feature", "id": 2773, "geometry": {"type": "MultiPoint", "coordinates": [[-123.33567368670597, 48.43259294233168]]}, "properties": {"OBJECTID": 2773, "StreetName1": "DENMAN ST", "StreetName2": "SHAKESPEARE ST", "Intersection": "DENMAN ST & SHAKESPEARE ST", "Jurisdiction": "COV", "POINT_X": 475171.44240000006, "POINT_Y": 5364436.7412}}, {"type": "Feature", "id": 2774, "geometry": {"type": "MultiPoint", "coordinates": [[-123.33573360136445, 48.44473025272924]]}, "properties": {"OBJECTID": 2774, "StreetName1": "HILLSIDE AVE", "StreetName2": "SHAKESPEARE ST", "Intersection": "HILLSIDE AVE & SHAKESPEARE ST", "Jurisdiction": "COV", "POINT_X": 475172.92569999956, "POINT_Y": 5365785.8729}}, {"type": "Feature", "id": 2775, "geometry": {"type": "MultiPoint", "coordinates": [[-123.33368047907217, 48.43395471869563]]}, "properties": {"OBJECTID": 2775, "StreetName1": "BAY ST", "StreetName2": "SHELBOURNE ST", "Intersection": "BAY ST & SHELBOURNE ST", "Jurisdiction": "COV", "POINT_X": 475319.5387000004, "POINT_Y": 5364587.4638}}, {"type": "Feature", "id": 2776, "geometry": {"type": "MultiPoint", "coordinates": [[-123.33363355828065, 48.433198484584125]]}, "properties": {"OBJECTID": 2776, "StreetName1": "ALBERT AVE", "StreetName2": "SHELBOURNE ST", "Intersection": "ALBERT AVE & SHELBOURNE ST", "Jurisdiction": "COV", "POINT_X": 475322.6431, "POINT_Y": 5364503.3902}}, {"type": "Feature", "id": 2777, "geometry": {"type": "MultiPoint", "coordinates": [[-123.33361086284124, 48.43604963915662]]}, "properties": {"OBJECTID": 2777, "StreetName1": "HAULTAIN ST", "StreetName2": "SHELBOURNE ST", "Intersection": "HAULTAIN ST & SHELBOURNE ST", "Jurisdiction": "COV", "POINT_X": 475325.70249999966, "POINT_Y": 5364820.3003}}, {"type": "Feature", "id": 2778, "geometry": {"type": "MultiPoint", "coordinates": [[-123.33355563098948, 48.43802886239387]]}, "properties": {"OBJECTID": 2778, "StreetName1": "KINGS RD", "StreetName2": "SHELBOURNE ST", "Intersection": "KINGS RD & SHELBOURNE ST", "Jurisdiction": "COV", "POINT_X": 475330.7460000003, "POINT_Y": 5365040.281300001}}, {"type": "Feature", "id": 2779, "geometry": {"type": "MultiPoint", "coordinates": [[-123.33350050223054, 48.440004186431864]]}, "properties": {"OBJECTID": 2779, "StreetName1": "RYAN ST", "StreetName2": "SHELBOURNE ST", "Intersection": "RYAN ST & SHELBOURNE ST", "Jurisdiction": "COV", "POINT_X": 475335.77969999984, "POINT_Y": 5365259.829}}, {"type": "Feature", "id": 2780, "geometry": {"type": "MultiPoint", "coordinates": [[-123.33336398840314, 48.430415591115036]]}, "properties": {"OBJECTID": 2780, "StreetName1": "BEGBIE ST", "StreetName2": "SHELBOURNE ST", "Intersection": "BEGBIE ST & SHELBOURNE ST", "Jurisdiction": "COV", "POINT_X": 475341.2363, "POINT_Y": 5364193.9736}}, {"type": "Feature", "id": 2781, "geometry": {"type": "MultiPoint", "coordinates": [[-123.33343096562994, 48.44199570924024]]}, "properties": {"OBJECTID": 2781, "StreetName1": "PEARL ST", "StreetName2": "SHELBOURNE ST", "Intersection": "PEARL ST & SHELBOURNE ST", "Jurisdiction": "COV", "POINT_X": 475341.8865, "POINT_Y": 5365481.172700001}}, {"type": "Feature", "id": 2782, "geometry": {"type": "MultiPoint", "coordinates": [[-123.33337034358507, 48.443707728074834]]}, "properties": {"OBJECTID": 2782, "StreetName1": "MYRTLE AVE", "StreetName2": "SHELBOURNE ST", "Intersection": "MYRTLE AVE & SHELBOURNE ST", "Jurisdiction": "COV", "POINT_X": 475347.1984000001, "POINT_Y": 5365671.451300001}}, {"type": "Feature", "id": 2783, "geometry": {"type": "MultiPoint", "coordinates": [[-123.33331354314257, 48.4456945812271]]}, "properties": {"OBJECTID": 2783, "StreetName1": "HILLSIDE AVE", "StreetName2": "SHELBOURNE ST", "Intersection": "HILLSIDE AVE & SHELBOURNE ST", "Jurisdiction": "COV", "POINT_X": 475352.36039999966, "POINT_Y": 5365892.280200001}}, {"type": "Feature", "id": 2784, "geometry": {"type": "MultiPoint", "coordinates": [[-123.33327364648855, 48.4481609063337]]}, "properties": {"OBJECTID": 2784, "StreetName1": "NORTH DAIRY RD", "StreetName2": "SHELBOURNE ST", "Intersection": "NORTH DAIRY RD & SHELBOURNE ST", "Jurisdiction": "COV", "POINT_X": 475356.50409999955, "POINT_Y": 5366166.41}}, {"type": "Feature", "id": 2785, "geometry": {"type": "MultiPoint", "coordinates": [[-123.33312983290165, 48.432475227013896]]}, "properties": {"OBJECTID": 2785, "StreetName1": "DENMAN ST", "StreetName2": "SHELBOURNE ST", "Intersection": "DENMAN ST & SHELBOURNE ST", "Jurisdiction": "COV", "POINT_X": 475359.5532999998, "POINT_Y": 5364422.835000001}}, {"type": "Feature", "id": 2786, "geometry": {"type": "MultiPoint", "coordinates": [[-123.3329629048236, 48.43107328476309], [-123.33295927095729, 48.43107327728422]]}, "properties": {"OBJECTID": 2786, "StreetName1": "PEMBROKE ST", "StreetName2": "SHELBOURNE ST", "Intersection": "PEMBROKE ST & SHELBOURNE ST", "Jurisdiction": "COV", "POINT_X": 475371.35779999953, "POINT_Y": 5364266.948799999}}, {"type": "Feature", "id": 2787, "geometry": {"type": "MultiPoint", "coordinates": [[-123.33290099543777, 48.43173152205843]]}, "properties": {"OBJECTID": 2787, "StreetName1": "CORONATION AVE", "StreetName2": "SHELBOURNE ST", "Intersection": "CORONATION AVE & SHELBOURNE ST", "Jurisdiction": "COV", "POINT_X": 475376.1210000003, "POINT_Y": 5364340.0956}}, {"type": "Feature", "id": 2788, "geometry": {"type": "MultiPoint", "coordinates": [[-123.39037471163617, 48.434139323967194]]}, "properties": {"OBJECTID": 2788, "StreetName1": "GRIFFITHS ST", "StreetName2": "SHERK ST", "Intersection": "GRIFFITHS ST & SHERK ST", "Jurisdiction": "COV", "POINT_X": 471126.10780000035, "POINT_Y": 5364627.808499999}}, {"type": "Feature", "id": 2789, "geometry": {"type": "MultiPoint", "coordinates": [[-123.32769030761553, 48.41488735807503]]}, "properties": {"OBJECTID": 2789, "StreetName1": "FOUL BAY RD", "StreetName2": "SHOTBOLT RD", "Intersection": "FOUL BAY RD & SHOTBOLT RD", "Jurisdiction": "COV", "POINT_X": 475753.54949999973, "POINT_Y": 5362466.1395}}, {"type": "Feature", "id": 2790, "geometry": {"type": "MultiPoint", "coordinates": [[-123.32623986889607, 48.41561309919339]]}, "properties": {"OBJECTID": 2790, "StreetName1": "FAIRFIELD RD", "StreetName2": "SHOTBOLT RD", "Intersection": "FAIRFIELD RD & SHOTBOLT RD", "Jurisdiction": "COV", "POINT_X": 475861.2187000001, "POINT_Y": 5362546.350199999}}, {"type": "Feature", "id": 2791, "geometry": {"type": "MultiPoint", "coordinates": [[-123.3856074203467, 48.42092007255712]]}, "properties": {"OBJECTID": 2791, "StreetName1": "DALLAS RD", "StreetName2": "SIMCOE ST", "Intersection": "DALLAS RD & SIMCOE ST", "Jurisdiction": "COV", "POINT_X": 471471.3332000002, "POINT_Y": 5363156.6512}}, {"type": "Feature", "id": 2792, "geometry": {"type": "MultiPoint", "coordinates": [[-123.3814641460665, 48.4189420378142]]}, "properties": {"OBJECTID": 2792, "StreetName1": "MONTREAL ST", "StreetName2": "SIMCOE ST", "Intersection": "MONTREAL ST & SIMCOE ST", "Jurisdiction": "COV", "POINT_X": 471776.78450000007, "POINT_Y": 5362935.2502999995}}, {"type": "Feature", "id": 2793, "geometry": {"type": "MultiPoint", "coordinates": [[-123.37853716124802, 48.417539878253955]]}, "properties": {"OBJECTID": 2793, "StreetName1": "OSWEGO ST", "StreetName2": "SIMCOE ST", "Intersection": "OSWEGO ST & SIMCOE ST", "Jurisdiction": "COV", "POINT_X": 471992.5800000001, "POINT_Y": 5362778.320699999}}, {"type": "Feature", "id": 2794, "geometry": {"type": "MultiPoint", "coordinates": [[-123.37666370663284, 48.416643916281316]]}, "properties": {"OBJECTID": 2794, "StreetName1": "RENDALL ST", "StreetName2": "SIMCOE ST", "Intersection": "RENDALL ST & SIMCOE ST", "Jurisdiction": "COV", "POINT_X": 472130.7098000003, "POINT_Y": 5362678.047900001}}, {"type": "Feature", "id": 2795, "geometry": {"type": "MultiPoint", "coordinates": [[-123.37558295656065, 48.41612702425607]]}, "properties": {"OBJECTID": 2795, "StreetName1": "CROFT ST", "StreetName2": "SIMCOE ST", "Intersection": "CROFT ST & SIMCOE ST", "Jurisdiction": "COV", "POINT_X": 472210.3957000002, "POINT_Y": 5362620.2008}}, {"type": "Feature", "id": 2796, "geometry": {"type": "MultiPoint", "coordinates": [[-123.37393010343922, 48.415372701175016]]}, "properties": {"OBJECTID": 2796, "StreetName1": "MENZIES ST", "StreetName2": "SIMCOE ST", "Intersection": "MENZIES ST & SIMCOE ST", "Jurisdiction": "COV", "POINT_X": 472332.28670000006, "POINT_Y": 5362535.7567}}, {"type": "Feature", "id": 2797, "geometry": {"type": "MultiPoint", "coordinates": [[-123.37321139503068, 48.415021676695716]]}, "properties": {"OBJECTID": 2797, "StreetName1": "MEDANA ST", "StreetName2": "SIMCOE ST", "Intersection": "MEDANA ST & SIMCOE ST", "Jurisdiction": "COV", "POINT_X": 472385.2770999996, "POINT_Y": 5362496.479699999}}, {"type": "Feature", "id": 2798, "geometry": {"type": "MultiPoint", "coordinates": [[-123.37224117073985, 48.41455773254557]]}, "properties": {"OBJECTID": 2798, "StreetName1": "CLARENCE ST", "StreetName2": "SIMCOE ST", "Intersection": "CLARENCE ST & SIMCOE ST", "Jurisdiction": "COV", "POINT_X": 472456.8183000004, "POINT_Y": 5362444.5613}}, {"type": "Feature", "id": 2799, "geometry": {"type": "MultiPoint", "coordinates": [[-123.37032594374014, 48.41362760357373]]}, "properties": {"OBJECTID": 2799, "StreetName1": "GOVERNMENT ST", "StreetName2": "SIMCOE ST", "Intersection": "GOVERNMENT ST & SIMCOE ST", "Jurisdiction": "COV", "POINT_X": 472598.0371000003, "POINT_Y": 5362340.487199999}}, {"type": "Feature", "id": 2800, "geometry": {"type": "MultiPoint", "coordinates": [[-123.36784378125763, 48.41245313297647]]}, "properties": {"OBJECTID": 2800, "StreetName1": "CIRCLE DR", "StreetName2": "SIMCOE ST", "Intersection": "CIRCLE DR & SIMCOE ST", "Jurisdiction": "COV", "POINT_X": 472781.08299999963, "POINT_Y": 5362209.055600001}}, {"type": "Feature", "id": 2801, "geometry": {"type": "MultiPoint", "coordinates": [[-123.38042227314443, 48.429301193002615]]}, "properties": {"OBJECTID": 2801, "StreetName1": "SAGHALIE RD", "StreetName2": "SITKUM RD", "Intersection": "SAGHALIE RD & SITKUM RD", "Jurisdiction": "COV", "POINT_X": 471859.59130000044, "POINT_Y": 5364086.326300001}}, {"type": "Feature", "id": 2802, "geometry": {"type": "MultiPoint", "coordinates": [[-123.38018380685178, 48.429871357433036]]}, "properties": {"OBJECTID": 2802, "StreetName1": "ESQUIMALT RD", "StreetName2": "SITKUM RD", "Intersection": "ESQUIMALT RD & SITKUM RD", "Jurisdiction": "COV", "POINT_X": 471877.5462999996, "POINT_Y": 5364149.614700001}}, {"type": "Feature", "id": 2803, "geometry": {"type": "MultiPoint", "coordinates": [[-123.3872018056382, 48.435647306101046]]}, "properties": {"OBJECTID": 2803, "StreetName1": "CRAIGFLOWER RD", "StreetName2": "SKINNER ST", "Intersection": "CRAIGFLOWER RD & SKINNER ST", "Jurisdiction": "COV", "POINT_X": 471361.6465999996, "POINT_Y": 5364794.235200001}}, {"type": "Feature", "id": 2804, "geometry": {"type": "MultiPoint", "coordinates": [[-123.38606910366148, 48.4355976624484]]}, "properties": {"OBJECTID": 2804, "StreetName1": "MARY ST", "StreetName2": "SKINNER ST", "Intersection": "MARY ST & SKINNER ST", "Jurisdiction": "COV", "POINT_X": 471445.39919999987, "POINT_Y": 5364788.2941}}, {"type": "Feature", "id": 2805, "geometry": {"type": "MultiPoint", "coordinates": [[-123.3848212909142, 48.43559230648213]]}, "properties": {"OBJECTID": 2805, "StreetName1": "CATHERINE ST", "StreetName2": "SKINNER ST", "Intersection": "CATHERINE ST & SKINNER ST", "Jurisdiction": "COV", "POINT_X": 471537.6908999998, "POINT_Y": 5364787.234200001}}, {"type": "Feature", "id": 2806, "geometry": {"type": "MultiPoint", "coordinates": [[-123.3833641729118, 48.43557594345613]]}, "properties": {"OBJECTID": 2806, "StreetName1": "ALSTON ST", "StreetName2": "SKINNER ST", "Intersection": "ALSTON ST & SKINNER ST", "Jurisdiction": "COV", "POINT_X": 471645.4578, "POINT_Y": 5364784.8748}}, {"type": "Feature", "id": 2807, "geometry": {"type": "MultiPoint", "coordinates": [[-123.38169538591922, 48.43441468874514]]}, "properties": {"OBJECTID": 2807, "StreetName1": "LANGFORD ST", "StreetName2": "SKINNER ST", "Intersection": "LANGFORD ST & SKINNER ST", "Jurisdiction": "COV", "POINT_X": 471768.2466000002, "POINT_Y": 5364655.1800999995}}, {"type": "Feature", "id": 2808, "geometry": {"type": "MultiPoint", "coordinates": [[-123.35030884970686, 48.44937850795791]]}, "properties": {"OBJECTID": 2808, "StreetName1": "COOK ST", "StreetName2": "SLATER PL", "Intersection": "COOK ST & SLATER PL", "Jurisdiction": "COV", "POINT_X": 474097.4215000002, "POINT_Y": 5366307.3752999995}}, {"type": "Feature", "id": 2809, "geometry": {"type": "MultiPoint", "coordinates": [[-123.35344336339224, 48.44894988954765]]}, "properties": {"OBJECTID": 2809, "StreetName1": "HIGHVIEW ST", "StreetName2": "SLATER ST", "Intersection": "HIGHVIEW ST & SLATER ST", "Jurisdiction": "COV", "POINT_X": 473865.4193000002, "POINT_Y": 5366260.797800001}}, {"type": "Feature", "id": 2810, "geometry": {"type": "MultiPoint", "coordinates": [[-123.35030884970686, 48.44937850795791]]}, "properties": {"OBJECTID": 2810, "StreetName1": "COOK ST", "StreetName2": "SLATER ST", "Intersection": "COOK ST & SLATER ST", "Jurisdiction": "COV", "POINT_X": 474097.4215000002, "POINT_Y": 5366307.3752999995}}, {"type": "Feature", "id": 2811, "geometry": {"type": "MultiPoint", "coordinates": [[-123.329304555773, 48.42205031230697]]}, "properties": {"OBJECTID": 2811, "StreetName1": "QUAMICHAN ST", "StreetName2": "SOMENOS ST", "Intersection": "QUAMICHAN ST & SOMENOS ST", "Jurisdiction": "COV", "POINT_X": 475637.5257000001, "POINT_Y": 5363262.841}}, {"type": "Feature", "id": 2812, "geometry": {"type": "MultiPoint", "coordinates": [[-123.35663315226626, 48.44685216464899]]}, "properties": {"OBJECTID": 2812, "StreetName1": "FINLAYSON ST", "StreetName2": "SOMERSET ST", "Intersection": "FINLAYSON ST & SOMERSET ST", "Jurisdiction": "COV", "POINT_X": 473628.46160000004, "POINT_Y": 5366028.7205}}, {"type": "Feature", "id": 2813, "geometry": {"type": "MultiPoint", "coordinates": [[-123.38002233878088, 48.42746081346895]]}, "properties": {"OBJECTID": 2813, "StreetName1": "KIMTA RD", "StreetName2": "SONGHEES RD", "Intersection": "KIMTA RD & SONGHEES RD", "Jurisdiction": "COV", "POINT_X": 471888.16110000014, "POINT_Y": 5363881.6141}}, {"type": "Feature", "id": 2814, "geometry": {"type": "MultiPoint", "coordinates": [[-123.37746643652417, 48.42740008553193]]}, "properties": {"OBJECTID": 2814, "StreetName1": "KIMTA RD", "StreetName2": "SONGHEES RD", "Intersection": "KIMTA RD & SONGHEES RD", "Jurisdiction": "COV", "POINT_X": 472077.20579999965, "POINT_Y": 5363873.9289}}, {"type": "Feature", "id": 2815, "geometry": {"type": "MultiPoint", "coordinates": [[-123.37485360585062, 48.41072506447731]]}, "properties": {"OBJECTID": 2815, "StreetName1": "DALLAS RD", "StreetName2": "SOUTH TURNER ST", "Intersection": "DALLAS RD & SOUTH TURNER ST", "Jurisdiction": "COV", "POINT_X": 472261.42459999956, "POINT_Y": 5362019.4892}}, {"type": "Feature", "id": 2816, "geometry": {"type": "MultiPoint", "coordinates": [[-123.37382621423771, 48.411669537367914]]}, "properties": {"OBJECTID": 2816, "StreetName1": "RITHET ST", "StreetName2": "SOUTH TURNER ST", "Intersection": "RITHET ST & SOUTH TURNER ST", "Jurisdiction": "COV", "POINT_X": 472337.96520000044, "POINT_Y": 5362124.099199999}}, {"type": "Feature", "id": 2817, "geometry": {"type": "MultiPoint", "coordinates": [[-123.37291218569169, 48.41252587481272]]}, "properties": {"OBJECTID": 2817, "StreetName1": "NIAGARA ST", "StreetName2": "SOUTH TURNER ST", "Intersection": "NIAGARA ST & SOUTH TURNER ST", "Jurisdiction": "COV", "POINT_X": 472406.06659999955, "POINT_Y": 5362218.954500001}}, {"type": "Feature", "id": 2818, "geometry": {"type": "MultiPoint", "coordinates": [[-123.37121439867897, 48.414066793921506]]}, "properties": {"OBJECTID": 2818, "StreetName1": "SIMCOE ST", "StreetName2": "SOUTH TURNER ST", "Intersection": "SIMCOE ST & SOUTH TURNER ST", "Jurisdiction": "COV", "POINT_X": 472532.5306000002, "POINT_Y": 5362389.623}}, {"type": "Feature", "id": 2819, "geometry": {"type": "MultiPoint", "coordinates": [[-123.36564302052611, 48.41849328174248]]}, "properties": {"OBJECTID": 2819, "StreetName1": "DOUGLAS ST", "StreetName2": "SOUTHGATE ST", "Intersection": "DOUGLAS ST & SOUTHGATE ST", "Jurisdiction": "COV", "POINT_X": 472947.1414000001, "POINT_Y": 5362879.660499999}}, {"type": "Feature", "id": 2820, "geometry": {"type": "MultiPoint", "coordinates": [[-123.36259044974415, 48.41758352674885], [-123.36257107635626, 48.41761666811634]]}, "properties": {"OBJECTID": 2820, "StreetName1": "ARBUTUS WAY", "StreetName2": "SOUTHGATE ST", "Intersection": "ARBUTUS WAY & SOUTHGATE ST", "Jurisdiction": "COV", "POINT_X": 473173.24795, "POINT_Y": 5362779.3027}}, {"type": "Feature", "id": 2821, "geometry": {"type": "MultiPoint", "coordinates": [[-123.36241826366025, 48.41760619171031]]}, "properties": {"OBJECTID": 2821, "StreetName1": "QUADRA ST", "StreetName2": "SOUTHGATE ST", "Intersection": "QUADRA ST & SOUTHGATE ST", "Jurisdiction": "COV", "POINT_X": 473185.27469999995, "POINT_Y": 5362779.9232}}, {"type": "Feature", "id": 2822, "geometry": {"type": "MultiPoint", "coordinates": [[-123.36049159468942, 48.416780624014486]]}, "properties": {"OBJECTID": 2822, "StreetName1": "HEYWOOD AVE", "StreetName2": "SOUTHGATE ST", "Intersection": "HEYWOOD AVE & SOUTHGATE ST", "Jurisdiction": "COV", "POINT_X": 473327.3996000001, "POINT_Y": 5362687.4856}}, {"type": "Feature", "id": 2823, "geometry": {"type": "MultiPoint", "coordinates": [[-123.35579718617736, 48.41631094788331]]}, "properties": {"OBJECTID": 2823, "StreetName1": "COOK ST", "StreetName2": "SOUTHGATE ST", "Intersection": "COOK ST & SOUTHGATE ST", "Jurisdiction": "COV", "POINT_X": 473674.50820000004, "POINT_Y": 5362633.655300001}}, {"type": "Feature", "id": 2824, "geometry": {"type": "MultiPoint", "coordinates": [[-123.37166451482669, 48.446605561835746]]}, "properties": {"OBJECTID": 2824, "StreetName1": "DOUGLAS ST", "StreetName2": "SPEED AVE", "Intersection": "DOUGLAS ST & SPEED AVE", "Jurisdiction": "COV", "POINT_X": 472516.77639999986, "POINT_Y": 5366006.5963}}, {"type": "Feature", "id": 2825, "geometry": {"type": "MultiPoint", "coordinates": [[-123.34757098507126, 48.43156077046639]]}, "properties": {"OBJECTID": 2825, "StreetName1": "PEMBROKE ST", "StreetName2": "SPRING RD", "Intersection": "PEMBROKE ST & SPRING RD", "Jurisdiction": "COV", "POINT_X": 474290.88350000046, "POINT_Y": 5364325.937000001}}, {"type": "Feature", "id": 2826, "geometry": {"type": "MultiPoint", "coordinates": [[-123.34746027753461, 48.43250410104708]]}, "properties": {"OBJECTID": 2826, "StreetName1": "PRINCESS AVE", "StreetName2": "SPRING RD", "Intersection": "PRINCESS AVE & SPRING RD", "Jurisdiction": "COV", "POINT_X": 474299.54839999974, "POINT_Y": 5364430.754799999}}, {"type": "Feature", "id": 2827, "geometry": {"type": "MultiPoint", "coordinates": [[-123.34741004802821, 48.4328863234965]]}, "properties": {"OBJECTID": 2827, "StreetName1": "DENMAN ST", "StreetName2": "SPRING RD", "Intersection": "DENMAN ST & SPRING RD", "Jurisdiction": "COV", "POINT_X": 474303.45660000015, "POINT_Y": 5364473.2235}}, {"type": "Feature", "id": 2828, "geometry": {"type": "MultiPoint", "coordinates": [[-123.34738889250897, 48.43327611507808]]}, "properties": {"OBJECTID": 2828, "StreetName1": "QUEENS AVE", "StreetName2": "SPRING RD", "Intersection": "QUEENS AVE & SPRING RD", "Jurisdiction": "COV", "POINT_X": 474305.21800000034, "POINT_Y": 5364516.543299999}}, {"type": "Feature", "id": 2829, "geometry": {"type": "MultiPoint", "coordinates": [[-123.38800819483599, 48.432569632939206]]}, "properties": {"OBJECTID": 2829, "StreetName1": "FRONT ST", "StreetName2": "SPRINGFIELD ST", "Intersection": "FRONT ST & SPRINGFIELD ST", "Jurisdiction": "COV", "POINT_X": 471300.26860000007, "POINT_Y": 5364452.441500001}}, {"type": "Feature", "id": 2830, "geometry": {"type": "MultiPoint", "coordinates": [[-123.38781184373659, 48.43048733282199]]}, "properties": {"OBJECTID": 2830, "StreetName1": "ESQUIMALT RD", "StreetName2": "SPRINGFIELD ST", "Intersection": "ESQUIMALT RD & SPRINGFIELD ST", "Jurisdiction": "COV", "POINT_X": 471313.6205000002, "POINT_Y": 5364220.9121}}, {"type": "Feature", "id": 2831, "geometry": {"type": "MultiPoint", "coordinates": [[-123.36975896591737, 48.44338156425494]]}, "properties": {"OBJECTID": 2831, "StreetName1": "DOUGLAS ST", "StreetName2": "SPRUCE AVE", "Intersection": "DOUGLAS ST & SPRUCE AVE", "Jurisdiction": "COV", "POINT_X": 472655.9595999997, "POINT_Y": 5365647.553099999}}, {"type": "Feature", "id": 2832, "geometry": {"type": "MultiPoint", "coordinates": [[-123.36795823198071, 48.443892468486595]]}, "properties": {"OBJECTID": 2832, "StreetName1": "NANAIMO ST", "StreetName2": "SPRUCE AVE", "Intersection": "NANAIMO ST & SPRUCE AVE", "Jurisdiction": "COV", "POINT_X": 472789.40380000044, "POINT_Y": 5365703.7007}}, {"type": "Feature", "id": 2833, "geometry": {"type": "MultiPoint", "coordinates": [[-123.36064994302511, 48.4445114037397]]}, "properties": {"OBJECTID": 2833, "StreetName1": "QUADRA ST", "StreetName2": "SPRUCE AVE", "Intersection": "QUADRA ST & SPRUCE AVE", "Jurisdiction": "COV", "POINT_X": 473330.1989000002, "POINT_Y": 5365769.9264}}, {"type": "Feature", "id": 2834, "geometry": {"type": "MultiPoint", "coordinates": [[-123.37081737271916, 48.41155221376363]]}, "properties": {"OBJECTID": 2834, "StreetName1": "NIAGARA ST", "StreetName2": "ST ANDREWS ST", "Intersection": "NIAGARA ST & ST ANDREWS ST", "Jurisdiction": "COV", "POINT_X": 472560.5560999997, "POINT_Y": 5362109.9761}}, {"type": "Feature", "id": 2835, "geometry": {"type": "MultiPoint", "coordinates": [[-123.36994067277568, 48.41235723664497]]}, "properties": {"OBJECTID": 2835, "StreetName1": "BEACON ST", "StreetName2": "ST ANDREWS ST", "Intersection": "BEACON ST & ST ANDREWS ST", "Jurisdiction": "COV", "POINT_X": 472625.8640999999, "POINT_Y": 5362199.1436}}, {"type": "Feature", "id": 2836, "geometry": {"type": "MultiPoint", "coordinates": [[-123.36917192739506, 48.413075710372]]}, "properties": {"OBJECTID": 2836, "StreetName1": "SIMCOE ST", "StreetName2": "ST ANDREWS ST", "Intersection": "SIMCOE ST & ST ANDREWS ST", "Jurisdiction": "COV", "POINT_X": 472683.1353000002, "POINT_Y": 5362278.7301}}, {"type": "Feature", "id": 2837, "geometry": {"type": "MultiPoint", "coordinates": [[-123.36844759230543, 48.414371246854685]]}, "properties": {"OBJECTID": 2837, "StreetName1": "MARIFIELD AVE", "StreetName2": "ST ANDREWS ST", "Intersection": "MARIFIELD AVE & ST ANDREWS ST", "Jurisdiction": "COV", "POINT_X": 472737.4271999998, "POINT_Y": 5362422.4756000005}}, {"type": "Feature", "id": 2838, "geometry": {"type": "MultiPoint", "coordinates": [[-123.33934170832545, 48.42554149341171]]}, "properties": {"OBJECTID": 2838, "StreetName1": "FORT ST", "StreetName2": "ST CHARLES ST", "Intersection": "FORT ST & ST CHARLES ST", "Jurisdiction": "COV", "POINT_X": 474896.64740000013, "POINT_Y": 5363654.1406}}, {"type": "Feature", "id": 2839, "geometry": {"type": "MultiPoint", "coordinates": [[-123.33912052533005, 48.424702187298564]]}, "properties": {"OBJECTID": 2839, "StreetName1": "MAUD ST", "StreetName2": "ST CHARLES ST", "Intersection": "MAUD ST & ST CHARLES ST", "Jurisdiction": "COV", "POINT_X": 474912.5974000003, "POINT_Y": 5363560.776000001}}, {"type": "Feature", "id": 2840, "geometry": {"type": "MultiPoint", "coordinates": [[-123.33897499063413, 48.423804312567114]]}, "properties": {"OBJECTID": 2840, "StreetName1": "REGENTS PL", "StreetName2": "ST CHARLES ST", "Intersection": "REGENTS PL & ST CHARLES ST", "Jurisdiction": "COV", "POINT_X": 474922.92250000034, "POINT_Y": 5363460.926100001}}, {"type": "Feature", "id": 2841, "geometry": {"type": "MultiPoint", "coordinates": [[-123.3389705840669, 48.423376598541346]]}, "properties": {"OBJECTID": 2841, "StreetName1": "LAUREL LANE", "StreetName2": "ST CHARLES ST", "Intersection": "LAUREL LANE & ST CHARLES ST", "Jurisdiction": "COV", "POINT_X": 474923.03809999954, "POINT_Y": 5363413.3826}}, {"type": "Feature", "id": 2842, "geometry": {"type": "MultiPoint", "coordinates": [[-123.33896029236956, 48.422378033469606]]}, "properties": {"OBJECTID": 2842, "StreetName1": "SHASTA PL", "StreetName2": "ST CHARLES ST", "Intersection": "SHASTA PL & ST CHARLES ST", "Jurisdiction": "COV", "POINT_X": 474923.3082999997, "POINT_Y": 5363302.3849}}, {"type": "Feature", "id": 2843, "geometry": {"type": "MultiPoint", "coordinates": [[-123.33895230991412, 48.42160332511066]]}, "properties": {"OBJECTID": 2843, "StreetName1": "ANGUS RD", "StreetName2": "ST CHARLES ST", "Intersection": "ANGUS RD & ST CHARLES ST", "Jurisdiction": "COV", "POINT_X": 474923.51779999956, "POINT_Y": 5363216.270500001}}, {"type": "Feature", "id": 2844, "geometry": {"type": "MultiPoint", "coordinates": [[-123.3389497589563, 48.421430859891395]]}, "properties": {"OBJECTID": 2844, "StreetName1": "BYWOOD PL", "StreetName2": "ST CHARLES ST", "Intersection": "BYWOOD PL & ST CHARLES ST", "Jurisdiction": "COV", "POINT_X": 474923.6217, "POINT_Y": 5363197.0995000005}}, {"type": "Feature", "id": 2845, "geometry": {"type": "MultiPoint", "coordinates": [[-123.33860336135875, 48.41993263792412]]}, "properties": {"OBJECTID": 2845, "StreetName1": "ROCKLAND AVE", "StreetName2": "ST CHARLES ST", "Intersection": "ROCKLAND AVE & ST CHARLES ST", "Jurisdiction": "COV", "POINT_X": 474948.51400000043, "POINT_Y": 5363030.4531}}, {"type": "Feature", "id": 2846, "geometry": {"type": "MultiPoint", "coordinates": [[-123.33811747096885, 48.419055589886426]]}, "properties": {"OBJECTID": 2846, "StreetName1": "MONTGOMERY AVE", "StreetName2": "ST CHARLES ST", "Intersection": "MONTGOMERY AVE & ST CHARLES ST", "Jurisdiction": "COV", "POINT_X": 474984.03369999956, "POINT_Y": 5362932.8071}}, {"type": "Feature", "id": 2847, "geometry": {"type": "MultiPoint", "coordinates": [[-123.33775002441678, 48.418361712671036]]}, "properties": {"OBJECTID": 2847, "StreetName1": "DESPARD AVE", "StreetName2": "ST CHARLES ST", "Intersection": "DESPARD AVE & ST CHARLES ST", "Jurisdiction": "COV", "POINT_X": 475010.88069999963, "POINT_Y": 5362855.5601}}, {"type": "Feature", "id": 2848, "geometry": {"type": "MultiPoint", "coordinates": [[-123.33754236735957, 48.41620274517982]]}, "properties": {"OBJECTID": 2848, "StreetName1": "RICHARDSON ST", "StreetName2": "ST CHARLES ST", "Intersection": "RICHARDSON ST & ST CHARLES ST", "Jurisdiction": "COV", "POINT_X": 475025.1878000004, "POINT_Y": 5362615.5151}}, {"type": "Feature", "id": 2849, "geometry": {"type": "MultiPoint", "coordinates": [[-123.33745579657445, 48.41536492077455]]}, "properties": {"OBJECTID": 2849, "StreetName1": "PHILIPPA PL", "StreetName2": "ST CHARLES ST", "Intersection": "PHILIPPA PL & ST CHARLES ST", "Jurisdiction": "COV", "POINT_X": 475031.18319999985, "POINT_Y": 5362522.3596}}, {"type": "Feature", "id": 2850, "geometry": {"type": "MultiPoint", "coordinates": [[-123.3373976025228, 48.414801702964695]]}, "properties": {"OBJECTID": 2850, "StreetName1": "CHANDLER AVE", "StreetName2": "ST CHARLES ST", "Intersection": "CHANDLER AVE & ST CHARLES ST", "Jurisdiction": "COV", "POINT_X": 475035.2134999996, "POINT_Y": 5362459.7369}}, {"type": "Feature", "id": 2851, "geometry": {"type": "MultiPoint", "coordinates": [[-123.33736674803086, 48.414503074551696]]}, "properties": {"OBJECTID": 2851, "StreetName1": "BROOKE ST", "StreetName2": "ST CHARLES ST", "Intersection": "BROOKE ST & ST CHARLES ST", "Jurisdiction": "COV", "POINT_X": 475037.3503999999, "POINT_Y": 5362426.5331999995}}, {"type": "Feature", "id": 2852, "geometry": {"type": "MultiPoint", "coordinates": [[-123.33727484131933, 48.41365425542559]]}, "properties": {"OBJECTID": 2852, "StreetName1": "EARLE PL", "StreetName2": "ST CHARLES ST", "Intersection": "EARLE PL & ST CHARLES ST", "Jurisdiction": "COV", "POINT_X": 475043.7357000001, "POINT_Y": 5362332.153899999}}, {"type": "Feature", "id": 2853, "geometry": {"type": "MultiPoint", "coordinates": [[-123.3371159173751, 48.412217707445436], [-123.33629527931409, 48.41232237803945]]}, "properties": {"OBJECTID": 2853, "StreetName1": "FAIRFIELD RD", "StreetName2": "ST CHARLES ST", "Intersection": "FAIRFIELD RD & ST CHARLES ST", "Jurisdiction": "COV", "POINT_X": 475085.1816999997, "POINT_Y": 5362178.1084}}, {"type": "Feature", "id": 2854, "geometry": {"type": "MultiPoint", "coordinates": [[-123.33629779709285, 48.41084258792413]]}, "properties": {"OBJECTID": 2854, "StreetName1": "ROSS ST", "StreetName2": "ST CHARLES ST", "Intersection": "ROSS ST & ST CHARLES ST", "Jurisdiction": "COV", "POINT_X": 475114.6621000003, "POINT_Y": 5362019.309}}, {"type": "Feature", "id": 2855, "geometry": {"type": "MultiPoint", "coordinates": [[-123.33628730811861, 48.410093121429774]]}, "properties": {"OBJECTID": 2855, "StreetName1": "DALLAS RD", "StreetName2": "ST CHARLES ST", "Intersection": "DALLAS RD & ST CHARLES ST", "Jurisdiction": "COV", "POINT_X": 475115.0725999996, "POINT_Y": 5361935.9997000005}}, {"type": "Feature", "id": 2856, "geometry": {"type": "MultiPoint", "coordinates": [[-123.3362944015485, 48.41164147970888]]}, "properties": {"OBJECTID": 2856, "StreetName1": "PINEWOOD AVE", "StreetName2": "ST CHARLES ST", "Intersection": "PINEWOOD AVE & ST CHARLES ST", "Jurisdiction": "COV", "POINT_X": 475115.30319999997, "POINT_Y": 5362108.1076}}, {"type": "Feature", "id": 2857, "geometry": {"type": "MultiPoint", "coordinates": [[-123.33267388518928, 48.423725721505676]]}, "properties": {"OBJECTID": 2857, "StreetName1": "ROCKLAND AVE", "StreetName2": "ST FRANCIS WOOD", "Intersection": "ROCKLAND AVE & ST FRANCIS WOOD", "Jurisdiction": "COV", "POINT_X": 475389.05510000046, "POINT_Y": 5363450.146400001}}, {"type": "Feature", "id": 2858, "geometry": {"type": "MultiPoint", "coordinates": [[-123.37918205566778, 48.416951839049936]]}, "properties": {"OBJECTID": 2858, "StreetName1": "OSWEGO ST", "StreetName2": "ST JAMES ST", "Intersection": "OSWEGO ST & ST JAMES ST", "Jurisdiction": "COV", "POINT_X": 471944.5398000004, "POINT_Y": 5362713.194}}, {"type": "Feature", "id": 2859, "geometry": {"type": "MultiPoint", "coordinates": [[-123.37731213209959, 48.416043112499835]]}, "properties": {"OBJECTID": 2859, "StreetName1": "RENDALL ST", "StreetName2": "ST JAMES ST", "Intersection": "RENDALL ST & ST JAMES ST", "Jurisdiction": "COV", "POINT_X": 472082.4020999996, "POINT_Y": 5362611.5024999995}}, {"type": "Feature", "id": 2860, "geometry": {"type": "MultiPoint", "coordinates": [[-123.38508394513936, 48.41835668644518]]}, "properties": {"OBJECTID": 2860, "StreetName1": "NIAGARA ST", "StreetName2": "ST LAWRENCE ST", "Intersection": "NIAGARA ST & ST LAWRENCE ST", "Jurisdiction": "COV", "POINT_X": 471508.6308000004, "POINT_Y": 5362871.5265}}, {"type": "Feature", "id": 2861, "geometry": {"type": "MultiPoint", "coordinates": [[-123.38424631114216, 48.41913033911708]]}, "properties": {"OBJECTID": 2861, "StreetName1": "LADYSMITH ST", "StreetName2": "ST LAWRENCE ST", "Intersection": "LADYSMITH ST & ST LAWRENCE ST", "Jurisdiction": "COV", "POINT_X": 471571.03890000004, "POINT_Y": 5362957.2096}}, {"type": "Feature", "id": 2862, "geometry": {"type": "MultiPoint", "coordinates": [[-123.38338337061752, 48.419883315742986]]}, "properties": {"OBJECTID": 2862, "StreetName1": "SIMCOE ST", "StreetName2": "ST LAWRENCE ST", "Intersection": "SIMCOE ST & ST LAWRENCE ST", "Jurisdiction": "COV", "POINT_X": 471635.30599999987, "POINT_Y": 5363040.5858}}, {"type": "Feature", "id": 2863, "geometry": {"type": "MultiPoint", "coordinates": [[-123.38265634598893, 48.42052063756226]]}, "properties": {"OBJECTID": 2863, "StreetName1": "ONTARIO ST", "StreetName2": "ST LAWRENCE ST", "Intersection": "ONTARIO ST & ST LAWRENCE ST", "Jurisdiction": "COV", "POINT_X": 471689.45100000035, "POINT_Y": 5363111.157500001}}, {"type": "Feature", "id": 2864, "geometry": {"type": "MultiPoint", "coordinates": [[-123.38219971623259, 48.42094271414212]]}, "properties": {"OBJECTID": 2864, "StreetName1": "ERIE ST", "StreetName2": "ST LAWRENCE ST", "Intersection": "ERIE ST & ST LAWRENCE ST", "Jurisdiction": "COV", "POINT_X": 471723.4698000001, "POINT_Y": 5363157.904200001}}, {"type": "Feature", "id": 2865, "geometry": {"type": "MultiPoint", "coordinates": [[-123.38190699236165, 48.42121299862759]]}, "properties": {"OBJECTID": 2865, "StreetName1": "MICHIGAN ST", "StreetName2": "ST LAWRENCE ST", "Intersection": "MICHIGAN ST & ST LAWRENCE ST", "Jurisdiction": "COV", "POINT_X": 471745.27720000036, "POINT_Y": 5363187.839299999}}, {"type": "Feature", "id": 2866, "geometry": {"type": "MultiPoint", "coordinates": [[-123.38101119968121, 48.42204009426059]]}, "properties": {"OBJECTID": 2866, "StreetName1": "KINGSTON ST", "StreetName2": "ST LAWRENCE ST", "Intersection": "KINGSTON ST & ST LAWRENCE ST", "Jurisdiction": "COV", "POINT_X": 471812.01070000045, "POINT_Y": 5363279.444}}, {"type": "Feature", "id": 2867, "geometry": {"type": "MultiPoint", "coordinates": [[-123.33999050310442, 48.42537595832046]]}, "properties": {"OBJECTID": 2867, "StreetName1": "FORT ST", "StreetName2": "STADACONA AVE", "Intersection": "FORT ST & STADACONA AVE", "Jurisdiction": "COV", "POINT_X": 474848.56799999997, "POINT_Y": 5363635.953600001}}, {"type": "Feature", "id": 2868, "geometry": {"type": "MultiPoint", "coordinates": [[-123.33997010989131, 48.426559384301534]]}, "properties": {"OBJECTID": 2868, "StreetName1": "PANDORA AVE", "StreetName2": "STADACONA AVE", "Intersection": "PANDORA AVE & STADACONA AVE", "Jurisdiction": "COV", "POINT_X": 474850.66060000006, "POINT_Y": 5363767.4893}}, {"type": "Feature", "id": 2869, "geometry": {"type": "MultiPoint", "coordinates": [[-123.34293835120275, 48.42618037919926]]}, "properties": {"OBJECTID": 2869, "StreetName1": "JOHNSON ST", "StreetName2": "STANLEY AVE", "Intersection": "JOHNSON ST & STANLEY AVE", "Jurisdiction": "COV", "POINT_X": 474630.8864000002, "POINT_Y": 5363726.340399999}}, {"type": "Feature", "id": 2870, "geometry": {"type": "MultiPoint", "coordinates": [[-123.34251009347858, 48.4246310942102]]}, "properties": {"OBJECTID": 2870, "StreetName1": "FORT ST", "StreetName2": "STANLEY AVE", "Intersection": "FORT ST & STANLEY AVE", "Jurisdiction": "COV", "POINT_X": 474661.7982999999, "POINT_Y": 5363553.989600001}}, {"type": "Feature", "id": 2871, "geometry": {"type": "MultiPoint", "coordinates": [[-123.3423590832528, 48.427132727496]]}, "properties": {"OBJECTID": 2871, "StreetName1": "BEGBIE ST", "StreetName2": "STANLEY AVE", "Intersection": "BEGBIE ST & STANLEY AVE", "Jurisdiction": "COV", "POINT_X": 474674.2132000001, "POINT_Y": 5363832.005899999}}, {"type": "Feature", "id": 2872, "geometry": {"type": "MultiPoint", "coordinates": [[-123.34232480110538, 48.42767615269637]]}, "properties": {"OBJECTID": 2872, "StreetName1": "BALMORAL RD", "StreetName2": "STANLEY AVE", "Intersection": "BALMORAL RD & STANLEY AVE", "Jurisdiction": "COV", "POINT_X": 474677.0192999998, "POINT_Y": 5363892.398399999}}, {"type": "Feature", "id": 2873, "geometry": {"type": "MultiPoint", "coordinates": [[-123.34226653408336, 48.428599740097674]]}, "properties": {"OBJECTID": 2873, "StreetName1": "GRANT ST", "StreetName2": "STANLEY AVE", "Intersection": "GRANT ST & STANLEY AVE", "Jurisdiction": "COV", "POINT_X": 474681.7884999998, "POINT_Y": 5363995.0395}}, {"type": "Feature", "id": 2874, "geometry": {"type": "MultiPoint", "coordinates": [[-123.34217437634034, 48.43040952247801]]}, "properties": {"OBJECTID": 2874, "StreetName1": "GLADSTONE AVE", "StreetName2": "STANLEY AVE", "Intersection": "GLADSTONE AVE & STANLEY AVE", "Jurisdiction": "COV", "POINT_X": 474689.5047000004, "POINT_Y": 5364196.1735}}, {"type": "Feature", "id": 2875, "geometry": {"type": "MultiPoint", "coordinates": [[-123.34212704188752, 48.43130634817177]]}, "properties": {"OBJECTID": 2875, "StreetName1": "PEMBROKE ST", "StreetName2": "STANLEY AVE", "Intersection": "PEMBROKE ST & STANLEY AVE", "Jurisdiction": "COV", "POINT_X": 474693.45150000043, "POINT_Y": 5364295.843599999}}, {"type": "Feature", "id": 2876, "geometry": {"type": "MultiPoint", "coordinates": [[-123.34001542532883, 48.412270077421]]}, "properties": {"OBJECTID": 2876, "StreetName1": "FAIRFIELD RD", "StreetName2": "STANNARD AVE", "Intersection": "FAIRFIELD RD & STANNARD AVE", "Jurisdiction": "COV", "POINT_X": 474840.2576000001, "POINT_Y": 5362179.194}}, {"type": "Feature", "id": 2877, "geometry": {"type": "MultiPoint", "coordinates": [[-123.33990963567152, 48.41445584061811]]}, "properties": {"OBJECTID": 2877, "StreetName1": "BROOKE ST", "StreetName2": "STANNARD AVE", "Intersection": "BROOKE ST & STANNARD AVE", "Jurisdiction": "COV", "POINT_X": 474849.1639999999, "POINT_Y": 5362422.114800001}}, {"type": "Feature", "id": 2878, "geometry": {"type": "MultiPoint", "coordinates": [[-123.33981811999912, 48.41619587336787]]}, "properties": {"OBJECTID": 2878, "StreetName1": "RICHARDSON ST", "StreetName2": "STANNARD AVE", "Intersection": "RICHARDSON ST & STANNARD AVE", "Jurisdiction": "COV", "POINT_X": 474856.7938000001, "POINT_Y": 5362615.4958}}, {"type": "Feature", "id": 2879, "geometry": {"type": "MultiPoint", "coordinates": [[-123.37500214620182, 48.4461483862256]]}, "properties": {"OBJECTID": 2879, "StreetName1": "DELTA ST", "StreetName2": "STEELE ST", "Intersection": "DELTA ST & STEELE ST", "Jurisdiction": "COV", "POINT_X": 472269.7122999998, "POINT_Y": 5365956.982799999}}, {"type": "Feature", "id": 2880, "geometry": {"type": "MultiPoint", "coordinates": [[-123.37408987542472, 48.44506660470214]]}, "properties": {"OBJECTID": 2880, "StreetName1": "FRANCES AVE", "StreetName2": "STEELE ST", "Intersection": "FRANCES AVE & STEELE ST", "Jurisdiction": "COV", "POINT_X": 472336.5871000001, "POINT_Y": 5365836.4081999995}}, {"type": "Feature", "id": 2881, "geometry": {"type": "MultiPoint", "coordinates": [[-123.34982056674713, 48.43119655514258]]}, "properties": {"OBJECTID": 2881, "StreetName1": "CHAMBERS ST", "StreetName2": "STELLY ST", "Intersection": "CHAMBERS ST & STELLY ST", "Jurisdiction": "COV", "POINT_X": 474124.2945999997, "POINT_Y": 5364286.2107}}, {"type": "Feature", "id": 2882, "geometry": {"type": "MultiPoint", "coordinates": [[-123.35652987457995, 48.44879806774419]]}, "properties": {"OBJECTID": 2882, "StreetName1": "BLACKWOOD ST", "StreetName2": "STEVENSON PL", "Intersection": "BLACKWOOD ST & STEVENSON PL", "Jurisdiction": "COV", "POINT_X": 473637.10610000044, "POINT_Y": 5366244.9804}}, {"type": "Feature", "id": 2883, "geometry": {"type": "MultiPoint", "coordinates": [[-123.35486346186616, 48.44707518231946]]}, "properties": {"OBJECTID": 2883, "StreetName1": "FINLAYSON ST", "StreetName2": "STEVENSON PL", "Intersection": "FINLAYSON ST & STEVENSON PL", "Jurisdiction": "COV", "POINT_X": 473759.4430999998, "POINT_Y": 5366052.901799999}}, {"type": "Feature", "id": 2884, "geometry": {"type": "MultiPoint", "coordinates": [[-123.36975602249254, 48.43269015036325]]}, "properties": {"OBJECTID": 2884, "StreetName1": "PEMBROKE ST", "StreetName2": "STORE ST", "Intersection": "PEMBROKE ST & STORE ST", "Jurisdiction": "COV", "POINT_X": 472650.43879999965, "POINT_Y": 5364459.1578}}, {"type": "Feature", "id": 2885, "geometry": {"type": "MultiPoint", "coordinates": [[-123.36972222612074, 48.43184824850939]]}, "properties": {"OBJECTID": 2885, "StreetName1": "DISCOVERY ST", "StreetName2": "STORE ST", "Intersection": "DISCOVERY ST & STORE ST", "Jurisdiction": "COV", "POINT_X": 472652.4868999999, "POINT_Y": 5364365.5649999995}}, {"type": "Feature", "id": 2886, "geometry": {"type": "MultiPoint", "coordinates": [[-123.36968918159006, 48.43102503260376]]}, "properties": {"OBJECTID": 2886, "StreetName1": "CHATHAM ST", "StreetName2": "STORE ST", "Intersection": "CHATHAM ST & STORE ST", "Jurisdiction": "COV", "POINT_X": 472654.48950000014, "POINT_Y": 5364274.0495}}, {"type": "Feature", "id": 2887, "geometry": {"type": "MultiPoint", "coordinates": [[-123.36965245491919, 48.43013478533326]]}, "properties": {"OBJECTID": 2887, "StreetName1": "HERALD ST", "StreetName2": "STORE ST", "Intersection": "HERALD ST & STORE ST", "Jurisdiction": "COV", "POINT_X": 472656.72860000003, "POINT_Y": 5364175.081900001}}, {"type": "Feature", "id": 2888, "geometry": {"type": "MultiPoint", "coordinates": [[-123.36962057546339, 48.42849065316326]]}, "properties": {"OBJECTID": 2888, "StreetName1": "PANDORA AVE", "StreetName2": "STORE ST", "Intersection": "PANDORA AVE & STORE ST", "Jurisdiction": "COV", "POINT_X": 472658.2048000004, "POINT_Y": 5363992.3188000005}}, {"type": "Feature", "id": 2889, "geometry": {"type": "MultiPoint", "coordinates": [[-123.36962228485845, 48.42934038662738]]}, "properties": {"OBJECTID": 2889, "StreetName1": "FISGARD ST", "StreetName2": "STORE ST", "Intersection": "FISGARD ST & STORE ST", "Jurisdiction": "COV", "POINT_X": 472658.53419999965, "POINT_Y": 5364086.7706}}, {"type": "Feature", "id": 2890, "geometry": {"type": "MultiPoint", "coordinates": [[-123.36954093229754, 48.42849597849794]]}, "properties": {"OBJECTID": 2890, "StreetName1": "PANDORA AVE", "StreetName2": "STORE ST", "Intersection": "PANDORA AVE & STORE ST", "Jurisdiction": "COV", "POINT_X": 472664.0992999999, "POINT_Y": 5363992.882300001}}, {"type": "Feature", "id": 2891, "geometry": {"type": "MultiPoint", "coordinates": [[-123.36943662196931, 48.42772552615769]]}, "properties": {"OBJECTID": 2891, "StreetName1": "JOHNSON ST", "StreetName2": "STORE ST", "Intersection": "JOHNSON ST & STORE ST", "Jurisdiction": "COV", "POINT_X": 472671.4025999997, "POINT_Y": 5363907.2063}}, {"type": "Feature", "id": 2892, "geometry": {"type": "MultiPoint", "coordinates": [[-123.34552157872488, 48.44396061733842]]}, "properties": {"OBJECTID": 2892, "StreetName1": "DELATRE ST", "StreetName2": "STROUD RD", "Intersection": "DELATRE ST & STROUD RD", "Jurisdiction": "COV", "POINT_X": 474448.6995000001, "POINT_Y": 5365703.5449}}, {"type": "Feature", "id": 2893, "geometry": {"type": "MultiPoint", "coordinates": [[-123.3430794630254, 48.44480193495923]]}, "properties": {"OBJECTID": 2893, "StreetName1": "GOSWORTH RD", "StreetName2": "STROUD RD", "Intersection": "GOSWORTH RD & STROUD RD", "Jurisdiction": "COV", "POINT_X": 474629.7204999998, "POINT_Y": 5365796.2488}}, {"type": "Feature", "id": 2894, "geometry": {"type": "MultiPoint", "coordinates": [[-123.3897310183654, 48.43813788517623]]}, "properties": {"OBJECTID": 2894, "StreetName1": "CRAIGFLOWER RD", "StreetName2": "STYLES ST", "Intersection": "CRAIGFLOWER RD & STYLES ST", "Jurisdiction": "COV", "POINT_X": 471175.9820999997, "POINT_Y": 5365072.0221}}, {"type": "Feature", "id": 2895, "geometry": {"type": "MultiPoint", "coordinates": [[-123.38853932254779, 48.438956323244696]]}, "properties": {"OBJECTID": 2895, "StreetName1": "SELKIRK AVE", "StreetName2": "STYLES ST", "Intersection": "SELKIRK AVE & STYLES ST", "Jurisdiction": "COV", "POINT_X": 471264.58330000006, "POINT_Y": 5365162.5469}}, {"type": "Feature", "id": 2896, "geometry": {"type": "MultiPoint", "coordinates": [[-123.39266724521875, 48.43181507560659]]}, "properties": {"OBJECTID": 2896, "StreetName1": "BOWLSBY PL", "StreetName2": "SUFFOLK ST", "Intersection": "BOWLSBY PL & SUFFOLK ST", "Jurisdiction": "COV", "POINT_X": 470955.2105999999, "POINT_Y": 5364370.326099999}}, {"type": "Feature", "id": 2897, "geometry": {"type": "MultiPoint", "coordinates": [[-123.39102154461474, 48.431807036118784]]}, "properties": {"OBJECTID": 2897, "StreetName1": "DALTON ST", "StreetName2": "SUFFOLK ST", "Intersection": "DALTON ST & SUFFOLK ST", "Jurisdiction": "COV", "POINT_X": 471076.93960000016, "POINT_Y": 5364368.809599999}}, {"type": "Feature", "id": 2898, "geometry": {"type": "MultiPoint", "coordinates": [[-123.3747667990534, 48.44362280394373]]}, "properties": {"OBJECTID": 2898, "StreetName1": "JUTLAND RD", "StreetName2": "SUMAS ST", "Intersection": "JUTLAND RD & SUMAS ST", "Jurisdiction": "COV", "POINT_X": 472285.7421000004, "POINT_Y": 5365676.168500001}}, {"type": "Feature", "id": 2899, "geometry": {"type": "MultiPoint", "coordinates": [[-123.37274967980889, 48.442341937740736]]}, "properties": {"OBJECTID": 2899, "StreetName1": "MANCHESTER RD", "StreetName2": "SUMAS ST", "Intersection": "MANCHESTER RD & SUMAS ST", "Jurisdiction": "COV", "POINT_X": 472434.2220999999, "POINT_Y": 5365533.0667}}, {"type": "Feature", "id": 2900, "geometry": {"type": "MultiPoint", "coordinates": [[-123.37249339793524, 48.441454772803255]]}, "properties": {"OBJECTID": 2900, "StreetName1": "DUNEDIN ST", "StreetName2": "SUMAS ST", "Intersection": "DUNEDIN ST & SUMAS ST", "Jurisdiction": "COV", "POINT_X": 472452.69579999987, "POINT_Y": 5365434.362400001}}, {"type": "Feature", "id": 2901, "geometry": {"type": "MultiPoint", "coordinates": [[-123.37223805024931, 48.44057079790621]]}, "properties": {"OBJECTID": 2901, "StreetName1": "GARBALLY RD", "StreetName2": "SUMAS ST", "Intersection": "GARBALLY RD & SUMAS ST", "Jurisdiction": "COV", "POINT_X": 472471.10280000046, "POINT_Y": 5365336.0131}}, {"type": "Feature", "id": 2902, "geometry": {"type": "MultiPoint", "coordinates": [[-123.36938165478492, 48.44270158784803]]}, "properties": {"OBJECTID": 2902, "StreetName1": "DOUGLAS ST", "StreetName2": "SUMMIT AVE", "Intersection": "DOUGLAS ST & SUMMIT AVE", "Jurisdiction": "COV", "POINT_X": 472683.4985999996, "POINT_Y": 5365571.836200001}}, {"type": "Feature", "id": 2903, "geometry": {"type": "MultiPoint", "coordinates": [[-123.36607843507026, 48.44314241371483]]}, "properties": {"OBJECTID": 2903, "StreetName1": "NANAIMO ST", "StreetName2": "SUMMIT AVE", "Intersection": "NANAIMO ST & SUMMIT AVE", "Jurisdiction": "COV", "POINT_X": 472928.0220999997, "POINT_Y": 5365619.662599999}}, {"type": "Feature", "id": 2904, "geometry": {"type": "MultiPoint", "coordinates": [[-123.36047427967266, 48.44390048469009]]}, "properties": {"OBJECTID": 2904, "StreetName1": "QUADRA ST", "StreetName2": "SUMMIT AVE", "Intersection": "QUADRA ST & SUMMIT AVE", "Jurisdiction": "COV", "POINT_X": 473342.8699000003, "POINT_Y": 5365701.959000001}}, {"type": "Feature", "id": 2905, "geometry": {"type": "MultiPoint", "coordinates": [[-123.35912233228677, 48.444071448296846]]}, "properties": {"OBJECTID": 2905, "StreetName1": "FIFTH ST", "StreetName2": "SUMMIT AVE", "Intersection": "FIFTH ST & SUMMIT AVE", "Jurisdiction": "COV", "POINT_X": 473442.9397999998, "POINT_Y": 5365720.4925}}, {"type": "Feature", "id": 2906, "geometry": {"type": "MultiPoint", "coordinates": [[-123.35764151021812, 48.44425867542482]]}, "properties": {"OBJECTID": 2906, "StreetName1": "GRAHAM ST", "StreetName2": "SUMMIT AVE", "Intersection": "GRAHAM ST & SUMMIT AVE", "Jurisdiction": "COV", "POINT_X": 473552.54810000025, "POINT_Y": 5365740.790999999}}, {"type": "Feature", "id": 2907, "geometry": {"type": "MultiPoint", "coordinates": [[-123.35645615758298, 48.44440853911443]]}, "properties": {"OBJECTID": 2907, "StreetName1": "PRIOR ST", "StreetName2": "SUMMIT AVE", "Intersection": "PRIOR ST & SUMMIT AVE", "Jurisdiction": "COV", "POINT_X": 473640.28560000006, "POINT_Y": 5365757.040200001}}, {"type": "Feature", "id": 2908, "geometry": {"type": "MultiPoint", "coordinates": [[-123.35522129051915, 48.44456502181696]]}, "properties": {"OBJECTID": 2908, "StreetName1": "BLACKWOOD ST", "StreetName2": "SUMMIT AVE", "Intersection": "BLACKWOOD ST & SUMMIT AVE", "Jurisdiction": "COV", "POINT_X": 473731.68769999966, "POINT_Y": 5365774.009500001}}, {"type": "Feature", "id": 2909, "geometry": {"type": "MultiPoint", "coordinates": [[-123.35419149016393, 48.44469553243606]]}, "properties": {"OBJECTID": 2909, "StreetName1": "STEVENSON PL", "StreetName2": "SUMMIT AVE", "Intersection": "STEVENSON PL & SUMMIT AVE", "Jurisdiction": "COV", "POINT_X": 473807.9107999997, "POINT_Y": 5365788.1635}}, {"type": "Feature", "id": 2910, "geometry": {"type": "MultiPoint", "coordinates": [[-123.35103019006996, 48.44508902309791]]}, "properties": {"OBJECTID": 2910, "StreetName1": "ARTHUR AVE", "StreetName2": "SUMMIT AVE", "Intersection": "ARTHUR AVE & SUMMIT AVE", "Jurisdiction": "COV", "POINT_X": 474041.89580000006, "POINT_Y": 5365830.824999999}}, {"type": "Feature", "id": 2911, "geometry": {"type": "MultiPoint", "coordinates": [[-123.34922149650801, 48.44532062244213]]}, "properties": {"OBJECTID": 2911, "StreetName1": "COOK ST", "StreetName2": "SUMMIT AVE", "Intersection": "COOK ST & SUMMIT AVE", "Jurisdiction": "COV", "POINT_X": 474175.7686999999, "POINT_Y": 5365855.956599999}}, {"type": "Feature", "id": 2912, "geometry": {"type": "MultiPoint", "coordinates": [[-123.39048943332934, 48.438594801727945]]}, "properties": {"OBJECTID": 2912, "StreetName1": "CRAIGFLOWER RD", "StreetName2": "SUNNYSIDE AVE", "Intersection": "CRAIGFLOWER RD & SUNNYSIDE AVE", "Jurisdiction": "COV", "POINT_X": 471120.1475999998, "POINT_Y": 5365123.096000001}}, {"type": "Feature", "id": 2913, "geometry": {"type": "MultiPoint", "coordinates": [[-123.38925048605938, 48.43946666322836]]}, "properties": {"OBJECTID": 2913, "StreetName1": "SELKIRK AVE", "StreetName2": "SUNNYSIDE AVE", "Intersection": "SELKIRK AVE & SUNNYSIDE AVE", "Jurisdiction": "COV", "POINT_X": 471212.2737999996, "POINT_Y": 5365219.5404}}, {"type": "Feature", "id": 2914, "geometry": {"type": "MultiPoint", "coordinates": [[-123.3811510710898, 48.421910952529835]]}, "properties": {"OBJECTID": 2914, "StreetName1": "ST LAWRENCE ST", "StreetName2": "SUPERIOR ST", "Intersection": "ST LAWRENCE ST & SUPERIOR ST", "Jurisdiction": "COV", "POINT_X": 471801.5909000002, "POINT_Y": 5363265.140900001}}, {"type": "Feature", "id": 2915, "geometry": {"type": "MultiPoint", "coordinates": [[-123.37934556598584, 48.42102417777579]]}, "properties": {"OBJECTID": 2915, "StreetName1": "MONTREAL ST", "StreetName2": "SUPERIOR ST", "Intersection": "MONTREAL ST & SUPERIOR ST", "Jurisdiction": "COV", "POINT_X": 471934.6831, "POINT_Y": 5363165.909399999}}, {"type": "Feature", "id": 2916, "geometry": {"type": "MultiPoint", "coordinates": [[-123.37634062209419, 48.41956889452862]]}, "properties": {"OBJECTID": 2916, "StreetName1": "OSWEGO ST", "StreetName2": "SUPERIOR ST", "Intersection": "OSWEGO ST & SUPERIOR ST", "Jurisdiction": "COV", "POINT_X": 472156.2131000003, "POINT_Y": 5363003.0525}}, {"type": "Feature", "id": 2917, "geometry": {"type": "MultiPoint", "coordinates": [[-123.37244288379442, 48.4180622043847]]}, "properties": {"OBJECTID": 2917, "StreetName1": "MENZIES ST", "StreetName2": "SUPERIOR ST", "Intersection": "MENZIES ST & SUPERIOR ST", "Jurisdiction": "COV", "POINT_X": 472443.78639999963, "POINT_Y": 5362834.1687}}, {"type": "Feature", "id": 2918, "geometry": {"type": "MultiPoint", "coordinates": [[-123.36883698001463, 48.41827231535411]]}, "properties": {"OBJECTID": 2918, "StreetName1": "GOVERNMENT ST", "StreetName2": "SUPERIOR ST", "Intersection": "GOVERNMENT ST & SUPERIOR ST", "Jurisdiction": "COV", "POINT_X": 472710.7019999996, "POINT_Y": 5362856.2323}}, {"type": "Feature", "id": 2919, "geometry": {"type": "MultiPoint", "coordinates": [[-123.36564302052611, 48.41849328174248]]}, "properties": {"OBJECTID": 2919, "StreetName1": "DOUGLAS ST", "StreetName2": "SUPERIOR ST", "Intersection": "DOUGLAS ST & SUPERIOR ST", "Jurisdiction": "COV", "POINT_X": 472947.1414000001, "POINT_Y": 5362879.660499999}}, {"type": "Feature", "id": 2920, "geometry": {"type": "MultiPoint", "coordinates": [[-123.35653738607812, 48.41455582110189]]}, "properties": {"OBJECTID": 2920, "StreetName1": "COOK ST", "StreetName2": "SUTLEJ ST", "Intersection": "COOK ST & SUTLEJ ST", "Jurisdiction": "COV", "POINT_X": 473618.8304000003, "POINT_Y": 5362438.8212}}, {"type": "Feature", "id": 2921, "geometry": {"type": "MultiPoint", "coordinates": [[-123.36963498038381, 48.429674675059736]]}, "properties": {"OBJECTID": 2921, "StreetName1": "STORE ST", "StreetName2": "SWIFT ST", "Intersection": "STORE ST & SWIFT ST", "Jurisdiction": "COV", "POINT_X": 472657.77440000046, "POINT_Y": 5364123.932600001}}, {"type": "Feature", "id": 2922, "geometry": {"type": "MultiPoint", "coordinates": [[-123.3791703434052, 48.41372520913883]]}, "properties": {"OBJECTID": 2922, "StreetName1": "BOYD ST", "StreetName2": "SYLVIA ST", "Intersection": "BOYD ST & SYLVIA ST", "Jurisdiction": "COV", "POINT_X": 471943.6310999999, "POINT_Y": 5362354.5381000005}}, {"type": "Feature", "id": 2923, "geometry": {"type": "MultiPoint", "coordinates": [[-123.34308401317608, 48.43203420877195]]}, "properties": {"OBJECTID": 2923, "StreetName1": "OREGON AVE", "StreetName2": "TAUNTON ST", "Intersection": "OREGON AVE & TAUNTON ST", "Jurisdiction": "COV", "POINT_X": 474623.0253999997, "POINT_Y": 5364377.0649}}, {"type": "Feature", "id": 2924, "geometry": {"type": "MultiPoint", "coordinates": [[-123.33517545238689, 48.42409081287976]]}, "properties": {"OBJECTID": 2924, "StreetName1": "MOUNTBATTEN PL", "StreetName2": "TERRACE AVE", "Intersection": "MOUNTBATTEN PL & TERRACE AVE", "Jurisdiction": "COV", "POINT_X": 475204.16060000006, "POINT_Y": 5363491.534600001}}, {"type": "Feature", "id": 2925, "geometry": {"type": "MultiPoint", "coordinates": [[-123.33495401335094, 48.42650732023707]]}, "properties": {"OBJECTID": 2925, "StreetName1": "OAK BAY AVE", "StreetName2": "TERRACE AVE", "Intersection": "OAK BAY AVE & TERRACE AVE", "Jurisdiction": "COV", "POINT_X": 475221.71779999975, "POINT_Y": 5363760.0671}}, {"type": "Feature", "id": 2926, "geometry": {"type": "MultiPoint", "coordinates": [[-123.3339045242587, 48.42247392677209]]}, "properties": {"OBJECTID": 2926, "StreetName1": "ROCKLAND AVE", "StreetName2": "TERRACE AVE", "Intersection": "ROCKLAND AVE & TERRACE AVE", "Jurisdiction": "COV", "POINT_X": 475297.4028000003, "POINT_Y": 5363311.400800001}}, {"type": "Feature", "id": 2927, "geometry": {"type": "MultiPoint", "coordinates": [[-123.35168046252376, 48.44431354676678]]}, "properties": {"OBJECTID": 2927, "StreetName1": "ARTHUR AVE", "StreetName2": "THE RISE", "Intersection": "ARTHUR AVE & THE RISE", "Jurisdiction": "COV", "POINT_X": 473993.4112999998, "POINT_Y": 5365744.848200001}}, {"type": "Feature", "id": 2928, "geometry": {"type": "MultiPoint", "coordinates": [[-123.35125477849905, 48.442822888056796]]}, "properties": {"OBJECTID": 2928, "StreetName1": "MONTROSE AVE", "StreetName2": "THE RISE", "Intersection": "MONTROSE AVE & THE RISE", "Jurisdiction": "COV", "POINT_X": 474024.13159999996, "POINT_Y": 5365579.0107}}, {"type": "Feature", "id": 2929, "geometry": {"type": "MultiPoint", "coordinates": [[-123.36939701845293, 48.410883462420266]]}, "properties": {"OBJECTID": 2929, "StreetName1": "NIAGARA ST", "StreetName2": "THETIS LANE", "Intersection": "NIAGARA ST & THETIS LANE", "Jurisdiction": "COV", "POINT_X": 472665.30399999954, "POINT_Y": 5362035.134199999}}, {"type": "Feature", "id": 2930, "geometry": {"type": "MultiPoint", "coordinates": [[-123.36902642929091, 48.41190746803816]]}, "properties": {"OBJECTID": 2930, "StreetName1": "BEACON ST", "StreetName2": "THETIS LANE", "Intersection": "BEACON ST & THETIS LANE", "Jurisdiction": "COV", "POINT_X": 472693.2763, "POINT_Y": 5362148.823899999}}, {"type": "Feature", "id": 2931, "geometry": {"type": "MultiPoint", "coordinates": [[-123.34858172096973, 48.416275998494115]]}, "properties": {"OBJECTID": 2931, "StreetName1": "MOSS ST", "StreetName2": "THURLOW RD", "Intersection": "MOSS ST & THURLOW RD", "Jurisdiction": "COV", "POINT_X": 474208.3859000001, "POINT_Y": 5362627.3158}}, {"type": "Feature", "id": 2932, "geometry": {"type": "MultiPoint", "coordinates": [[-123.34563032165836, 48.415141391811154]]}, "properties": {"OBJECTID": 2932, "StreetName1": "DURBAN ST", "StreetName2": "THURLOW RD", "Intersection": "DURBAN ST & THURLOW RD", "Jurisdiction": "COV", "POINT_X": 474426.20050000027, "POINT_Y": 5362500.2105}}, {"type": "Feature", "id": 2933, "geometry": {"type": "MultiPoint", "coordinates": [[-123.34459024608105, 48.41436023833246]]}, "properties": {"OBJECTID": 2933, "StreetName1": "KIPLING ST", "StreetName2": "THURLOW RD", "Intersection": "KIPLING ST & THURLOW RD", "Jurisdiction": "COV", "POINT_X": 474502.77020000014, "POINT_Y": 5362413.035700001}}, {"type": "Feature", "id": 2934, "geometry": {"type": "MultiPoint", "coordinates": [[-123.34392596811706, 48.41386602518396]]}, "properties": {"OBJECTID": 2934, "StreetName1": "CLIFFORD ST", "StreetName2": "THURLOW RD", "Intersection": "CLIFFORD ST & THURLOW RD", "Jurisdiction": "COV", "POINT_X": 474551.6775000002, "POINT_Y": 5362357.881200001}}, {"type": "Feature", "id": 2935, "geometry": {"type": "MultiPoint", "coordinates": [[-123.34282944879718, 48.41188377873115]]}, "properties": {"OBJECTID": 2935, "StreetName1": "FAIRFIELD RD", "StreetName2": "THURLOW RD", "Intersection": "FAIRFIELD RD & THURLOW RD", "Jurisdiction": "COV", "POINT_X": 474631.83029999956, "POINT_Y": 5362137.183599999}}, {"type": "Feature", "id": 2936, "geometry": {"type": "MultiPoint", "coordinates": [[-123.37233617356605, 48.44775794848218]]}, "properties": {"OBJECTID": 2936, "StreetName1": "DOUGLAS ST", "StreetName2": "TOLMIE AVE", "Intersection": "DOUGLAS ST & TOLMIE AVE", "Jurisdiction": "COV", "POINT_X": 472467.7307000002, "POINT_Y": 5366134.930299999}}, {"type": "Feature", "id": 2937, "geometry": {"type": "MultiPoint", "coordinates": [[-123.36811646672633, 48.44825016525017], [-123.36789995048426, 48.44827546035013]]}, "properties": {"OBJECTID": 2937, "StreetName1": "BLANSHARD ST", "StreetName2": "TOLMIE AVE", "Intersection": "BLANSHARD ST & TOLMIE AVE", "Jurisdiction": "COV", "POINT_X": 472788.0428, "POINT_Y": 5366189.500750001}}, {"type": "Feature", "id": 2938, "geometry": {"type": "MultiPoint", "coordinates": [[-123.36661531861769, 48.44842575306207]]}, "properties": {"OBJECTID": 2938, "StreetName1": "ALDER ST", "StreetName2": "TOLMIE AVE", "Intersection": "ALDER ST & TOLMIE AVE", "Jurisdiction": "COV", "POINT_X": 472891.12930000015, "POINT_Y": 5366207.118100001}}, {"type": "Feature", "id": 2939, "geometry": {"type": "MultiPoint", "coordinates": [[-123.36543930993778, 48.44856331906077]]}, "properties": {"OBJECTID": 2939, "StreetName1": "RUTLEDGE ST", "StreetName2": "TOLMIE AVE", "Intersection": "RUTLEDGE ST & TOLMIE AVE", "Jurisdiction": "COV", "POINT_X": 472978.1640999997, "POINT_Y": 5366221.9934}}, {"type": "Feature", "id": 2940, "geometry": {"type": "MultiPoint", "coordinates": [[-123.36329202780946, 48.44881447062631]]}, "properties": {"OBJECTID": 2940, "StreetName1": "GLASGOW ST", "StreetName2": "TOLMIE AVE", "Intersection": "GLASGOW ST & TOLMIE AVE", "Jurisdiction": "COV", "POINT_X": 473137.08029999956, "POINT_Y": 5366249.1543000005}}, {"type": "Feature", "id": 2941, "geometry": {"type": "MultiPoint", "coordinates": [[-123.361923995515, 48.44897445649401]]}, "properties": {"OBJECTID": 2941, "StreetName1": "QUADRA ST", "StreetName2": "TOLMIE AVE", "Intersection": "QUADRA ST & TOLMIE AVE", "Jurisdiction": "COV", "POINT_X": 473238.32490000036, "POINT_Y": 5366266.4583}}, {"type": "Feature", "id": 2942, "geometry": {"type": "MultiPoint", "coordinates": [[-123.36055942810333, 48.44912593423069]]}, "properties": {"OBJECTID": 2942, "StreetName1": "FIFTH ST", "StreetName2": "TOLMIE AVE", "Intersection": "FIFTH ST & TOLMIE AVE", "Jurisdiction": "COV", "POINT_X": 473339.30819999985, "POINT_Y": 5366282.819599999}}, {"type": "Feature", "id": 2943, "geometry": {"type": "MultiPoint", "coordinates": [[-123.35888501784532, 48.44929672337919]]}, "properties": {"OBJECTID": 2943, "StreetName1": "JACKSON ST", "StreetName2": "TOLMIE AVE", "Intersection": "JACKSON ST & TOLMIE AVE", "Jurisdiction": "COV", "POINT_X": 473463.2123999996, "POINT_Y": 5366301.2217999995}}, {"type": "Feature", "id": 2944, "geometry": {"type": "MultiPoint", "coordinates": [[-123.35737080838369, 48.44946228292859]]}, "properties": {"OBJECTID": 2944, "StreetName1": "SOMERSET ST", "StreetName2": "TOLMIE AVE", "Intersection": "SOMERSET ST & TOLMIE AVE", "Jurisdiction": "COV", "POINT_X": 473575.267, "POINT_Y": 5366319.1007}}, {"type": "Feature", "id": 2945, "geometry": {"type": "MultiPoint", "coordinates": [[-123.35049954700128, 48.450209652898444]]}, "properties": {"OBJECTID": 2945, "StreetName1": "COOK ST", "StreetName2": "TOLMIE AVE", "Intersection": "COOK ST & TOLMIE AVE", "Jurisdiction": "COV", "POINT_X": 474081.36170000024, "POINT_Y": 5366399.418400001}}, {"type": "Feature", "id": 2946, "geometry": {"type": "MultiPoint", "coordinates": [[-123.37233617356605, 48.44775794848218]]}, "properties": {"OBJECTID": 2946, "StreetName1": "DOUGLAS ST", "StreetName2": "TOLMIE LANE", "Intersection": "DOUGLAS ST & TOLMIE LANE", "Jurisdiction": "COV", "POINT_X": 472467.7307000002, "POINT_Y": 5366134.930299999}}, {"type": "Feature", "id": 2947, "geometry": {"type": "MultiPoint", "coordinates": [[-123.34886197651025, 48.45038909406712]]}, "properties": {"OBJECTID": 2947, "StreetName1": "TOLMIE AVE", "StreetName2": "TOLMIE PL", "Intersection": "TOLMIE AVE & TOLMIE PL", "Jurisdiction": "COV", "POINT_X": 474216.96949999966, "POINT_Y": 5366421.1457}}, {"type": "Feature", "id": 2948, "geometry": {"type": "MultiPoint", "coordinates": [[-123.36865639136025, 48.44140225274163]]}, "properties": {"OBJECTID": 2948, "StreetName1": "DOUGLAS ST", "StreetName2": "TOPAZ AVE", "Intersection": "DOUGLAS ST & TOPAZ AVE", "Jurisdiction": "COV", "POINT_X": 472736.4400000004, "POINT_Y": 5365427.1512}}, {"type": "Feature", "id": 2949, "geometry": {"type": "MultiPoint", "coordinates": [[-123.36654725839935, 48.44166505592162]]}, "properties": {"OBJECTID": 2949, "StreetName1": "QUESNEL ST", "StreetName2": "TOPAZ AVE", "Intersection": "QUESNEL ST & TOPAZ AVE", "Jurisdiction": "COV", "POINT_X": 472892.5645000003, "POINT_Y": 5365455.614}}, {"type": "Feature", "id": 2950, "geometry": {"type": "MultiPoint", "coordinates": [[-123.36557523146601, 48.441804490015556]]}, "properties": {"OBJECTID": 2950, "StreetName1": "NANAIMO ST", "StreetName2": "TOPAZ AVE", "Intersection": "NANAIMO ST & TOPAZ AVE", "Jurisdiction": "COV", "POINT_X": 472964.52610000037, "POINT_Y": 5365470.768999999}}, {"type": "Feature", "id": 2951, "geometry": {"type": "MultiPoint", "coordinates": [[-123.36442849914626, 48.44192461215787], [-123.36421650360171, 48.44194986986284]]}, "properties": {"OBJECTID": 2951, "StreetName1": "BLANSHARD ST", "StreetName2": "TOPAZ AVE", "Intersection": "BLANSHARD ST & TOPAZ AVE", "Jurisdiction": "COV", "POINT_X": 473057.24344999983, "POINT_Y": 5365485.083250001}}, {"type": "Feature", "id": 2952, "geometry": {"type": "MultiPoint", "coordinates": [[-123.36143882305475, 48.44230781978353]]}, "properties": {"OBJECTID": 2952, "StreetName1": "GILLIE PL", "StreetName2": "TOPAZ AVE", "Intersection": "GILLIE PL & TOPAZ AVE", "Jurisdiction": "COV", "POINT_X": 473270.70320000034, "POINT_Y": 5365525.263900001}}, {"type": "Feature", "id": 2953, "geometry": {"type": "MultiPoint", "coordinates": [[-123.36006716072022, 48.4424845512777]]}, "properties": {"OBJECTID": 2953, "StreetName1": "QUADRA ST", "StreetName2": "TOPAZ AVE", "Intersection": "QUADRA ST & TOPAZ AVE", "Jurisdiction": "COV", "POINT_X": 473372.2374999998, "POINT_Y": 5365544.430400001}}, {"type": "Feature", "id": 2954, "geometry": {"type": "MultiPoint", "coordinates": [[-123.35872756689258, 48.44266171793912]]}, "properties": {"OBJECTID": 2954, "StreetName1": "FIFTH ST", "StreetName2": "TOPAZ AVE", "Intersection": "FIFTH ST & TOPAZ AVE", "Jurisdiction": "COV", "POINT_X": 473471.39969999995, "POINT_Y": 5365563.6581999995}}, {"type": "Feature", "id": 2955, "geometry": {"type": "MultiPoint", "coordinates": [[-123.35738918390159, 48.44283837222604]]}, "properties": {"OBJECTID": 2955, "StreetName1": "GRAHAM ST", "StreetName2": "TOPAZ AVE", "Intersection": "GRAHAM ST & TOPAZ AVE", "Jurisdiction": "COV", "POINT_X": 473570.47140000015, "POINT_Y": 5365582.8312}}, {"type": "Feature", "id": 2956, "geometry": {"type": "MultiPoint", "coordinates": [[-123.35605500317924, 48.44300740577821]]}, "properties": {"OBJECTID": 2956, "StreetName1": "PRIOR ST", "StreetName2": "TOPAZ AVE", "Intersection": "PRIOR ST & TOPAZ AVE", "Jurisdiction": "COV", "POINT_X": 473669.2276999997, "POINT_Y": 5365601.1603}}, {"type": "Feature", "id": 2957, "geometry": {"type": "MultiPoint", "coordinates": [[-123.35472105941368, 48.44317639433243]]}, "properties": {"OBJECTID": 2957, "StreetName1": "BLACKWOOD ST", "StreetName2": "TOPAZ AVE", "Intersection": "BLACKWOOD ST & TOPAZ AVE", "Jurisdiction": "COV", "POINT_X": 473767.96580000035, "POINT_Y": 5365619.486199999}}, {"type": "Feature", "id": 2958, "geometry": {"type": "MultiPoint", "coordinates": [[-123.35147587601823, 48.443587438226444]]}, "properties": {"OBJECTID": 2958, "StreetName1": "THE RISE", "StreetName2": "TOPAZ AVE", "Intersection": "THE RISE & TOPAZ AVE", "Jurisdiction": "COV", "POINT_X": 474008.1705, "POINT_Y": 5365664.068700001}}, {"type": "Feature", "id": 2959, "geometry": {"type": "MultiPoint", "coordinates": [[-123.37393010343922, 48.415372701175016]]}, "properties": {"OBJECTID": 2959, "StreetName1": "MENZIES ST", "StreetName2": "TORONTO ST", "Intersection": "MENZIES ST & TORONTO ST", "Jurisdiction": "COV", "POINT_X": 472332.28670000006, "POINT_Y": 5362535.7567}}, {"type": "Feature", "id": 2960, "geometry": {"type": "MultiPoint", "coordinates": [[-123.37240136421815, 48.41546252339056]]}, "properties": {"OBJECTID": 2960, "StreetName1": "PARRY ST", "StreetName2": "TORONTO ST", "Intersection": "PARRY ST & TORONTO ST", "Jurisdiction": "COV", "POINT_X": 472445.45359999966, "POINT_Y": 5362545.1897}}, {"type": "Feature", "id": 2961, "geometry": {"type": "MultiPoint", "coordinates": [[-123.37086271932927, 48.415568759738136]]}, "properties": {"OBJECTID": 2961, "StreetName1": "POWELL ST", "StreetName2": "TORONTO ST", "Intersection": "POWELL ST & TORONTO ST", "Jurisdiction": "COV", "POINT_X": 472559.3618999999, "POINT_Y": 5362556.445900001}}, {"type": "Feature", "id": 2962, "geometry": {"type": "MultiPoint", "coordinates": [[-123.3700291551957, 48.41562023070278]]}, "properties": {"OBJECTID": 2962, "StreetName1": "HEATHER ST", "StreetName2": "TORONTO ST", "Intersection": "HEATHER ST & TORONTO ST", "Jurisdiction": "COV", "POINT_X": 472621.06850000005, "POINT_Y": 5362561.868799999}}, {"type": "Feature", "id": 2963, "geometry": {"type": "MultiPoint", "coordinates": [[-123.3690468804453, 48.41568087683535]]}, "properties": {"OBJECTID": 2963, "StreetName1": "GOVERNMENT ST", "StreetName2": "TORONTO ST", "Intersection": "GOVERNMENT ST & TORONTO ST", "Jurisdiction": "COV", "POINT_X": 472693.78359999973, "POINT_Y": 5362568.259199999}}, {"type": "Feature", "id": 2964, "geometry": {"type": "MultiPoint", "coordinates": [[-123.36717183656063, 48.415805524465604]]}, "properties": {"OBJECTID": 2964, "StreetName1": "HUNTINGTON PL", "StreetName2": "TORONTO ST", "Intersection": "HUNTINGTON PL & TORONTO ST", "Jurisdiction": "COV", "POINT_X": 472832.59219999984, "POINT_Y": 5362581.4475}}, {"type": "Feature", "id": 2965, "geometry": {"type": "MultiPoint", "coordinates": [[-123.36586488030305, 48.41589005993426]]}, "properties": {"OBJECTID": 2965, "StreetName1": "DOUGLAS ST", "StreetName2": "TORONTO ST", "Intersection": "DOUGLAS ST & TORONTO ST", "Jurisdiction": "COV", "POINT_X": 472929.34389999975, "POINT_Y": 5362590.381200001}}, {"type": "Feature", "id": 2966, "geometry": {"type": "MultiPoint", "coordinates": [[-123.34973094313368, 48.44734380378519]]}, "properties": {"OBJECTID": 2966, "StreetName1": "COOK ST", "StreetName2": "TOVIDO LANE", "Intersection": "COOK ST & TOVIDO LANE", "Jurisdiction": "COV", "POINT_X": 474139.12179999985, "POINT_Y": 5366081.013800001}}, {"type": "Feature", "id": 2967, "geometry": {"type": "MultiPoint", "coordinates": [[-123.32393559311019, 48.43187258337897]]}, "properties": {"OBJECTID": 2967, "StreetName1": "FORT ST", "StreetName2": "TRENT ST", "Intersection": "FORT ST & TRENT ST", "Jurisdiction": "COV", "POINT_X": 476039.36569999997, "POINT_Y": 5364352.9311}}, {"type": "Feature", "id": 2968, "geometry": {"type": "MultiPoint", "coordinates": [[-123.35350549330904, 48.41742914734577]]}, "properties": {"OBJECTID": 2968, "StreetName1": "FAIRFIELD RD", "StreetName2": "SU'IT ST", "Intersection": "FAIRFIELD RD & SU'IT ST", "Jurisdiction": "COV", "POINT_X": 473844.6514999997, "POINT_Y": 5362757.1622}}, {"type": "Feature", "id": 2969, "geometry": {"type": "MultiPoint", "coordinates": [[-123.35322745143095, 48.41861713560107]]}, "properties": {"OBJECTID": 2969, "StreetName1": "COLLINSON ST", "StreetName2": "SU'IT ST", "Intersection": "COLLINSON ST & SU'IT ST", "Jurisdiction": "COV", "POINT_X": 473865.8332000002, "POINT_Y": 5362889.116599999}}, {"type": "Feature", "id": 2970, "geometry": {"type": "MultiPoint", "coordinates": [[-123.35302570287575, 48.419427315473826]]}, "properties": {"OBJECTID": 2970, "StreetName1": "RICHARDSON ST", "StreetName2": "SU'IT ST", "Intersection": "RICHARDSON ST & SU'IT ST", "Jurisdiction": "COV", "POINT_X": 473881.1755999997, "POINT_Y": 5362979.102299999}}, {"type": "Feature", "id": 2971, "geometry": {"type": "MultiPoint", "coordinates": [[-123.3755523209325, 48.43741600066322]]}, "properties": {"OBJECTID": 2971, "StreetName1": "DAVID ST", "StreetName2": "TURNER ST", "Intersection": "DAVID ST & TURNER ST", "Jurisdiction": "COV", "POINT_X": 472224.2662000004, "POINT_Y": 5364986.5414}}, {"type": "Feature", "id": 2972, "geometry": {"type": "MultiPoint", "coordinates": [[-123.3752235558658, 48.43665387733183]]}, "properties": {"OBJECTID": 2972, "StreetName1": "HILLSIDE AVE", "StreetName2": "TURNER ST", "Intersection": "HILLSIDE AVE & TURNER ST", "Jurisdiction": "COV", "POINT_X": 472248.1673999997, "POINT_Y": 5364901.709100001}}, {"type": "Feature", "id": 2973, "geometry": {"type": "MultiPoint", "coordinates": [[-123.37488314508062, 48.435864730257265]]}, "properties": {"OBJECTID": 2973, "StreetName1": "JOHN ST", "StreetName2": "TURNER ST", "Intersection": "JOHN ST & TURNER ST", "Jurisdiction": "COV", "POINT_X": 472272.9160000002, "POINT_Y": 5364813.868899999}}, {"type": "Feature", "id": 2974, "geometry": {"type": "MultiPoint", "coordinates": [[-123.37453636248569, 48.435066602687876]]}, "properties": {"OBJECTID": 2974, "StreetName1": "BAY ST", "StreetName2": "TURNER ST", "Intersection": "BAY ST & TURNER ST", "Jurisdiction": "COV", "POINT_X": 472298.1317999996, "POINT_Y": 5364725.0283}}, {"type": "Feature", "id": 2975, "geometry": {"type": "MultiPoint", "coordinates": [[-123.34720303444082, 48.447884197755016]]}, "properties": {"OBJECTID": 2975, "StreetName1": "FINLAYSON PL", "StreetName2": "TWIN OAKS LANE", "Intersection": "FINLAYSON PL & TWIN OAKS LANE", "Jurisdiction": "COV", "POINT_X": 474326.3284, "POINT_Y": 5366140.2301}}, {"type": "Feature", "id": 2976, "geometry": {"type": "MultiPoint", "coordinates": [[-123.38263870968592, 48.43628560272558]]}, "properties": {"OBJECTID": 2976, "StreetName1": "RAYNOR AVE", "StreetName2": "TYEE RD", "Intersection": "RAYNOR AVE & TYEE RD", "Jurisdiction": "COV", "POINT_X": 471699.51099999994, "POINT_Y": 5364863.4879}}, {"type": "Feature", "id": 2977, "geometry": {"type": "MultiPoint", "coordinates": [[-123.38177174708325, 48.435017590548775]]}, "properties": {"OBJECTID": 2977, "StreetName1": "GAUDIN RD", "StreetName2": "TYEE RD", "Intersection": "GAUDIN RD & TYEE RD", "Jurisdiction": "COV", "POINT_X": 471762.9325000001, "POINT_Y": 5364722.223200001}}, {"type": "Feature", "id": 2978, "geometry": {"type": "MultiPoint", "coordinates": [[-123.38169538591922, 48.43441468874514]]}, "properties": {"OBJECTID": 2978, "StreetName1": "LANGFORD ST", "StreetName2": "TYEE RD", "Intersection": "LANGFORD ST & TYEE RD", "Jurisdiction": "COV", "POINT_X": 471768.2466000002, "POINT_Y": 5364655.1800999995}}, {"type": "Feature", "id": 2979, "geometry": {"type": "MultiPoint", "coordinates": [[-123.38059017524698, 48.43378618119247]]}, "properties": {"OBJECTID": 2979, "StreetName1": "BAY ST", "StreetName2": "TYEE RD", "Intersection": "BAY ST & TYEE RD", "Jurisdiction": "COV", "POINT_X": 471849.6484000003, "POINT_Y": 5364584.9121}}, {"type": "Feature", "id": 2980, "geometry": {"type": "MultiPoint", "coordinates": [[-123.37947272520965, 48.432232192447614]]}, "properties": {"OBJECTID": 2980, "StreetName1": "HARBOUR RD", "StreetName2": "TYEE RD", "Intersection": "HARBOUR RD & TYEE RD", "Jurisdiction": "COV", "POINT_X": 471931.4478000002, "POINT_Y": 5364411.7699}}, {"type": "Feature", "id": 2981, "geometry": {"type": "MultiPoint", "coordinates": [[-123.37746643652417, 48.42740008553193]]}, "properties": {"OBJECTID": 2981, "StreetName1": "KIMTA RD", "StreetName2": "TYEE RD", "Intersection": "KIMTA RD & TYEE RD", "Jurisdiction": "COV", "POINT_X": 472077.20579999965, "POINT_Y": 5363873.9289}}, {"type": "Feature", "id": 2982, "geometry": {"type": "MultiPoint", "coordinates": [[-123.37741793085672, 48.42847095318138]]}, "properties": {"OBJECTID": 2982, "StreetName1": "ESQUIMALT RD", "StreetName2": "TYEE RD", "Intersection": "ESQUIMALT RD & TYEE RD", "Jurisdiction": "COV", "POINT_X": 472081.38069999963, "POINT_Y": 5363992.942299999}}, {"type": "Feature", "id": 2983, "geometry": {"type": "MultiPoint", "coordinates": [[-123.35940895537759, 48.41284237467272]]}, "properties": {"OBJECTID": 2983, "StreetName1": "PARK BLVD", "StreetName2": "VANCOUVER ST", "Intersection": "PARK BLVD & VANCOUVER ST", "Jurisdiction": "COV", "POINT_X": 473405.4528999999, "POINT_Y": 5362249.3584}}, {"type": "Feature", "id": 2984, "geometry": {"type": "MultiPoint", "coordinates": [[-123.35937975836227, 48.41387995978232]]}, "properties": {"OBJECTID": 2984, "StreetName1": "OLIPHANT AVE", "StreetName2": "VANCOUVER ST", "Intersection": "OLIPHANT AVE & VANCOUVER ST", "Jurisdiction": "COV", "POINT_X": 473408.1545000002, "POINT_Y": 5362364.6796}}, {"type": "Feature", "id": 2985, "geometry": {"type": "MultiPoint", "coordinates": [[-123.35935170852463, 48.41488238257282]]}, "properties": {"OBJECTID": 2985, "StreetName1": "SUTLEJ ST", "StreetName2": "VANCOUVER ST", "Intersection": "SUTLEJ ST & VANCOUVER ST", "Jurisdiction": "COV", "POINT_X": 473410.7527999999, "POINT_Y": 5362476.092800001}}, {"type": "Feature", "id": 2986, "geometry": {"type": "MultiPoint", "coordinates": [[-123.35932636409773, 48.41578806307894]]}, "properties": {"OBJECTID": 2986, "StreetName1": "PENDERGAST ST", "StreetName2": "VANCOUVER ST", "Intersection": "PENDERGAST ST & VANCOUVER ST", "Jurisdiction": "COV", "POINT_X": 473413.1003999999, "POINT_Y": 5362576.753699999}}, {"type": "Feature", "id": 2987, "geometry": {"type": "MultiPoint", "coordinates": [[-123.35930183073296, 48.41666472971838]]}, "properties": {"OBJECTID": 2987, "StreetName1": "SOUTHGATE ST", "StreetName2": "VANCOUVER ST", "Intersection": "SOUTHGATE ST & VANCOUVER ST", "Jurisdiction": "COV", "POINT_X": 473415.3728, "POINT_Y": 5362674.1899}}, {"type": "Feature", "id": 2988, "geometry": {"type": "MultiPoint", "coordinates": [[-123.35889520364027, 48.41708652546106]]}, "properties": {"OBJECTID": 2988, "StreetName1": "HARLING LANE", "StreetName2": "VANCOUVER ST", "Intersection": "HARLING LANE & VANCOUVER ST", "Jurisdiction": "COV", "POINT_X": 473445.6798999999, "POINT_Y": 5362720.933}}, {"type": "Feature", "id": 2989, "geometry": {"type": "MultiPoint", "coordinates": [[-123.35868242684228, 48.417235623023295]]}, "properties": {"OBJECTID": 2989, "StreetName1": "HUMBOLDT ST", "StreetName2": "VANCOUVER ST", "Intersection": "HUMBOLDT ST & VANCOUVER ST", "Jurisdiction": "COV", "POINT_X": 473461.50129999965, "POINT_Y": 5362737.432}}, {"type": "Feature", "id": 2990, "geometry": {"type": "MultiPoint", "coordinates": [[-123.35844317632129, 48.41751479473536]]}, "properties": {"OBJECTID": 2990, "StreetName1": "PAKINGTON ST", "StreetName2": "VANCOUVER ST", "Intersection": "PAKINGTON ST & VANCOUVER ST", "Jurisdiction": "COV", "POINT_X": 473479.3491000002, "POINT_Y": 5362768.380100001}}, {"type": "Feature", "id": 2991, "geometry": {"type": "MultiPoint", "coordinates": [[-123.35823365417643, 48.41831936373014]]}, "properties": {"OBJECTID": 2991, "StreetName1": "FAIRFIELD RD", "StreetName2": "VANCOUVER ST", "Intersection": "FAIRFIELD RD & VANCOUVER ST", "Jurisdiction": "COV", "POINT_X": 473495.27020000014, "POINT_Y": 5362857.738399999}}, {"type": "Feature", "id": 2992, "geometry": {"type": "MultiPoint", "coordinates": [[-123.35804454781356, 48.419138809273306]]}, "properties": {"OBJECTID": 2992, "StreetName1": "COLLINSON ST", "StreetName2": "VANCOUVER ST", "Intersection": "COLLINSON ST & VANCOUVER ST", "Jurisdiction": "COV", "POINT_X": 473509.6880000001, "POINT_Y": 5362948.7574000005}}, {"type": "Feature", "id": 2993, "geometry": {"type": "MultiPoint", "coordinates": [[-123.35784537689158, 48.41994821944642]]}, "properties": {"OBJECTID": 2993, "StreetName1": "RICHARDSON ST", "StreetName2": "VANCOUVER ST", "Intersection": "RICHARDSON ST & VANCOUVER ST", "Jurisdiction": "COV", "POINT_X": 473524.8448000001, "POINT_Y": 5363038.657500001}}, {"type": "Feature", "id": 2994, "geometry": {"type": "MultiPoint", "coordinates": [[-123.35770525757891, 48.42051759766666], [-123.35764410595802, 48.42076608703955]]}, "properties": {"OBJECTID": 2994, "StreetName1": "MCCLURE ST", "StreetName2": "VANCOUVER ST", "Intersection": "MCCLURE ST & VANCOUVER ST", "Jurisdiction": "COV", "POINT_X": 473537.8342000003, "POINT_Y": 5363115.6973}}, {"type": "Feature", "id": 2995, "geometry": {"type": "MultiPoint", "coordinates": [[-123.35746170951765, 48.42150725575804]]}, "properties": {"OBJECTID": 2995, "StreetName1": "BURDETT AVE", "StreetName2": "VANCOUVER ST", "Intersection": "BURDETT AVE & VANCOUVER ST", "Jurisdiction": "COV", "POINT_X": 473554.04030000046, "POINT_Y": 5363211.8177000005}}, {"type": "Feature", "id": 2996, "geometry": {"type": "MultiPoint", "coordinates": [[-123.35725760118993, 48.42233626628203]]}, "properties": {"OBJECTID": 2996, "StreetName1": "ROCKLAND AVE", "StreetName2": "VANCOUVER ST", "Intersection": "ROCKLAND AVE & VANCOUVER ST", "Jurisdiction": "COV", "POINT_X": 473569.5712000001, "POINT_Y": 5363303.8949}}, {"type": "Feature", "id": 2997, "geometry": {"type": "MultiPoint", "coordinates": [[-123.35704166961801, 48.4232132609799]]}, "properties": {"OBJECTID": 2997, "StreetName1": "MEARES ST", "StreetName2": "VANCOUVER ST", "Intersection": "MEARES ST & VANCOUVER ST", "Jurisdiction": "COV", "POINT_X": 473586.0011999998, "POINT_Y": 5363401.3017}}, {"type": "Feature", "id": 2998, "geometry": {"type": "MultiPoint", "coordinates": [[-123.35691862020217, 48.42371272229586]]}, "properties": {"OBJECTID": 2998, "StreetName1": "FORT ST", "StreetName2": "VANCOUVER ST", "Intersection": "FORT ST & VANCOUVER ST", "Jurisdiction": "COV", "POINT_X": 473595.3635, "POINT_Y": 5363456.7763}}, {"type": "Feature", "id": 2999, "geometry": {"type": "MultiPoint", "coordinates": [[-123.35655722740793, 48.43777227620104]]}, "properties": {"OBJECTID": 2999, "StreetName1": "KINGS RD", "StreetName2": "VANCOUVER ST", "Intersection": "KINGS RD & VANCOUVER ST", "Jurisdiction": "COV", "POINT_X": 473629.37629999965, "POINT_Y": 5365019.4268}}, {"type": "Feature", "id": 3000, "geometry": {"type": "MultiPoint", "coordinates": [[-123.35630832700807, 48.42628453371034]]}, "properties": {"OBJECTID": 3000, "StreetName1": "JOHNSON ST", "StreetName2": "VANCOUVER ST", "Intersection": "JOHNSON ST & VANCOUVER ST", "Jurisdiction": "COV", "POINT_X": 473641.8443999998, "POINT_Y": 5363742.4328000005}}, {"type": "Feature", "id": 3001, "geometry": {"type": "MultiPoint", "coordinates": [[-123.35616686773454, 48.42735998763073], [-123.3561591767942, 48.42710452059757], [-123.35615391446125, 48.42691861625606]]}, "properties": {"OBJECTID": 3001, "StreetName1": "PANDORA AVE", "StreetName2": "VANCOUVER ST", "Intersection": "PANDORA AVE & VANCOUVER ST", "Jurisdiction": "COV", "POINT_X": 473653.23034999974, "POINT_Y": 5363837.392700001}}, {"type": "Feature", "id": 3002, "geometry": {"type": "MultiPoint", "coordinates": [[-123.35612083174811, 48.42796767336022], [-123.3560738349925, 48.428324206626435]]}, "properties": {"OBJECTID": 3002, "StreetName1": "MASON ST", "StreetName2": "VANCOUVER ST", "Intersection": "MASON ST & VANCOUVER ST", "Jurisdiction": "COV", "POINT_X": 473658.41545, "POINT_Y": 5363949.262750001}}, {"type": "Feature", "id": 3003, "geometry": {"type": "MultiPoint", "coordinates": [[-123.35600859608269, 48.42883707597946]]}, "properties": {"OBJECTID": 3003, "StreetName1": "BALMORAL RD", "StreetName2": "VANCOUVER ST", "Intersection": "BALMORAL RD & VANCOUVER ST", "Jurisdiction": "COV", "POINT_X": 473665.3370000003, "POINT_Y": 5364026.0547}}, {"type": "Feature", "id": 3004, "geometry": {"type": "MultiPoint", "coordinates": [[-123.35588303469846, 48.429726271454165]]}, "properties": {"OBJECTID": 3004, "StreetName1": "NORTH PARK ST", "StreetName2": "VANCOUVER ST", "Intersection": "NORTH PARK ST & VANCOUVER ST", "Jurisdiction": "COV", "POINT_X": 473675.08469999954, "POINT_Y": 5364124.849099999}}, {"type": "Feature", "id": 3005, "geometry": {"type": "MultiPoint", "coordinates": [[-123.35574732273766, 48.43062099581163]]}, "properties": {"OBJECTID": 3005, "StreetName1": "CALEDONIA AVE", "StreetName2": "VANCOUVER ST", "Intersection": "CALEDONIA AVE & VANCOUVER ST", "Jurisdiction": "COV", "POINT_X": 473685.58579999954, "POINT_Y": 5364224.2546}}, {"type": "Feature", "id": 3006, "geometry": {"type": "MultiPoint", "coordinates": [[-123.35565766442282, 48.431364207330134]]}, "properties": {"OBJECTID": 3006, "StreetName1": "GREEN ST", "StreetName2": "VANCOUVER ST", "Intersection": "GREEN ST & VANCOUVER ST", "Jurisdiction": "COV", "POINT_X": 473692.60170000046, "POINT_Y": 5364306.8347}}, {"type": "Feature", "id": 3007, "geometry": {"type": "MultiPoint", "coordinates": [[-123.35557057115345, 48.432086155556696]]}, "properties": {"OBJECTID": 3007, "StreetName1": "PEMBROKE ST", "StreetName2": "VANCOUVER ST", "Intersection": "PEMBROKE ST & VANCOUVER ST", "Jurisdiction": "COV", "POINT_X": 473699.41669999994, "POINT_Y": 5364387.052200001}}, {"type": "Feature", "id": 3008, "geometry": {"type": "MultiPoint", "coordinates": [[-123.35584499713283, 48.43517841020327], [-123.35515087568585, 48.4351400809118]]}, "properties": {"OBJECTID": 3008, "StreetName1": "BAY ST", "StreetName2": "VANCOUVER ST", "Intersection": "BAY ST & VANCOUVER ST", "Jurisdiction": "COV", "POINT_X": 473706.3752499998, "POINT_Y": 5364728.6136}}, {"type": "Feature", "id": 3009, "geometry": {"type": "MultiPoint", "coordinates": [[-123.35545261394472, 48.43292187008705]]}, "properties": {"OBJECTID": 3009, "StreetName1": "PRINCESS AVE", "StreetName2": "VANCOUVER ST", "Intersection": "PRINCESS AVE & VANCOUVER ST", "Jurisdiction": "COV", "POINT_X": 473708.57320000045, "POINT_Y": 5364479.9047}}, {"type": "Feature", "id": 3010, "geometry": {"type": "MultiPoint", "coordinates": [[-123.35533711853216, 48.43374861623097]]}, "properties": {"OBJECTID": 3010, "StreetName1": "QUEENS AVE", "StreetName2": "VANCOUVER ST", "Intersection": "QUEENS AVE & VANCOUVER ST", "Jurisdiction": "COV", "POINT_X": 473717.5427000001, "POINT_Y": 5364571.7612}}, {"type": "Feature", "id": 3011, "geometry": {"type": "MultiPoint", "coordinates": [[-123.35521589436591, 48.43461868009451]]}, "properties": {"OBJECTID": 3011, "StreetName1": "EMPRESS AVE", "StreetName2": "VANCOUVER ST", "Intersection": "EMPRESS AVE & VANCOUVER ST", "Jurisdiction": "COV", "POINT_X": 473726.95799999963, "POINT_Y": 5364668.4307}}, {"type": "Feature", "id": 3012, "geometry": {"type": "MultiPoint", "coordinates": [[-123.33736537038267, 48.436130371822266]]}, "properties": {"OBJECTID": 3012, "StreetName1": "HAULTAIN ST", "StreetName2": "VICTOR ST", "Intersection": "HAULTAIN ST & VICTOR ST", "Jurisdiction": "COV", "POINT_X": 475048.0415000003, "POINT_Y": 5364830.490700001}}, {"type": "Feature", "id": 3013, "geometry": {"type": "MultiPoint", "coordinates": [[-123.33731070444776, 48.438090549637764]]}, "properties": {"OBJECTID": 3013, "StreetName1": "KINGS RD", "StreetName2": "VICTOR ST", "Intersection": "KINGS RD & VICTOR ST", "Jurisdiction": "COV", "POINT_X": 475053.0445999997, "POINT_Y": 5365048.354699999}}, {"type": "Feature", "id": 3014, "geometry": {"type": "MultiPoint", "coordinates": [[-123.33725369043309, 48.44005138228586]]}, "properties": {"OBJECTID": 3014, "StreetName1": "RYAN ST", "StreetName2": "VICTOR ST", "Intersection": "RYAN ST & VICTOR ST", "Jurisdiction": "COV", "POINT_X": 475058.22140000015, "POINT_Y": 5365266.2908}}, {"type": "Feature", "id": 3015, "geometry": {"type": "MultiPoint", "coordinates": [[-123.3374329084554, 48.43412690747877], [-123.33695326594864, 48.43410362013565]]}, "properties": {"OBJECTID": 3015, "StreetName1": "BAY ST", "StreetName2": "VICTOR ST", "Intersection": "BAY ST & VICTOR ST", "Jurisdiction": "COV", "POINT_X": 475059.7980499998, "POINT_Y": 5364606.447149999}}, {"type": "Feature", "id": 3016, "geometry": {"type": "MultiPoint", "coordinates": [[-123.33711256401378, 48.43118085261311]]}, "properties": {"OBJECTID": 3016, "StreetName1": "PEMBROKE ST", "StreetName2": "VICTOR ST", "Intersection": "PEMBROKE ST & VICTOR ST", "Jurisdiction": "COV", "POINT_X": 475064.3183000004, "POINT_Y": 5364280.249299999}}, {"type": "Feature", "id": 3017, "geometry": {"type": "MultiPoint", "coordinates": [[-123.33704003394108, 48.43262532161338]]}, "properties": {"OBJECTID": 3017, "StreetName1": "DENMAN ST", "StreetName2": "VICTOR ST", "Intersection": "DENMAN ST & VICTOR ST", "Jurisdiction": "COV", "POINT_X": 475070.3901000004, "POINT_Y": 5364440.7842}}, {"type": "Feature", "id": 3018, "geometry": {"type": "MultiPoint", "coordinates": [[-123.36767827158056, 48.425710032301865]]}, "properties": {"OBJECTID": 3018, "StreetName1": "BASTION SQ", "StreetName2": "VIEW ST", "Intersection": "BASTION SQ & VIEW ST", "Jurisdiction": "COV", "POINT_X": 472800.40390000027, "POINT_Y": 5363682.5504}}, {"type": "Feature", "id": 3019, "geometry": {"type": "MultiPoint", "coordinates": [[-123.36643510462385, 48.42557139445157]]}, "properties": {"OBJECTID": 3019, "StreetName1": "BROAD ST", "StreetName2": "VIEW ST", "Intersection": "BROAD ST & VIEW ST", "Jurisdiction": "COV", "POINT_X": 472892.2991000004, "POINT_Y": 5363666.6995}}, {"type": "Feature", "id": 3020, "geometry": {"type": "MultiPoint", "coordinates": [[-123.36515380897744, 48.425428490951]]}, "properties": {"OBJECTID": 3020, "StreetName1": "DOUGLAS ST", "StreetName2": "VIEW ST", "Intersection": "DOUGLAS ST & VIEW ST", "Jurisdiction": "COV", "POINT_X": 472987.01329999976, "POINT_Y": 5363650.362500001}}, {"type": "Feature", "id": 3021, "geometry": {"type": "MultiPoint", "coordinates": [[-123.36230292997982, 48.42513463450309]]}, "properties": {"OBJECTID": 3021, "StreetName1": "BLANSHARD ST", "StreetName2": "VIEW ST", "Intersection": "BLANSHARD ST & VIEW ST", "Jurisdiction": "COV", "POINT_X": 473197.76669999957, "POINT_Y": 5363616.6976}}, {"type": "Feature", "id": 3022, "geometry": {"type": "MultiPoint", "coordinates": [[-123.35951858838085, 48.42483014275227]]}, "properties": {"OBJECTID": 3022, "StreetName1": "QUADRA ST", "StreetName2": "VIEW ST", "Intersection": "QUADRA ST & VIEW ST", "Jurisdiction": "COV", "POINT_X": 473403.59449999966, "POINT_Y": 5363581.8815}}, {"type": "Feature", "id": 3023, "geometry": {"type": "MultiPoint", "coordinates": [[-123.35671866678254, 48.42452430404324]]}, "properties": {"OBJECTID": 3023, "StreetName1": "VANCOUVER ST", "StreetName2": "VIEW ST", "Intersection": "VANCOUVER ST & VIEW ST", "Jurisdiction": "COV", "POINT_X": 473610.5767000001, "POINT_Y": 5363546.9178}}, {"type": "Feature", "id": 3024, "geometry": {"type": "MultiPoint", "coordinates": [[-123.35385789737788, 48.424211612019825]]}, "properties": {"OBJECTID": 3024, "StreetName1": "COOK ST", "StreetName2": "VIEW ST", "Intersection": "COOK ST & VIEW ST", "Jurisdiction": "COV", "POINT_X": 473822.05950000044, "POINT_Y": 5363511.179099999}}, {"type": "Feature", "id": 3025, "geometry": {"type": "MultiPoint", "coordinates": [[-123.34964791854385, 48.42375214914156]]}, "properties": {"OBJECTID": 3025, "StreetName1": "ORMOND ST", "StreetName2": "VIEW ST", "Intersection": "ORMOND ST & VIEW ST", "Jurisdiction": "COV", "POINT_X": 474133.2878999999, "POINT_Y": 5363458.6776}}, {"type": "Feature", "id": 3026, "geometry": {"type": "MultiPoint", "coordinates": [[-123.36516769976511, 48.44757439474584]]}, "properties": {"OBJECTID": 3026, "StreetName1": "RUTLEDGE ST", "StreetName2": "VILLANCE ST", "Intersection": "RUTLEDGE ST & VILLANCE ST", "Jurisdiction": "COV", "POINT_X": 472997.7243999997, "POINT_Y": 5366111.974400001}}, {"type": "Feature", "id": 3027, "geometry": {"type": "MultiPoint", "coordinates": [[-123.36311863505797, 48.4483946921988]]}, "properties": {"OBJECTID": 3027, "StreetName1": "GLASGOW ST", "StreetName2": "VILLANCE ST", "Intersection": "GLASGOW ST & VILLANCE ST", "Jurisdiction": "COV", "POINT_X": 473149.6807000004, "POINT_Y": 5366202.4333}}, {"type": "Feature", "id": 3028, "geometry": {"type": "MultiPoint", "coordinates": [[-123.34941179151751, 48.41289490372951]]}, "properties": {"OBJECTID": 3028, "StreetName1": "MOSS ST", "StreetName2": "VIMY PL", "Intersection": "MOSS ST & VIMY PL", "Jurisdiction": "COV", "POINT_X": 474145.2520000003, "POINT_Y": 5362251.774599999}}, {"type": "Feature", "id": 3029, "geometry": {"type": "MultiPoint", "coordinates": [[-123.35000393485397, 48.42984387481635]]}, "properties": {"OBJECTID": 3029, "StreetName1": "CHAMBERS ST", "StreetName2": "VINING ST", "Intersection": "CHAMBERS ST & VINING ST", "Jurisdiction": "COV", "POINT_X": 474110.04339999985, "POINT_Y": 5364135.9169}}, {"type": "Feature", "id": 3030, "geometry": {"type": "MultiPoint", "coordinates": [[-123.34521933727325, 48.42956077648602]]}, "properties": {"OBJECTID": 3030, "StreetName1": "FERNWOOD RD", "StreetName2": "VINING ST", "Intersection": "FERNWOOD RD & VINING ST", "Jurisdiction": "COV", "POINT_X": 474463.8353000004, "POINT_Y": 5364102.8429000005}}, {"type": "Feature", "id": 3031, "geometry": {"type": "MultiPoint", "coordinates": [[-123.34222150234717, 48.42948430419103]]}, "properties": {"OBJECTID": 3031, "StreetName1": "STANLEY AVE", "StreetName2": "VINING ST", "Intersection": "STANLEY AVE & VINING ST", "Jurisdiction": "COV", "POINT_X": 474685.5591000002, "POINT_Y": 5364093.3474}}, {"type": "Feature", "id": 3032, "geometry": {"type": "MultiPoint", "coordinates": [[-123.33899992304514, 48.42941781811957]]}, "properties": {"OBJECTID": 3032, "StreetName1": "BELMONT AVE", "StreetName2": "VINING ST", "Intersection": "BELMONT AVE & VINING ST", "Jurisdiction": "COV", "POINT_X": 474923.8398000002, "POINT_Y": 5364084.897299999}}, {"type": "Feature", "id": 3033, "geometry": {"type": "MultiPoint", "coordinates": [[-123.33611309586911, 48.429347069034556]]}, "properties": {"OBJECTID": 3033, "StreetName1": "BEGBIE ST", "StreetName2": "VINING ST", "Intersection": "BEGBIE ST & VINING ST", "Jurisdiction": "COV", "POINT_X": 475137.3559999997, "POINT_Y": 5364076.092}}, {"type": "Feature", "id": 3034, "geometry": {"type": "MultiPoint", "coordinates": [[-123.37034865016467, 48.411982617344314]]}, "properties": {"OBJECTID": 3034, "StreetName1": "ST ANDREWS ST", "StreetName2": "VIOLET LANE", "Intersection": "ST ANDREWS ST & VIOLET LANE", "Jurisdiction": "COV", "POINT_X": 472595.4729000004, "POINT_Y": 5362157.6492}}, {"type": "Feature", "id": 3035, "geometry": {"type": "MultiPoint", "coordinates": [[-123.36919524802167, 48.41142588391527]]}, "properties": {"OBJECTID": 3035, "StreetName1": "THETIS LANE", "StreetName2": "VIOLET LANE", "Intersection": "THETIS LANE & VIOLET LANE", "Jurisdiction": "COV", "POINT_X": 472680.52579999994, "POINT_Y": 5362095.3543}}, {"type": "Feature", "id": 3036, "geometry": {"type": "MultiPoint", "coordinates": [[-123.35828877948376, 48.44115360932465]]}, "properties": {"OBJECTID": 3036, "StreetName1": "FIFTH ST", "StreetName2": "VISTA HTS", "Intersection": "FIFTH ST & VISTA HTS", "Jurisdiction": "COV", "POINT_X": 473503.0658, "POINT_Y": 5365395.8737}}, {"type": "Feature", "id": 3037, "geometry": {"type": "MultiPoint", "coordinates": [[-123.35694561205851, 48.44130467743657]]}, "properties": {"OBJECTID": 3037, "StreetName1": "GRAHAM ST", "StreetName2": "VISTA HTS", "Intersection": "GRAHAM ST & VISTA HTS", "Jurisdiction": "COV", "POINT_X": 473602.48089999985, "POINT_Y": 5365412.2016}}, {"type": "Feature", "id": 3038, "geometry": {"type": "MultiPoint", "coordinates": [[-123.35561151568265, 48.44147541139503]]}, "properties": {"OBJECTID": 3038, "StreetName1": "PRIOR ST", "StreetName2": "VISTA HTS", "Intersection": "PRIOR ST & VISTA HTS", "Jurisdiction": "COV", "POINT_X": 473701.2346999999, "POINT_Y": 5365430.7203}}, {"type": "Feature", "id": 3039, "geometry": {"type": "MultiPoint", "coordinates": [[-123.35427670818599, 48.44164394321386]]}, "properties": {"OBJECTID": 3039, "StreetName1": "BLACKWOOD ST", "StreetName2": "VISTA HTS", "Intersection": "BLACKWOOD ST & VISTA HTS", "Jurisdiction": "COV", "POINT_X": 473800.0393000003, "POINT_Y": 5365448.9957}}, {"type": "Feature", "id": 3040, "geometry": {"type": "MultiPoint", "coordinates": [[-123.35103238127621, 48.442053792692654]]}, "properties": {"OBJECTID": 3040, "StreetName1": "THE RISE", "StreetName2": "VISTA HTS", "Intersection": "THE RISE & VISTA HTS", "Jurisdiction": "COV", "POINT_X": 474040.1869999999, "POINT_Y": 5365493.4471}}, {"type": "Feature", "id": 3041, "geometry": {"type": "MultiPoint", "coordinates": [[-123.34969443260981, 48.44222553044617]]}, "properties": {"OBJECTID": 3041, "StreetName1": "COOK ST", "StreetName2": "VISTA HTS", "Intersection": "COOK ST & VISTA HTS", "Jurisdiction": "COV", "POINT_X": 474139.2232999997, "POINT_Y": 5365512.083699999}}, {"type": "Feature", "id": 3042, "geometry": {"type": "MultiPoint", "coordinates": [[-123.34712263574914, 48.44230577982988]]}, "properties": {"OBJECTID": 3042, "StreetName1": "GROSVENOR RD", "StreetName2": "VISTA HTS", "Intersection": "GROSVENOR RD & VISTA HTS", "Jurisdiction": "COV", "POINT_X": 474329.4625000004, "POINT_Y": 5365520.1383}}, {"type": "Feature", "id": 3043, "geometry": {"type": "MultiPoint", "coordinates": [[-123.36943662196931, 48.42772552615769]]}, "properties": {"OBJECTID": 3043, "StreetName1": "JOHNSON ST", "StreetName2": "WADDINGTON ALLEY", "Intersection": "JOHNSON ST & WADDINGTON ALLEY", "Jurisdiction": "COV", "POINT_X": 472671.4025999997, "POINT_Y": 5363907.2063}}, {"type": "Feature", "id": 3044, "geometry": {"type": "MultiPoint", "coordinates": [[-123.3920859262534, 48.43587849459298]]}, "properties": {"OBJECTID": 3044, "StreetName1": "MCCASKILL ST", "StreetName2": "WALKER ST", "Intersection": "MCCASKILL ST & WALKER ST", "Jurisdiction": "COV", "POINT_X": 471000.5236999998, "POINT_Y": 5364821.7709}}, {"type": "Feature", "id": 3045, "geometry": {"type": "MultiPoint", "coordinates": [[-123.34943696009655, 48.43392922104595]]}, "properties": {"OBJECTID": 3045, "StreetName1": "CHAMBERS ST", "StreetName2": "WALNUT ST", "Intersection": "CHAMBERS ST & WALNUT ST", "Jurisdiction": "COV", "POINT_X": 474154.0565999998, "POINT_Y": 5364589.8279}}, {"type": "Feature", "id": 3046, "geometry": {"type": "MultiPoint", "coordinates": [[-123.34789815865491, 48.43383712844958]]}, "properties": {"OBJECTID": 3046, "StreetName1": "CEDAR HILL RD", "StreetName2": "WALNUT ST", "Intersection": "CEDAR HILL RD & WALNUT ST", "Jurisdiction": "COV", "POINT_X": 474267.83160000015, "POINT_Y": 5364579.0732}}, {"type": "Feature", "id": 3047, "geometry": {"type": "MultiPoint", "coordinates": [[-123.34737197799913, 48.43375222358383]]}, "properties": {"OBJECTID": 3047, "StreetName1": "SPRING RD", "StreetName2": "WALNUT ST", "Intersection": "SPRING RD & WALNUT ST", "Jurisdiction": "COV", "POINT_X": 474306.7092000004, "POINT_Y": 5364569.459000001}}, {"type": "Feature", "id": 3048, "geometry": {"type": "MultiPoint", "coordinates": [[-123.34503222408922, 48.43363407320962]]}, "properties": {"OBJECTID": 3048, "StreetName1": "FERNWOOD RD", "StreetName2": "WALNUT ST", "Intersection": "FERNWOOD RD & WALNUT ST", "Jurisdiction": "COV", "POINT_X": 474479.71669999976, "POINT_Y": 5364555.5437}}, {"type": "Feature", "id": 3049, "geometry": {"type": "MultiPoint", "coordinates": [[-123.34299661213777, 48.433564607478914]]}, "properties": {"OBJECTID": 3049, "StreetName1": "OREGON AVE", "StreetName2": "WALNUT ST", "Intersection": "OREGON AVE & WALNUT ST", "Jurisdiction": "COV", "POINT_X": 474630.25239999965, "POINT_Y": 5364547.1459}}, {"type": "Feature", "id": 3050, "geometry": {"type": "MultiPoint", "coordinates": [[-123.33966268727232, 48.43348727397307]]}, "properties": {"OBJECTID": 3050, "StreetName1": "BELMONT AVE", "StreetName2": "WALNUT ST", "Intersection": "BELMONT AVE & WALNUT ST", "Jurisdiction": "COV", "POINT_X": 474876.8185999999, "POINT_Y": 5364537.4508}}, {"type": "Feature", "id": 3051, "geometry": {"type": "MultiPoint", "coordinates": [[-123.36088408887947, 48.44011397290811]]}, "properties": {"OBJECTID": 3051, "StreetName1": "MARKET ST", "StreetName2": "WARK ST", "Intersection": "MARKET ST & WARK ST", "Jurisdiction": "COV", "POINT_X": 473310.5795, "POINT_Y": 5365281.2151999995}}, {"type": "Feature", "id": 3052, "geometry": {"type": "MultiPoint", "coordinates": [[-123.36062915620192, 48.439233219527246]]}, "properties": {"OBJECTID": 3052, "StreetName1": "HILLSIDE AVE", "StreetName2": "WARK ST", "Intersection": "HILLSIDE AVE & WARK ST", "Jurisdiction": "COV", "POINT_X": 473328.9729000004, "POINT_Y": 5365183.227}}, {"type": "Feature", "id": 3053, "geometry": {"type": "MultiPoint", "coordinates": [[-123.3600472450104, 48.437325600505595]]}, "properties": {"OBJECTID": 3053, "StreetName1": "KINGS RD", "StreetName2": "WARK ST", "Intersection": "KINGS RD & WARK ST", "Jurisdiction": "COV", "POINT_X": 473371.01400000043, "POINT_Y": 5364970.9848}}, {"type": "Feature", "id": 3054, "geometry": {"type": "MultiPoint", "coordinates": [[-123.3597066883469, 48.43400422504758]]}, "properties": {"OBJECTID": 3054, "StreetName1": "QUEENS AVE", "StreetName2": "WARK ST", "Intersection": "QUEENS AVE & WARK ST", "Jurisdiction": "COV", "POINT_X": 473394.46829999983, "POINT_Y": 5364601.6821}}, {"type": "Feature", "id": 3055, "geometry": {"type": "MultiPoint", "coordinates": [[-123.35950581476082, 48.43538011286255]]}, "properties": {"OBJECTID": 3055, "StreetName1": "BAY ST", "StreetName2": "WARK ST", "Intersection": "BAY ST & WARK ST", "Jurisdiction": "COV", "POINT_X": 473410.0444, "POINT_Y": 5364754.547800001}}, {"type": "Feature", "id": 3056, "geometry": {"type": "MultiPoint", "coordinates": [[-123.33764505050027, 48.41716623631587]]}, "properties": {"OBJECTID": 3056, "StreetName1": "ST CHARLES ST", "StreetName2": "WARREN GDNS", "Intersection": "ST CHARLES ST & WARREN GDNS", "Jurisdiction": "COV", "POINT_X": 475018.0619999999, "POINT_Y": 5362722.644200001}}, {"type": "Feature", "id": 3057, "geometry": {"type": "MultiPoint", "coordinates": [[-123.33192629910302, 48.41849925943184]]}, "properties": {"OBJECTID": 3057, "StreetName1": "RICHMOND AVE", "StreetName2": "WARREN GDNS", "Intersection": "RICHMOND AVE & WARREN GDNS", "Jurisdiction": "COV", "POINT_X": 475441.84580000024, "POINT_Y": 5362868.965299999}}, {"type": "Feature", "id": 3058, "geometry": {"type": "MultiPoint", "coordinates": [[-123.38190305789236, 48.44308524563945]]}, "properties": {"OBJECTID": 3058, "StreetName1": "GORGE RD E", "StreetName2": "WASHINGTON AVE", "Intersection": "GORGE RD E & WASHINGTON AVE", "Jurisdiction": "COV", "POINT_X": 471757.6924999999, "POINT_Y": 5365619.0243999995}}, {"type": "Feature", "id": 3059, "geometry": {"type": "MultiPoint", "coordinates": [[-123.38044197701967, 48.445596849861815]]}, "properties": {"OBJECTID": 3059, "StreetName1": "CECELIA RD", "StreetName2": "WASHINGTON AVE", "Intersection": "CECELIA RD & WASHINGTON AVE", "Jurisdiction": "COV", "POINT_X": 471867.1328999996, "POINT_Y": 5365897.661800001}}, {"type": "Feature", "id": 3060, "geometry": {"type": "MultiPoint", "coordinates": [[-123.37964854038374, 48.44696055467201]]}, "properties": {"OBJECTID": 3060, "StreetName1": "BURNSIDE RD E", "StreetName2": "WASHINGTON AVE", "Intersection": "BURNSIDE RD E & WASHINGTON AVE", "Jurisdiction": "COV", "POINT_X": 471926.5597000001, "POINT_Y": 5366048.952099999}}, {"type": "Feature", "id": 3061, "geometry": {"type": "MultiPoint", "coordinates": [[-123.37946782855104, 48.44027110931903], [-123.3778230594482, 48.44169562450858]]}, "properties": {"OBJECTID": 3061, "StreetName1": "JACKLADDER LANE", "StreetName2": "WATERFRONT CRES", "Intersection": "JACKLADDER LANE & WATERFRONT CRES", "Jurisdiction": "COV", "POINT_X": 471997.45089999994, "POINT_Y": 5365384.195699999}}, {"type": "Feature", "id": 3062, "geometry": {"type": "MultiPoint", "coordinates": [[-123.37872394133551, 48.440007530955604], [-123.3772132059864, 48.4414598174845]]}, "properties": {"OBJECTID": 3062, "StreetName1": "JUTLAND RD", "StreetName2": "WATERFRONT CRES", "Intersection": "JUTLAND RD & WATERFRONT CRES", "Jurisdiction": "COV", "POINT_X": 472047.37349999975, "POINT_Y": 5365356.193949999}}, {"type": "Feature", "id": 3063, "geometry": {"type": "MultiPoint", "coordinates": [[-123.35332056293508, 48.406954226593115]]}, "properties": {"OBJECTID": 3063, "StreetName1": "DALLAS RD", "StreetName2": "WELLINGTON AVE", "Intersection": "DALLAS RD & WELLINGTON AVE", "Jurisdiction": "COV", "POINT_X": 473852.9645999996, "POINT_Y": 5361592.7739}}, {"type": "Feature", "id": 3064, "geometry": {"type": "MultiPoint", "coordinates": [[-123.35249096662928, 48.409779501890185]]}, "properties": {"OBJECTID": 3064, "StreetName1": "FAITHFUL ST", "StreetName2": "WELLINGTON AVE", "Intersection": "FAITHFUL ST & WELLINGTON AVE", "Jurisdiction": "COV", "POINT_X": 473915.8053000001, "POINT_Y": 5361906.5304000005}}, {"type": "Feature", "id": 3065, "geometry": {"type": "MultiPoint", "coordinates": [[-123.35191585882264, 48.411635243990425]]}, "properties": {"OBJECTID": 3065, "StreetName1": "MAY ST", "StreetName2": "WELLINGTON AVE", "Intersection": "MAY ST & WELLINGTON AVE", "Jurisdiction": "COV", "POINT_X": 473959.31240000017, "POINT_Y": 5362112.607100001}}, {"type": "Feature", "id": 3066, "geometry": {"type": "MultiPoint", "coordinates": [[-123.3495566908088, 48.43628223095634]]}, "properties": {"OBJECTID": 3066, "StreetName1": "CAPITAL HTS", "StreetName2": "WESLEY PL", "Intersection": "CAPITAL HTS & WESLEY PL", "Jurisdiction": "COV", "POINT_X": 474146.3942999998, "POINT_Y": 5364851.414899999}}, {"type": "Feature", "id": 3067, "geometry": {"type": "MultiPoint", "coordinates": [[-123.34809519449556, 48.436258214930746]]}, "properties": {"OBJECTID": 3067, "StreetName1": "HAULTAIN ST", "StreetName2": "WESLEY PL", "Intersection": "HAULTAIN ST & WESLEY PL", "Jurisdiction": "COV", "POINT_X": 474254.48060000036, "POINT_Y": 5364848.2530000005}}, {"type": "Feature", "id": 3068, "geometry": {"type": "MultiPoint", "coordinates": [[-123.34204914393737, 48.443507418394596]]}, "properties": {"OBJECTID": 3068, "StreetName1": "GOSWORTH RD", "StreetName2": "WESTALL AVE", "Intersection": "GOSWORTH RD & WESTALL AVE", "Jurisdiction": "COV", "POINT_X": 474705.2717000004, "POINT_Y": 5365652.016899999}}, {"type": "Feature", "id": 3069, "geometry": {"type": "MultiPoint", "coordinates": [[-123.33884987888972, 48.4445575664773]]}, "properties": {"OBJECTID": 3069, "StreetName1": "DONCASTER DR", "StreetName2": "WESTALL AVE", "Intersection": "DONCASTER DR & WESTALL AVE", "Jurisdiction": "COV", "POINT_X": 474942.3859000001, "POINT_Y": 5365767.693299999}}, {"type": "Feature", "id": 3070, "geometry": {"type": "MultiPoint", "coordinates": [[-123.36474271386558, 48.436650031188044]]}, "properties": {"OBJECTID": 3070, "StreetName1": "KINGS RD", "StreetName2": "WESTBOURNE PL", "Intersection": "KINGS RD & WESTBOURNE PL", "Jurisdiction": "COV", "POINT_X": 473023.36679999996, "POINT_Y": 5364897.5361}}, {"type": "Feature", "id": 3071, "geometry": {"type": "MultiPoint", "coordinates": [[-123.36416813021394, 48.43563488479709]]}, "properties": {"OBJECTID": 3071, "StreetName1": "BAY ST", "StreetName2": "WESTBOURNE PL", "Intersection": "BAY ST & WESTBOURNE PL", "Jurisdiction": "COV", "POINT_X": 473065.3284999998, "POINT_Y": 5364784.496200001}}, {"type": "Feature", "id": 3072, "geometry": {"type": "MultiPoint", "coordinates": [[-123.37114819075678, 48.42814892398478]]}, "properties": {"OBJECTID": 3072, "StreetName1": "JOHNSON ST", "StreetName2": "WHARF ST", "Intersection": "JOHNSON ST & WHARF ST", "Jurisdiction": "COV", "POINT_X": 472545.01460000034, "POINT_Y": 5363954.880799999}}, {"type": "Feature", "id": 3073, "geometry": {"type": "MultiPoint", "coordinates": [[-123.37004301265937, 48.42784270633941]]}, "properties": {"OBJECTID": 3073, "StreetName1": "JOHNSON ST", "StreetName2": "WHARF ST", "Intersection": "JOHNSON ST & WHARF ST", "Jurisdiction": "COV", "POINT_X": 472626.6068000002, "POINT_Y": 5363920.447899999}}, {"type": "Feature", "id": 3074, "geometry": {"type": "MultiPoint", "coordinates": [[-123.36997611233792, 48.42595403161397]]}, "properties": {"OBJECTID": 3074, "StreetName1": "BASTION SQ", "StreetName2": "WHARF ST", "Intersection": "BASTION SQ & WHARF ST", "Jurisdiction": "COV", "POINT_X": 472630.54169999994, "POINT_Y": 5363710.490499999}}, {"type": "Feature", "id": 3075, "geometry": {"type": "MultiPoint", "coordinates": [[-123.36980679459839, 48.425079270039525]]}, "properties": {"OBJECTID": 3075, "StreetName1": "FORT ST", "StreetName2": "WHARF ST", "Intersection": "FORT ST & WHARF ST", "Jurisdiction": "COV", "POINT_X": 472642.5981999999, "POINT_Y": 5363613.196900001}}, {"type": "Feature", "id": 3076, "geometry": {"type": "MultiPoint", "coordinates": [[-123.36971781203424, 48.42438174459274]]}, "properties": {"OBJECTID": 3076, "StreetName1": "BROUGHTON ST", "StreetName2": "WHARF ST", "Intersection": "BROUGHTON ST & WHARF ST", "Jurisdiction": "COV", "POINT_X": 472648.8069000002, "POINT_Y": 5363535.6325}}, {"type": "Feature", "id": 3077, "geometry": {"type": "MultiPoint", "coordinates": [[-123.36962057546339, 48.42849065316326]]}, "properties": {"OBJECTID": 3077, "StreetName1": "PANDORA AVE", "StreetName2": "WHARF ST", "Intersection": "PANDORA AVE & WHARF ST", "Jurisdiction": "COV", "POINT_X": 472658.2048000004, "POINT_Y": 5363992.3188000005}}, {"type": "Feature", "id": 3078, "geometry": {"type": "MultiPoint", "coordinates": [[-123.36948906233118, 48.423673394292656]]}, "properties": {"OBJECTID": 3078, "StreetName1": "COURTNEY ST", "StreetName2": "WHARF ST", "Intersection": "COURTNEY ST & WHARF ST", "Jurisdiction": "COV", "POINT_X": 472665.35030000005, "POINT_Y": 5363456.8149999995}}, {"type": "Feature", "id": 3079, "geometry": {"type": "MultiPoint", "coordinates": [[-123.36840418914448, 48.42268577194121]]}, "properties": {"OBJECTID": 3079, "StreetName1": "GOVERNMENT ST", "StreetName2": "WHARF ST", "Intersection": "GOVERNMENT ST & WHARF ST", "Jurisdiction": "COV", "POINT_X": 472745.08389999997, "POINT_Y": 5363346.6504}}, {"type": "Feature", "id": 3080, "geometry": {"type": "MultiPoint", "coordinates": [[-123.3683420690908, 48.42294956776333]]}, "properties": {"OBJECTID": 3080, "StreetName1": "GOVERNMENT ST", "StreetName2": "WHARF ST", "Intersection": "GOVERNMENT ST & WHARF ST", "Jurisdiction": "COV", "POINT_X": 472749.82079999987, "POINT_Y": 5363375.950200001}}, {"type": "Feature", "id": 3081, "geometry": {"type": "MultiPoint", "coordinates": [[-123.33405692845336, 48.4132659299223]]}, "properties": {"OBJECTID": 3081, "StreetName1": "FAIRFIELD RD", "StreetName2": "WILDWOOD AVE", "Intersection": "FAIRFIELD RD & WILDWOOD AVE", "Jurisdiction": "COV", "POINT_X": 475281.6635999996, "POINT_Y": 5362287.946699999}}, {"type": "Feature", "id": 3082, "geometry": {"type": "MultiPoint", "coordinates": [[-123.33391193751238, 48.40886801933061]]}, "properties": {"OBJECTID": 3082, "StreetName1": "HOLLYWOOD CRES", "StreetName2": "WILDWOOD AVE", "Intersection": "HOLLYWOOD CRES & WILDWOOD AVE", "Jurisdiction": "COV", "POINT_X": 475290.26180000044, "POINT_Y": 5361799.056299999}}, {"type": "Feature", "id": 3083, "geometry": {"type": "MultiPoint", "coordinates": [[-123.33391761848881, 48.41084865334885]]}, "properties": {"OBJECTID": 3083, "StreetName1": "ROSS ST", "StreetName2": "WILDWOOD AVE", "Intersection": "ROSS ST & WILDWOOD AVE", "Jurisdiction": "COV", "POINT_X": 475290.801, "POINT_Y": 5362019.2127}}, {"type": "Feature", "id": 3084, "geometry": {"type": "MultiPoint", "coordinates": [[-123.33390480238324, 48.41164163734751]]}, "properties": {"OBJECTID": 3084, "StreetName1": "PINEWOOD AVE", "StreetName2": "WILDWOOD AVE", "Intersection": "PINEWOOD AVE & WILDWOOD AVE", "Jurisdiction": "COV", "POINT_X": 475292.1336000003, "POINT_Y": 5362107.351600001}}, {"type": "Feature", "id": 3085, "geometry": {"type": "MultiPoint", "coordinates": [[-123.33388799019963, 48.41320352982587]]}, "properties": {"OBJECTID": 3085, "StreetName1": "LILLIAN RD", "StreetName2": "WILDWOOD AVE", "Intersection": "LILLIAN RD & WILDWOOD AVE", "Jurisdiction": "COV", "POINT_X": 475294.13439999986, "POINT_Y": 5362280.9562}}, {"type": "Feature", "id": 3086, "geometry": {"type": "MultiPoint", "coordinates": [[-123.38781230487541, 48.430573517173784]]}, "properties": {"OBJECTID": 3086, "StreetName1": "SPRINGFIELD ST", "StreetName2": "WILLIAM ST", "Intersection": "SPRINGFIELD ST & WILLIAM ST", "Jurisdiction": "COV", "POINT_X": 471313.63489999995, "POINT_Y": 5364230.492000001}}, {"type": "Feature", "id": 3087, "geometry": {"type": "MultiPoint", "coordinates": [[-123.32760573295384, 48.42419521770127]]}, "properties": {"OBJECTID": 3087, "StreetName1": "BRIGHTON AVE", "StreetName2": "WILMER ST", "Intersection": "BRIGHTON AVE & WILMER ST", "Jurisdiction": "COV", "POINT_X": 475764.2326999996, "POINT_Y": 5363500.716499999}}, {"type": "Feature", "id": 3088, "geometry": {"type": "MultiPoint", "coordinates": [[-123.32744383925149, 48.421609826393414]]}, "properties": {"OBJECTID": 3088, "StreetName1": "MADDISON ST", "StreetName2": "WILMER ST", "Intersection": "MADDISON ST & WILMER ST", "Jurisdiction": "COV", "POINT_X": 475774.9813000001, "POINT_Y": 5363213.289100001}}, {"type": "Feature", "id": 3089, "geometry": {"type": "MultiPoint", "coordinates": [[-123.39423365640906, 48.43291914543245]]}, "properties": {"OBJECTID": 3089, "StreetName1": "DOMINION RD", "StreetName2": "WILSON ST", "Intersection": "DOMINION RD & WILSON ST", "Jurisdiction": "COV", "POINT_X": 470839.97389999963, "POINT_Y": 5364493.643100001}}, {"type": "Feature", "id": 3090, "geometry": {"type": "MultiPoint", "coordinates": [[-123.39373970517823, 48.43287363986067]]}, "properties": {"OBJECTID": 3090, "StreetName1": "HEREWARD RD", "StreetName2": "WILSON ST", "Intersection": "HEREWARD RD & WILSON ST", "Jurisdiction": "COV", "POINT_X": 470876.48500000034, "POINT_Y": 5364488.397}}, {"type": "Feature", "id": 3091, "geometry": {"type": "MultiPoint", "coordinates": [[-123.39355588991835, 48.43285744063236]]}, "properties": {"OBJECTID": 3091, "StreetName1": "ROTHWELL ST", "StreetName2": "WILSON ST", "Intersection": "ROTHWELL ST & WILSON ST", "Jurisdiction": "COV", "POINT_X": 470890.07239999995, "POINT_Y": 5364486.5265}}, {"type": "Feature", "id": 3092, "geometry": {"type": "MultiPoint", "coordinates": [[-123.39277076429568, 48.432755225276146]]}, "properties": {"OBJECTID": 3092, "StreetName1": "WALKER ST", "StreetName2": "WILSON ST", "Intersection": "WALKER ST & WILSON ST", "Jurisdiction": "COV", "POINT_X": 470948.0892000003, "POINT_Y": 5364474.866699999}}, {"type": "Feature", "id": 3093, "geometry": {"type": "MultiPoint", "coordinates": [[-123.39101167447431, 48.4325920000513]]}, "properties": {"OBJECTID": 3093, "StreetName1": "DALTON ST", "StreetName2": "WILSON ST", "Intersection": "DALTON ST & WILSON ST", "Jurisdiction": "COV", "POINT_X": 471078.1151999999, "POINT_Y": 5364456.057700001}}, {"type": "Feature", "id": 3094, "geometry": {"type": "MultiPoint", "coordinates": [[-123.38890592281977, 48.43254138255436]]}, "properties": {"OBJECTID": 3094, "StreetName1": "WILLIAM ST", "StreetName2": "WILSON ST", "Intersection": "WILLIAM ST & WILSON ST", "Jurisdiction": "COV", "POINT_X": 471233.84810000006, "POINT_Y": 5364449.6382}}, {"type": "Feature", "id": 3095, "geometry": {"type": "MultiPoint", "coordinates": [[-123.38800819483599, 48.432569632939206]]}, "properties": {"OBJECTID": 3095, "StreetName1": "FRONT ST", "StreetName2": "WILSON ST", "Intersection": "FRONT ST & WILSON ST", "Jurisdiction": "COV", "POINT_X": 471300.26860000007, "POINT_Y": 5364452.441500001}}, {"type": "Feature", "id": 3096, "geometry": {"type": "MultiPoint", "coordinates": [[-123.38719578365871, 48.43283243024842]]}, "properties": {"OBJECTID": 3096, "StreetName1": "RUSSELL ST", "StreetName2": "WILSON ST", "Intersection": "RUSSELL ST & WILSON ST", "Jurisdiction": "COV", "POINT_X": 471360.5099999998, "POINT_Y": 5364481.348300001}}, {"type": "Feature", "id": 3097, "geometry": {"type": "MultiPoint", "coordinates": [[-123.38601914784991, 48.43288490512174]]}, "properties": {"OBJECTID": 3097, "StreetName1": "MARY ST", "StreetName2": "WILSON ST", "Intersection": "MARY ST & WILSON ST", "Jurisdiction": "COV", "POINT_X": 471447.5741999997, "POINT_Y": 5364486.741699999}}, {"type": "Feature", "id": 3098, "geometry": {"type": "MultiPoint", "coordinates": [[-123.38477185454146, 48.43287938498389]]}, "properties": {"OBJECTID": 3098, "StreetName1": "CATHERINE ST", "StreetName2": "WILSON ST", "Intersection": "CATHERINE ST & WILSON ST", "Jurisdiction": "COV", "POINT_X": 471539.8322999999, "POINT_Y": 5364485.663799999}}, {"type": "Feature", "id": 3099, "geometry": {"type": "MultiPoint", "coordinates": [[-123.38330782999135, 48.432872887488394]]}, "properties": {"OBJECTID": 3099, "StreetName1": "ALSTON ST", "StreetName2": "WILSON ST", "Intersection": "ALSTON ST & WILSON ST", "Jurisdiction": "COV", "POINT_X": 471648.12129999977, "POINT_Y": 5364484.398499999}}, {"type": "Feature", "id": 3100, "geometry": {"type": "MultiPoint", "coordinates": [[-123.38227831579054, 48.432870588486836]]}, "properties": {"OBJECTID": 3100, "StreetName1": "BAY ST", "StreetName2": "WILSON ST", "Intersection": "BAY ST & WILSON ST", "Jurisdiction": "COV", "POINT_X": 471724.2723000003, "POINT_Y": 5364483.7623}}, {"type": "Feature", "id": 3101, "geometry": {"type": "MultiPoint", "coordinates": [[-123.37861299785011, 48.431034293086306]]}, "properties": {"OBJECTID": 3101, "StreetName1": "TYEE RD", "StreetName2": "WILSON ST", "Intersection": "TYEE RD & WILSON ST", "Jurisdiction": "COV", "POINT_X": 471994.3836000003, "POINT_Y": 5364278.3039}}, {"type": "Feature", "id": 3102, "geometry": {"type": "MultiPoint", "coordinates": [[-123.34857491834549, 48.42242090778931]]}, "properties": {"OBJECTID": 3102, "StreetName1": "PENTRELEW PL", "StreetName2": "WILSPENCER PL", "Intersection": "PENTRELEW PL & WILSPENCER PL", "Jurisdiction": "COV", "POINT_X": 474211.99760000035, "POINT_Y": 5363310.3432}}, {"type": "Feature", "id": 3103, "geometry": {"type": "MultiPoint", "coordinates": [[-123.34709468576685, 48.42236744533929]]}, "properties": {"OBJECTID": 3103, "StreetName1": "MOSS ST", "StreetName2": "WILSPENCER PL", "Intersection": "MOSS ST & WILSPENCER PL", "Jurisdiction": "COV", "POINT_X": 474321.4846999999, "POINT_Y": 5363303.9033}}, {"type": "Feature", "id": 3104, "geometry": {"type": "MultiPoint", "coordinates": [[-123.34792340799437, 48.41198462564061]]}, "properties": {"OBJECTID": 3104, "StreetName1": "BOND ST", "StreetName2": "WINDERMERE PL", "Intersection": "BOND ST & WINDERMERE PL", "Jurisdiction": "COV", "POINT_X": 474254.93010000046, "POINT_Y": 5362150.092599999}}, {"type": "Feature", "id": 3105, "geometry": {"type": "MultiPoint", "coordinates": [[-123.34623422092349, 48.41336168958027]]}, "properties": {"OBJECTID": 3105, "StreetName1": "MASTERS RD", "StreetName2": "WINDERMERE PL", "Intersection": "MASTERS RD & WINDERMERE PL", "Jurisdiction": "COV", "POINT_X": 474380.62090000045, "POINT_Y": 5362302.5919}}, {"type": "Feature", "id": 3106, "geometry": {"type": "MultiPoint", "coordinates": [[-123.35768595492267, 48.40938901354478]]}, "properties": {"OBJECTID": 3106, "StreetName1": "COOK ST", "StreetName2": "WOODSTOCK AVE", "Intersection": "COOK ST & WOODSTOCK AVE", "Jurisdiction": "COV", "POINT_X": 473531.1595999999, "POINT_Y": 5361864.9081999995}}, {"type": "Feature", "id": 3107, "geometry": {"type": "MultiPoint", "coordinates": [[-123.35627678150938, 48.409242378060235]]}, "properties": {"OBJECTID": 3107, "StreetName1": "MARLBOROUGH ST", "StreetName2": "WOODSTOCK AVE", "Intersection": "MARLBOROUGH ST & WOODSTOCK AVE", "Jurisdiction": "COV", "POINT_X": 473635.3672000002, "POINT_Y": 5361848.123199999}}, {"type": "Feature", "id": 3108, "geometry": {"type": "MultiPoint", "coordinates": [[-123.35516016226508, 48.40912617122352]]}, "properties": {"OBJECTID": 3108, "StreetName1": "CAMBRIDGE ST", "StreetName2": "WOODSTOCK AVE", "Intersection": "CAMBRIDGE ST & WOODSTOCK AVE", "Jurisdiction": "COV", "POINT_X": 473717.94099999964, "POINT_Y": 5361834.822699999}}, {"type": "Feature", "id": 3109, "geometry": {"type": "MultiPoint", "coordinates": [[-123.37035369635935, 48.426940177301745]]}, "properties": {"OBJECTID": 3109, "StreetName1": "WHARF ST", "StreetName2": "YATES ST", "Intersection": "WHARF ST & YATES ST", "Jurisdiction": "COV", "POINT_X": 472603.1383999996, "POINT_Y": 5363820.239399999}}, {"type": "Feature", "id": 3110, "geometry": {"type": "MultiPoint", "coordinates": [[-123.36963546720345, 48.42685669831501]]}, "properties": {"OBJECTID": 3110, "StreetName1": "WADDINGTON ALLEY", "StreetName2": "YATES ST", "Intersection": "WADDINGTON ALLEY & YATES ST", "Jurisdiction": "COV", "POINT_X": 472656.2265999997, "POINT_Y": 5363810.7037}}, {"type": "Feature", "id": 3111, "geometry": {"type": "MultiPoint", "coordinates": [[-123.36934501690996, 48.42682293756875]]}, "properties": {"OBJECTID": 3111, "StreetName1": "COMMERCIAL ALLEY", "StreetName2": "YATES ST", "Intersection": "COMMERCIAL ALLEY & YATES ST", "Jurisdiction": "COV", "POINT_X": 472677.6953999996, "POINT_Y": 5363806.8474}}, {"type": "Feature", "id": 3112, "geometry": {"type": "MultiPoint", "coordinates": [[-123.3682570141383, 48.42669646771637]]}, "properties": {"OBJECTID": 3112, "StreetName1": "LANGLEY ST", "StreetName2": "YATES ST", "Intersection": "LANGLEY ST & YATES ST", "Jurisdiction": "COV", "POINT_X": 472758.1160000004, "POINT_Y": 5363792.4022}}, {"type": "Feature", "id": 3113, "geometry": {"type": "MultiPoint", "coordinates": [[-123.36746796159719, 48.426604740583166]]}, "properties": {"OBJECTID": 3113, "StreetName1": "GOVERNMENT ST", "StreetName2": "YATES ST", "Intersection": "GOVERNMENT ST & YATES ST", "Jurisdiction": "COV", "POINT_X": 472816.4397, "POINT_Y": 5363781.926000001}}, {"type": "Feature", "id": 3114, "geometry": {"type": "MultiPoint", "coordinates": [[-123.36622883333627, 48.42647108699133]]}, "properties": {"OBJECTID": 3114, "StreetName1": "BROAD ST", "StreetName2": "YATES ST", "Intersection": "BROAD ST & YATES ST", "Jurisdiction": "COV", "POINT_X": 472908.03720000014, "POINT_Y": 5363766.630799999}}, {"type": "Feature", "id": 3115, "geometry": {"type": "MultiPoint", "coordinates": [[-123.36492665138405, 48.42633061982626]]}, "properties": {"OBJECTID": 3115, "StreetName1": "DOUGLAS ST", "StreetName2": "YATES ST", "Intersection": "DOUGLAS ST & YATES ST", "Jurisdiction": "COV", "POINT_X": 473004.29619999975, "POINT_Y": 5363750.557499999}}, {"type": "Feature", "id": 3116, "geometry": {"type": "MultiPoint", "coordinates": [[-123.36306417561984, 48.42611475813125]]}, "properties": {"OBJECTID": 3116, "StreetName1": "MILLIE'S LANE", "StreetName2": "YATES ST", "Intersection": "MILLIE'S LANE & YATES ST", "Jurisdiction": "COV", "POINT_X": 473141.9659000002, "POINT_Y": 5363725.9088}}, {"type": "Feature", "id": 3117, "geometry": {"type": "MultiPoint", "coordinates": [[-123.3620836654769, 48.42600110393499]]}, "properties": {"OBJECTID": 3117, "StreetName1": "BLANSHARD ST", "StreetName2": "YATES ST", "Intersection": "BLANSHARD ST & YATES ST", "Jurisdiction": "COV", "POINT_X": 473214.4433000004, "POINT_Y": 5363712.9322999995}}, {"type": "Feature", "id": 3118, "geometry": {"type": "MultiPoint", "coordinates": [[-123.35930120839159, 48.42569837962578]]}, "properties": {"OBJECTID": 3118, "StreetName1": "QUADRA ST", "StreetName2": "YATES ST", "Intersection": "QUADRA ST & YATES ST", "Jurisdiction": "COV", "POINT_X": 473420.1292000003, "POINT_Y": 5363678.3138999995}}, {"type": "Feature", "id": 3119, "geometry": {"type": "MultiPoint", "coordinates": [[-123.35650445057429, 48.425393680997246]]}, "properties": {"OBJECTID": 3119, "StreetName1": "VANCOUVER ST", "StreetName2": "YATES ST", "Intersection": "VANCOUVER ST & YATES ST", "Jurisdiction": "COV", "POINT_X": 473626.8744999999, "POINT_Y": 5363643.478599999}}, {"type": "Feature", "id": 3120, "geometry": {"type": "MultiPoint", "coordinates": [[-123.35362740206827, 48.42507510137438]]}, "properties": {"OBJECTID": 3120, "StreetName1": "COOK ST", "StreetName2": "YATES ST", "Intersection": "COOK ST & YATES ST", "Jurisdiction": "COV", "POINT_X": 473839.55510000046, "POINT_Y": 5363607.080499999}}, {"type": "Feature", "id": 3121, "geometry": {"type": "MultiPoint", "coordinates": [[-123.34946404344686, 48.424647267893356]]}, "properties": {"OBJECTID": 3121, "StreetName1": "ORMOND ST", "StreetName2": "YATES ST", "Intersection": "ORMOND ST & YATES ST", "Jurisdiction": "COV", "POINT_X": 474147.3454, "POINT_Y": 5363558.111400001}}, {"type": "Feature", "id": 3122, "geometry": {"type": "MultiPoint", "coordinates": [[-123.34747404380175, 48.424586828559974]]}, "properties": {"OBJECTID": 3122, "StreetName1": "CAMOSUN ST", "StreetName2": "YATES ST", "Intersection": "CAMOSUN ST & YATES ST", "Jurisdiction": "COV", "POINT_X": 474294.53729999997, "POINT_Y": 5363550.7235}}, {"type": "Feature", "id": 3123, "geometry": {"type": "MultiPoint", "coordinates": [[-123.34550541874017, 48.424525125587415]]}, "properties": {"OBJECTID": 3123, "StreetName1": "FERNWOOD RD", "StreetName2": "YATES ST", "Intersection": "FERNWOOD RD & YATES ST", "Jurisdiction": "COV", "POINT_X": 474440.1475999998, "POINT_Y": 5363543.2061}}, {"type": "Feature", "id": 3124, "geometry": {"type": "MultiPoint", "coordinates": [[-123.34383855568605, 48.42421255120478]]}, "properties": {"OBJECTID": 3124, "StreetName1": "FORT ST", "StreetName2": "YATES ST", "Intersection": "FORT ST & YATES ST", "Jurisdiction": "COV", "POINT_X": 474563.3082999997, "POINT_Y": 5363507.907299999}}, {"type": "Feature", "id": 3125, "geometry": {"type": "MultiPoint", "coordinates": [[-123.364134698109, 48.44821296956405]]}, "properties": {"OBJECTID": 3125, "StreetName1": "VILLANCE ST", "StreetName2": "YEW ST", "Intersection": "VILLANCE ST & YEW ST", "Jurisdiction": "COV", "POINT_X": 473074.45019999985, "POINT_Y": 5366182.5909}}, {"type": "Feature", "id": 3126, "geometry": {"type": "MultiPoint", "coordinates": [[-123.36390219240823, 48.44739647146651]]}, "properties": {"OBJECTID": 3126, "StreetName1": "REED ST", "StreetName2": "YEW ST", "Intersection": "REED ST & YEW ST", "Jurisdiction": "COV", "POINT_X": 473091.21190000046, "POINT_Y": 5366091.7519000005}}, {"type": "Feature", "id": 3127, "geometry": {"type": "MultiPoint", "coordinates": [[-123.36351089164377, 48.44597165473047]]}, "properties": {"OBJECTID": 3127, "StreetName1": "FINLAYSON ST", "StreetName2": "YEW ST", "Intersection": "FINLAYSON ST & YEW ST", "Jurisdiction": "COV", "POINT_X": 473119.3958999999, "POINT_Y": 5365933.24}}, {"type": "Feature", "id": 3128, "geometry": {"type": "MultiPoint", "coordinates": [[-123.36829533576602, 48.41572939028135]]}, "properties": {"OBJECTID": 3128, "StreetName1": "TORONTO ST", "StreetName2": "YOUNG ST", "Intersection": "TORONTO ST & YOUNG ST", "Jurisdiction": "COV", "POINT_X": 472749.4194, "POINT_Y": 5362573.384}}, {"type": "Feature", "id": 3129, "geometry": {"type": "MultiPoint", "coordinates": [[-123.36824467515383, 48.417218485806906]]}, "properties": {"OBJECTID": 3129, "StreetName1": "MICHIGAN ST", "StreetName2": "YOUNG ST", "Intersection": "MICHIGAN ST & YOUNG ST", "Jurisdiction": "COV", "POINT_X": 472753.9637000002, "POINT_Y": 5362738.884400001}}, {"type": "Feature", "id": 3130, "geometry": {"type": "MultiPoint", "coordinates": [[-123.35014512142146, 48.42868286112776]]}, "properties": {"OBJECTID": 3130, "StreetName1": "CHAMBERS ST", "StreetName2": "YUKON ST", "Intersection": "CHAMBERS ST & YUKON ST", "Jurisdiction": "COV", "POINT_X": 474099.00930000003, "POINT_Y": 5364006.9134}}, {"type": "Feature", "id": 3131, "geometry": {"type": "MultiPoint", "coordinates": [[-123.36784378125763, 48.41245313297647]]}, "properties": {"OBJECTID": 3131, "StreetName1": "DOUGLAS ST", "StreetName2": "SIMCOE ST", "Intersection": "DOUGLAS ST & SIMCOE ST", "Jurisdiction": "COV", "POINT_X": 472781.08299999963, "POINT_Y": 5362209.055600001}}, {"type": "Feature", "id": 3132, "geometry": {"type": "MultiPoint", "coordinates": [[-123.36784378125763, 48.41245313297647]]}, "properties": {"OBJECTID": 3132, "StreetName1": "DOUGLAS ST", "StreetName2": "SIMCOE ST", "Intersection": "SIMCOE ST & DOUGLAS ST", "Jurisdiction": "COV", "POINT_X": 472781.08299999963, "POINT_Y": 5362209.055600001}}, {"type": "Feature", "id": 3133, "geometry": {"type": "MultiPoint", "coordinates": [[-123.36444563699882, 48.4285785192438]]}, "properties": {"OBJECTID": 3133, "StreetName1": "CORMORANT ST", "StreetName2": "DOUGLAS ST", "Intersection": "CORMORANT ST & DOUGLAS ST", "Jurisdiction": "COV", "POINT_X": 473041.0700000003, "POINT_Y": 5364000.2508000005}}, {"type": "Feature", "id": 3134, "geometry": {"type": "MultiPoint", "coordinates": [[-123.36444563699882, 48.4285785192438]]}, "properties": {"OBJECTID": 3134, "StreetName1": "CORMORANT ST", "StreetName2": "DOUGLAS SQ", "Intersection": "DOUGLAS ST & CORMORANT ST", "Jurisdiction": "COV", "POINT_X": 473041.0700000003, "POINT_Y": 5364000.2508000005}}, {"type": "Feature", "id": 3135, "geometry": {"type": "MultiPoint", "coordinates": [[-123.33346134244911, 48.428219954965755]]}, "properties": {"OBJECTID": 3135, "StreetName1": "FERN ST", "StreetName2": "FORT ST", "Intersection": "FORT ST & FERN ST", "Jurisdiction": "COV", "POINT_X": 475332.9720999999, "POINT_Y": 5363949.951300001}}, {"type": "Feature", "id": 3136, "geometry": {"type": "MultiPoint", "coordinates": [[-123.33346134244911, 48.428219954965755]]}, "properties": {"OBJECTID": 3136, "StreetName1": "FERN ST", "StreetName2": "FORT ST", "Intersection": "FERN ST & FORT ST", "Jurisdiction": "COV", "POINT_X": 475332.9720999999, "POINT_Y": 5363949.951300001}}, {"type": "Feature", "id": 3137, "geometry": {"type": "MultiPoint", "coordinates": [[-123.34502891479451, 48.41685500854995]]}, "properties": {"OBJECTID": 3137, "StreetName1": "LOTBINIERE AVE", "StreetName2": "RICHARDSON ST", "Intersection": "LOTBINIERE AVE & RICHARDSON ST", "Jurisdiction": "COV", "POINT_X": 474477.6465999996, "POINT_Y": 5362684.216700001}}, {"type": "Feature", "id": 3138, "geometry": {"type": "MultiPoint", "coordinates": [[-123.34502891479451, 48.41685500854995]]}, "properties": {"OBJECTID": 3138, "StreetName1": "LOTBINIERE AVE", "StreetName2": "RICHARDSON ST", "Intersection": "RICHARDSON ST & LOTBINIERE AVE", "Jurisdiction": "COV", "POINT_X": 474477.6465999996, "POINT_Y": 5362684.216700001}}, {"type": "Feature", "id": 3139, "geometry": {"type": "MultiPoint", "coordinates": [[-123.34502891479451, 48.41685500854995]]}, "properties": {"OBJECTID": 3139, "StreetName1": "DURBAN ST", "StreetName2": "RICHARDSON ST", "Intersection": "DURBAN ST & RICHARDSON ST", "Jurisdiction": "COV", "POINT_X": 474477.6465999996, "POINT_Y": 5362684.216700001}}, {"type": "Feature", "id": 3140, "geometry": {"type": "MultiPoint", "coordinates": [[-123.34502891479451, 48.41685500854995]]}, "properties": {"OBJECTID": 3140, "StreetName1": "DURBAN ST", "StreetName2": "RICHARDSON ST", "Intersection": "RICHARDSON ST & DURBAN ST", "Jurisdiction": "COV", "POINT_X": 474477.6465999996, "POINT_Y": 5362684.216700001}}, {"type": "Feature", "id": 3141, "geometry": {"type": "MultiPoint", "coordinates": [[-123.34502891479451, 48.41685500854995]]}, "properties": {"OBJECTID": 3141, "StreetName1": "DURBAN ST", "StreetName2": "LOTBINIERE AVE", "Intersection": "DURBAN ST & LOTBINIERE AVE", "Jurisdiction": "COV", "POINT_X": 474477.6465999996, "POINT_Y": 5362684.216700001}}, {"type": "Feature", "id": 3142, "geometry": {"type": "MultiPoint", "coordinates": [[-123.34502891479451, 48.41685500854995]]}, "properties": {"OBJECTID": 3142, "StreetName1": "DURBAN ST", "StreetName2": "LOTBINIERE AVE", "Intersection": "LOTBINIERE AVE & DURBAN ST", "Jurisdiction": "COV", "POINT_X": 474477.6465999996, "POINT_Y": 5362684.216700001}}, {"type": "Feature", "id": 3143, "geometry": {"type": "MultiPoint", "coordinates": [[-123.36143882305475, 48.44230781978353]]}, "properties": {"OBJECTID": 3143, "StreetName1": "GLASGOW ST", "StreetName2": "TOPAZ AVE", "Intersection": "GLASGOW ST & TOPAZ AVE", "Jurisdiction": "COV", "POINT_X": 473270.70320000034, "POINT_Y": 5365525.263900001}}, {"type": "Feature", "id": 3144, "geometry": {"type": "MultiPoint", "coordinates": [[-123.36143882305475, 48.44230781978353]]}, "properties": {"OBJECTID": 3144, "StreetName1": "GLASGOW ST", "StreetName2": "TOPAZ AVE", "Intersection": "TOPAZ AVE & GLASGOW ST", "Jurisdiction": "COV", "POINT_X": 473270.70320000034, "POINT_Y": 5365525.263900001}}, {"type": "Feature", "id": 3145, "geometry": {"type": "MultiPoint", "coordinates": [[-123.38169538591922, 48.43441468874514]]}, "properties": {"OBJECTID": 3145, "StreetName1": "SKINNER ST", "StreetName2": "TYEE RD", "Intersection": "SKINNER ST & TYEE RD", "Jurisdiction": "COV", "POINT_X": 471768.2466000002, "POINT_Y": 5364655.1800999995}}, {"type": "Feature", "id": 3146, "geometry": {"type": "MultiPoint", "coordinates": [[-123.38169538591922, 48.43441468874514]]}, "properties": {"OBJECTID": 3146, "StreetName1": "SKINNER ST", "StreetName2": "TYEE RD", "Intersection": "TYEE RD & SKINNER ST", "Jurisdiction": "COV", "POINT_X": 471768.2466000002, "POINT_Y": 5364655.1800999995}}, {"type": "Feature", "id": 3147, "geometry": {"type": "MultiPoint", "coordinates": [[-123.36691145433397, 48.43829892153408]]}, "properties": {"OBJECTID": 3147, "StreetName1": "GORGE RD E", "StreetName2": "HILLSIDE AVE", "Intersection": "GORGE RD E & HILLSIDE AVE", "Jurisdiction": "COV", "POINT_X": 472863.8370000003, "POINT_Y": 5365081.5833}}, {"type": "Feature", "id": 3148, "geometry": {"type": "MultiPoint", "coordinates": [[-123.36691145433397, 48.43829892153408]]}, "properties": {"OBJECTID": 3148, "StreetName1": "GORGE RD E", "StreetName2": "HILLSIDE AVE", "Intersection": "HILLSIDE AVE & GORGE RD E", "Jurisdiction": "COV", "POINT_X": 472863.8370000003, "POINT_Y": 5365081.5833}}, {"type": "Feature", "id": 3149, "geometry": {"type": "MultiPoint", "coordinates": [[-123.3370934578031, 48.42648078843375]]}, "properties": {"OBJECTID": 3149, "StreetName1": "FORT ST", "StreetName2": "VERRINDER AVE", "Intersection": "VERRINDER AVE & FORT ST", "Jurisdiction": "COV", "POINT_X": 475063.43209999986, "POINT_Y": 5363757.8124}}, {"type": "Feature", "id": 3150, "geometry": {"type": "MultiPoint", "coordinates": [[-123.3370934578031, 48.42648078843375]]}, "properties": {"OBJECTID": 3150, "StreetName1": "FORT ST", "StreetName2": "VERRINDER AVE", "Intersection": "FORT ST & VERRINDER AVE", "Jurisdiction": "COV", "POINT_X": 475063.43209999986, "POINT_Y": 5363757.8124}}, {"type": "Feature", "id": 3151, "geometry": {"type": "MultiPoint", "coordinates": [[-123.36580403891625, 48.41737796763249]]}, "properties": {"OBJECTID": 3151, "StreetName1": "DOUGLAS ST", "StreetName2": "MICHIGAN ST", "Intersection": "MICHIGAN ST & DOUGLAS ST", "Jurisdiction": "COV", "POINT_X": 472934.6355999997, "POINT_Y": 5362755.746099999}}, {"type": "Feature", "id": 3152, "geometry": {"type": "MultiPoint", "coordinates": [[-123.36580403891625, 48.41737796763249]]}, "properties": {"OBJECTID": 3152, "StreetName1": "DOUGLAS ST", "StreetName2": "MICHIGAN ST", "Intersection": "DOUGLAS ST & MICHIGAN ST", "Jurisdiction": "COV", "POINT_X": 472934.6355999997, "POINT_Y": 5362755.746099999}}, {"type": "Feature", "id": 3153, "geometry": {"type": "MultiPoint", "coordinates": [[-123.36580403891625, 48.41737796763249]]}, "properties": {"OBJECTID": 3153, "StreetName1": "BRIDGE WAY", "StreetName2": "MICHIGAN ST", "Intersection": "MICHIGAN ST & BRIDGE WAY", "Jurisdiction": "COV", "POINT_X": 472934.6355999997, "POINT_Y": 5362755.746099999}}, {"type": "Feature", "id": 3154, "geometry": {"type": "MultiPoint", "coordinates": [[-123.36580403891625, 48.41737796763249]]}, "properties": {"OBJECTID": 3154, "StreetName1": "BRIDGE WAY", "StreetName2": "MICHIGAN ST", "Intersection": "BRIDGE WAY & MICHIGAN ST", "Jurisdiction": "COV", "POINT_X": 472934.6355999997, "POINT_Y": 5362755.746099999}}, {"type": "Feature", "id": 3155, "geometry": {"type": "MultiPoint", "coordinates": [[-123.36580403891625, 48.41737796763249]]}, "properties": {"OBJECTID": 3155, "StreetName1": "BRIDGE WAY", "StreetName2": "DOUGLAS ST", "Intersection": "BRIDGE WAY & DOUGLAS ST", "Jurisdiction": "COV", "POINT_X": 472934.6355999997, "POINT_Y": 5362755.746099999}}, {"type": "Feature", "id": 3156, "geometry": {"type": "MultiPoint", "coordinates": [[-123.36580403891625, 48.41737796763249]]}, "properties": {"OBJECTID": 3156, "StreetName1": "BRIDGE WAY", "StreetName2": "DOUGLAS ST", "Intersection": "DOUGLAS ST & BRIDGE WAY", "Jurisdiction": "COV", "POINT_X": 472934.6355999997, "POINT_Y": 5362755.746099999}}, {"type": "Feature", "id": 3159, "geometry": {"type": "MultiPoint", "coordinates": [[-123.34664302200477, 48.44840926554711]]}, "properties": {"OBJECTID": 3159, "StreetName1": "FINLAYSON ST", "StreetName2": "NORTH DAIRY RD", "Intersection": "NORTH DAIRY RD & FINLAYSON ST", "Jurisdiction": "COV", "POINT_X": 474368.00409999955, "POINT_Y": 5366198.4059999995}}, {"type": "Feature", "id": 3160, "geometry": {"type": "MultiPoint", "coordinates": [[-123.34664302200477, 48.44840926554711]]}, "properties": {"OBJECTID": 3160, "StreetName1": "FINLAYSON ST", "StreetName2": "NORTH DAIRY RD", "Intersection": "FINLAYSON ST & NORTH DAIRY RD", "Jurisdiction": "COV", "POINT_X": 474368.00409999955, "POINT_Y": 5366198.4059999995}}, {"type": "Feature", "id": 3181, "geometry": {"type": "MultiPoint", "coordinates": [[-123.33558812429465, 48.44819079813727]]}, "properties": {"OBJECTID": 3181, "StreetName1": "NORTH DAIRY RD", "StreetName2": "WORDSWORTH ST", "Intersection": "NORTH DAIRY RD & WORDSWORTH ST", "Jurisdiction": "COV", "POINT_X": 475185.3700000001, "POINT_Y": 5366170.4802}}, {"type": "Feature", "id": 3182, "geometry": {"type": "MultiPoint", "coordinates": [[-123.33558812429465, 48.44819079813727]]}, "properties": {"OBJECTID": 3182, "StreetName1": "NORTH DAIRY RD", "StreetName2": "WORDSWORTH ST", "Intersection": "WORDWORTH ST & NORTH DAIRY RD", "Jurisdiction": "COV", "POINT_X": 475185.3700000001, "POINT_Y": 5366170.4802}}, {"type": "Feature", "id": 3183, "geometry": {"type": "MultiPoint", "coordinates": [[-123.3367904809984, 48.448212278958465]]}, "properties": {"OBJECTID": 3183, "StreetName1": "KEATS ST", "StreetName2": "NORTH DAIRY RD", "Intersection": "NORTH DAIRY RD & KEATS ST", "Jurisdiction": "COV", "POINT_X": 475096.4698999999, "POINT_Y": 5366173.258300001}}, {"type": "Feature", "id": 3184, "geometry": {"type": "MultiPoint", "coordinates": [[-123.3367904809984, 48.448212278958465]]}, "properties": {"OBJECTID": 3184, "StreetName1": "NORTH DAIRY RD", "StreetName2": "KEATS ST", "Intersection": "KEATS ST & NORTH DAIRY RD", "Jurisdiction": "COV", "POINT_X": 475096.4698999999, "POINT_Y": 5366173.258300001}}, {"type": "Feature", "id": 3185, "geometry": {"type": "MultiPoint", "coordinates": [[-123.33794983354404, 48.44822316227443]]}, "properties": {"OBJECTID": 3185, "StreetName1": "NORTH DAIRY RD", "StreetName2": "SHELLEY ST", "Intersection": "NORTH DAIRY RD & SHELLEY ST", "Jurisdiction": "COV", "POINT_X": 475010.7446999997, "POINT_Y": 5366174.845799999}}, {"type": "Feature", "id": 3186, "geometry": {"type": "MultiPoint", "coordinates": [[-123.33794983354404, 48.44822316227443]]}, "properties": {"OBJECTID": 3186, "StreetName1": "NORTH DAIRY RD", "StreetName2": "SHELLEY ST", "Intersection": "SHELLEY ST & NORTH DAIRY RD", "Jurisdiction": "COV", "POINT_X": 475010.7446999997, "POINT_Y": 5366174.845799999}}, {"type": "Feature", "id": 3187, "geometry": {"type": "MultiPoint", "coordinates": [[-123.34032242320622, 48.44827686914131]]}, "properties": {"OBJECTID": 3187, "StreetName1": "NORTH DAIRY RD", "StreetName2": "WETHERBY RD", "Intersection": "NORTH DAIRY RD & WETHERBY RD", "Jurisdiction": "COV", "POINT_X": 474835.3256000001, "POINT_Y": 5366181.592700001}}, {"type": "Feature", "id": 3188, "geometry": {"type": "MultiPoint", "coordinates": [[-123.34032242320622, 48.44827686914131]]}, "properties": {"OBJECTID": 3188, "StreetName1": "NORTH DAIRY RD", "StreetName2": "WETHERBY RD", "Intersection": "WETHERBY RD & NORTH DAIRY RD", "Jurisdiction": "COV", "POINT_X": 474835.3256000001, "POINT_Y": 5366181.592700001}}, {"type": "Feature", "id": 3189, "geometry": {"type": "MultiPoint", "coordinates": [[-123.34262527118594, 48.448334305460556]]}, "properties": {"OBJECTID": 3189, "StreetName1": "KENYA PL", "StreetName2": "NORTH DAIRY RD", "Intersection": "NORTH DAIRY RD & KENYA PL", "Jurisdiction": "COV", "POINT_X": 474665.0658999998, "POINT_Y": 5366188.736500001}}, {"type": "Feature", "id": 3190, "geometry": {"type": "MultiPoint", "coordinates": [[-123.34262527118594, 48.448334305460556]]}, "properties": {"OBJECTID": 3190, "StreetName1": "KENYA PL", "StreetName2": "NORTH DAIRY RD", "Intersection": "Kenya Pl & NORTH DAIRY RD", "Jurisdiction": "COV", "POINT_X": 474665.0658999998, "POINT_Y": 5366188.736500001}}, {"type": "Feature", "id": 3211, "geometry": {"type": "MultiPoint", "coordinates": [[-123.38334468690118, 48.43730676348918]]}, "properties": {"OBJECTID": 3211, "StreetName1": "ARTHUR CURRIE LANE", "StreetName2": "TYEE RD", "Intersection": "TYEE RD & ARTHUR CURRIE LANE", "Jurisdiction": "COV", "POINT_X": 471647.8622000003, "POINT_Y": 5364977.2552000005}}, {"type": "Feature", "id": 3212, "geometry": {"type": "MultiPoint", "coordinates": [[-123.38334468690118, 48.43730676348918]]}, "properties": {"OBJECTID": 3212, "StreetName1": "ARTHUR CURRIE LANE", "StreetName2": "TYEE RD", "Intersection": "ARTHUR CURRIE LANE & TYEE RD", "Jurisdiction": "COV", "POINT_X": 471647.8622000003, "POINT_Y": 5364977.2552000005}}, {"type": "Feature", "id": 3213, "geometry": {"type": "MultiPoint", "coordinates": [[-123.36025123079365, 48.42079696621079]]}, "properties": {"OBJECTID": 3213, "StreetName1": "MCCLURE ST", "StreetName2": "QUADRA ST", "Intersection": "QUADRA ST & MCCLURE ST", "Jurisdiction": "COV", "POINT_X": 473347.28440000024, "POINT_Y": 5363133.4364}}, {"type": "Feature", "id": 3214, "geometry": {"type": "MultiPoint", "coordinates": [[-123.36025123079365, 48.42079696621079]]}, "properties": {"OBJECTID": 3214, "StreetName1": "QUADRA ST", "StreetName2": "MCCLURE ST", "Intersection": "MCCLURE ST & QUADRA ST", "Jurisdiction": "COV", "POINT_X": 473347.28440000024, "POINT_Y": 5363133.8333}}, {"type": "Feature", "id": 3223, "geometry": {"type": "MultiPoint", "coordinates": [[-123.3660701860292, 48.44648039887426]]}, "properties": {"OBJECTID": 3223, "StreetName1": "ALDER ST", "StreetName2": "REED ST", "Intersection": "ALDER ST & REED ST", "Jurisdiction": "COV", "POINT_X": 472930.40610000025, "POINT_Y": 5365990.6908}}, {"type": "Feature", "id": 3224, "geometry": {"type": "MultiPoint", "coordinates": [[-123.3660701860292, 48.44648039887426]]}, "properties": {"OBJECTID": 3224, "StreetName1": "ALDER ST", "StreetName2": "REED ST", "Intersection": "REED ST & ALDER ST", "Jurisdiction": "COV", "POINT_X": 472930.40610000025, "POINT_Y": 5365990.6908}}, {"type": "Feature", "id": 3225, "geometry": {"type": "MultiPoint", "coordinates": [[-123.3872018056382, 48.435647306101046]]}, "properties": {"OBJECTID": 3225, "StreetName1": "RUSSELL ST", "StreetName2": "SKINNER ST", "Intersection": "SKINNER ST & RUSSELL ST", "Jurisdiction": "COV", "POINT_X": 471361.6465999996, "POINT_Y": 5364794.235200001}}, {"type": "Feature", "id": 3226, "geometry": {"type": "MultiPoint", "coordinates": [[-123.3872018056382, 48.435647306101046]]}, "properties": {"OBJECTID": 3226, "StreetName1": "RUSSELL ST", "StreetName2": "SKINNER ST", "Intersection": "RUSSELL ST & SKINNER ST", "Jurisdiction": "COV", "POINT_X": 471361.6465999996, "POINT_Y": 5364794.235200001}}, {"type": "Feature", "id": 3227, "geometry": {"type": "MultiPoint", "coordinates": [[-123.35321757414316, 48.427752308124646]]}, "properties": {"OBJECTID": 3227, "StreetName1": "COOK ST", "StreetName2": "MASON ST", "Intersection": "COOK ST & MASON ST", "Jurisdiction": "COV", "POINT_X": 473871.43379999977, "POINT_Y": 5363902.8595}}, {"type": "Feature", "id": 3228, "geometry": {"type": "MultiPoint", "coordinates": [[-123.35321757414316, 48.427752308124646]]}, "properties": {"OBJECTID": 3228, "StreetName1": "COOK ST", "StreetName2": "MASON ST", "Intersection": "MASON ST & COOK ST", "Jurisdiction": "COV", "POINT_X": 473871.43379999977, "POINT_Y": 5363902.8595}}, {"type": "Feature", "id": 3229, "geometry": {"type": "MultiPoint", "coordinates": [[-123.33442747516033, 48.448176674949835]]}, "properties": {"OBJECTID": 3229, "StreetName1": "BROWNING ST", "StreetName2": "NORTH DAIRY RD", "Intersection": "NORTH DAIRY RD & BROWNING ST", "Jurisdiction": "COV", "POINT_X": 475271.18960000016, "POINT_Y": 5366168.5348000005}}, {"type": "Feature", "id": 3230, "geometry": {"type": "MultiPoint", "coordinates": [[-123.33442747516033, 48.448176674949835]]}, "properties": {"OBJECTID": 3230, "StreetName1": "BROWNING ST", "StreetName2": "NORTH DAIRY RD", "Intersection": "BROWNING ST & NORTH DAIRY RD", "Jurisdiction": "COV", "POINT_X": 475271.18960000016, "POINT_Y": 5366168.5348000005}}, {"type": "Feature", "id": 3231, "geometry": {"type": "MultiPoint", "coordinates": [[-123.33842046344931, 48.44821913252407]]}, "properties": {"OBJECTID": 3231, "StreetName1": "NORTH DAIRY RD", "StreetName2": "SHAKESPEARE ST", "Intersection": "NORTH DAIRY RD & SHAKESPEARE ST", "Jurisdiction": "COV", "POINT_X": 474975.9411000004, "POINT_Y": 5366174.5516}}, {"type": "Feature", "id": 3232, "geometry": {"type": "MultiPoint", "coordinates": [[-123.33842046344931, 48.44821913252407]]}, "properties": {"OBJECTID": 3232, "StreetName1": "NORTH DAIRY RD", "StreetName2": "SHAKESPEARE ST", "Intersection": "SHAKESPEARE ST & NORTH DAIRY RD", "Jurisdiction": "COV", "POINT_X": 474975.9411000004, "POINT_Y": 5366174.5516}}, {"type": "Feature", "id": 3233, "geometry": {"type": "MultiPoint", "coordinates": [[-123.39019758715331, 48.43258235799193]]}, "properties": {"OBJECTID": 3233, "StreetName1": "SHERK ST", "StreetName2": "WILSON ST", "Intersection": "WILSON ST & SHERK ST", "Jurisdiction": "COV", "POINT_X": 471138.32739999983, "POINT_Y": 5364454.6788}}, {"type": "Feature", "id": 3234, "geometry": {"type": "MultiPoint", "coordinates": [[-123.39019758715331, 48.43258235799193]]}, "properties": {"OBJECTID": 3234, "StreetName1": "SHERK ST", "StreetName2": "WILSON ST", "Intersection": "SHERK ST & WILSON ST", "Jurisdiction": "COV", "POINT_X": 471138.32739999983, "POINT_Y": 5364454.6788}}, {"type": "Feature", "id": 3235, "geometry": {"type": "MultiPoint", "coordinates": [[-123.36033759196435, 48.41994574026083]]}, "properties": {"OBJECTID": 3235, "StreetName1": "COLLINSON ST", "StreetName2": "QUADRA ST", "Intersection": "COLLINSON ST & QUADRA ST", "Jurisdiction": "COV", "POINT_X": 473340.44969999976, "POINT_Y": 5363039.2464000005}}, {"type": "Feature", "id": 3236, "geometry": {"type": "MultiPoint", "coordinates": [[-123.36033759196435, 48.41994574026083]]}, "properties": {"OBJECTID": 3236, "StreetName1": "COLLINSON ST", "StreetName2": "QUADRA ST", "Intersection": "QUADRA ST & COLLINSON ST", "Jurisdiction": "COV", "POINT_X": 473340.44969999976, "POINT_Y": 5363039.2464000005}}, {"type": "Feature", "id": 3247, "geometry": {"type": "MultiPoint", "coordinates": [[-123.34958971379223, 48.42106434420989]]}, "properties": {"OBJECTID": 3247, "StreetName1": "ROCKLAND AVE", "StreetName2": "PENTRELEW PL", "Intersection": "ROCKLAND AVE & PENTRELEW PL", "Jurisdiction": "COV", "POINT_X": 474136.2304, "POINT_Y": 5363159.8982}}, {"type": "Feature", "id": 3248, "geometry": {"type": "MultiPoint", "coordinates": [[-123.34958971379223, 48.42106434420989]]}, "properties": {"OBJECTID": 3248, "StreetName1": "PENTRELEW PL", "StreetName2": "ROCKLAND AVE", "Intersection": "PENTRELEW PL & ROCKLAND AVE", "Jurisdiction": "COV", "POINT_X": 474136.2304, "POINT_Y": 5363159.8982}}, {"type": "Feature", "id": 3249, "geometry": {"type": "MultiPoint", "coordinates": [[-123.3645389464237, 48.43110074816072]]}, "properties": {"OBJECTID": 3249, "StreetName1": "CHATHAM ST", "StreetName2": "DOUGLAS ST", "Intersection": "CHATHAM ST & DOUGLAS ST", "Jurisdiction": "COV", "POINT_X": 473035.5019, "POINT_Y": 5364280.6393}}, {"type": "Feature", "id": 3250, "geometry": {"type": "MultiPoint", "coordinates": [[-123.3645389464237, 48.43110074816072]]}, "properties": {"OBJECTID": 3250, "StreetName1": "CHATHAM ST", "StreetName2": "DOUGLAS ST", "Intersection": "DOUGLAS ST & CHATHAM ST", "Jurisdiction": "COV", "POINT_X": 473035.5019, "POINT_Y": 5364280.6393}}, {"type": "Feature", "id": 3251, "geometry": {"type": "MultiPoint", "coordinates": [[-123.3444849105727, 48.40891213835195]]}, "properties": {"OBJECTID": 3251, "StreetName1": "DALLAS RD", "StreetName2": "MEMORIAL CRES", "Intersection": "DALLAS RD & MEMORIAL CRES", "Jurisdiction": "COV", "POINT_X": null, "POINT_Y": null}}, {"type": "Feature", "id": 3252, "geometry": {"type": "MultiPoint", "coordinates": [[-123.3444849105727, 48.40891213835195]]}, "properties": {"OBJECTID": 3252, "StreetName1": "MEMORIAL CRES", "StreetName2": "DALLAS RD", "Intersection": "MEMORIAL CRES & DALLAS RD", "Jurisdiction": "COV", "POINT_X": null, "POINT_Y": null}}, {"type": "Feature", "id": 3253, "geometry": {"type": "MultiPoint", "coordinates": [[-123.36772818395899, 48.409196441521956]]}, "properties": {"OBJECTID": 3253, "StreetName1": "DALLAS RD", "StreetName2": "DOUGLAS ST", "Intersection": "DALLAS RD & DOUGLAS ST (SE)", "Jurisdiction": "COV", "POINT_X": null, "POINT_Y": null}}, {"type": "Feature", "id": 3254, "geometry": {"type": "MultiPoint", "coordinates": [[-123.36772818395899, 48.409196441521956]]}, "properties": {"OBJECTID": 3254, "StreetName1": "DOUGLAS ST", "StreetName2": "DALLAS RD", "Intersection": "DOUGLAS ST & DALLAS RD (SE)", "Jurisdiction": "COV", "POINT_X": null, "POINT_Y": null}}]}