{"type": "FeatureCollection", "features": [{"type": "Feature", "id": 1, "geometry": {"type": "LineString", "coordinates": [[-123.33190031062234, 48.40990115042434], [-123.33190078032746, 48.40997312155558]]}, "properties": {"OBJECTID": 1, "Label": "450(92)", "Direction": "both", "SHAPE_Length": 8.000000000624997, "Year": "1992", "PDF": null}}, {"type": "Feature", "id": 2, "geometry": {"type": "LineString", "coordinates": [[-123.33121562693142, 48.41416665664162], [-123.33121452807553, 48.41423862503941]]}, "properties": {"OBJECTID": 2, "Label": "650(92)", "Direction": "both", "SHAPE_Length": 8.000039591893954, "Year": "1992", "PDF": null}}, {"type": "Feature", "id": 3, "geometry": {"type": "LineString", "coordinates": [[-123.34398075493085, 48.41359584867903], [-123.34390843866458, 48.413542349097874]]}, "properties": {"OBJECTID": 3, "Label": "370(87)", "Direction": "both", "SHAPE_Length": 7.999972420884864, "Year": "1987", "PDF": null}}, {"type": "Feature", "id": 4, "geometry": {"type": "LineString", "coordinates": [[-123.34505607281409, 48.41407090763526], [-123.3449765882141, 48.41411969317347]]}, "properties": {"OBJECTID": 4, "Label": "450(87)", "Direction": "both", "SHAPE_Length": 7.999988151697059, "Year": "1987", "PDF": null}}, {"type": "Feature", "id": 5, "geometry": {"type": "LineString", "coordinates": [[-123.34501165382068, 48.41496048523874], [-123.34493884056779, 48.41490728379277]]}, "properties": {"OBJECTID": 5, "Label": "280(87)", "Direction": "both", "SHAPE_Length": 7.999995892227544, "Year": "1987", "PDF": null}}, {"type": "Feature", "id": 6, "geometry": {"type": "LineString", "coordinates": [[-123.34576637103174, 48.41607726248821], [-123.34573904028629, 48.41623413112976]]}, "properties": {"OBJECTID": 6, "Label": "100(81)", "Direction": "both", "SHAPE_Length": 17.553588570657364, "Year": "1981", "PDF": null}}, {"type": "Feature", "id": 7, "geometry": {"type": "LineString", "coordinates": [[-123.34053191218102, 48.41465500535719], [-123.34042380385853, 48.41465431312899]]}, "properties": {"OBJECTID": 7, "Label": "200(82)", "Direction": "both", "SHAPE_Length": 7.999991055126868, "Year": "1982", "PDF": null}}, {"type": "Feature", "id": 8, "geometry": {"type": "LineString", "coordinates": [[-123.34014562521863, 48.415360992780215], [-123.34014258052416, 48.415432935519995]]}, "properties": {"OBJECTID": 8, "Label": "280(82)", "Direction": "both", "SHAPE_Length": 7.999952195345349, "Year": "1982", "PDF": null}}, {"type": "Feature", "id": 9, "geometry": {"type": "LineString", "coordinates": [[-123.32354389871628, 48.42288534859659], [-123.32343576870578, 48.422885653469656]]}, "properties": {"OBJECTID": 9, "Label": "900(92)", "Direction": "both", "SHAPE_Length": 8.000000000624997, "Year": "1992", "PDF": null}}, {"type": "Feature", "id": 10, "geometry": {"type": "LineString", "coordinates": [[-123.32914186265025, 48.4290824640053], [-123.32914232877616, 48.42915443491547]]}, "properties": {"OBJECTID": 10, "Label": "900(91)", "Direction": "both", "SHAPE_Length": 8.000000000624997, "Year": "1991", "PDF": null}}, {"type": "Feature", "id": 11, "geometry": {"type": "LineString", "coordinates": [[-123.34295621681342, 48.42283754578113], [-123.34292517066558, 48.4227686042416]]}, "properties": {"OBJECTID": 11, "Label": "890(90)", "Direction": "both", "SHAPE_Length": 8.000026644708711, "Year": "1990", "PDF": null}}, {"type": "Feature", "id": 12, "geometry": {"type": "LineString", "coordinates": [[-123.3394275193718, 48.429010612584996], [-123.33942245841517, 48.42908250530235]]}, "properties": {"OBJECTID": 12, "Label": "840(91)", "Direction": "both", "SHAPE_Length": 8.000002892313082, "Year": "1991", "PDF": null}}, {"type": "Feature", "id": 13, "geometry": {"type": "LineString", "coordinates": [[-123.33419730109173, 48.43983501428901], [-123.33408916398825, 48.43983332294798]]}, "properties": {"OBJECTID": 13, "Label": "670(91)", "Direction": "both", "SHAPE_Length": 8.00000587596322, "Year": "1991", "PDF": null}}, {"type": "Feature", "id": 14, "geometry": {"type": "LineString", "coordinates": [[-123.33879618183207, 48.4370632665484], [-123.33879477425955, 48.43713523204823]]}, "properties": {"OBJECTID": 14, "Label": "430(91)", "Direction": "both", "SHAPE_Length": 8.00001635393069, "Year": "1991", "PDF": null}}, {"type": "Feature", "id": 15, "geometry": {"type": "LineString", "coordinates": [[-123.34003505141048, 48.437111744748194], [-123.34003364558681, 48.4371837102585]]}, "properties": {"OBJECTID": 15, "Label": "900(91)", "Direction": "both", "SHAPE_Length": 8.000016355793052, "Year": "1991", "PDF": null}}, {"type": "Feature", "id": 16, "geometry": {"type": "LineString", "coordinates": [[-123.33697501899762, 48.43904477697206], [-123.33697360881257, 48.43911674243084]]}, "properties": {"OBJECTID": 16, "Label": "409(91)", "Direction": "both", "SHAPE_Length": 8.000016355776813, "Year": "1991", "PDF": null}}, {"type": "Feature", "id": 17, "geometry": {"type": "LineString", "coordinates": [[-123.34033906831633, 48.44378695928078], [-123.34024409379869, 48.44382141245235]]}, "properties": {"OBJECTID": 17, "Label": "360(91)", "Direction": "both", "SHAPE_Length": 7.99995619100608, "Year": "1991", "PDF": null}}, {"type": "Feature", "id": 18, "geometry": {"type": "LineString", "coordinates": [[-123.33690269720748, 48.44350827088988], [-123.33680966821858, 48.44354499884597]]}, "properties": {"OBJECTID": 18, "Label": "910(91)", "Direction": "both", "SHAPE_Length": 7.999998103956124, "Year": "1991", "PDF": null}}, {"type": "Feature", "id": 19, "geometry": {"type": "LineString", "coordinates": [[-123.3341187937757, 48.44220245045392], [-123.33401062282523, 48.44220213740037]]}, "properties": {"OBJECTID": 19, "Label": "420(91)", "Direction": "both", "SHAPE_Length": 8.000003635834524, "Year": "1991", "PDF": null}}, {"type": "Feature", "id": 20, "geometry": {"type": "LineString", "coordinates": [[-123.35259020781561, 48.441234737005765], [-123.35248401379906, 48.44124842933848]]}, "properties": {"OBJECTID": 20, "Label": "250(91)", "Direction": "both", "SHAPE_Length": 7.99998614238006, "Year": "1991", "PDF": null}}, {"type": "Feature", "id": 21, "geometry": {"type": "LineString", "coordinates": [[-123.3538295914456, 48.43901492475363], [-123.3538496579913, 48.43908564675542]]}, "properties": {"OBJECTID": 21, "Label": "600(92)", "Direction": "both", "SHAPE_Length": 7.99999845403123, "Year": "1992", "PDF": null}}, {"type": "Feature", "id": 22, "geometry": {"type": "LineString", "coordinates": [[-123.35647668626197, 48.43648831733981], [-123.35649683245873, 48.436559028769935]]}, "properties": {"OBJECTID": 22, "Label": "633(92)", "Direction": "both", "SHAPE_Length": 7.999950279483977, "Year": "1992", "PDF": null}}, {"type": "Feature", "id": 23, "geometry": {"type": "LineString", "coordinates": [[-123.35528546925022, 48.43652850816118], [-123.35530569351555, 48.436599210560736]]}, "properties": {"OBJECTID": 23, "Label": "650(92)", "Direction": "both", "SHAPE_Length": 8.000041123787124, "Year": "1992", "PDF": null}}, {"type": "Feature", "id": 24, "geometry": {"type": "LineString", "coordinates": [[-123.34781584455975, 48.432056809039366], [-123.34780737794706, 48.432128559447136]]}, "properties": {"OBJECTID": 24, "Label": "370(81)", "Direction": "both", "SHAPE_Length": 7.99997890633984, "Year": "1981", "PDF": null}}, {"type": "Feature", "id": 25, "geometry": {"type": "LineString", "coordinates": [[-123.34699813544651, 48.4316838669126], [-123.34689099155565, 48.43167407604379]]}, "properties": {"OBJECTID": 25, "Label": "480(81)", "Direction": "both", "SHAPE_Length": 7.999983124750615, "Year": "1981", "PDF": null}}, {"type": "Feature", "id": 26, "geometry": {"type": "LineString", "coordinates": [[-123.34678904849635, 48.417116220462376], [-123.34668233407696, 48.41710465667869]]}, "properties": {"OBJECTID": 26, "Label": "510(81)", "Direction": "both", "SHAPE_Length": 8.000035078349107, "Year": "1981", "PDF": null}}, {"type": "Feature", "id": 27, "geometry": {"type": "LineString", "coordinates": [[-123.35517350105968, 48.416011258894166], [-123.35506690937777, 48.41599921399284]]}, "properties": {"OBJECTID": 27, "Label": "740(84)", "Direction": "both", "SHAPE_Length": 8.000019373203443, "Year": "1984", "PDF": null}}, {"type": "Feature", "id": 28, "geometry": {"type": "LineString", "coordinates": [[-123.35286830341725, 48.41510068004829], [-123.35285026480594, 48.4151716426114]]}, "properties": {"OBJECTID": 28, "Label": "840(81)", "Direction": "both", "SHAPE_Length": 7.999970860554829, "Year": "1981", "PDF": null}}, {"type": "Feature", "id": 29, "geometry": {"type": "LineString", "coordinates": [[-123.38418598273587, 48.41659361657502], [-123.38396319158194, 48.416808750836736]]}, "properties": {"OBJECTID": 29, "Label": "790(89)", "Direction": "both", "SHAPE_Length": 29.044837426029122, "Year": "1989", "PDF": null}}, {"type": "Feature", "id": 30, "geometry": {"type": "LineString", "coordinates": [[-123.38415456037309, 48.418032779870586], [-123.38381892587903, 48.41787133304858]]}, "properties": {"OBJECTID": 30, "Label": "480(89)", "Direction": "both", "SHAPE_Length": 30.639547536521086, "Year": "1989", "PDF": null}}, {"type": "Feature", "id": 31, "geometry": {"type": "LineString", "coordinates": [[-123.37771389155293, 48.42153532936661], [-123.37762761026444, 48.42149195050098]]}, "properties": {"OBJECTID": 31, "Label": "620(87)", "Direction": "both", "SHAPE_Length": 8.000037892813095, "Year": "1987", "PDF": null}}, {"type": "Feature", "id": 32, "geometry": {"type": "LineString", "coordinates": [[-123.35445197845966, 48.40859870375325], [-123.35443351966883, 48.40866961846101]]}, "properties": {"OBJECTID": 32, "Label": "530(81)", "Direction": "both", "SHAPE_Length": 7.999997341217567, "Year": "1981", "PDF": null}}, {"type": "Feature", "id": 33, "geometry": {"type": "LineString", "coordinates": [[-123.351234099586, 48.406686109372714], [-123.35121563699617, 48.406757023596995]]}, "properties": {"OBJECTID": 33, "Label": "890(81)", "Direction": "both", "SHAPE_Length": 7.999997341380839, "Year": "1981", "PDF": null}}, {"type": "Feature", "id": 34, "geometry": {"type": "LineString", "coordinates": [[-123.35898090878105, 48.44474845675716], [-123.35896191234262, 48.44467760372574]]}, "properties": {"OBJECTID": 34, "Label": "260(89)", "Direction": "both", "SHAPE_Length": 8.000014203900243, "Year": "1989", "PDF": null}}, {"type": "Feature", "id": 35, "geometry": {"type": "LineString", "coordinates": [[-123.38180176544303, 48.4215260858378], [-123.3816138316413, 48.42166892217772]]}, "properties": {"OBJECTID": 35, "Label": "5089(96)", "Direction": "both", "SHAPE_Length": 21.10486504423749, "Year": "1996", "PDF": null}}, {"type": "Feature", "id": 36, "geometry": {"type": "LineString", "coordinates": [[-123.32693835314272, 48.42939029113715], [-123.3269388161621, 48.42946226205933]]}, "properties": {"OBJECTID": 36, "Label": "370(96)", "Direction": "both", "SHAPE_Length": 8.000000000624997, "Year": "1996", "PDF": null}}, {"type": "Feature", "id": 37, "geometry": {"type": "LineString", "coordinates": [[-123.38497437719145, 48.44721091847502], [-123.38491649322252, 48.44727172067003]]}, "properties": {"OBJECTID": 37, "Label": "700(96)", "Direction": "both", "SHAPE_Length": 7.999991810806398, "Year": "1996", "PDF": null}}, {"type": "Feature", "id": 38, "geometry": {"type": "LineString", "coordinates": [[-123.38420108735575, 48.44501669971209], [-123.38415174854032, 48.44508074954828]]}, "properties": {"OBJECTID": 38, "Label": "350(96)", "Direction": "both", "SHAPE_Length": 8.000026535096797, "Year": "1996", "PDF": null}}, {"type": "Feature", "id": 39, "geometry": {"type": "LineString", "coordinates": [[-123.38515573077619, 48.445435220185196], [-123.38510639276133, 48.44549927042388]]}, "properties": {"OBJECTID": 39, "Label": "665(96)", "Direction": "both", "SHAPE_Length": 8.000026535096797, "Year": "1996", "PDF": null}}, {"type": "Feature", "id": 40, "geometry": {"type": "LineString", "coordinates": [[-123.33088149541013, 48.41004342335181], [-123.33081050636879, 48.40998914429408]]}, "properties": {"OBJECTID": 40, "Label": "1850(92)", "Direction": "both", "SHAPE_Length": 7.999987580760174, "Year": "1992", "PDF": null}}, {"type": "Feature", "id": 41, "geometry": {"type": "LineString", "coordinates": [[-123.33171933830134, 48.411060875428205], [-123.33162914735209, 48.411100556521724]]}, "properties": {"OBJECTID": 41, "Label": "2450(92)", "Direction": "both", "SHAPE_Length": 8.000027258200776, "Year": "1992", "PDF": null}}, {"type": "Feature", "id": 42, "geometry": {"type": "LineString", "coordinates": [[-123.34949374274798, 48.4137637987617], [-123.34947549568173, 48.413834738051634]]}, "properties": {"OBJECTID": 42, "Label": "2050(91)", "Direction": "both", "SHAPE_Length": 8.000011965728962, "Year": "1991", "PDF": null}}, {"type": "Feature", "id": 43, "geometry": {"type": "LineString", "coordinates": [[-123.32974626213507, 48.4282131622061], [-123.3296381208893, 48.42821347293257]]}, "properties": {"OBJECTID": 43, "Label": "1030(91)", "Direction": "both", "SHAPE_Length": 8.000000000624997, "Year": "1991", "PDF": null}}, {"type": "Feature", "id": 44, "geometry": {"type": "LineString", "coordinates": [[-123.33766869412524, 48.42038012596905], [-123.33756985686246, 48.42040931016184]]}, "properties": {"OBJECTID": 44, "Label": "2610(92)", "Direction": "both", "SHAPE_Length": 7.999996617689508, "Year": "1992", "PDF": null}}, {"type": "Feature", "id": 45, "geometry": {"type": "LineString", "coordinates": [[-123.3450856254626, 48.42613237885348], [-123.34508308197684, 48.42620433088591]]}, "properties": {"OBJECTID": 45, "Label": "4360(91)", "Direction": "both", "SHAPE_Length": 8.000042202693487, "Year": "1991", "PDF": null}}, {"type": "Feature", "id": 46, "geometry": {"type": "LineString", "coordinates": [[-123.33465414715062, 48.43897335446737], [-123.33465084600503, 48.439045292108375]]}, "properties": {"OBJECTID": 46, "Label": "1090(91)", "Direction": "both", "SHAPE_Length": 7.999970052064071, "Year": "1991", "PDF": null}}, {"type": "Feature", "id": 47, "geometry": {"type": "LineString", "coordinates": [[-123.33921975878751, 48.44062847081303], [-123.33921835174125, 48.44070043627218]]}, "properties": {"OBJECTID": 47, "Label": "1190(91)", "Direction": "both", "SHAPE_Length": 8.000016355776813, "Year": "1991", "PDF": null}}, {"type": "Feature", "id": 48, "geometry": {"type": "LineString", "coordinates": [[-123.35800139411934, 48.439018299756974], [-123.35802040463305, 48.43908915117135]]}, "properties": {"OBJECTID": 48, "Label": "2440(89)", "Direction": "both", "SHAPE_Length": 8.00003954112507, "Year": "1989", "PDF": null}}, {"type": "Feature", "id": 49, "geometry": {"type": "LineString", "coordinates": [[-123.35522112665848, 48.4377091483791], [-123.35511507778378, 48.437723306026164]]}, "properties": {"OBJECTID": 49, "Label": "1270(92)", "Direction": "both", "SHAPE_Length": 7.999995131204198, "Year": "1992", "PDF": null}}, {"type": "Feature", "id": 50, "geometry": {"type": "LineString", "coordinates": [[-123.35559055218941, 48.43419685269713], [-123.3555814037269, 48.43426856617917]]}, "properties": {"OBJECTID": 50, "Label": "1130(92)", "Direction": "both", "SHAPE_Length": 7.999999081439659, "Year": "1992", "PDF": null}}, {"type": "Feature", "id": 51, "geometry": {"type": "LineString", "coordinates": [[-123.35320423193687, 48.437087626854705], [-123.35322542882555, 48.43715820247405]]}, "properties": {"OBJECTID": 51, "Label": "2580(91)", "Direction": "both", "SHAPE_Length": 7.999981409998997, "Year": "1991", "PDF": null}}, {"type": "Feature", "id": 52, "geometry": {"type": "LineString", "coordinates": [[-123.35402773821848, 48.43827390909771], [-123.3539214011, 48.43828707871137]]}, "properties": {"OBJECTID": 52, "Label": "2770(91)", "Direction": "both", "SHAPE_Length": 7.9999901758435925, "Year": "1991", "PDF": null}}, {"type": "Feature", "id": 53, "geometry": {"type": "LineString", "coordinates": [[-123.3510720339492, 48.42232776472353], [-123.3510521343721, 48.42239850677664]]}, "properties": {"OBJECTID": 53, "Label": "1070(81)", "Direction": "both", "SHAPE_Length": 7.999972572773634, "Year": "1981", "PDF": null}}, {"type": "Feature", "id": 54, "geometry": {"type": "LineString", "coordinates": [[-123.35852163026615, 48.41883300474287], [-123.35850524430731, 48.41890414473185]]}, "properties": {"OBJECTID": 54, "Label": "5340(89)", "Direction": "both", "SHAPE_Length": 7.999965225820037, "Year": "1989", "PDF": null}}, {"type": "Feature", "id": 55, "geometry": {"type": "LineString", "coordinates": [[-123.36493348219008, 48.412281656167096], [-123.36483333293843, 48.412254552228916]]}, "properties": {"OBJECTID": 55, "Label": "2970(92)", "Direction": "both", "SHAPE_Length": 7.9999997216062395, "Year": "1992", "PDF": null}}, {"type": "Feature", "id": 56, "geometry": {"type": "LineString", "coordinates": [[-123.36323619165528, 48.41159355816799], [-123.36314938758376, 48.4115506594539]]}, "properties": {"OBJECTID": 56, "Label": "3290(92)", "Direction": "both", "SHAPE_Length": 8.000000139880056, "Year": "1992", "PDF": null}}, {"type": "Feature", "id": 57, "geometry": {"type": "LineString", "coordinates": [[-123.36181469641467, 48.4106584852164], [-123.36175160198547, 48.410600043096515]]}, "properties": {"OBJECTID": 57, "Label": "3100(92)", "Direction": "both", "SHAPE_Length": 8.000023886638745, "Year": "1992", "PDF": null}}, {"type": "Feature", "id": 58, "geometry": {"type": "LineString", "coordinates": [[-123.36126677672097, 48.41136371907951], [-123.36118612058051, 48.41141164236421]]}, "properties": {"OBJECTID": 58, "Label": "3200(92)", "Direction": "both", "SHAPE_Length": 8.000041337208396, "Year": "1992", "PDF": null}}, {"type": "Feature", "id": 59, "geometry": {"type": "LineString", "coordinates": [[-123.3606436900315, 48.412336311722946], [-123.36061594637803, 48.412405872810524]]}, "properties": {"OBJECTID": 59, "Label": "2670(92)", "Direction": "both", "SHAPE_Length": 7.999969353765374, "Year": "1992", "PDF": null}}, {"type": "Feature", "id": 60, "geometry": {"type": "LineString", "coordinates": [[-123.36996732532292, 48.41327160095363], [-123.36981545498458, 48.413194003509744]]}, "properties": {"OBJECTID": 60, "Label": "1560(91)", "Direction": "both", "SHAPE_Length": 14.166618976124791, "Year": "1991", "PDF": null}}, {"type": "Feature", "id": 61, "geometry": {"type": "LineString", "coordinates": [[-123.36636088171754, 48.41595858476729], [-123.36656952365261, 48.41594390006208]]}, "properties": {"OBJECTID": 61, "Label": "1810(92)", "Direction": "one", "SHAPE_Length": 15.524417108026492, "Year": "1992", "PDF": null}}, {"type": "Feature", "id": 62, "geometry": {"type": "LineString", "coordinates": [[-123.36739484421489, 48.41747868005273], [-123.36728720499018, 48.41748545890871]]}, "properties": {"OBJECTID": 62, "Label": "3470(81)", "Direction": "both", "SHAPE_Length": 8.000042380795207, "Year": "1981", "PDF": null}}, {"type": "Feature", "id": 63, "geometry": {"type": "LineString", "coordinates": [[-123.37120182110166, 48.41725051873041], [-123.37109418714904, 48.41725732992055]]}, "properties": {"OBJECTID": 63, "Label": "1130(92)", "Direction": "both", "SHAPE_Length": 8.000030346068284, "Year": "1992", "PDF": null}}, {"type": "Feature", "id": 64, "geometry": {"type": "LineString", "coordinates": [[-123.375858818177, 48.41649656569628], [-123.37577181124358, 48.41645384272755]]}, "properties": {"OBJECTID": 64, "Label": "3080(92)", "Direction": "both", "SHAPE_Length": 7.999957332520469, "Year": "1992", "PDF": null}}, {"type": "Feature", "id": 65, "geometry": {"type": "LineString", "coordinates": [[-123.37731859666042, 48.41719160507115], [-123.37723093220525, 48.41714948003755]]}, "properties": {"OBJECTID": 65, "Label": "1940(82)", "Direction": "both", "SHAPE_Length": 8.000010253549558, "Year": "1982", "PDF": null}}, {"type": "Feature", "id": 66, "geometry": {"type": "LineString", "coordinates": [[-123.37307256606358, 48.4205411721812], [-123.37297355381753, 48.42051748045911]]}, "properties": {"OBJECTID": 66, "Label": "2520(92)", "Direction": "both", "SHAPE_Length": 7.784673317101246, "Year": "1992", "PDF": null}}, {"type": "Feature", "id": 67, "geometry": {"type": "LineString", "coordinates": [[-123.37993003032042, 48.42078581122538], [-123.37986673198742, 48.42084416129957]]}, "properties": {"OBJECTID": 67, "Label": "1960(87)", "Direction": "both", "SHAPE_Length": 8.000012245214942, "Year": "1987", "PDF": null}}, {"type": "Feature", "id": 68, "geometry": {"type": "LineString", "coordinates": [[-123.37914011987006, 48.42151452170814], [-123.37907681973053, 48.42157287134511]]}, "properties": {"OBJECTID": 68, "Label": "1880(87)", "Direction": "both", "SHAPE_Length": 8.000012245214942, "Year": "1987", "PDF": null}}, {"type": "Feature", "id": 69, "geometry": {"type": "LineString", "coordinates": [[-123.3783507387666, 48.42224583481812], [-123.37828743681794, 48.42230418401811]]}, "properties": {"OBJECTID": 69, "Label": "4520(89)", "Direction": "both", "SHAPE_Length": 8.000012245214942, "Year": "1989", "PDF": null}}, {"type": "Feature", "id": 70, "geometry": {"type": "LineString", "coordinates": [[-123.39316993090543, 48.43813030787632], [-123.39313330016823, 48.43831085920175]]}, "properties": {"OBJECTID": 70, "Label": "1530(92)", "Direction": "both", "SHAPE_Length": 20.25132260577426, "Year": "1992", "PDF": null}}, {"type": "Feature", "id": 71, "geometry": {"type": "LineString", "coordinates": [[-123.37075063141778, 48.4409335205003], [-123.37064435839459, 48.44094693656389]]}, "properties": {"OBJECTID": 71, "Label": "1260(81)", "Direction": "both", "SHAPE_Length": 7.9999941165626725, "Year": "1981", "PDF": null}}, {"type": "Feature", "id": 72, "geometry": {"type": "LineString", "coordinates": [[-123.35962679055005, 48.44234382923903], [-123.35952071666891, 48.442357936128545]]}, "properties": {"OBJECTID": 72, "Label": "1250(91)", "Direction": "both", "SHAPE_Length": 8.000002990251833, "Year": "1991", "PDF": null}}, {"type": "Feature", "id": 73, "geometry": {"type": "LineString", "coordinates": [[-123.36854077402899, 48.43123009187514], [-123.36843263917497, 48.431231211836916]]}, "properties": {"OBJECTID": 73, "Label": "4110(81)", "Direction": "both", "SHAPE_Length": 7.999962265465428, "Year": "1981", "PDF": null}}, {"type": "Feature", "id": 74, "geometry": {"type": "LineString", "coordinates": [[-123.35877117233926, 48.42227179767392], [-123.35866431319191, 48.42226079784313]]}, "properties": {"OBJECTID": 74, "Label": "2590(85)", "Direction": "both", "SHAPE_Length": 8.00000025820242, "Year": "1985", "PDF": null}}, {"type": "Feature", "id": 75, "geometry": {"type": "LineString", "coordinates": [[-123.3489167684974, 48.41634207932631], [-123.34889851972476, 48.41641301849697]]}, "properties": {"OBJECTID": 75, "Label": "3222(97)", "Direction": "both", "SHAPE_Length": 8.000011963733119, "Year": "1997", "PDF": null}}, {"type": "Feature", "id": 76, "geometry": {"type": "LineString", "coordinates": [[-123.3473502147705, 48.419753890490334], [-123.34733196262133, 48.41982482937848]]}, "properties": {"OBJECTID": 76, "Label": "2282(97)", "Direction": "both", "SHAPE_Length": 8.000011965567587, "Year": "1997", "PDF": null}}, {"type": "Feature", "id": 77, "geometry": {"type": "LineString", "coordinates": [[-123.34684834685314, 48.421591174642266], [-123.34683009336113, 48.42166211343131]]}, "properties": {"OBJECTID": 77, "Label": "1905(97)", "Direction": "both", "SHAPE_Length": 8.000011965728962, "Year": "1997", "PDF": null}}, {"type": "Feature", "id": 78, "geometry": {"type": "LineString", "coordinates": [[-123.33818634203705, 48.41240013840141], [-123.33849838716101, 48.41244491528198]]}, "properties": {"OBJECTID": 78, "Label": "4809(97)", "Direction": "one", "SHAPE_Length": 23.62151599312698, "Year": "1997", "PDF": null}}, {"type": "Feature", "id": 79, "geometry": {"type": "LineString", "coordinates": [[-123.33521136799, 48.412726657670326], [-123.33542838785736, 48.41267493740085]]}, "properties": {"OBJECTID": 79, "Label": "3950(90)", "Direction": "one", "SHAPE_Length": 17.05729182577369, "Year": "1990", "PDF": null}}, {"type": "Feature", "id": 80, "geometry": {"type": "LineString", "coordinates": [[-123.34098281458054, 48.410249328731545], [-123.34133704924459, 48.4101753820212]]}, "properties": {"OBJECTID": 80, "Label": "2456(97)", "Direction": "one", "SHAPE_Length": 27.472768295633255, "Year": "1997", "PDF": null}}, {"type": "Feature", "id": 81, "geometry": {"type": "LineString", "coordinates": [[-123.33738628880396, 48.41665439794852], [-123.33740549723663, 48.41682960613032]]}, "properties": {"OBJECTID": 81, "Label": "2000(91)", "Direction": "one", "SHAPE_Length": 19.527022557063518, "Year": "1991", "PDF": null}}, {"type": "Feature", "id": 82, "geometry": {"type": "LineString", "coordinates": [[-123.32604288554717, 48.42007077127983], [-123.32627133150669, 48.42001312796558]]}, "properties": {"OBJECTID": 82, "Label": "1370(93)", "Direction": "one", "SHAPE_Length": 18.07606141734253, "Year": "1993", "PDF": null}}, {"type": "Feature", "id": 83, "geometry": {"type": "LineString", "coordinates": [[-123.33039055123798, 48.42553458441191], [-123.33038982557483, 48.42542262460163]]}, "properties": {"OBJECTID": 83, "Label": "4297(97)", "Direction": "one", "SHAPE_Length": 12.445000000298023, "Year": "1997", "PDF": null}}, {"type": "Feature", "id": 84, "geometry": {"type": "LineString", "coordinates": [[-123.33044501204613, 48.427756711487426], [-123.33044352165685, 48.42752682016536]]}, "properties": {"OBJECTID": 84, "Label": "4830(89)", "Direction": "one", "SHAPE_Length": 25.55379999987781, "Year": "1989", "PDF": null}}, {"type": "Feature", "id": 85, "geometry": {"type": "LineString", "coordinates": [[-123.32849131667625, 48.430514093593644], [-123.32872187549631, 48.43038129061342]]}, "properties": {"OBJECTID": 85, "Label": "10597(97)", "Direction": "one", "SHAPE_Length": 22.55634529641338, "Year": "1997", "PDF": null}}, {"type": "Feature", "id": 86, "geometry": {"type": "LineString", "coordinates": [[-123.33537478353107, 48.427552660646604], [-123.33568162136338, 48.427386222568344]]}, "properties": {"OBJECTID": 86, "Label": "9822(91)", "Direction": "one", "SHAPE_Length": 29.283405550167448, "Year": "1991", "PDF": null}}, {"type": "Feature", "id": 87, "geometry": {"type": "LineString", "coordinates": [[-123.33329245882202, 48.426605763482186], [-123.33367941982394, 48.42660846649284]]}, "properties": {"OBJECTID": 87, "Label": "7700(92)", "Direction": "one", "SHAPE_Length": 28.628556288840745, "Year": "1992", "PDF": null}}, {"type": "Feature", "id": 88, "geometry": {"type": "LineString", "coordinates": [[-123.33882030568205, 48.42594054357616], [-123.33903626344582, 48.425857607196775]]}, "properties": {"OBJECTID": 88, "Label": "8670(91)", "Direction": "one", "SHAPE_Length": 18.44550351250124, "Year": "1991", "PDF": null}}, {"type": "Feature", "id": 89, "geometry": {"type": "LineString", "coordinates": [[-123.34453181115003, 48.42456123654616], [-123.34485315655691, 48.424617443388804]]}, "properties": {"OBJECTID": 89, "Label": "11240(89)", "Direction": "one", "SHAPE_Length": 24.58098782245969, "Year": "1989", "PDF": null}}, {"type": "Feature", "id": 90, "geometry": {"type": "LineString", "coordinates": [[-123.34482376368608, 48.42695011409098], [-123.34514898065768, 48.426954757444356]]}, "properties": {"OBJECTID": 90, "Label": "13500(81)", "Direction": "one", "SHAPE_Length": 24.06460455728603, "Year": "1981", "PDF": null}}, {"type": "Feature", "id": 91, "geometry": {"type": "LineString", "coordinates": [[-123.34176408525104, 48.426808608353], [-123.34190710893748, 48.42681768293329]]}, "properties": {"OBJECTID": 91, "Label": "7300(89)", "Direction": "one", "SHAPE_Length": 10.628678940672229, "Year": "1989", "PDF": null}}, {"type": "Feature", "id": 92, "geometry": {"type": "LineString", "coordinates": [[-123.34099784607817, 48.427748735135005], [-123.34123152813565, 48.42765829031191]]}, "properties": {"OBJECTID": 92, "Label": "5520(89)", "Direction": "one", "SHAPE_Length": 19.99794621820636, "Year": "1989", "PDF": null}}, {"type": "Feature", "id": 93, "geometry": {"type": "LineString", "coordinates": [[-123.33753883558934, 48.428972900051356], [-123.33775558925876, 48.42889807146828]]}, "properties": {"OBJECTID": 93, "Label": "6210(91)", "Direction": "one", "SHAPE_Length": 18.063409181356874, "Year": "1991", "PDF": null}}, {"type": "Feature", "id": 94, "geometry": {"type": "LineString", "coordinates": [[-123.33611184747618, 48.43126686456239], [-123.33634052140496, 48.43127394424103]]}, "properties": {"OBJECTID": 94, "Label": "180(89)", "Direction": "one", "SHAPE_Length": 16.933813127557652, "Year": "1989", "PDF": null}}, {"type": "Feature", "id": 95, "geometry": {"type": "LineString", "coordinates": [[-123.32984773413216, 48.431424251838074], [-123.32988078649362, 48.43124865914258]]}, "properties": {"OBJECTID": 95, "Label": "8630(89)", "Direction": "one", "SHAPE_Length": 19.67055144734641, "Year": "1989", "PDF": null}}, {"type": "Feature", "id": 96, "geometry": {"type": "LineString", "coordinates": [[-123.32944746289186, 48.433228632321125], [-123.32947799729132, 48.433091855313236]]}, "properties": {"OBJECTID": 96, "Label": "7830(81)", "Direction": "one", "SHAPE_Length": 15.370310892373858, "Year": "1981", "PDF": null}}, {"type": "Feature", "id": 97, "geometry": {"type": "LineString", "coordinates": [[-123.33660719691353, 48.43419239760523], [-123.33687655796987, 48.434201192495415]]}, "properties": {"OBJECTID": 97, "Label": "4500(92)", "Direction": "one", "SHAPE_Length": 19.948060437702594, "Year": "1992", "PDF": null}}, {"type": "Feature", "id": 98, "geometry": {"type": "LineString", "coordinates": [[-123.33387692769053, 48.434936372147114], [-123.33387389523402, 48.434674108937145]]}, "properties": {"OBJECTID": 98, "Label": "8500(81)", "Direction": "one", "SHAPE_Length": 29.152762040351416, "Year": "1981", "PDF": null}}, {"type": "Feature", "id": 99, "geometry": {"type": "LineString", "coordinates": [[-123.33379467725462, 48.43720717676793], [-123.33379868559562, 48.436950782358416]]}, "properties": {"OBJECTID": 99, "Label": "6240(89)", "Direction": "one", "SHAPE_Length": 28.501105109658806, "Year": "1989", "PDF": null}}, {"type": "Feature", "id": 100, "geometry": {"type": "LineString", "coordinates": [[-123.33369853888935, 48.43915873888251], [-123.33369725371793, 48.438962514215056]]}, "properties": {"OBJECTID": 100, "Label": "9680(91)", "Direction": "one", "SHAPE_Length": 21.811599999666214, "Year": "1991", "PDF": null}}, {"type": "Feature", "id": 101, "geometry": {"type": "LineString", "coordinates": [[-123.33062669639551, 48.43802056753707], [-123.33099273705865, 48.43801951531302]]}, "properties": {"OBJECTID": 101, "Label": "482(91)", "Direction": "one", "SHAPE_Length": 27.073499999940395, "Year": "1991", "PDF": null}}, {"type": "Feature", "id": 102, "geometry": {"type": "LineString", "coordinates": [[-123.3290577633151, 48.434987824360825], [-123.32911978304237, 48.434779248882975]]}, "properties": {"OBJECTID": 102, "Label": "5500(80)", "Direction": "one", "SHAPE_Length": 23.633720898387978, "Year": "1980", "PDF": null}}, {"type": "Feature", "id": 103, "geometry": {"type": "LineString", "coordinates": [[-123.3390594788148, 48.436297996542855], [-123.33927472022872, 48.436295479199536]]}, "properties": {"OBJECTID": 103, "Label": "1840(92)", "Direction": "one", "SHAPE_Length": 15.922775651906871, "Year": "1992", "PDF": null}}, {"type": "Feature", "id": 104, "geometry": {"type": "LineString", "coordinates": [[-123.34200688370173, 48.44237708660711], [-123.34234423975748, 48.44224286500046]]}, "properties": {"OBJECTID": 104, "Label": "9870(80)", "Direction": "one", "SHAPE_Length": 29.07010830470408, "Year": "1980", "PDF": null}}, {"type": "Feature", "id": 105, "geometry": {"type": "LineString", "coordinates": [[-123.3367585183039, 48.44453761989206], [-123.33699239710083, 48.444448831578626]]}, "properties": {"OBJECTID": 105, "Label": "9300(92)", "Direction": "one", "SHAPE_Length": 19.913717184206593, "Year": "1992", "PDF": null}}, {"type": "Feature", "id": 106, "geometry": {"type": "LineString", "coordinates": [[-123.33362629156457, 48.441373210729445], [-123.33363369498143, 48.44118889931953]]}, "properties": {"OBJECTID": 106, "Label": "9830(91)", "Direction": "one", "SHAPE_Length": 20.49449563670202, "Year": "1991", "PDF": null}}, {"type": "Feature", "id": 107, "geometry": {"type": "LineString", "coordinates": [[-123.3349129619727, 48.448214674112734], [-123.33526243167702, 48.44821365657708]]}, "properties": {"OBJECTID": 107, "Label": "6300(92)", "Direction": "one", "SHAPE_Length": 25.842699999921024, "Year": "1992", "PDF": null}}, {"type": "Feature", "id": 108, "geometry": {"type": "LineString", "coordinates": [[-123.34465121896366, 48.44742160291943], [-123.34478744476628, 48.44721330366796]]}, "properties": {"OBJECTID": 108, "Label": "5300(92)", "Direction": "one", "SHAPE_Length": 25.250134899898306, "Year": "1992", "PDF": null}}, {"type": "Feature", "id": 109, "geometry": {"type": "LineString", "coordinates": [[-123.3448272114382, 48.44840057715821], [-123.34504642203333, 48.44840054718811]]}, "properties": {"OBJECTID": 109, "Label": "8830(92)", "Direction": "one", "SHAPE_Length": 16.210049848910163, "Year": "1992", "PDF": null}}, {"type": "Feature", "id": 110, "geometry": {"type": "LineString", "coordinates": [[-123.34815282754278, 48.44809254376817], [-123.34860593590156, 48.44803373846393]]}, "properties": {"OBJECTID": 110, "Label": "8050(85)", "Direction": "one", "SHAPE_Length": 34.13803359328659, "Year": "1985", "PDF": null}}, {"type": "Feature", "id": 111, "geometry": {"type": "LineString", "coordinates": [[-123.35114775292759, 48.447699389252044], [-123.35176666622658, 48.44762455009748]]}, "properties": {"OBJECTID": 111, "Label": "6640(92)", "Direction": "one", "SHAPE_Length": 46.5175672527537, "Year": "1992", "PDF": null}}, {"type": "Feature", "id": 112, "geometry": {"type": "LineString", "coordinates": [[-123.34921169245399, 48.44437772189105], [-123.34913484208853, 48.44404572298252]]}, "properties": {"OBJECTID": 112, "Label": "7150(93)", "Direction": "one", "SHAPE_Length": 37.338535937583096, "Year": "1993", "PDF": null}}, {"type": "Feature", "id": 113, "geometry": {"type": "LineString", "coordinates": [[-123.34812665896091, 48.443645203648224], [-123.34828602110903, 48.44352672144168]]}, "properties": {"OBJECTID": 113, "Label": "3750(91)", "Direction": "one", "SHAPE_Length": 17.673308532535774, "Year": "1991", "PDF": null}}, {"type": "Feature", "id": 114, "geometry": {"type": "LineString", "coordinates": [[-123.34637271388755, 48.44279674337134], [-123.34665469260375, 48.442956447860745]]}, "properties": {"OBJECTID": 114, "Label": "1860(93)", "Direction": "one", "SHAPE_Length": 27.38643546225653, "Year": "1993", "PDF": null}}, {"type": "Feature", "id": 115, "geometry": {"type": "LineString", "coordinates": [[-123.345766355413, 48.441271476343246], [-123.34622178945764, 48.44127073323006]]}, "properties": {"OBJECTID": 115, "Label": "10310(89)", "Direction": "one", "SHAPE_Length": 33.68297190858653, "Year": "1989", "PDF": null}}, {"type": "Feature", "id": 116, "geometry": {"type": "LineString", "coordinates": [[-123.34461239859691, 48.44070544756375], [-123.34468563507659, 48.440589350432305]]}, "properties": {"OBJECTID": 116, "Label": "3560(92)", "Direction": "one", "SHAPE_Length": 13.995437767180608, "Year": "1992", "PDF": null}}, {"type": "Feature", "id": 117, "geometry": {"type": "LineString", "coordinates": [[-123.35915033350165, 48.43854113495985], [-123.3590659379098, 48.438251859740234]]}, "properties": {"OBJECTID": 117, "Label": "8960(89)", "Direction": "one", "SHAPE_Length": 32.754754661953655, "Year": "1989", "PDF": null}}, {"type": "Feature", "id": 118, "geometry": {"type": "LineString", "coordinates": [[-123.35676312482389, 48.435350009202935], [-123.35701213142622, 48.43535872020445]]}, "properties": {"OBJECTID": 118, "Label": "9970(91)", "Direction": "one", "SHAPE_Length": 18.44354701154963, "Year": "1991", "PDF": null}}, {"type": "Feature", "id": 119, "geometry": {"type": "LineString", "coordinates": [[-123.35362226976453, 48.43517890671343], [-123.35389722121202, 48.43518924057079]]}, "properties": {"OBJECTID": 119, "Label": "9000(92)", "Direction": "one", "SHAPE_Length": 20.369636217862347, "Year": "1992", "PDF": null}}, {"type": "Feature", "id": 120, "geometry": {"type": "LineString", "coordinates": [[-123.345555898466, 48.43464564639691], [-123.34586797485767, 48.43466004614537]]}, "properties": {"OBJECTID": 120, "Label": "6090(92)", "Direction": "one", "SHAPE_Length": 23.13888759334756, "Year": "1992", "PDF": null}}, {"type": "Feature", "id": 121, "geometry": {"type": "LineString", "coordinates": [[-123.36011560020533, 48.43104437656439], [-123.36046220712171, 48.431062614130425]]}, "properties": {"OBJECTID": 121, "Label": "3940(92)", "Direction": "one", "SHAPE_Length": 25.719437026789933, "Year": "1992", "PDF": null}}, {"type": "Feature", "id": 122, "geometry": {"type": "LineString", "coordinates": [[-123.34944767449689, 48.4271949958225], [-123.34970933402211, 48.427205819965835]]}, "properties": {"OBJECTID": 122, "Label": "14000(90)", "Direction": "one", "SHAPE_Length": 19.394449056686394, "Year": "1990", "PDF": null}}, {"type": "Feature", "id": 123, "geometry": {"type": "LineString", "coordinates": [[-123.3512155349825, 48.42499232460498], [-123.35145729091866, 48.42501438101806]]}, "properties": {"OBJECTID": 123, "Label": "13950(89)", "Direction": "one", "SHAPE_Length": 18.05268710432459, "Year": "1989", "PDF": null}}, {"type": "Feature", "id": 124, "geometry": {"type": "LineString", "coordinates": [[-123.35255502353932, 48.421990615000716], [-123.35291399398336, 48.422029887523856]]}, "properties": {"OBJECTID": 124, "Label": "2720(81)", "Direction": "one", "SHAPE_Length": 26.91505007727317, "Year": "1981", "PDF": null}}, {"type": "Feature", "id": 125, "geometry": {"type": "LineString", "coordinates": [[-123.35488198019145, 48.42106557256163], [-123.35490402559556, 48.420966081042685]]}, "properties": {"OBJECTID": 125, "Label": "9770(90)", "Direction": "one", "SHAPE_Length": 11.178611943812426, "Year": "1990", "PDF": null}}, {"type": "Feature", "id": 126, "geometry": {"type": "LineString", "coordinates": [[-123.35681070464956, 48.41449538970874], [-123.3569199437512, 48.4142643432237]]}, "properties": {"OBJECTID": 126, "Label": "7732(97)", "Direction": "one", "SHAPE_Length": 26.924009814157102, "Year": "1997", "PDF": null}}, {"type": "Feature", "id": 127, "geometry": {"type": "LineString", "coordinates": [[-123.35730027949658, 48.416584597924256], [-123.35754735234045, 48.41660678517932]]}, "properties": {"OBJECTID": 127, "Label": "2500(91)", "Direction": "one", "SHAPE_Length": 18.44740378133988, "Year": "1991", "PDF": null}}, {"type": "Feature", "id": 128, "geometry": {"type": "LineString", "coordinates": [[-123.36320317350878, 48.415233554036604], [-123.36324529612561, 48.41507694667114]]}, "properties": {"OBJECTID": 128, "Label": "1360(92)", "Direction": "one", "SHAPE_Length": 17.684517908117485, "Year": "1992", "PDF": null}}, {"type": "Feature", "id": 129, "geometry": {"type": "LineString", "coordinates": [[-123.36404927511123, 48.412988957858616], [-123.36404732440104, 48.41271569532571]]}, "properties": {"OBJECTID": 129, "Label": "680(92)", "Direction": "one", "SHAPE_Length": 30.374800000339746, "Year": "1992", "PDF": null}}, {"type": "Feature", "id": 130, "geometry": {"type": "LineString", "coordinates": [[-123.35776298569664, 48.41097719557657], [-123.35780105487781, 48.41070455424271]]}, "properties": {"OBJECTID": 130, "Label": "2770(91)", "Direction": "one", "SHAPE_Length": 30.436049534685207, "Year": "1991", "PDF": null}}, {"type": "Feature", "id": 131, "geometry": {"type": "LineString", "coordinates": [[-123.36937531585542, 48.40961111648438], [-123.3694367827557, 48.40943413033843]]}, "properties": {"OBJECTID": 131, "Label": "820(89)", "Direction": "one", "SHAPE_Length": 20.191905096313814, "Year": "1989", "PDF": null}}, {"type": "Feature", "id": 132, "geometry": {"type": "LineString", "coordinates": [[-123.36898912157268, 48.410385133502345], [-123.36905587483643, 48.410194392878914]]}, "properties": {"OBJECTID": 132, "Label": "2120(89)", "Direction": "one", "SHAPE_Length": 21.769628873473213, "Year": "1989", "PDF": null}}, {"type": "Feature", "id": 133, "geometry": {"type": "LineString", "coordinates": [[-123.37617838179824, 48.41148175323835], [-123.37644859474574, 48.411608639623886]]}, "properties": {"OBJECTID": 133, "Label": "3270(90)", "Direction": "one", "SHAPE_Length": 24.469676063358484, "Year": "1990", "PDF": null}}, {"type": "Feature", "id": 134, "geometry": {"type": "LineString", "coordinates": [[-123.37399692110529, 48.41313983411884], [-123.37424081690196, 48.413253175102554]]}, "properties": {"OBJECTID": 134, "Label": "1250(93)", "Direction": "one", "SHAPE_Length": 22.010182539131446, "Year": "1993", "PDF": null}}, {"type": "Feature", "id": 135, "geometry": {"type": "LineString", "coordinates": [[-123.37494797563821, 48.41461635278135], [-123.37513314638865, 48.414455659994296]]}, "properties": {"OBJECTID": 135, "Label": "2090(93)", "Direction": "one", "SHAPE_Length": 22.51197514012095, "Year": "1993", "PDF": null}}, {"type": "Feature", "id": 136, "geometry": {"type": "LineString", "coordinates": [[-123.3689480747829, 48.41372290581772], [-123.3691317452923, 48.41345640635463]]}, "properties": {"OBJECTID": 136, "Label": "100(91)", "Direction": "one", "SHAPE_Length": 32.59183333407071, "Year": "1991", "PDF": null}}, {"type": "Feature", "id": 137, "geometry": {"type": "LineString", "coordinates": [[-123.36860862871312, 48.41456577917475], [-123.36897525677219, 48.414664034987915]]}, "properties": {"OBJECTID": 137, "Label": "100(91)", "Direction": "one", "SHAPE_Length": 29.24508396485341, "Year": "1991", "PDF": null}}, {"type": "Feature", "id": 138, "geometry": {"type": "LineString", "coordinates": [[-123.36904708147816, 48.41695079750233], [-123.36906324005821, 48.41680218468033]]}, "properties": {"OBJECTID": 138, "Label": "5400(90)", "Direction": "one", "SHAPE_Length": 16.562264538804218, "Year": "1990", "PDF": null}}, {"type": "Feature", "id": 139, "geometry": {"type": "LineString", "coordinates": [[-123.36591062510122, 48.417929935201734], [-123.3659313088757, 48.41767836091246]]}, "properties": {"OBJECTID": 139, "Label": "5580(83)", "Direction": "one", "SHAPE_Length": 28.00557843025941, "Year": "1983", "PDF": null}}, {"type": "Feature", "id": 140, "geometry": {"type": "LineString", "coordinates": [[-123.36511658931013, 48.4194791228387], [-123.36527592352306, 48.419307665625176]]}, "properties": {"OBJECTID": 140, "Label": "350(89)", "Direction": "one", "SHAPE_Length": 22.409860590247575, "Year": "1989", "PDF": null}}, {"type": "Feature", "id": 141, "geometry": {"type": "LineString", "coordinates": [[-123.36906041992073, 48.419231291637516], [-123.36903707755283, 48.41893443444687]]}, "properties": {"OBJECTID": 141, "Label": "4460(90)", "Direction": "one", "SHAPE_Length": 33.04232987642155, "Year": "1990", "PDF": null}}, {"type": "Feature", "id": 142, "geometry": {"type": "LineString", "coordinates": [[-123.36205366324627, 48.41833733585095], [-123.36219782404298, 48.418195391616905]]}, "properties": {"OBJECTID": 142, "Label": "2740(90)", "Direction": "one", "SHAPE_Length": 19.04510564535101, "Year": "1990", "PDF": null}}, {"type": "Feature", "id": 143, "geometry": {"type": "LineString", "coordinates": [[-123.36142796251266, 48.42051913882555], [-123.36164624309954, 48.42060973108819]]}, "properties": {"OBJECTID": 143, "Label": "1800(90)", "Direction": "one", "SHAPE_Length": 19.032250854125806, "Year": "1990", "PDF": null}}, {"type": "Feature", "id": 144, "geometry": {"type": "LineString", "coordinates": [[-123.36321044597241, 48.42166154513833], [-123.36319224338794, 48.421503453208295]]}, "properties": {"OBJECTID": 144, "Label": "6800(90)", "Direction": "one", "SHAPE_Length": 17.624241963040276, "Year": "1990", "PDF": null}}, {"type": "Feature", "id": 145, "geometry": {"type": "LineString", "coordinates": [[-123.36355830248847, 48.42156566443012], [-123.36370121345375, 48.421677349374576]]}, "properties": {"OBJECTID": 145, "Label": "720(89)", "Direction": "one", "SHAPE_Length": 16.306865877785242, "Year": "1989", "PDF": null}}, {"type": "Feature", "id": 146, "geometry": {"type": "LineString", "coordinates": [[-123.36518138089019, 48.42012265720847], [-123.36551901262877, 48.420186155253134]]}, "properties": {"OBJECTID": 146, "Label": "6230(90)", "Direction": "one", "SHAPE_Length": 25.958813906913353, "Year": "1990", "PDF": null}}, {"type": "Feature", "id": 147, "geometry": {"type": "LineString", "coordinates": [[-123.36737989755203, 48.420565313812304], [-123.36780179473267, 48.42064346317013]]}, "properties": {"OBJECTID": 147, "Label": "10760(90)", "Direction": "one", "SHAPE_Length": 32.401394463488785, "Year": "1990", "PDF": null}}, {"type": "Feature", "id": 148, "geometry": {"type": "LineString", "coordinates": [[-123.37025072340501, 48.418308522329994], [-123.3707193024206, 48.41829178430248]]}, "properties": {"OBJECTID": 148, "Label": "4340(92)", "Direction": "one", "SHAPE_Length": 34.72059072541757, "Year": "1992", "PDF": null}}, {"type": "Feature", "id": 149, "geometry": {"type": "LineString", "coordinates": [[-123.3722615061251, 48.418770727285654], [-123.37237380254086, 48.41857635870278]]}, "properties": {"OBJECTID": 149, "Label": "3770(90)", "Direction": "one", "SHAPE_Length": 23.147686230486425, "Year": "1990", "PDF": null}}, {"type": "Feature", "id": 150, "geometry": {"type": "LineString", "coordinates": [[-123.37532193688413, 48.42072218943445], [-123.37545844193829, 48.4205962305671]]}, "properties": {"OBJECTID": 150, "Label": "2100(89)", "Direction": "one", "SHAPE_Length": 17.26357619253282, "Year": "1989", "PDF": null}}, {"type": "Feature", "id": 151, "geometry": {"type": "LineString", "coordinates": [[-123.37792926518756, 48.415018106717845], [-123.37813896003004, 48.41512286376249]]}, "properties": {"OBJECTID": 151, "Label": "750(93)", "Direction": "one", "SHAPE_Length": 19.399804063105297, "Year": "1993", "PDF": null}}, {"type": "Feature", "id": 152, "geometry": {"type": "LineString", "coordinates": [[-123.38536035372356, 48.42136801883208], [-123.38550599591164, 48.42123191881714]]}, "properties": {"OBJECTID": 152, "Label": "2330(90)", "Direction": "one", "SHAPE_Length": 18.57354756088928, "Year": "1990", "PDF": null}}, {"type": "Feature", "id": 153, "geometry": {"type": "LineString", "coordinates": [[-123.37952864228696, 48.42197963006792], [-123.37979370160818, 48.4220070271938]]}, "properties": {"OBJECTID": 153, "Label": "2120(92)", "Direction": "one", "SHAPE_Length": 19.845681856433536, "Year": "1992", "PDF": null}}, {"type": "Feature", "id": 154, "geometry": {"type": "LineString", "coordinates": [[-123.37957841060644, 48.4212908935247], [-123.3797747275083, 48.42138722587055]]}, "properties": {"OBJECTID": 154, "Label": "1170(92)", "Direction": "one", "SHAPE_Length": 18.045197107296513, "Year": "1992", "PDF": null}}, {"type": "Feature", "id": 155, "geometry": {"type": "LineString", "coordinates": [[-123.3770661077582, 48.42213752895473], [-123.37727807552045, 48.422239216685455]]}, "properties": {"OBJECTID": 155, "Label": "2720(92)", "Direction": "one", "SHAPE_Length": 19.331391697627303, "Year": "1992", "PDF": null}}, {"type": "Feature", "id": 156, "geometry": {"type": "LineString", "coordinates": [[-123.3558261059773, 48.40788061658894], [-123.35614502420982, 48.407967278974034]]}, "properties": {"OBJECTID": 156, "Label": "3180(90)", "Direction": "one", "SHAPE_Length": 25.492034910926474, "Year": "1990", "PDF": null}}, {"type": "Feature", "id": 157, "geometry": {"type": "LineString", "coordinates": [[-123.37805391702123, 48.42896304799512], [-123.37836390871252, 48.42911433152722]]}, "properties": {"OBJECTID": 157, "Label": "7460(85)", "Direction": "one", "SHAPE_Length": 28.436683934771665, "Year": "1985", "PDF": null}}, {"type": "Feature", "id": 158, "geometry": {"type": "LineString", "coordinates": [[-123.38613893760692, 48.42943352281865], [-123.38613508932475, 48.42929974643607]]}, "properties": {"OBJECTID": 158, "Label": "1010(90)", "Direction": "one", "SHAPE_Length": 14.872678423895024, "Year": "1990", "PDF": null}}, {"type": "Feature", "id": 159, "geometry": {"type": "LineString", "coordinates": [[-123.38731793606122, 48.42944860357052], [-123.38731703622871, 48.42925654853147]]}, "properties": {"OBJECTID": 159, "Label": "330(90)", "Direction": "one", "SHAPE_Length": 21.348040144464377, "Year": "1990", "PDF": null}}, {"type": "Feature", "id": 160, "geometry": {"type": "LineString", "coordinates": [[-123.38390197130599, 48.4317624127727], [-123.38412202759602, 48.431583281692994]]}, "properties": {"OBJECTID": 160, "Label": "3600(92)", "Direction": "one", "SHAPE_Length": 25.718375766258998, "Year": "1992", "PDF": null}}, {"type": "Feature", "id": 161, "geometry": {"type": "LineString", "coordinates": [[-123.37968977767692, 48.43291188592256], [-123.37988614863188, 48.4331902310337]]}, "properties": {"OBJECTID": 161, "Label": "4050(90)", "Direction": "one", "SHAPE_Length": 34.179614319298274, "Year": "1990", "PDF": null}}, {"type": "Feature", "id": 162, "geometry": {"type": "LineString", "coordinates": [[-123.38235042406859, 48.43516107929754], [-123.38254545614357, 48.435380800159336]]}, "properties": {"OBJECTID": 162, "Label": "6590(90)", "Direction": "one", "SHAPE_Length": 28.365400748850583, "Year": "1990", "PDF": null}}, {"type": "Feature", "id": 163, "geometry": {"type": "LineString", "coordinates": [[-123.38637167964379, 48.43573207977018], [-123.38680266824525, 48.435738249290125]]}, "properties": {"OBJECTID": 163, "Label": "6960(92)", "Direction": "one", "SHAPE_Length": 31.88584366198423, "Year": "1992", "PDF": null}}, {"type": "Feature", "id": 164, "geometry": {"type": "LineString", "coordinates": [[-123.38528423246599, 48.43481923687618], [-123.38566232293067, 48.434817014063896]]}, "properties": {"OBJECTID": 164, "Label": "480(93)", "Direction": "one", "SHAPE_Length": 27.967402015936695, "Year": "1993", "PDF": null}}, {"type": "Feature", "id": 165, "geometry": {"type": "LineString", "coordinates": [[-123.38191937353388, 48.44706214620166], [-123.38201328586165, 48.44692796015945]]}, "properties": {"OBJECTID": 165, "Label": "300(93)", "Direction": "one", "SHAPE_Length": 16.453054347036886, "Year": "1993", "PDF": null}}, {"type": "Feature", "id": 166, "geometry": {"type": "LineString", "coordinates": [[-123.38573498175515, 48.44846324949082], [-123.38590286093824, 48.44831774395679]]}, "properties": {"OBJECTID": 166, "Label": "3290(91)", "Direction": "one", "SHAPE_Length": 20.388828812530445, "Year": "1991", "PDF": null}}, {"type": "Feature", "id": 167, "geometry": {"type": "LineString", "coordinates": [[-123.37598576817342, 48.442693895413804], [-123.37618431476994, 48.442507102380326]]}, "properties": {"OBJECTID": 167, "Label": "5480(93)", "Direction": "one", "SHAPE_Length": 25.430612984218833, "Year": "1993", "PDF": null}}, {"type": "Feature", "id": 168, "geometry": {"type": "LineString", "coordinates": [[-123.37521627012275, 48.44152766957447], [-123.37557890096659, 48.44167905228412]]}, "properties": {"OBJECTID": 168, "Label": "8430(93)", "Direction": "one", "SHAPE_Length": 31.66100162411605, "Year": "1993", "PDF": null}}, {"type": "Feature", "id": 169, "geometry": {"type": "LineString", "coordinates": [[-123.37194545679762, 48.443448814189594], [-123.37223920439124, 48.443579551778235]]}, "properties": {"OBJECTID": 169, "Label": "5310(93)", "Direction": "one", "SHAPE_Length": 26.13648930849908, "Year": "1993", "PDF": null}}, {"type": "Feature", "id": 170, "geometry": {"type": "LineString", "coordinates": [[-123.37434310888017, 48.444550055365994], [-123.37452254266039, 48.44464297500216]]}, "properties": {"OBJECTID": 170, "Label": "7920(85)", "Direction": "one", "SHAPE_Length": 16.815547742392887, "Year": "1985", "PDF": null}}, {"type": "Feature", "id": 171, "geometry": {"type": "LineString", "coordinates": [[-123.37194025086622, 48.44486336785167], [-123.37227944727819, 48.44477393435208]]}, "properties": {"OBJECTID": 171, "Label": "6580(89)", "Direction": "one", "SHAPE_Length": 26.982500204162214, "Year": "1989", "PDF": null}}, {"type": "Feature", "id": 172, "geometry": {"type": "LineString", "coordinates": [[-123.36976251291799, 48.44385384006725], [-123.36983088390976, 48.44397575251619]]}, "properties": {"OBJECTID": 172, "Label": "21530(90)", "Direction": "one", "SHAPE_Length": 14.463826772166652, "Year": "1990", "PDF": null}}, {"type": "Feature", "id": 173, "geometry": {"type": "LineString", "coordinates": [[-123.36924748876704, 48.4454331793875], [-123.36972647023597, 48.445378253579044]]}, "properties": {"OBJECTID": 173, "Label": "8580(92)", "Direction": "one", "SHAPE_Length": 35.94385840183611, "Year": "1992", "PDF": null}}, {"type": "Feature", "id": 174, "geometry": {"type": "LineString", "coordinates": [[-123.36968640892286, 48.448138455870456], [-123.3702299501914, 48.44808029777967]]}, "properties": {"OBJECTID": 174, "Label": "2370(82)", "Direction": "one", "SHAPE_Length": 40.710282022049405, "Year": "1982", "PDF": null}}, {"type": "Feature", "id": 175, "geometry": {"type": "LineString", "coordinates": [[-123.36700563450175, 48.44699511900522], [-123.36716965640612, 48.44727294683043]]}, "properties": {"OBJECTID": 175, "Label": "17500(89)", "Direction": "one", "SHAPE_Length": 33.17867039509708, "Year": "1989", "PDF": null}}, {"type": "Feature", "id": 176, "geometry": {"type": "LineString", "coordinates": [[-123.36428974793635, 48.448742857873945], [-123.36481445472481, 48.448691746487526]]}, "properties": {"OBJECTID": 176, "Label": "2360(90)", "Direction": "one", "SHAPE_Length": 39.214221994301255, "Year": "1990", "PDF": null}}, {"type": "Feature", "id": 177, "geometry": {"type": "LineString", "coordinates": [[-123.3650477235317, 48.44592925938953], [-123.36550138717354, 48.44587407342253]]}, "properties": {"OBJECTID": 177, "Label": "7150(92)", "Direction": "one", "SHAPE_Length": 34.10510993362756, "Year": "1992", "PDF": null}}, {"type": "Feature", "id": 178, "geometry": {"type": "LineString", "coordinates": [[-123.36120876103821, 48.44721844656096], [-123.36129915432439, 48.447547370136625]]}, "properties": {"OBJECTID": 178, "Label": "7520(82)", "Direction": "one", "SHAPE_Length": 37.16769905936066, "Year": "1982", "PDF": null}}, {"type": "Feature", "id": 179, "geometry": {"type": "LineString", "coordinates": [[-123.35726532007426, 48.446909413494495], [-123.3577541443887, 48.44685081302698]]}, "properties": {"OBJECTID": 179, "Label": "6890(92)", "Direction": "one", "SHAPE_Length": 36.730564692056575, "Year": "1992", "PDF": null}}, {"type": "Feature", "id": 180, "geometry": {"type": "LineString", "coordinates": [[-123.36347468299104, 48.44058689237769], [-123.36353429925724, 48.44089215828108]]}, "properties": {"OBJECTID": 180, "Label": "14740(93)", "Direction": "one", "SHAPE_Length": 34.217214385387976, "Year": "1993", "PDF": null}}, {"type": "Feature", "id": 181, "geometry": {"type": "LineString", "coordinates": [[-123.36560796355317, 48.4386983016168], [-123.36600538784113, 48.43861017242058]]}, "properties": {"OBJECTID": 181, "Label": "9390(93)", "Direction": "one", "SHAPE_Length": 30.983505427577636, "Year": "1993", "PDF": null}}, {"type": "Feature", "id": 182, "geometry": {"type": "LineString", "coordinates": [[-123.36580916742933, 48.4367568490233], [-123.36589904027493, 48.436926321384696]]}, "properties": {"OBJECTID": 182, "Label": "18910(89)", "Direction": "one", "SHAPE_Length": 19.976202486956012, "Year": "1989", "PDF": null}}, {"type": "Feature", "id": 183, "geometry": {"type": "LineString", "coordinates": [[-123.36669116718599, 48.43592194362859], [-123.36703891715182, 48.43593814342962]]}, "properties": {"OBJECTID": 183, "Label": "7280(90)", "Direction": "one", "SHAPE_Length": 25.784475755309515, "Year": "1990", "PDF": null}}, {"type": "Feature", "id": 184, "geometry": {"type": "LineString", "coordinates": [[-123.36824102069258, 48.43601490294113], [-123.36852381084702, 48.43602753565949]]}, "properties": {"OBJECTID": 184, "Label": "6590(93)", "Direction": "one", "SHAPE_Length": 20.963777739626973, "Year": "1993", "PDF": null}}, {"type": "Feature", "id": 185, "geometry": {"type": "LineString", "coordinates": [[-123.36710360031242, 48.43645979035551], [-123.36711075287198, 48.43664450484213]]}, "properties": {"OBJECTID": 185, "Label": "8420(89)", "Direction": "one", "SHAPE_Length": 20.53881429948984, "Year": "1989", "PDF": null}}, {"type": "Feature", "id": 186, "geometry": {"type": "LineString", "coordinates": [[-123.36902429405248, 48.43626952801868], [-123.36910332686276, 48.43644982758743]]}, "properties": {"OBJECTID": 186, "Label": "1840(91)", "Direction": "one", "SHAPE_Length": 20.876393118301387, "Year": "1991", "PDF": null}}, {"type": "Feature", "id": 187, "geometry": {"type": "LineString", "coordinates": [[-123.37020782110032, 48.43688855511387], [-123.37059664894142, 48.436818097847855]]}, "properties": {"OBJECTID": 187, "Label": "1090(91)", "Direction": "one", "SHAPE_Length": 29.80664365367195, "Year": "1991", "PDF": null}}, {"type": "Feature", "id": 188, "geometry": {"type": "LineString", "coordinates": [[-123.36366925830085, 48.435764395677836], [-123.36403511362863, 48.43577475447578]]}, "properties": {"OBJECTID": 188, "Label": "10570(89)", "Direction": "one", "SHAPE_Length": 27.085262136204733, "Year": "1989", "PDF": null}}, {"type": "Feature", "id": 189, "geometry": {"type": "LineString", "coordinates": [[-123.36218107480457, 48.4318157434191], [-123.36216826353527, 48.431512780604464]]}, "properties": {"OBJECTID": 189, "Label": "21220(93)", "Direction": "one", "SHAPE_Length": 33.68922638678223, "Year": "1993", "PDF": null}}, {"type": "Feature", "id": 190, "geometry": {"type": "LineString", "coordinates": [[-123.36484396052538, 48.43243907969981], [-123.36483148106355, 48.4322226600681]]}, "properties": {"OBJECTID": 190, "Label": "12910(81)", "Direction": "one", "SHAPE_Length": 24.073880209493016, "Year": "1981", "PDF": null}}, {"type": "Feature", "id": 191, "geometry": {"type": "LineString", "coordinates": [[-123.36750821414074, 48.433847801737], [-123.3675094516448, 48.43367296556733]]}, "properties": {"OBJECTID": 191, "Label": "8070(89)", "Direction": "one", "SHAPE_Length": 19.434178653033943, "Year": "1989", "PDF": null}}, {"type": "Feature", "id": 192, "geometry": {"type": "LineString", "coordinates": [[-123.3636456702829, 48.42636462627437], [-123.36392626395933, 48.426394214100284]]}, "properties": {"OBJECTID": 192, "Label": "10690(84)", "Direction": "one", "SHAPE_Length": 21.017076106058, "Year": "1984", "PDF": null}}, {"type": "Feature", "id": 193, "geometry": {"type": "LineString", "coordinates": [[-123.36628877654037, 48.42693139661559], [-123.36633108135682, 48.42676967332737]]}, "properties": {"OBJECTID": 193, "Label": "5810(93)", "Direction": "one", "SHAPE_Length": 18.24677474961961, "Year": "1993", "PDF": null}}, {"type": "Feature", "id": 194, "geometry": {"type": "LineString", "coordinates": [[-123.35812712010839, 48.425742343161794], [-123.35839631779919, 48.42577005287797]]}, "properties": {"OBJECTID": 194, "Label": "11950(84)", "Direction": "one", "SHAPE_Length": 20.15209812240548, "Year": "1984", "PDF": null}}, {"type": "Feature", "id": 195, "geometry": {"type": "LineString", "coordinates": [[-123.35686353056649, 48.425022664462055], [-123.35690816476911, 48.42484691087345]]}, "properties": {"OBJECTID": 195, "Label": "3860(89)", "Direction": "one", "SHAPE_Length": 19.813006832421966, "Year": "1989", "PDF": null}}, {"type": "Feature", "id": 196, "geometry": {"type": "LineString", "coordinates": [[-123.35961803695008, 48.42528785756148], [-123.35965125654596, 48.425135723012225]]}, "properties": {"OBJECTID": 196, "Label": "6080(89)", "Direction": "one", "SHAPE_Length": 17.088177505404936, "Year": "1989", "PDF": null}}, {"type": "Feature", "id": 197, "geometry": {"type": "LineString", "coordinates": [[-123.3624437912933, 48.425583620275724], [-123.36248305377441, 48.425410694666624]]}, "properties": {"OBJECTID": 197, "Label": "19220(90)", "Direction": "one", "SHAPE_Length": 19.439792105278396, "Year": "1990", "PDF": null}}, {"type": "Feature", "id": 198, "geometry": {"type": "LineString", "coordinates": [[-123.36529321156112, 48.42588193744337], [-123.36533191538287, 48.42573479222316]]}, "properties": {"OBJECTID": 198, "Label": "21570(89)", "Direction": "one", "SHAPE_Length": 16.604682414929506, "Year": "1989", "PDF": null}}, {"type": "Feature", "id": 199, "geometry": {"type": "LineString", "coordinates": [[-123.36567808776056, 48.42433734946347], [-123.36572762371459, 48.42410098962113]]}, "properties": {"OBJECTID": 199, "Label": "14010(90)", "Direction": "one", "SHAPE_Length": 26.52697003313009, "Year": "1990", "PDF": null}}, {"type": "Feature", "id": 200, "geometry": {"type": "LineString", "coordinates": [[-123.3639414842255, 48.423798882610875], [-123.36433692432179, 48.423840636540106]]}, "properties": {"OBJECTID": 200, "Label": "2620(92)", "Direction": "one", "SHAPE_Length": 29.621745969867746, "Year": "1992", "PDF": null}}, {"type": "Feature", "id": 201, "geometry": {"type": "LineString", "coordinates": [[-123.36286714592168, 48.423955075397224], [-123.36292188803814, 48.42368762987853]]}, "properties": {"OBJECTID": 201, "Label": "11140(84)", "Direction": "one", "SHAPE_Length": 30.002530479829883, "Year": "1984", "PDF": null}}, {"type": "Feature", "id": 202, "geometry": {"type": "LineString", "coordinates": [[-123.3686895185161, 48.42317915345059], [-123.36891577276552, 48.42324549305098]]}, "properties": {"OBJECTID": 202, "Label": "11220(93)", "Direction": "one", "SHAPE_Length": 18.291431942525694, "Year": "1993", "PDF": null}}, {"type": "Feature", "id": 203, "geometry": {"type": "LineString", "coordinates": [[-123.36656059225017, 48.42251028103263], [-123.36682646239294, 48.422595163673684]]}, "properties": {"OBJECTID": 203, "Label": "3460(90)", "Direction": "one", "SHAPE_Length": 21.816193014665057, "Year": "1990", "PDF": null}}, {"type": "Feature", "id": 204, "geometry": {"type": "LineString", "coordinates": [[-123.3660865470208, 48.42291937857784], [-123.36614064398094, 48.42266736169464]]}, "properties": {"OBJECTID": 204, "Label": "8370(93)", "Direction": "one", "SHAPE_Length": 28.29742378180198, "Year": "1993", "PDF": null}}, {"type": "Feature", "id": 205, "geometry": {"type": "LineString", "coordinates": [[-123.36004124943925, 48.42346407333426], [-123.36007466740497, 48.423340366168276]]}, "properties": {"OBJECTID": 205, "Label": "5970(84)", "Direction": "one", "SHAPE_Length": 13.971175405767584, "Year": "1984", "PDF": null}}, {"type": "Feature", "id": 206, "geometry": {"type": "LineString", "coordinates": [[-123.32771892117249, 48.41612986139901], [-123.32772319425389, 48.41591512405324]]}, "properties": {"OBJECTID": 206, "Label": "3108(97)", "Direction": "one", "SHAPE_Length": 23.871165265352886, "Year": "1997", "PDF": null}}, {"type": "Feature", "id": 207, "geometry": {"type": "LineString", "coordinates": [[-123.3663774477865, 48.41953280831699], [-123.36626660199997, 48.41932375569865]]}, "properties": {"OBJECTID": 207, "Label": "4900(90)", "Direction": "one", "SHAPE_Length": 24.642094523321624, "Year": "1990", "PDF": null}}, {"type": "Feature", "id": 208, "geometry": {"type": "LineString", "coordinates": [[-123.38975342457738, 48.442428901035], [-123.38939611668509, 48.4422693410435]]}, "properties": {"OBJECTID": 208, "Label": "300(96)", "Direction": "one", "SHAPE_Length": 31.825386175346118, "Year": "1996", "PDF": null}}, {"type": "Feature", "id": 209, "geometry": {"type": "LineString", "coordinates": [[-123.32324651388723, 48.42832918807435], [-123.32309568479256, 48.4283296125547]]}, "properties": {"OBJECTID": 209, "Label": "1093(96)", "Direction": "one", "SHAPE_Length": 11.15790000043917, "Year": "1996", "PDF": null}}, {"type": "Feature", "id": 210, "geometry": {"type": "LineString", "coordinates": [[-123.32404902756451, 48.43032224431392], [-123.32394088178219, 48.430322549696314]]}, "properties": {"OBJECTID": 210, "Label": "240(96)", "Direction": "one", "SHAPE_Length": 8.000000000624997, "Year": "1996", "PDF": null}}, {"type": "Feature", "id": 211, "geometry": {"type": "LineString", "coordinates": [[-123.36222303700593, 48.4197074748747], [-123.36232099575943, 48.41976623961369]]}, "properties": {"OBJECTID": 211, "Label": "832(96)", "Direction": "one", "SHAPE_Length": 9.756978429326145, "Year": "1996", "PDF": null}}, {"type": "Feature", "id": 212, "geometry": {"type": "LineString", "coordinates": [[-123.33532050321548, 48.41242748126227], [-123.3350664048292, 48.412481598030844]]}, "properties": {"OBJECTID": 212, "Label": "3900(90)", "Direction": "one", "SHAPE_Length": 19.741910431992455, "Year": "1990", "PDF": null}}, {"type": "Feature", "id": 213, "geometry": {"type": "LineString", "coordinates": [[-123.33856047387742, 48.41222760250046], [-123.33823927371557, 48.412178832137215]]}, "properties": {"OBJECTID": 213, "Label": "4869(97)", "Direction": "one", "SHAPE_Length": 24.379144881203093, "Year": "1997", "PDF": null}}, {"type": "Feature", "id": 214, "geometry": {"type": "LineString", "coordinates": [[-123.34121628780902, 48.40994673361496], [-123.34085010120381, 48.41001810006178]]}, "properties": {"OBJECTID": 214, "Label": "4398(97)", "Direction": "one", "SHAPE_Length": 28.236170066827167, "Year": "1997", "PDF": null}}, {"type": "Feature", "id": 215, "geometry": {"type": "LineString", "coordinates": [[-123.33786826061556, 48.41681716903557], [-123.33785552482065, 48.41663042723999]]}, "properties": {"OBJECTID": 215, "Label": "1670(91)", "Direction": "one", "SHAPE_Length": 20.778625701995814, "Year": "1991", "PDF": null}}, {"type": "Feature", "id": 216, "geometry": {"type": "LineString", "coordinates": [[-123.32621199460351, 48.41981665242229], [-123.32597698898414, 48.41987070928843]]}, "properties": {"OBJECTID": 216, "Label": "1570(93)", "Direction": "one", "SHAPE_Length": 18.396711972595266, "Year": "1993", "PDF": null}}, {"type": "Feature", "id": 217, "geometry": {"type": "LineString", "coordinates": [[-123.33004079498518, 48.42542704486378], [-123.33004200768968, 48.425536891791815]]}, "properties": {"OBJECTID": 217, "Label": "4067(97)", "Direction": "one", "SHAPE_Length": 12.210356362916327, "Year": "1997", "PDF": null}}, {"type": "Feature", "id": 218, "geometry": {"type": "LineString", "coordinates": [[-123.33007714831103, 48.42750640321756], [-123.3300793817335, 48.4277738457395]]}, "properties": {"OBJECTID": 218, "Label": "4300(89)", "Direction": "one", "SHAPE_Length": 29.72802315017113, "Year": "1989", "PDF": null}}, {"type": "Feature", "id": 219, "geometry": {"type": "LineString", "coordinates": [[-123.32851141186829, 48.43012125949113], [-123.32823771252848, 48.43027488612838]]}, "properties": {"OBJECTID": 219, "Label": "12461(97)", "Direction": "one", "SHAPE_Length": 26.486333391030442, "Year": "1997", "PDF": null}}, {"type": "Feature", "id": 220, "geometry": {"type": "LineString", "coordinates": [[-123.33537210725449, 48.42713255640431], [-123.33505945936, 48.427340429724396]]}, "properties": {"OBJECTID": 220, "Label": "9821(97)", "Direction": "one", "SHAPE_Length": 32.69325805379336, "Year": "1997", "PDF": null}}, {"type": "Feature", "id": 221, "geometry": {"type": "LineString", "coordinates": [[-123.3336732455505, 48.42637995351393], [-123.33330542010972, 48.42637868488622]]}, "properties": {"OBJECTID": 221, "Label": "6260(92)", "Direction": "one", "SHAPE_Length": 27.21183736177168, "Year": "1992", "PDF": null}}, {"type": "Feature", "id": 222, "geometry": {"type": "LineString", "coordinates": [[-123.33873170155671, 48.42553683473524], [-123.3384399859956, 48.4256521353097]]}, "properties": {"OBJECTID": 222, "Label": "10300(91)", "Direction": "one", "SHAPE_Length": 25.099925693126433, "Year": "1991", "PDF": null}}, {"type": "Feature", "id": 223, "geometry": {"type": "LineString", "coordinates": [[-123.34464640480304, 48.42376008258917], [-123.34421808310735, 48.42389146629873]]}, "properties": {"OBJECTID": 223, "Label": "10100(90)", "Direction": "one", "SHAPE_Length": 34.89182372498274, "Year": "1990", "PDF": null}}, {"type": "Feature", "id": 224, "geometry": {"type": "LineString", "coordinates": [[-123.34628209795538, 48.42532548738358], [-123.34597069328304, 48.42530565734068]]}, "properties": {"OBJECTID": 224, "Label": "11560(90)", "Direction": "one", "SHAPE_Length": 23.143202495357045, "Year": "1990", "PDF": null}}, {"type": "Feature", "id": 225, "geometry": {"type": "LineString", "coordinates": [[-123.34458889279263, 48.42537061375693], [-123.34422557045424, 48.425398419075016]]}, "properties": {"OBJECTID": 225, "Label": "10370(89)", "Direction": "one", "SHAPE_Length": 27.055983964735194, "Year": "1989", "PDF": null}}, {"type": "Feature", "id": 226, "geometry": {"type": "LineString", "coordinates": [[-123.34111333413921, 48.42747608216201], [-123.34087292037502, 48.42756604828114]]}, "properties": {"OBJECTID": 226, "Label": "5050(89)", "Direction": "one", "SHAPE_Length": 20.4038940638502, "Year": "1989", "PDF": null}}, {"type": "Feature", "id": 227, "geometry": {"type": "LineString", "coordinates": [[-123.34192440623636, 48.42659484852835], [-123.34180127333782, 48.426586662225496]]}, "properties": {"OBJECTID": 227, "Label": "6860(89)", "Direction": "one", "SHAPE_Length": 9.154588269017573, "Year": "1989", "PDF": null}}, {"type": "Feature", "id": 228, "geometry": {"type": "LineString", "coordinates": [[-123.33753998956296, 48.42869113878598], [-123.33730831363417, 48.42877757394941]]}, "properties": {"OBJECTID": 228, "Label": "5800(91)", "Direction": "one", "SHAPE_Length": 19.64774660735847, "Year": "1991", "PDF": null}}, {"type": "Feature", "id": 229, "geometry": {"type": "LineString", "coordinates": [[-123.33621056194795, 48.431012060821466], [-123.33610247045621, 48.43100974239068]]}, "properties": {"OBJECTID": 229, "Label": "260(89)", "Direction": "one", "SHAPE_Length": 7.999960062258044, "Year": "1989", "PDF": null}}, {"type": "Feature", "id": 230, "geometry": {"type": "LineString", "coordinates": [[-123.32955187483161, 48.43122147389554], [-123.32951322317483, 48.43141587447538]]}, "properties": {"OBJECTID": 230, "Label": "7360(89)", "Direction": "one", "SHAPE_Length": 21.796936244590373, "Year": "1989", "PDF": null}}, {"type": "Feature", "id": 231, "geometry": {"type": "LineString", "coordinates": [[-123.32916033230588, 48.43306355806459], [-123.32912386560534, 48.43322201558486]]}, "properties": {"OBJECTID": 231, "Label": "8180(81)", "Direction": "one", "SHAPE_Length": 17.818709442371308, "Year": "1981", "PDF": null}}, {"type": "Feature", "id": 232, "geometry": {"type": "LineString", "coordinates": [[-123.33682370043721, 48.43398616656981], [-123.33657807863142, 48.43397542725097]]}, "properties": {"OBJECTID": 232, "Label": "5520(92)", "Direction": "one", "SHAPE_Length": 18.20739851816574, "Year": "1992", "PDF": null}}, {"type": "Feature", "id": 233, "geometry": {"type": "LineString", "coordinates": [[-123.333382987286, 48.43469461647345], [-123.33337892205137, 48.43493827655624]]}, "properties": {"OBJECTID": 233, "Label": "8870(81)", "Direction": "one", "SHAPE_Length": 27.085734846707698, "Year": "1981", "PDF": null}}, {"type": "Feature", "id": 234, "geometry": {"type": "LineString", "coordinates": [[-123.33336929853829, 48.436963247494106], [-123.33335943862545, 48.437222454055814]]}, "properties": {"OBJECTID": 234, "Label": "6510(89)", "Direction": "one", "SHAPE_Length": 28.82137588181902, "Year": "1989", "PDF": null}}, {"type": "Feature", "id": 235, "geometry": {"type": "LineString", "coordinates": [[-123.33331662904389, 48.43898042996728], [-123.33331219146683, 48.43916746507873]]}, "properties": {"OBJECTID": 235, "Label": "8950(91)", "Direction": "one", "SHAPE_Length": 20.792516119644564, "Year": "1991", "PDF": null}}, {"type": "Feature", "id": 236, "geometry": {"type": "LineString", "coordinates": [[-123.33101587747787, 48.43773190837828], [-123.33055455375371, 48.43771213847446]]}, "properties": {"OBJECTID": 236, "Label": "570(91)", "Direction": "one", "SHAPE_Length": 34.1915029938101, "Year": "1991", "PDF": null}}, {"type": "Feature", "id": 237, "geometry": {"type": "LineString", "coordinates": [[-123.32879397758913, 48.434801956294116], [-123.32876034380462, 48.43496358672563]]}, "properties": {"OBJECTID": 237, "Label": "5530(80)", "Direction": "one", "SHAPE_Length": 18.137472785332335, "Year": "1980", "PDF": null}}, {"type": "Feature", "id": 238, "geometry": {"type": "LineString", "coordinates": [[-123.3392871308658, 48.4360421617695], [-123.33910785189077, 48.43603892425496]]}, "properties": {"OBJECTID": 238, "Label": "1330(92)", "Direction": "one", "SHAPE_Length": 13.265306314929676, "Year": "1992", "PDF": null}}, {"type": "Feature", "id": 239, "geometry": {"type": "LineString", "coordinates": [[-123.34211235842791, 48.44196194396249], [-123.34180025146287, 48.44209278818837]]}, "properties": {"OBJECTID": 239, "Label": "9200(80)", "Direction": "one", "SHAPE_Length": 27.282319239375813, "Year": "1980", "PDF": null}}, {"type": "Feature", "id": 240, "geometry": {"type": "LineString", "coordinates": [[-123.33677510746617, 48.444122216993776], [-123.33646984305278, 48.44425861710277]]}, "properties": {"OBJECTID": 240, "Label": "8910(92)", "Direction": "one", "SHAPE_Length": 27.194134957935315, "Year": "1992", "PDF": null}}, {"type": "Feature", "id": 241, "geometry": {"type": "LineString", "coordinates": [[-123.33326445300433, 48.4411879278917], [-123.33325710392792, 48.44136855504814]]}, "properties": {"OBJECTID": 241, "Label": "9020(91)", "Direction": "one", "SHAPE_Length": 20.08501119699826, "Year": "1991", "PDF": null}}, {"type": "Feature", "id": 242, "geometry": {"type": "LineString", "coordinates": [[-123.33525222474697, 48.44802141128545], [-123.33494644301096, 48.44801441891386]]}, "properties": {"OBJECTID": 242, "Label": "6610(92)", "Direction": "one", "SHAPE_Length": 22.62527249226176, "Year": "1992", "PDF": null}}, {"type": "Feature", "id": 243, "geometry": {"type": "LineString", "coordinates": [[-123.34442673019612, 48.44715461011641], [-123.34429676483569, 48.447364801070414]]}, "properties": {"OBJECTID": 243, "Label": "4320(92)", "Direction": "one", "SHAPE_Length": 25.263369248202075, "Year": "1992", "PDF": null}}, {"type": "Feature", "id": 244, "geometry": {"type": "LineString", "coordinates": [[-123.34501512152255, 48.448251481723105], [-123.34484553810012, 48.44825136293954]]}, "properties": {"OBJECTID": 244, "Label": "8730(92)", "Direction": "one", "SHAPE_Length": 12.540293700568851, "Year": "1992", "PDF": null}}, {"type": "Feature", "id": 245, "geometry": {"type": "LineString", "coordinates": [[-123.34852730514558, 48.447759782995725], [-123.3480722765008, 48.447807162845564]]}, "properties": {"OBJECTID": 245, "Label": "8270(85)", "Direction": "one", "SHAPE_Length": 34.05824294359902, "Year": "1985", "PDF": null}}, {"type": "Feature", "id": 246, "geometry": {"type": "LineString", "coordinates": [[-123.35169134946287, 48.44734270839256], [-123.35109025314021, 48.44742360142098]]}, "properties": {"OBJECTID": 246, "Label": "6820(92)", "Direction": "one", "SHAPE_Length": 45.35073087828585, "Year": "1992", "PDF": null}}, {"type": "Feature", "id": 247, "geometry": {"type": "LineString", "coordinates": [[-123.34868586810843, 48.44409323358525], [-123.34879593327813, 48.44445115362709]]}, "properties": {"OBJECTID": 247, "Label": "5980(93)", "Direction": "one", "SHAPE_Length": 40.60886637793366, "Year": "1993", "PDF": null}}, {"type": "Feature", "id": 248, "geometry": {"type": "LineString", "coordinates": [[-123.34804391323766, 48.44335953314328], [-123.34786574778214, 48.44350282215589]]}, "properties": {"OBJECTID": 248, "Label": "5020(91)", "Direction": "one", "SHAPE_Length": 20.671025902197268, "Year": "1991", "PDF": null}}, {"type": "Feature", "id": 249, "geometry": {"type": "LineString", "coordinates": [[-123.34676093383146, 48.442711352519304], [-123.34650263493117, 48.44256371058325]]}, "properties": {"OBJECTID": 249, "Label": "1930(93)", "Direction": "one", "SHAPE_Length": 25.18412002615392, "Year": "1993", "PDF": null}}, {"type": "Feature", "id": 250, "geometry": {"type": "LineString", "coordinates": [[-123.3461363672725, 48.44096949003404], [-123.34581789741664, 48.44097126615644]]}, "properties": {"OBJECTID": 250, "Label": "10530(89)", "Direction": "one", "SHAPE_Length": 23.55427578644931, "Year": "1989", "PDF": null}}, {"type": "Feature", "id": 251, "geometry": {"type": "LineString", "coordinates": [[-123.3443584650409, 48.44047766114732], [-123.34427343775216, 48.44060180024371]]}, "properties": {"OBJECTID": 251, "Label": "3050(92)", "Direction": "one", "SHAPE_Length": 15.164102754903139, "Year": "1992", "PDF": null}}, {"type": "Feature", "id": 252, "geometry": {"type": "LineString", "coordinates": [[-123.3586664891246, 48.43831702565722], [-123.35873741461621, 48.43861801434001]]}, "properties": {"OBJECTID": 252, "Label": "9130(89)", "Direction": "one", "SHAPE_Length": 33.86525053150869, "Year": "1989", "PDF": null}}, {"type": "Feature", "id": 253, "geometry": {"type": "LineString", "coordinates": [[-123.35699371619458, 48.43511885983227], [-123.35674455301262, 48.4351063473456]]}, "properties": {"OBJECTID": 253, "Label": "8920(91)", "Direction": "one", "SHAPE_Length": 18.48218754667551, "Year": "1991", "PDF": null}}, {"type": "Feature", "id": 254, "geometry": {"type": "LineString", "coordinates": [[-123.35388974298311, 48.43495712536391], [-123.35355273137759, 48.43494086003771]]}, "properties": {"OBJECTID": 254, "Label": "9200(92)", "Direction": "one", "SHAPE_Length": 24.99319624311821, "Year": "1992", "PDF": null}}, {"type": "Feature", "id": 255, "geometry": {"type": "LineString", "coordinates": [[-123.34589558571145, 48.43446003610942], [-123.34558866108279, 48.434443782075554]]}, "properties": {"OBJECTID": 255, "Label": "6570(92)", "Direction": "one", "SHAPE_Length": 22.774266606284712, "Year": "1992", "PDF": null}}, {"type": "Feature", "id": 256, "geometry": {"type": "LineString", "coordinates": [[-123.36054549491212, 48.430753707418475], [-123.36013924313997, 48.43073428751035]]}, "properties": {"OBJECTID": 256, "Label": "5150(92)", "Direction": "one", "SHAPE_Length": 30.129117104264587, "Year": "1992", "PDF": null}}, {"type": "Feature", "id": 257, "geometry": {"type": "LineString", "coordinates": [[-123.34872418892391, 48.42542486198796], [-123.34840882534964, 48.42540866354948]]}, "properties": {"OBJECTID": 257, "Label": "12530(90)", "Direction": "one", "SHAPE_Length": 23.400210397518528, "Year": "1990", "PDF": null}}, {"type": "Feature", "id": 258, "geometry": {"type": "LineString", "coordinates": [[-123.35117269548584, 48.42328685608588], [-123.35106638072813, 48.42327371895768]]}, "properties": {"OBJECTID": 258, "Label": "11270(89)", "Direction": "one", "SHAPE_Length": 7.9999781962278105, "Year": "1989", "PDF": null}}, {"type": "Feature", "id": 259, "geometry": {"type": "LineString", "coordinates": [[-123.35303364857477, 48.42169969817747], [-123.35258797236277, 48.42164766473591]]}, "properties": {"OBJECTID": 259, "Label": "1620(81)", "Direction": "one", "SHAPE_Length": 33.47729927901182, "Year": "1981", "PDF": null}}, {"type": "Feature", "id": 260, "geometry": {"type": "LineString", "coordinates": [[-123.3543717992375, 48.42093003747932], [-123.35435385539336, 48.421001011609846]]}, "properties": {"OBJECTID": 260, "Label": "9770(90)", "Direction": "one", "SHAPE_Length": 8.00005507566573, "Year": "1990", "PDF": null}}, {"type": "Feature", "id": 261, "geometry": {"type": "LineString", "coordinates": [[-123.35706665086482, 48.421589709412736], [-123.35705094641114, 48.42166091811656]]}, "properties": {"OBJECTID": 261, "Label": "6250(90)", "Direction": "one", "SHAPE_Length": 8.00002972113569, "Year": "1990", "PDF": null}}, {"type": "Feature", "id": 262, "geometry": {"type": "LineString", "coordinates": [[-123.35635143332638, 48.41430690282276], [-123.35626941920562, 48.414495646335105]]}, "properties": {"OBJECTID": 262, "Label": "7105(97)", "Direction": "one", "SHAPE_Length": 21.839877000764904, "Year": "1997", "PDF": null}}, {"type": "Feature", "id": 263, "geometry": {"type": "LineString", "coordinates": [[-123.35758837241904, 48.41638764651773], [-123.35735097295421, 48.4163617686123]]}, "properties": {"OBJECTID": 263, "Label": "2350(91)", "Direction": "one", "SHAPE_Length": 17.80006704438167, "Year": "1991", "PDF": null}}, {"type": "Feature", "id": 264, "geometry": {"type": "LineString", "coordinates": [[-123.36151277397336, 48.41209250551608], [-123.36143486154117, 48.41204261153987]]}, "properties": {"OBJECTID": 264, "Label": "1990(92)", "Direction": "one", "SHAPE_Length": 7.999938006786936, "Year": "1992", "PDF": null}}, {"type": "Feature", "id": 265, "geometry": {"type": "LineString", "coordinates": [[-123.35731446829553, 48.41067551484197], [-123.35727382966002, 48.410957509621156]]}, "properties": {"OBJECTID": 265, "Label": "2420(91)", "Direction": "one", "SHAPE_Length": 31.489003233990296, "Year": "1991", "PDF": null}}, {"type": "Feature", "id": 266, "geometry": {"type": "LineString", "coordinates": [[-123.3689623465831, 48.40936094693561], [-123.36891744611069, 48.40954593074246]]}, "properties": {"OBJECTID": 266, "Label": "650(89)", "Direction": "one", "SHAPE_Length": 20.82859559722503, "Year": "1989", "PDF": null}}, {"type": "Feature", "id": 267, "geometry": {"type": "LineString", "coordinates": [[-123.36867886111897, 48.410288248996224], [-123.3686279180265, 48.41044663028706]]}, "properties": {"OBJECTID": 267, "Label": "2180(89)", "Direction": "one", "SHAPE_Length": 18.003969657240663, "Year": "1989", "PDF": null}}, {"type": "Feature", "id": 268, "geometry": {"type": "LineString", "coordinates": [[-123.37661828496401, 48.41143091142232], [-123.3763428957363, 48.411298740686725]]}, "properties": {"OBJECTID": 268, "Label": "3900(90)", "Direction": "one", "SHAPE_Length": 25.122650711905028, "Year": "1990", "PDF": null}}, {"type": "Feature", "id": 269, "geometry": {"type": "LineString", "coordinates": [[-123.37438463150724, 48.413104509632035], [-123.37415912592489, 48.41299505504477]]}, "properties": {"OBJECTID": 269, "Label": "1900(93)", "Direction": "one", "SHAPE_Length": 20.65144936978875, "Year": "1993", "PDF": null}}, {"type": "Feature", "id": 270, "geometry": {"type": "LineString", "coordinates": [[-123.3748522271562, 48.41434670590527], [-123.37466423551354, 48.414520094374694]]}, "properties": {"OBJECTID": 270, "Label": "2510(93)", "Direction": "one", "SHAPE_Length": 23.768839393711755, "Year": "1993", "PDF": null}}, {"type": "Feature", "id": 271, "geometry": {"type": "LineString", "coordinates": [[-123.36875507498513, 48.41336222086377], [-123.36858010112941, 48.41364956388947]]}, "properties": {"OBJECTID": 271, "Label": "180(91)", "Direction": "one", "SHAPE_Length": 34.464196134808695, "Year": "1991", "PDF": null}}, {"type": "Feature", "id": 272, "geometry": {"type": "LineString", "coordinates": [[-123.36901716334005, 48.4145306948716], [-123.36862273191358, 48.41443299878246]]}, "properties": {"OBJECTID": 272, "Label": "330(91)", "Direction": "one", "SHAPE_Length": 31.141380123300927, "Year": "1991", "PDF": null}}, {"type": "Feature", "id": 273, "geometry": {"type": "LineString", "coordinates": [[-123.36869990964567, 48.41678402482617], [-123.36868911788817, 48.416961761139234]]}, "properties": {"OBJECTID": 273, "Label": "5000(90)", "Direction": "one", "SHAPE_Length": 19.77240313668654, "Year": "1990", "PDF": null}}, {"type": "Feature", "id": 274, "geometry": {"type": "LineString", "coordinates": [[-123.36561091826434, 48.41768762018001], [-123.36560120793399, 48.417946830905606]]}, "properties": {"OBJECTID": 274, "Label": "5610(83)", "Direction": "one", "SHAPE_Length": 28.821514420301245, "Year": "1983", "PDF": null}}, {"type": "Feature", "id": 275, "geometry": {"type": "LineString", "coordinates": [[-123.36586977394703, 48.41934308318358], [-123.36603219045723, 48.419609474496255]]}, "properties": {"OBJECTID": 275, "Label": "5970(90)", "Direction": "one", "SHAPE_Length": 31.95631169406496, "Year": "1990", "PDF": null}}, {"type": "Feature", "id": 276, "geometry": {"type": "LineString", "coordinates": [[-123.36861794415576, 48.418946361414285], [-123.36861993608721, 48.419221690865335]]}, "properties": {"OBJECTID": 276, "Label": "4840(90)", "Direction": "one", "SHAPE_Length": 30.604600001289903, "Year": "1990", "PDF": null}}, {"type": "Feature", "id": 277, "geometry": {"type": "LineString", "coordinates": [[-123.36783442059772, 48.42036561924436], [-123.36741801762064, 48.420290724505875]]}, "properties": {"OBJECTID": 277, "Label": "10070(90)", "Direction": "one", "SHAPE_Length": 31.913843254158312, "Year": "1990", "PDF": null}}, {"type": "Feature", "id": 278, "geometry": {"type": "LineString", "coordinates": [[-123.36554336028333, 48.419975067460605], [-123.36525675200267, 48.41992236173662]]}, "properties": {"OBJECTID": 278, "Label": "4280(90)", "Direction": "one", "SHAPE_Length": 22.000172133845375, "Year": "1990", "PDF": null}}, {"type": "Feature", "id": 279, "geometry": {"type": "LineString", "coordinates": [[-123.364994209379, 48.419194003777555], [-123.36480414951545, 48.41938490059861]]}, "properties": {"OBJECTID": 279, "Label": "4190(89)", "Direction": "one", "SHAPE_Length": 25.455937877157787, "Year": "1989", "PDF": null}}, {"type": "Feature", "id": 280, "geometry": {"type": "LineString", "coordinates": [[-123.36167078370006, 48.41802532587022], [-123.36152236665528, 48.418181473079905]]}, "properties": {"OBJECTID": 280, "Label": "2230(90)", "Direction": "one", "SHAPE_Length": 20.538854394451192, "Year": "1990", "PDF": null}}, {"type": "Feature", "id": 281, "geometry": {"type": "LineString", "coordinates": [[-123.36177644961884, 48.42042684662558], [-123.36155831963713, 48.420337973374494]]}, "properties": {"OBJECTID": 281, "Label": "2140(90)", "Direction": "one", "SHAPE_Length": 18.922392658251283, "Year": "1990", "PDF": null}}, {"type": "Feature", "id": 282, "geometry": {"type": "LineString", "coordinates": [[-123.36288632235107, 48.42150655054192], [-123.36290734199777, 48.421674500147205]]}, "properties": {"OBJECTID": 282, "Label": "8140(90)", "Direction": "one", "SHAPE_Length": 18.73310557031638, "Year": "1990", "PDF": null}}, {"type": "Feature", "id": 283, "geometry": {"type": "LineString", "coordinates": [[-123.36391846083238, 48.4215223393721], [-123.36376548490796, 48.421397657713946]]}, "properties": {"OBJECTID": 283, "Label": "1440(89)", "Direction": "one", "SHAPE_Length": 17.89336311554201, "Year": "1989", "PDF": null}}, {"type": "Feature", "id": 284, "geometry": {"type": "LineString", "coordinates": [[-123.37070511352394, 48.41797922411152], [-123.37021840820557, 48.41801682673099]]}, "properties": {"OBJECTID": 284, "Label": "5310(92)", "Direction": "one", "SHAPE_Length": 36.253852869002834, "Year": "1992", "PDF": null}}, {"type": "Feature", "id": 285, "geometry": {"type": "LineString", "coordinates": [[-123.37197638796613, 48.418507327028415], [-123.37186601708122, 48.41869608145159]]}, "properties": {"OBJECTID": 285, "Label": "2770(90)", "Direction": "one", "SHAPE_Length": 22.5142799227574, "Year": "1990", "PDF": null}}, {"type": "Feature", "id": 286, "geometry": {"type": "LineString", "coordinates": [[-123.37511392120743, 48.42046407299429], [-123.37496872815981, 48.42060737722359]]}, "properties": {"OBJECTID": 286, "Label": "2060(89)", "Direction": "one", "SHAPE_Length": 19.212880642583546, "Year": "1989", "PDF": null}}, {"type": "Feature", "id": 287, "geometry": {"type": "LineString", "coordinates": [[-123.37823525290132, 48.415005675696065], [-123.37805361340767, 48.414920497627655]]}, "properties": {"OBJECTID": 287, "Label": "1140(93)", "Direction": "one", "SHAPE_Length": 16.44056475065632, "Year": "1993", "PDF": null}}, {"type": "Feature", "id": 288, "geometry": {"type": "LineString", "coordinates": [[-123.38438726871215, 48.41889893583043], [-123.38427103621176, 48.41902361321744]]}, "properties": {"OBJECTID": 288, "Label": "440(87)", "Direction": "one", "SHAPE_Length": 16.310118984226865, "Year": "1987", "PDF": null}}, {"type": "Feature", "id": 289, "geometry": {"type": "LineString", "coordinates": [[-123.3851811994386, 48.42110221644347], [-123.38503334089054, 48.42124325087609]]}, "properties": {"OBJECTID": 289, "Label": "2910(90)", "Direction": "one", "SHAPE_Length": 19.116333254188586, "Year": "1990", "PDF": null}}, {"type": "Feature", "id": 290, "geometry": {"type": "LineString", "coordinates": [[-123.38099281724614, 48.421895365587964], [-123.38092318218, 48.421954779912106]]}, "properties": {"OBJECTID": 290, "Label": "2380(92)", "Direction": "one", "SHAPE_Length": 8.376085798227747, "Year": "1992", "PDF": null}}, {"type": "Feature", "id": 291, "geometry": {"type": "LineString", "coordinates": [[-123.37985337943553, 48.42179960733416], [-123.37953787925788, 48.42175268058296]]}, "properties": {"OBJECTID": 291, "Label": "1650(92)", "Direction": "one", "SHAPE_Length": 23.91834575101705, "Year": "1992", "PDF": null}}, {"type": "Feature", "id": 292, "geometry": {"type": "LineString", "coordinates": [[-123.38000174790467, 48.42119662043777], [-123.37977264434808, 48.42109033854628]]}, "properties": {"OBJECTID": 292, "Label": "1650(92)", "Direction": "one", "SHAPE_Length": 20.661354043689332, "Year": "1992", "PDF": null}}, {"type": "Feature", "id": 293, "geometry": {"type": "LineString", "coordinates": [[-123.37745437064949, 48.42204848212991], [-123.37722167520279, 48.42193862813164]]}, "properties": {"OBJECTID": 293, "Label": "2070(92)", "Direction": "one", "SHAPE_Length": 21.106889726043462, "Year": "1992", "PDF": null}}, {"type": "Feature", "id": 294, "geometry": {"type": "LineString", "coordinates": [[-123.3562254326436, 48.40770289086839], [-123.35591240480896, 48.40763542175269]]}, "properties": {"OBJECTID": 294, "Label": "3460(90)", "Direction": "one", "SHAPE_Length": 24.349766557264537, "Year": "1990", "PDF": null}}, {"type": "Feature", "id": 295, "geometry": {"type": "LineString", "coordinates": [[-123.37860962495529, 48.42887058718692], [-123.37830909043936, 48.428698978833246]]}, "properties": {"OBJECTID": 295, "Label": "7940(85)", "Direction": "one", "SHAPE_Length": 29.294005185827043, "Year": "1985", "PDF": null}}, {"type": "Feature", "id": 296, "geometry": {"type": "LineString", "coordinates": [[-123.38578029556292, 48.429305234948096], [-123.38577833133333, 48.42942578342782]]}, "properties": {"OBJECTID": 296, "Label": "940(90)", "Direction": "one", "SHAPE_Length": 13.400389751767463, "Year": "1990", "PDF": null}}, {"type": "Feature", "id": 297, "geometry": {"type": "LineString", "coordinates": [[-123.38702460835408, 48.42925535434661], [-123.3870275189031, 48.4294502977101]]}, "properties": {"OBJECTID": 297, "Label": "622(90)", "Direction": "one", "SHAPE_Length": 21.670058274281896, "Year": "1990", "PDF": null}}, {"type": "Feature", "id": 298, "geometry": {"type": "LineString", "coordinates": [[-123.38380199188848, 48.43147420496845], [-123.38356866234662, 48.431665036489306]]}, "properties": {"OBJECTID": 298, "Label": "3440(92)", "Direction": "one", "SHAPE_Length": 27.346819885000436, "Year": "1992", "PDF": null}}, {"type": "Feature", "id": 299, "geometry": {"type": "LineString", "coordinates": [[-123.3802893752625, 48.43309591827931], [-123.38008278506034, 48.43278209289979]]}, "properties": {"OBJECTID": 299, "Label": "3840(90)", "Direction": "one", "SHAPE_Length": 38.0837548436294, "Year": "1990", "PDF": null}}, {"type": "Feature", "id": 300, "geometry": {"type": "LineString", "coordinates": [[-123.3829234569902, 48.4352611945659], [-123.3827554405204, 48.43504115417603]]}, "properties": {"OBJECTID": 300, "Label": "7580(90)", "Direction": "one", "SHAPE_Length": 27.434884130129795, "Year": "1990", "PDF": null}}, {"type": "Feature", "id": 301, "geometry": {"type": "LineString", "coordinates": [[-123.38673723506177, 48.43543565960334], [-123.38632883896081, 48.435436219869494]]}, "properties": {"OBJECTID": 301, "Label": "9900(92)", "Direction": "one", "SHAPE_Length": 30.20763466845599, "Year": "1992", "PDF": null}}, {"type": "Feature", "id": 302, "geometry": {"type": "LineString", "coordinates": [[-123.38563752061057, 48.43456380622663], [-123.38519056646228, 48.4345634237759]]}, "properties": {"OBJECTID": 302, "Label": "660(93)", "Direction": "one", "SHAPE_Length": 33.06016000305901, "Year": "1993", "PDF": null}}, {"type": "Feature", "id": 303, "geometry": {"type": "LineString", "coordinates": [[-123.38167192402793, 48.44687079630566], [-123.38157258737922, 48.44700811914456]]}, "properties": {"OBJECTID": 303, "Label": "730(93)", "Direction": "one", "SHAPE_Length": 16.939843870420606, "Year": "1993", "PDF": null}}, {"type": "Feature", "id": 304, "geometry": {"type": "LineString", "coordinates": [[-123.38569872087668, 48.44822972814011], [-123.38547714131977, 48.44841697442353]]}, "properties": {"OBJECTID": 304, "Label": "3550(91)", "Direction": "one", "SHAPE_Length": 26.48921902509461, "Year": "1991", "PDF": null}}, {"type": "Feature", "id": 305, "geometry": {"type": "LineString", "coordinates": [[-123.37583182174797, 48.442409269931446], [-123.37566697993125, 48.442578836470865]]}, "properties": {"OBJECTID": 305, "Label": "5370(93)", "Direction": "one", "SHAPE_Length": 22.447235348993523, "Year": "1993", "PDF": null}}, {"type": "Feature", "id": 306, "geometry": {"type": "LineString", "coordinates": [[-123.37575570594095, 48.441428908167495], [-123.3753262925213, 48.44128481509605]]}, "properties": {"OBJECTID": 306, "Label": "8760(93)", "Direction": "one", "SHAPE_Length": 35.56872232042691, "Year": "1993", "PDF": null}}, {"type": "Feature", "id": 307, "geometry": {"type": "LineString", "coordinates": [[-123.37239068209426, 48.44333930734658], [-123.3720617119612, 48.443183711498605]]}, "properties": {"OBJECTID": 307, "Label": "5500(93)", "Direction": "one", "SHAPE_Length": 29.850077533517695, "Year": "1993", "PDF": null}}, {"type": "Feature", "id": 308, "geometry": {"type": "LineString", "coordinates": [[-123.37462129321761, 48.44442381164707], [-123.37446210209227, 48.44434790977302]]}, "properties": {"OBJECTID": 308, "Label": "9010(85)", "Direction": "one", "SHAPE_Length": 14.483722969449866, "Year": "1985", "PDF": null}}, {"type": "Feature", "id": 309, "geometry": {"type": "LineString", "coordinates": [[-123.37212911594794, 48.44450649096538], [-123.37176325612018, 48.44460087457719]]}, "properties": {"OBJECTID": 309, "Label": "6400(89)", "Direction": "one", "SHAPE_Length": 29.019273844817643, "Year": "1989", "PDF": null}}, {"type": "Feature", "id": 310, "geometry": {"type": "LineString", "coordinates": [[-123.37033755186378, 48.443873137317695], [-123.37026148411498, 48.443740022283166]]}, "properties": {"OBJECTID": 310, "Label": "22980(90)", "Direction": "one", "SHAPE_Length": 15.829780714052509, "Year": "1990", "PDF": null}}, {"type": "Feature", "id": 311, "geometry": {"type": "LineString", "coordinates": [[-123.36962195313072, 48.445051859467156], [-123.36917083872824, 48.445089600287076]]}, "properties": {"OBJECTID": 311, "Label": "10920(92)", "Direction": "one", "SHAPE_Length": 33.62367873202861, "Year": "1992", "PDF": null}}, {"type": "Feature", "id": 312, "geometry": {"type": "LineString", "coordinates": [[-123.37016646256059, 48.44786086941352], [-123.36961202340952, 48.44792790397473]]}, "properties": {"OBJECTID": 312, "Label": "3700(82)", "Direction": "one", "SHAPE_Length": 41.671372735669195, "Year": "1982", "PDF": null}}, {"type": "Feature", "id": 313, "geometry": {"type": "LineString", "coordinates": [[-123.36773909808512, 48.44711582285659], [-123.36757127547274, 48.44680676400361]]}, "properties": {"OBJECTID": 313, "Label": "17980(89)", "Direction": "one", "SHAPE_Length": 36.52654070511401, "Year": "1989", "PDF": null}}, {"type": "Feature", "id": 314, "geometry": {"type": "LineString", "coordinates": [[-123.36477199475269, 48.44850489773827], [-123.36430827655218, 48.448554017485726]]}, "properties": {"OBJECTID": 314, "Label": "2080(90)", "Direction": "one", "SHAPE_Length": 34.72264991708264, "Year": "1990", "PDF": null}}, {"type": "Feature", "id": 315, "geometry": {"type": "LineString", "coordinates": [[-123.36546327946868, 48.44553674620523], [-123.36492462650229, 48.44560526178804]]}, "properties": {"OBJECTID": 315, "Label": "7930(92)", "Direction": "one", "SHAPE_Length": 40.55573177291033, "Year": "1992", "PDF": null}}, {"type": "Feature", "id": 316, "geometry": {"type": "LineString", "coordinates": [[-123.36172550597837, 48.447463756905016], [-123.36164228382478, 48.44715594931336]]}, "properties": {"OBJECTID": 316, "Label": "7170(82)", "Direction": "one", "SHAPE_Length": 34.76358443146085, "Year": "1982", "PDF": null}}, {"type": "Feature", "id": 317, "geometry": {"type": "LineString", "coordinates": [[-123.3577032447009, 48.44657357207673], [-123.3571999456758, 48.44662737983908]]}, "properties": {"OBJECTID": 317, "Label": "6840(92)", "Direction": "one", "SHAPE_Length": 37.69648967892158, "Year": "1992", "PDF": null}}, {"type": "Feature", "id": 318, "geometry": {"type": "LineString", "coordinates": [[-123.3641643343265, 48.44081276118706], [-123.36407685066949, 48.44047902612734]]}, "properties": {"OBJECTID": 318, "Label": "23870(93)", "Direction": "one", "SHAPE_Length": 37.656472723596714, "Year": "1993", "PDF": null}}, {"type": "Feature", "id": 319, "geometry": {"type": "LineString", "coordinates": [[-123.36586751997342, 48.43832863919332], [-123.36544490803489, 48.43842213876058]]}, "properties": {"OBJECTID": 319, "Label": "12010(93)", "Direction": "one", "SHAPE_Length": 32.939767503740924, "Year": "1993", "PDF": null}}, {"type": "Feature", "id": 320, "geometry": {"type": "LineString", "coordinates": [[-123.36638628645774, 48.43680677364139], [-123.36630280987147, 48.436649140512955]]}, "properties": {"OBJECTID": 320, "Label": "12600(89)", "Direction": "one", "SHAPE_Length": 18.577784674099235, "Year": "1989", "PDF": null}}, {"type": "Feature", "id": 321, "geometry": {"type": "LineString", "coordinates": [[-123.36759433843322, 48.436640880253044], [-123.36759017645808, 48.43646164772035]]}, "properties": {"OBJECTID": 321, "Label": "7870(89)", "Direction": "one", "SHAPE_Length": 19.925029989435536, "Year": "1989", "PDF": null}}, {"type": "Feature", "id": 322, "geometry": {"type": "LineString", "coordinates": [[-123.3694080680874, 48.436334887194164], [-123.36935168373377, 48.436223498687056]]}, "properties": {"OBJECTID": 322, "Label": "1820(91)", "Direction": "one", "SHAPE_Length": 13.064936911186667, "Year": "1991", "PDF": null}}, {"type": "Feature", "id": 323, "geometry": {"type": "LineString", "coordinates": [[-123.36704645679781, 48.43565241406248], [-123.36664867862633, 48.435640371744924]]}, "properties": {"OBJECTID": 323, "Label": "9710(90)", "Direction": "one", "SHAPE_Length": 29.45248367066582, "Year": "1990", "PDF": null}}, {"type": "Feature", "id": 324, "geometry": {"type": "LineString", "coordinates": [[-123.36851081392547, 48.43572839876405], [-123.36825181272548, 48.435711888860176]]}, "properties": {"OBJECTID": 324, "Label": "9990(93)", "Direction": "one", "SHAPE_Length": 19.244948650400147, "Year": "1993", "PDF": null}}, {"type": "Feature", "id": 325, "geometry": {"type": "LineString", "coordinates": [[-123.37041123077975, 48.43659126720492], [-123.37009190563336, 48.436640064333396]]}, "properties": {"OBJECTID": 325, "Label": "1090(91)", "Direction": "one", "SHAPE_Length": 24.23356792018266, "Year": "1991", "PDF": null}}, {"type": "Feature", "id": 326, "geometry": {"type": "LineString", "coordinates": [[-123.36405864586531, 48.43548912585757], [-123.36365762847035, 48.435469433704725]]}, "properties": {"OBJECTID": 326, "Label": "9400(89)", "Direction": "one", "SHAPE_Length": 29.742390103437604, "Year": "1989", "PDF": null}}, {"type": "Feature", "id": 327, "geometry": {"type": "LineString", "coordinates": [[-123.36125275746676, 48.43160600409917], [-123.36126040681371, 48.431854557806176]]}, "properties": {"OBJECTID": 327, "Label": "16060(93)", "Direction": "one", "SHAPE_Length": 27.633831878958148, "Year": "1993", "PDF": null}}, {"type": "Feature", "id": 328, "geometry": {"type": "LineString", "coordinates": [[-123.36432197569934, 48.43223162080876], [-123.3643268557338, 48.43246020357038]]}, "properties": {"OBJECTID": 328, "Label": "16630(81)", "Direction": "one", "SHAPE_Length": 25.41073434825274, "Year": "1981", "PDF": null}}, {"type": "Feature", "id": 329, "geometry": {"type": "LineString", "coordinates": [[-123.3669397439404, 48.43366351451767], [-123.36694393953815, 48.433795391131675]]}, "properties": {"OBJECTID": 329, "Label": "10140(89)", "Direction": "one", "SHAPE_Length": 14.662066021520095, "Year": "1989", "PDF": null}}, {"type": "Feature", "id": 330, "geometry": {"type": "LineString", "coordinates": [[-123.36257147655849, 48.42675961894324], [-123.36246486726391, 48.42674755666634]]}, "properties": {"OBJECTID": 330, "Label": "12220(84)", "Direction": "one", "SHAPE_Length": 7.999991485493027, "Year": "1984", "PDF": null}}, {"type": "Feature", "id": 331, "geometry": {"type": "LineString", "coordinates": [[-123.35702287898398, 48.42614778656008], [-123.35691643288558, 48.4261351077719]]}, "properties": {"OBJECTID": 331, "Label": "12420(84)", "Direction": "one", "SHAPE_Length": 7.999967952888629, "Year": "1984", "PDF": null}}, {"type": "Feature", "id": 332, "geometry": {"type": "LineString", "coordinates": [[-123.3541145245391, 48.42584126635473], [-123.35400807847569, 48.42582859027418]]}, "properties": {"OBJECTID": 332, "Label": "13230(91)", "Direction": "one", "SHAPE_Length": 7.999957878147438, "Year": "1991", "PDF": null}}, {"type": "Feature", "id": 333, "geometry": {"type": "LineString", "coordinates": [[-123.35637306392329, 48.42479955163764], [-123.35632248187896, 48.42499195174123]]}, "properties": {"OBJECTID": 333, "Label": "4840(89)", "Direction": "one", "SHAPE_Length": 21.711171237555277, "Year": "1989", "PDF": null}}, {"type": "Feature", "id": 334, "geometry": {"type": "LineString", "coordinates": [[-123.35923899110094, 48.425076344405134], [-123.35920299167121, 48.4252531002472]]}, "properties": {"OBJECTID": 334, "Label": "5580(89)", "Direction": "one", "SHAPE_Length": 19.82699539349181, "Year": "1989", "PDF": null}}, {"type": "Feature", "id": 335, "geometry": {"type": "LineString", "coordinates": [[-123.36200469288585, 48.42536647470443], [-123.36196292726525, 48.425540039581335]]}, "properties": {"OBJECTID": 335, "Label": "11860(90)", "Direction": "one", "SHAPE_Length": 19.53848340802244, "Year": "1990", "PDF": null}}, {"type": "Feature", "id": 336, "geometry": {"type": "LineString", "coordinates": [[-123.36482817370064, 48.42570407391539], [-123.36479203292289, 48.425837653955526]]}, "properties": {"OBJECTID": 336, "Label": "11690(89)", "Direction": "one", "SHAPE_Length": 15.086911228529946, "Year": "1989", "PDF": null}}, {"type": "Feature", "id": 337, "geometry": {"type": "LineString", "coordinates": [[-123.36938077693304, 48.42494126301212], [-123.36913696750092, 48.42492094848493]]}, "properties": {"OBJECTID": 337, "Label": "5210(89)", "Direction": "one", "SHAPE_Length": 18.178187937583655, "Year": "1989", "PDF": null}}, {"type": "Feature", "id": 338, "geometry": {"type": "LineString", "coordinates": [[-123.36524149539558, 48.42404573395347], [-123.3651794406488, 48.42427775829757]]}, "properties": {"OBJECTID": 338, "Label": "13080(90)", "Direction": "one", "SHAPE_Length": 26.196115081724304, "Year": "1990", "PDF": null}}, {"type": "Feature", "id": 339, "geometry": {"type": "LineString", "coordinates": [[-123.36314614713756, 48.42418636452757], [-123.36303934340992, 48.424175113083365]]}, "properties": {"OBJECTID": 339, "Label": "11240(84)", "Direction": "one", "SHAPE_Length": 7.999981310770276, "Year": "1984", "PDF": null}}, {"type": "Feature", "id": 340, "geometry": {"type": "LineString", "coordinates": [[-123.36441957522662, 48.423561742896155], [-123.36401831673587, 48.423512955266176]]}, "properties": {"OBJECTID": 340, "Label": "1960(92)", "Direction": "one", "SHAPE_Length": 30.1777821737949, "Year": "1992", "PDF": null}}, {"type": "Feature", "id": 341, "geometry": {"type": "LineString", "coordinates": [[-123.36242394925334, 48.42364114509544], [-123.3623460476316, 48.423896038458054]]}, "properties": {"OBJECTID": 341, "Label": "9880(84)", "Direction": "one", "SHAPE_Length": 28.912938502520305, "Year": "1984", "PDF": null}}, {"type": "Feature", "id": 342, "geometry": {"type": "LineString", "coordinates": [[-123.3690215891069, 48.42304480701669], [-123.3687817438397, 48.42297367103879]]}, "properties": {"OBJECTID": 342, "Label": "11140(93)", "Direction": "one", "SHAPE_Length": 19.42679074045944, "Year": "1993", "PDF": null}}, {"type": "Feature", "id": 343, "geometry": {"type": "LineString", "coordinates": [[-123.3668970900626, 48.422377911249825], [-123.36663572784809, 48.422300436556476]]}, "properties": {"OBJECTID": 343, "Label": "1650(90)", "Direction": "one", "SHAPE_Length": 21.167886477285403, "Year": "1990", "PDF": null}}, {"type": "Feature", "id": 344, "geometry": {"type": "LineString", "coordinates": [[-123.36557438995072, 48.42260041403695], [-123.36552434244021, 48.4228448813869]]}, "properties": {"OBJECTID": 344, "Label": "8740(93)", "Direction": "one", "SHAPE_Length": 27.42489313371977, "Year": "1993", "PDF": null}}, {"type": "Feature", "id": 345, "geometry": {"type": "LineString", "coordinates": [[-123.35769200217557, 48.423595979357245], [-123.35758520743661, 48.42358469673322]]}, "properties": {"OBJECTID": 345, "Label": "12000(84)", "Direction": "one", "SHAPE_Length": 7.999955313192656, "Year": "1984", "PDF": null}}, {"type": "Feature", "id": 346, "geometry": {"type": "LineString", "coordinates": [[-123.35969659103561, 48.42329300774521], [-123.35967195224885, 48.423411302031326]]}, "properties": {"OBJECTID": 346, "Label": "6380(84)", "Direction": "one", "SHAPE_Length": 13.27475804866061, "Year": "1984", "PDF": null}}, {"type": "Feature", "id": 347, "geometry": {"type": "LineString", "coordinates": [[-123.38918919445736, 48.4425638006698], [-123.38952838796816, 48.44270682403927]]}, "properties": {"OBJECTID": 347, "Label": "220(96)", "Direction": "one", "SHAPE_Length": 29.698771904748426, "Year": "1996", "PDF": null}}, {"type": "Feature", "id": 348, "geometry": {"type": "LineString", "coordinates": [[-123.32307885824112, 48.42851246840503], [-123.32325333583054, 48.42851197931872]]}, "properties": {"OBJECTID": 348, "Label": "1036(96)", "Direction": "one", "SHAPE_Length": 12.907300000466353, "Year": "1996", "PDF": null}}, {"type": "Feature", "id": 349, "geometry": {"type": "LineString", "coordinates": [[-123.32391831446664, 48.430076730009404], [-123.32404330536033, 48.430077330846885]]}, "properties": {"OBJECTID": 349, "Label": "370(96)", "Direction": "one", "SHAPE_Length": 9.24630646785326, "Year": "1996", "PDF": null}}, {"type": "Feature", "id": 350, "geometry": {"type": "LineString", "coordinates": [[-123.36263371668849, 48.4195272868107], [-123.36252768206371, 48.41946086202673]]}, "properties": {"OBJECTID": 350, "Label": "731(96)", "Direction": "one", "SHAPE_Length": 10.773400967585374, "Year": "1996", "PDF": null}}, {"type": "Feature", "id": 351, "geometry": {"type": "LineString", "coordinates": [[-123.34451819306365, 48.41573217938552], [-123.34450188319721, 48.4158033270752]]}, "properties": {"OBJECTID": 351, "Label": "589(15)", "Direction": "both", "SHAPE_Length": 7.999961636534702, "Year": "2015", "PDF": null}}, {"type": "Feature", "id": 352, "geometry": {"type": "LineString", "coordinates": [[-123.3598562854037, 48.44782211349404], [-123.35983867968554, 48.447751101555134]]}, "properties": {"OBJECTID": 352, "Label": "250(07)", "Direction": "both", "SHAPE_Length": 8.000014963860979, "Year": "2007", "PDF": null}}, {"type": "Feature", "id": 353, "geometry": {"type": "LineString", "coordinates": [[-123.38342626354877, 48.44756444864167], [-123.38337692130817, 48.44762849812626]]}, "properties": {"OBJECTID": 353, "Label": "456(06)", "Direction": "both", "SHAPE_Length": 8.000026535096797, "Year": "2006", "PDF": null}}, {"type": "Feature", "id": 354, "geometry": {"type": "LineString", "coordinates": [[-123.33906734771904, 48.43988324210093], [-123.33895921037552, 48.43988155533679]]}, "properties": {"OBJECTID": 354, "Label": "1045(10)", "Direction": "both", "SHAPE_Length": 8.00000587596322, "Year": "2010", "PDF": null}}, {"type": "Feature", "id": 355, "geometry": {"type": "LineString", "coordinates": [[-123.33763068008862, 48.43706670000736], [-123.3376292708698, 48.43713866549675]]}, "properties": {"OBJECTID": 355, "Label": "446(10)", "Direction": "both", "SHAPE_Length": 8.000016355793052, "Year": "2010", "PDF": null}}, {"type": "Feature", "id": 356, "geometry": {"type": "LineString", "coordinates": [[-123.33183096508441, 48.4122153787569], [-123.33182986712484, 48.41228734718296]]}, "properties": {"OBJECTID": 356, "Label": "257(14)", "Direction": "both", "SHAPE_Length": 8.000039590018012, "Year": "2014", "PDF": null}}, {"type": "Feature", "id": 357, "geometry": {"type": "LineString", "coordinates": [[-123.3420458369134, 48.42176236258624], [-123.34204601092316, 48.42169039062145]]}, "properties": {"OBJECTID": 357, "Label": "768(15)", "Direction": "both", "SHAPE_Length": 8.000047623149467, "Year": "2015", "PDF": null}}, {"type": "Feature", "id": 358, "geometry": {"type": "LineString", "coordinates": [[-123.34026286187908, 48.41331797390668], [-123.3402598174568, 48.413389916674525]]}, "properties": {"OBJECTID": 358, "Label": "369(15)", "Direction": "both", "SHAPE_Length": 7.999952195345349, "Year": "2015", "PDF": null}}, {"type": "Feature", "id": 359, "geometry": {"type": "LineString", "coordinates": [[-123.358150295457, 48.44791304332549], [-123.35812707962361, 48.44784274851436]]}, "properties": {"OBJECTID": 359, "Label": "468(15)", "Direction": "both", "SHAPE_Length": 8.000031161760486, "Year": "2015", "PDF": null}}, {"type": "Feature", "id": 360, "geometry": {"type": "LineString", "coordinates": [[-123.34370273489967, 48.42880981804299], [-123.34359459200277, 48.4288098611977]]}, "properties": {"OBJECTID": 360, "Label": "343(15)", "Direction": "both", "SHAPE_Length": 7.999960451319485, "Year": "2015", "PDF": null}}, {"type": "Feature", "id": 361, "geometry": {"type": "LineString", "coordinates": [[-123.35815439566267, 48.449440209447495], [-123.35804758883344, 48.44945166956223]]}, "properties": {"OBJECTID": 361, "Label": "985(15)", "Direction": "both", "SHAPE_Length": 7.999998503541008, "Year": "2015", "PDF": null}}, {"type": "Feature", "id": 362, "geometry": {"type": "LineString", "coordinates": [[-123.34484298194684, 48.420934719592246], [-123.3448563635501, 48.42086330090168]]}, "properties": {"OBJECTID": 362, "Label": "342(19)", "Direction": "both", "SHAPE_Length": 8.000038852753262, "Year": "2019", "PDF": "RoyalTerrace_900_2019.pdf"}}, {"type": "Feature", "id": 363, "geometry": {"type": "LineString", "coordinates": [[-123.32675983107957, 48.41270682740501], [-123.32671408263704, 48.4126416171226]]}, "properties": {"OBJECTID": 363, "Label": "1588(06)", "Direction": "both", "SHAPE_Length": 8.000016450759334, "Year": "2006", "PDF": null}}, {"type": "Feature", "id": 364, "geometry": {"type": "LineString", "coordinates": [[-123.33920545482431, 48.423213344348554], [-123.33920593506188, 48.42328531525855]]}, "properties": {"OBJECTID": 364, "Label": "2307(10)", "Direction": "both", "SHAPE_Length": 8.000000000624997, "Year": "2010", "PDF": null}}, {"type": "Feature", "id": 365, "geometry": {"type": "LineString", "coordinates": [[-123.33471294796169, 48.421918990737176], [-123.33466311252003, 48.42198286269124]]}, "properties": {"OBJECTID": 365, "Label": "1772(10)", "Direction": "both", "SHAPE_Length": 8.000014992714856, "Year": "2010", "PDF": null}}, {"type": "Feature", "id": 366, "geometry": {"type": "LineString", "coordinates": [[-123.3903633920484, 48.440457601911895], [-123.39023118584747, 48.44031969461103]]}, "properties": {"OBJECTID": 366, "Label": "392(14)", "Direction": "both", "SHAPE_Length": 18.182126653099303, "Year": "2014", "PDF": null}}, {"type": "Feature", "id": 367, "geometry": {"type": "LineString", "coordinates": [[-123.33352079565714, 48.42003558102349], [-123.33342795938941, 48.419998685334136]]}, "properties": {"OBJECTID": 367, "Label": "968(10)", "Direction": "both", "SHAPE_Length": 7.999999487637825, "Year": "2010", "PDF": null}}, {"type": "Feature", "id": 368, "geometry": {"type": "LineString", "coordinates": [[-123.33100267725294, 48.41882398465052], [-123.33090616929417, 48.41879153368012]]}, "properties": {"OBJECTID": 368, "Label": "901(11)", "Direction": "both", "SHAPE_Length": 7.99999633832338, "Year": "2011", "PDF": null}}, {"type": "Feature", "id": 369, "geometry": {"type": "LineString", "coordinates": [[-123.36424447714778, 48.43948487083301], [-123.36413841051723, 48.43949898196782]]}, "properties": {"OBJECTID": 369, "Label": "1379(15)", "Direction": "both", "SHAPE_Length": 8.000002990251833, "Year": "2015", "PDF": null}}, {"type": "Feature", "id": 370, "geometry": {"type": "LineString", "coordinates": [[-123.3657871433679, 48.43043657774399], [-123.36567901012232, 48.43043769511427]]}, "properties": {"OBJECTID": 370, "Label": "1650(15)", "Direction": "both", "SHAPE_Length": 7.999962265445405, "Year": "2015", "PDF": null}}, {"type": "Feature", "id": 371, "geometry": {"type": "LineString", "coordinates": [[-123.3221368133502, 48.41536670080062], [-123.32241206965122, 48.41549576001612]]}, "properties": {"OBJECTID": 371, "Label": "1380(05)", "Direction": "one", "SHAPE_Length": 24.91254618872863, "Year": "2005", "PDF": null}}, {"type": "Feature", "id": 372, "geometry": {"type": "LineString", "coordinates": [[-123.34446708404452, 48.41323066394196], [-123.34464563063179, 48.41335770677883]]}, "properties": {"OBJECTID": 372, "Label": "3951(17)", "Direction": "one", "SHAPE_Length": 19.338441114887743, "Year": "2017", "PDF": null}}, {"type": "Feature", "id": 373, "geometry": {"type": "LineString", "coordinates": [[-123.33832158251113, 48.41628678230926], [-123.33881588650102, 48.41626310463178]]}, "properties": {"OBJECTID": 373, "Label": "2079(19)", "Direction": "one", "SHAPE_Length": 36.670094385747205, "Year": "2019", "PDF": null}}, {"type": "Feature", "id": 374, "geometry": {"type": "LineString", "coordinates": [[-123.33286949741061, 48.41733886711148], [-123.33312996576255, 48.41726481755516]]}, "properties": {"OBJECTID": 374, "Label": "2614(15)", "Direction": "one", "SHAPE_Length": 20.95675755652793, "Year": "2015", "PDF": null}}, {"type": "Feature", "id": 375, "geometry": {"type": "LineString", "coordinates": [[-123.33155198600598, 48.418143964607836], [-123.3316223202246, 48.41828457949613]]}, "properties": {"OBJECTID": 375, "Label": "1886(09)", "Direction": "one", "SHAPE_Length": 16.47362227055909, "Year": "2009", "PDF": null}}, {"type": "Feature", "id": 376, "geometry": {"type": "LineString", "coordinates": [[-123.33039946268336, 48.418141152960345], [-123.3306370786663, 48.418020563560724]]}, "properties": {"OBJECTID": 376, "Label": "2017(19)", "Direction": "one", "SHAPE_Length": 22.108361003068016, "Year": "2019", "PDF": "Richardson_1700_2019.pdf"}}, {"type": "Feature", "id": 377, "geometry": {"type": "LineString", "coordinates": [[-123.32413750194462, 48.42022727097759], [-123.32389783345835, 48.42022794583705]]}, "properties": {"OBJECTID": 377, "Label": "1344(19)", "Direction": "one", "SHAPE_Length": 17.732799999415874, "Year": "2019", "PDF": "Richardson_1900_2019.pdf"}}, {"type": "Feature", "id": 378, "geometry": {"type": "LineString", "coordinates": [[-123.33031691237777, 48.42350053648274], [-123.33032172860077, 48.42326109865061]]}, "properties": {"OBJECTID": 378, "Label": "2672(09)", "Direction": "one", "SHAPE_Length": 26.617069365789284, "Year": "2009", "PDF": null}}, {"type": "Feature", "id": 379, "geometry": {"type": "LineString", "coordinates": [[-123.334838002906, 48.42991065114003], [-123.33516977567446, 48.42979694708147]]}, "properties": {"OBJECTID": 379, "Label": "5079(16)", "Direction": "one", "SHAPE_Length": 27.605802379062077, "Year": "2016", "PDF": null}}, {"type": "Feature", "id": 380, "geometry": {"type": "LineString", "coordinates": [[-123.3359365141208, 48.430861045646196], [-123.33596864581254, 48.43057322486176]]}, "properties": {"OBJECTID": 380, "Label": "279(19)", "Direction": "one", "SHAPE_Length": 32.080907402587, "Year": "2019", "PDF": "Shakespeare_2000_2019.pdf"}}, {"type": "Feature", "id": 381, "geometry": {"type": "LineString", "coordinates": [[-123.33846054558293, 48.44435127879835], [-123.33859539304053, 48.44452218373001]]}, "properties": {"OBJECTID": 381, "Label": "2445(12)", "Direction": "one", "SHAPE_Length": 21.45540374272273, "Year": "2012", "PDF": null}}, {"type": "Feature", "id": 382, "geometry": {"type": "LineString", "coordinates": [[-123.33352277342003, 48.44481435250748], [-123.33353600266831, 48.44461263678245]]}, "properties": {"OBJECTID": 382, "Label": "8158(14)", "Direction": "one", "SHAPE_Length": 22.44310841496847, "Year": "2014", "PDF": null}}, {"type": "Feature", "id": 383, "geometry": {"type": "LineString", "coordinates": [[-123.35594224731018, 48.43997980595232], [-123.35629857062612, 48.439937775446495]]}, "properties": {"OBJECTID": 383, "Label": "11005(17)", "Direction": "one", "SHAPE_Length": 26.764468152583394, "Year": "2017", "PDF": null}}, {"type": "Feature", "id": 384, "geometry": {"type": "LineString", "coordinates": [[-123.36122085587533, 48.43934738468085], [-123.3617827285729, 48.43928506050659]]}, "properties": {"OBJECTID": 384, "Label": "9851(17)", "Direction": "one", "SHAPE_Length": 42.12993844839365, "Year": "2017", "PDF": null}}, {"type": "Feature", "id": 385, "geometry": {"type": "LineString", "coordinates": [[-123.35267646005462, 48.43324696073762], [-123.35270352424476, 48.43306354387088]]}, "properties": {"OBJECTID": 385, "Label": "8720(16)", "Direction": "one", "SHAPE_Length": 20.485787476450334, "Year": "2016", "PDF": null}}, {"type": "Feature", "id": 386, "geometry": {"type": "LineString", "coordinates": [[-123.3540281051052, 48.4366038119612], [-123.35396715025838, 48.436253972695035]]}, "properties": {"OBJECTID": 386, "Label": "215(19)", "Direction": "one", "SHAPE_Length": 39.14696043662987, "Year": "2019", "PDF": "Prior_2500_2019.pdf"}}, {"type": "Feature", "id": 387, "geometry": {"type": "LineString", "coordinates": [[-123.35215765646933, 48.43800273141414], [-123.3521819687503, 48.43779103998823]]}, "properties": {"OBJECTID": 387, "Label": "8649(16)", "Direction": "one", "SHAPE_Length": 23.599227727945436, "Year": "2016", "PDF": null}}, {"type": "Feature", "id": 388, "geometry": {"type": "LineString", "coordinates": [[-123.34636280387548, 48.437783793689405], [-123.34649736514564, 48.437566537420075]]}, "properties": {"OBJECTID": 388, "Label": "449(06)", "Direction": "one", "SHAPE_Length": 26.11964398935108, "Year": "2006", "PDF": null}}, {"type": "Feature", "id": 389, "geometry": {"type": "LineString", "coordinates": [[-123.34858561969138, 48.434890853198425], [-123.34875104776724, 48.43489557985763]]}, "properties": {"OBJECTID": 389, "Label": "8529(15)", "Direction": "one", "SHAPE_Length": 12.24749333104348, "Year": "2015", "PDF": null}}, {"type": "Feature", "id": 390, "geometry": {"type": "LineString", "coordinates": [[-123.34520499607461, 48.433320758473464], [-123.34521567901389, 48.43320920099598]]}, "properties": {"OBJECTID": 390, "Label": "2078(06)", "Direction": "one", "SHAPE_Length": 12.425340940097033, "Year": "2006", "PDF": null}}, {"type": "Feature", "id": 391, "geometry": {"type": "LineString", "coordinates": [[-123.3543808293547, 48.42883886964614], [-123.3546548291577, 48.42885507305215]]}, "properties": {"OBJECTID": 391, "Label": "805(20)", "Direction": "one", "SHAPE_Length": 20.349217740919688, "Year": "2020", "PDF": "Balmoral_1000_2020.pdf"}}, {"type": "Feature", "id": 392, "geometry": {"type": "LineString", "coordinates": [[-123.35709158823985, 48.42899773443088], [-123.35726563476892, 48.42900863960267]]}, "properties": {"OBJECTID": 392, "Label": "1372(20)", "Direction": "one", "SHAPE_Length": 12.932128564498226, "Year": "2020", "PDF": "Balmoral_900_2020.pdf"}}, {"type": "Feature", "id": 393, "geometry": {"type": "LineString", "coordinates": [[-123.34862908052293, 48.42107579185387], [-123.34881407817755, 48.421091379120476]]}, "properties": {"OBJECTID": 393, "Label": "1452(07)", "Direction": "one", "SHAPE_Length": 13.796653592976599, "Year": "2007", "PDF": null}}, {"type": "Feature", "id": 394, "geometry": {"type": "LineString", "coordinates": [[-123.35226810927144, 48.41946829627592], [-123.3524835582792, 48.419492293353954]]}, "properties": {"OBJECTID": 394, "Label": "1759(07)", "Direction": "one", "SHAPE_Length": 16.16256628005774, "Year": "2007", "PDF": null}}, {"type": "Feature", "id": 395, "geometry": {"type": "LineString", "coordinates": [[-123.3590211587836, 48.41717113826995], [-123.35917487748709, 48.417060138608846]]}, "properties": {"OBJECTID": 395, "Label": "2643(15)", "Direction": "one", "SHAPE_Length": 16.780938750062166, "Year": "2015", "PDF": null}}, {"type": "Feature", "id": 396, "geometry": {"type": "LineString", "coordinates": [[-123.3700904410601, 48.41431024013794], [-123.37024693828474, 48.414093176035955]]}, "properties": {"OBJECTID": 396, "Label": "970(09)", "Direction": "one", "SHAPE_Length": 26.762889277358482, "Year": "2009", "PDF": null}}, {"type": "Feature", "id": 397, "geometry": {"type": "LineString", "coordinates": [[-123.36714511162049, 48.41393170698381], [-123.36730408001348, 48.41365613527023]]}, "properties": {"OBJECTID": 397, "Label": "1909(05)", "Direction": "one", "SHAPE_Length": 32.812223871300084, "Year": "2005", "PDF": null}}, {"type": "Feature", "id": 398, "geometry": {"type": "LineString", "coordinates": [[-123.36596274576462, 48.416684406300725], [-123.36596814538709, 48.41644099185168]]}, "properties": {"OBJECTID": 398, "Label": "3492(14)", "Direction": "one", "SHAPE_Length": 27.059667398534472, "Year": "2014", "PDF": null}}, {"type": "Feature", "id": 399, "geometry": {"type": "LineString", "coordinates": [[-123.36709198143707, 48.41853223333708], [-123.36749956269597, 48.418505087070145]]}, "properties": {"OBJECTID": 399, "Label": "3871(16)", "Direction": "one", "SHAPE_Length": 30.30785966980283, "Year": "2016", "PDF": null}}, {"type": "Feature", "id": 400, "geometry": {"type": "LineString", "coordinates": [[-123.36901863205075, 48.41780377279031], [-123.36905121415256, 48.41753952320827]]}, "properties": {"OBJECTID": 400, "Label": "1935(19)", "Direction": "one", "SHAPE_Length": 29.471425818624237, "Year": "2019", "PDF": null}}, {"type": "Feature", "id": 401, "geometry": {"type": "LineString", "coordinates": [[-123.36032032455016, 48.42046557798066], [-123.36036779984366, 48.42029436625713]]}, "properties": {"OBJECTID": 401, "Label": "3265(15)", "Direction": "one", "SHAPE_Length": 19.352486375024462, "Year": "2015", "PDF": null}}, {"type": "Feature", "id": 402, "geometry": {"type": "LineString", "coordinates": [[-123.36977750233252, 48.420846360361836], [-123.37017934330508, 48.42087567641014]]}, "properties": {"OBJECTID": 402, "Label": "8149(14)", "Direction": "one", "SHAPE_Length": 29.90923156633836, "Year": "2014", "PDF": null}}, {"type": "Feature", "id": 403, "geometry": {"type": "LineString", "coordinates": [[-123.37462017122209, 48.418741326150894], [-123.37427791819181, 48.41860142882225]]}, "properties": {"OBJECTID": 403, "Label": "2573(19)", "Direction": "one", "SHAPE_Length": 29.716868089019645, "Year": "2019", "PDF": "Superior_400_2019.pdf"}}, {"type": "Feature", "id": 404, "geometry": {"type": "LineString", "coordinates": [[-123.3722273576728, 48.42121766893135], [-123.37254245593135, 48.42129291206759]]}, "properties": {"OBJECTID": 404, "Label": "5310(16)", "Direction": "one", "SHAPE_Length": 24.767985918167213, "Year": "2016", "PDF": null}}, {"type": "Feature", "id": 405, "geometry": {"type": "LineString", "coordinates": [[-123.37829449526967, 48.41796287285962], [-123.378414173735, 48.41784778768648]]}, "properties": {"OBJECTID": 405, "Label": "1177(05)", "Direction": "one", "SHAPE_Length": 15.558206112038178, "Year": "2005", "PDF": null}}, {"type": "Feature", "id": 406, "geometry": {"type": "LineString", "coordinates": [[-123.37964699678525, 48.41669760176235], [-123.37981385182361, 48.416546900418936]]}, "properties": {"OBJECTID": 406, "Label": "1351(12)", "Direction": "one", "SHAPE_Length": 20.809419762486822, "Year": "2012", "PDF": null}}, {"type": "Feature", "id": 407, "geometry": {"type": "LineString", "coordinates": [[-123.38115877710734, 48.41532547462314], [-123.38136786293435, 48.41512692413903]]}, "properties": {"OBJECTID": 407, "Label": "559(17)", "Direction": "one", "SHAPE_Length": 26.952646102962795, "Year": "2017", "PDF": null}}, {"type": "Feature", "id": 408, "geometry": {"type": "LineString", "coordinates": [[-123.38296152791044, 48.41770280898215], [-123.38314495445215, 48.41752914064961]]}, "properties": {"OBJECTID": 408, "Label": "445(17)", "Direction": "one", "SHAPE_Length": 23.597703028570745, "Year": "2017", "PDF": null}}, {"type": "Feature", "id": 409, "geometry": {"type": "LineString", "coordinates": [[-123.38540859518818, 48.41946044460571], [-123.38547485201106, 48.419680414176945]]}, "properties": {"OBJECTID": 409, "Label": "1847(19)", "Direction": "one", "SHAPE_Length": 24.937346944314818, "Year": "2019", "PDF": "Dallas_0_2019.pdf"}}, {"type": "Feature", "id": 410, "geometry": {"type": "LineString", "coordinates": [[-123.38272722185708, 48.421298786006055], [-123.38299725040113, 48.42143104998847]]}, "properties": {"OBJECTID": 410, "Label": "2189(11)", "Direction": "one", "SHAPE_Length": 24.804948403062546, "Year": "2011", "PDF": null}}, {"type": "Feature", "id": 411, "geometry": {"type": "LineString", "coordinates": [[-123.37697602035378, 48.42002319979503], [-123.37717900444753, 48.42012285066247]]}, "properties": {"OBJECTID": 411, "Label": "1274(14)", "Direction": "one", "SHAPE_Length": 18.661429759805888, "Year": "2014", "PDF": null}}, {"type": "Feature", "id": 412, "geometry": {"type": "LineString", "coordinates": [[-123.38187748934523, 48.43055444584306], [-123.38210099615883, 48.430552747588955]]}, "properties": {"OBJECTID": 412, "Label": "6412(15)", "Direction": "one", "SHAPE_Length": 16.534641700462586, "Year": "2015", "PDF": null}}, {"type": "Feature", "id": 413, "geometry": {"type": "LineString", "coordinates": [[-123.38653911814909, 48.434794035233814], [-123.38689369118576, 48.43479843504006]]}, "properties": {"OBJECTID": 413, "Label": "486(07)", "Direction": "one", "SHAPE_Length": 26.23136363723472, "Year": "2007", "PDF": null}}, {"type": "Feature", "id": 414, "geometry": {"type": "LineString", "coordinates": [[-123.37129945221209, 48.44002068725655], [-123.37160937359735, 48.4401541668506]]}, "properties": {"OBJECTID": 414, "Label": "9200(14)", "Direction": "one", "SHAPE_Length": 27.30453779815004, "Year": "2014", "PDF": null}}, {"type": "Feature", "id": 415, "geometry": {"type": "LineString", "coordinates": [[-123.36254031082632, 48.43718605449922], [-123.36258240776954, 48.43746385590268]]}, "properties": {"OBJECTID": 415, "Label": "19222(10)", "Direction": "one", "SHAPE_Length": 31.03568599244682, "Year": "2010", "PDF": null}}, {"type": "Feature", "id": 416, "geometry": {"type": "LineString", "coordinates": [[-123.35776499037274, 48.427596444130174], [-123.35799360260653, 48.42761242982156]]}, "properties": {"OBJECTID": 416, "Label": "13376(10)", "Direction": "one", "SHAPE_Length": 17.00527678467486, "Year": "2010", "PDF": null}}, {"type": "Feature", "id": 417, "geometry": {"type": "LineString", "coordinates": [[-123.38621553378184, 48.43354277423621], [-123.3862083217931, 48.43336927966265]]}, "properties": {"OBJECTID": 417, "Label": "162(07)", "Direction": "one", "SHAPE_Length": 19.292231901162307, "Year": "2007", "PDF": null}}, {"type": "Feature", "id": 418, "geometry": {"type": "LineString", "coordinates": [[-123.38618323607504, 48.4319742753134], [-123.38618219813543, 48.43183730298813]]}, "properties": {"OBJECTID": 418, "Label": "162(07)", "Direction": "one", "SHAPE_Length": 15.225400000810623, "Year": "2007", "PDF": null}}, {"type": "Feature", "id": 419, "geometry": {"type": "LineString", "coordinates": [[-123.32579148962922, 48.42918142806471], [-123.32579070406716, 48.429058319971965]]}, "properties": {"OBJECTID": 419, "Label": "323(15)", "Direction": "one", "SHAPE_Length": 13.684200000383266, "Year": "2015", "PDF": null}}, {"type": "Feature", "id": 420, "geometry": {"type": "LineString", "coordinates": [[-123.34546271815758, 48.420294055598724], [-123.3456396424812, 48.42042140210909]]}, "properties": {"OBJECTID": 420, "Label": "1799(14)", "Direction": "one", "SHAPE_Length": 19.280174545033915, "Year": "2014", "PDF": null}}, {"type": "Feature", "id": 421, "geometry": {"type": "LineString", "coordinates": [[-123.33193660641243, 48.40889222438639], [-123.33228467127302, 48.40884262484268]]}, "properties": {"OBJECTID": 421, "Label": "537(19)", "Direction": "one", "SHAPE_Length": 26.34184660721815, "Year": "2019", "PDF": null}}, {"type": "Feature", "id": 422, "geometry": {"type": "LineString", "coordinates": [[-123.3326618874375, 48.42517496623111], [-123.33269765338363, 48.42497651167851]]}, "properties": {"OBJECTID": 422, "Label": "709(12)", "Direction": "one", "SHAPE_Length": 22.217329350385405, "Year": "2012", "PDF": null}}, {"type": "Feature", "id": 423, "geometry": {"type": "LineString", "coordinates": [[-123.3425964842656, 48.44739238717155], [-123.3427619465739, 48.447329132179185]]}, "properties": {"OBJECTID": 423, "Label": "343(06)", "Direction": "one", "SHAPE_Length": 14.112069447307444, "Year": "2006", "PDF": null}}, {"type": "Feature", "id": 424, "geometry": {"type": "LineString", "coordinates": [[-123.33345155196838, 48.416044363211455], [-123.33380757133047, 48.41591978582955]]}, "properties": {"OBJECTID": 424, "Label": "176(18)", "Direction": "one", "SHAPE_Length": 29.761155362296346, "Year": "2018", "PDF": null}}, {"type": "Feature", "id": 425, "geometry": {"type": "LineString", "coordinates": [[-123.34960187083087, 48.445944412609016], [-123.34953658103701, 48.44562577293603]]}, "properties": {"OBJECTID": 425, "Label": "6664(16)", "Direction": "one", "SHAPE_Length": 35.74610465999923, "Year": "2016", "PDF": null}}, {"type": "Feature", "id": 426, "geometry": {"type": "LineString", "coordinates": [[-123.34629431336874, 48.445644821429376], [-123.34638525686914, 48.44554525149641]]}, "properties": {"OBJECTID": 426, "Label": "2560(06)", "Direction": "one", "SHAPE_Length": 12.95090070271125, "Year": "2006", "PDF": null}}, {"type": "Feature", "id": 427, "geometry": {"type": "LineString", "coordinates": [[-123.37504510600522, 48.418081842345025], [-123.37530944262691, 48.41819903775625]]}, "properties": {"OBJECTID": 427, "Label": "590(05)", "Direction": "one", "SHAPE_Length": 23.499775220589378, "Year": "2005", "PDF": null}}, {"type": "Feature", "id": 428, "geometry": {"type": "LineString", "coordinates": [[-123.37291037572041, 48.41758400974954], [-123.37302360373417, 48.41740683078374]]}, "properties": {"OBJECTID": 428, "Label": "1953(05)", "Direction": "one", "SHAPE_Length": 21.402277620398408, "Year": "2005", "PDF": null}}, {"type": "Feature", "id": 429, "geometry": {"type": "LineString", "coordinates": [[-123.37628451526501, 48.414252265205896], [-123.37648353626108, 48.41435439000238]]}, "properties": {"OBJECTID": 429, "Label": "511(05)", "Direction": "one", "SHAPE_Length": 18.594185440681603, "Year": "2005", "PDF": null}}, {"type": "Feature", "id": 430, "geometry": {"type": "LineString", "coordinates": [[-123.37885929346065, 48.412754673481416], [-123.37917284239036, 48.4129071652148]]}, "properties": {"OBJECTID": 430, "Label": "3359(11)", "Direction": "one", "SHAPE_Length": 28.734275182229613, "Year": "2011", "PDF": null}}, {"type": "Feature", "id": 431, "geometry": {"type": "LineString", "coordinates": [[-123.39219417200236, 48.44030555977828], [-123.39208478773368, 48.4405002663393]]}, "properties": {"OBJECTID": 431, "Label": "108(09)", "Direction": "one", "SHAPE_Length": 23.105295528943454, "Year": "2009", "PDF": null}}, {"type": "Feature", "id": 432, "geometry": {"type": "LineString", "coordinates": [[-123.34575159060188, 48.40928692985639], [-123.3456599523849, 48.40933290951727]]}, "properties": {"OBJECTID": 432, "Label": "145(09)", "Direction": "one", "SHAPE_Length": 8.49182037036209, "Year": "2009", "PDF": null}}, {"type": "Feature", "id": 433, "geometry": {"type": "LineString", "coordinates": [[-123.39117346720688, 48.43171688823124], [-123.3911825175482, 48.43159529450394]]}, "properties": {"OBJECTID": 433, "Label": "332(09)", "Direction": "one", "SHAPE_Length": 13.53236605637035, "Year": "2009", "PDF": null}}, {"type": "Feature", "id": 434, "geometry": {"type": "LineString", "coordinates": [[-123.39435903975736, 48.432544039935166], [-123.39435287972674, 48.4323045976301]]}, "properties": {"OBJECTID": 434, "Label": "301(09)", "Direction": "one", "SHAPE_Length": 26.619206698400053, "Year": "2009", "PDF": null}}, {"type": "Feature", "id": 435, "geometry": {"type": "LineString", "coordinates": [[-123.32792815044763, 48.429506702203405], [-123.32792768873409, 48.42943473128119]]}, "properties": {"OBJECTID": 435, "Label": "111(09)", "Direction": "one", "SHAPE_Length": 8.000000000624997, "Year": "2009", "PDF": null}}, {"type": "Feature", "id": 436, "geometry": {"type": "LineString", "coordinates": [[-123.37168378977282, 48.439178935106035], [-123.37194331869826, 48.43913088645449]]}, "properties": {"OBJECTID": 436, "Label": "796(09)", "Direction": "one", "SHAPE_Length": 19.924171607215108, "Year": "2009", "PDF": null}}, {"type": "Feature", "id": 437, "geometry": {"type": "LineString", "coordinates": [[-123.33112549983728, 48.42463954315397], [-123.33126110212973, 48.424572797112496]]}, "properties": {"OBJECTID": 437, "Label": "119(09)", "Direction": "one", "SHAPE_Length": 12.477462054098389, "Year": "2009", "PDF": null}}, {"type": "Feature", "id": 438, "geometry": {"type": "LineString", "coordinates": [[-123.39385273839925, 48.43402038815874], [-123.39385006352309, 48.43367429358409]]}, "properties": {"OBJECTID": 438, "Label": "847(09)", "Direction": "one", "SHAPE_Length": 38.470799999311566, "Year": "2009", "PDF": null}}, {"type": "Feature", "id": 439, "geometry": {"type": "LineString", "coordinates": [[-123.3268542601566, 48.422610108739235], [-123.3269455744871, 48.42249926475556]]}, "properties": {"OBJECTID": 439, "Label": "57(11)", "Direction": "one", "SHAPE_Length": 14.051516509334979, "Year": "2011", "PDF": null}}, {"type": "Feature", "id": 440, "geometry": {"type": "LineString", "coordinates": [[-123.38614936103862, 48.43090009764228], [-123.38615086674984, 48.43072092840688]]}, "properties": {"OBJECTID": 440, "Label": "187(09)", "Direction": "one", "SHAPE_Length": 19.91592624654435, "Year": "2009", "PDF": null}}, {"type": "Feature", "id": 441, "geometry": {"type": "LineString", "coordinates": [[-123.35591353408944, 48.441830524663835], [-123.35583735057125, 48.44156039162448]]}, "properties": {"OBJECTID": 441, "Label": "184(09)", "Direction": "one", "SHAPE_Length": 30.55078550315937, "Year": "2009", "PDF": null}}, {"type": "Feature", "id": 442, "geometry": {"type": "LineString", "coordinates": [[-123.3937486520279, 48.432420793977], [-123.39376310866574, 48.43212764376171]]}, "properties": {"OBJECTID": 442, "Label": "384(11)", "Direction": "one", "SHAPE_Length": 32.60277150888748, "Year": "2011", "PDF": null}}, {"type": "Feature", "id": 443, "geometry": {"type": "LineString", "coordinates": [[-123.38442701716801, 48.4204895552973], [-123.38468751437057, 48.420615902253374]]}, "properties": {"OBJECTID": 443, "Label": "321(09)", "Direction": "one", "SHAPE_Length": 23.84765742960978, "Year": "2009", "PDF": null}}, {"type": "Feature", "id": 444, "geometry": {"type": "LineString", "coordinates": [[-123.3824050909074, 48.41950571094668], [-123.38262879160807, 48.419611944414015]]}, "properties": {"OBJECTID": 444, "Label": "367(09)", "Direction": "one", "SHAPE_Length": 20.331981263005144, "Year": "2009", "PDF": null}}, {"type": "Feature", "id": 445, "geometry": {"type": "LineString", "coordinates": [[-123.35814525635757, 48.41990677053964], [-123.35820342013163, 48.419686155171426]]}, "properties": {"OBJECTID": 445, "Label": "2619(11)", "Direction": "one", "SHAPE_Length": 24.897239042505017, "Year": "2011", "PDF": null}}, {"type": "Feature", "id": 446, "geometry": {"type": "LineString", "coordinates": [[-123.36002916173311, 48.43627359032156], [-123.35993195048995, 48.43596131022221]]}, "properties": {"OBJECTID": 446, "Label": "370(19)", "Direction": "one", "SHAPE_Length": 35.448466172077055, "Year": "2019", "PDF": "Wark_2500_2019.pdf"}}, {"type": "Feature", "id": 447, "geometry": {"type": "LineString", "coordinates": [[-123.3277183374347, 48.4234756759913], [-123.32771751439611, 48.42334764768608]]}, "properties": {"OBJECTID": 447, "Label": "87(11)", "Direction": "one", "SHAPE_Length": 14.23109999857843, "Year": "2011", "PDF": null}}, {"type": "Feature", "id": 448, "geometry": {"type": "LineString", "coordinates": [[-123.32639519982256, 48.4219255514614], [-123.32639154197274, 48.42179882485761]]}, "properties": {"OBJECTID": 448, "Label": "71(11)", "Direction": "one", "SHAPE_Length": 14.088874107519596, "Year": "2011", "PDF": null}}, {"type": "Feature", "id": 449, "geometry": {"type": "LineString", "coordinates": [[-123.39050604152669, 48.43505603223229], [-123.39087934628304, 48.435058577579454]]}, "properties": {"OBJECTID": 449, "Label": "329(10)", "Direction": "one", "SHAPE_Length": 27.61365232332009, "Year": "2010", "PDF": null}}, {"type": "Feature", "id": 450, "geometry": {"type": "LineString", "coordinates": [[-123.34047397044232, 48.44202548890634], [-123.34073102399675, 48.441929912081605]]}, "properties": {"OBJECTID": 450, "Label": "124(10)", "Direction": "one", "SHAPE_Length": 21.777931238714114, "Year": "2010", "PDF": null}}, {"type": "Feature", "id": 451, "geometry": {"type": "LineString", "coordinates": [[-123.34888454578291, 48.43352582768919], [-123.34910787280491, 48.43353451578698]]}, "properties": {"OBJECTID": 451, "Label": "139(15)", "Direction": "one", "SHAPE_Length": 16.547477061416835, "Year": "2015", "PDF": null}}, {"type": "Feature", "id": 452, "geometry": {"type": "LineString", "coordinates": [[-123.36611573446451, 48.447249090054456], [-123.36616510528701, 48.44747235401141]]}, "properties": {"OBJECTID": 452, "Label": "127(10)", "Direction": "one", "SHAPE_Length": 25.08413694936642, "Year": "2010", "PDF": null}}, {"type": "Feature", "id": 453, "geometry": {"type": "LineString", "coordinates": [[-123.39208502815622, 48.43281177054016], [-123.39241785099915, 48.432852755140594]]}, "properties": {"OBJECTID": 453, "Label": "3009(10)", "Direction": "one", "SHAPE_Length": 25.036914685630226, "Year": "2010", "PDF": null}}, {"type": "Feature", "id": 454, "geometry": {"type": "LineString", "coordinates": [[-123.3526333212636, 48.44040946886781], [-123.35305059234575, 48.4403591836809]]}, "properties": {"OBJECTID": 454, "Label": "10630(10)", "Direction": "one", "SHAPE_Length": 31.36306255477917, "Year": "2010", "PDF": null}}, {"type": "Feature", "id": 455, "geometry": {"type": "LineString", "coordinates": [[-123.34807869344269, 48.44121534145477], [-123.34866020995177, 48.4410974900982]]}, "properties": {"OBJECTID": 455, "Label": "9994(10)", "Direction": "one", "SHAPE_Length": 44.95854859296962, "Year": "2010", "PDF": null}}, {"type": "Feature", "id": 456, "geometry": {"type": "LineString", "coordinates": [[-123.32588306519668, 48.43255874941975], [-123.32588195504063, 48.43238492980774]]}, "properties": {"OBJECTID": 456, "Label": "1821(10)", "Direction": "one", "SHAPE_Length": 19.321100000550846, "Year": "2010", "PDF": null}}, {"type": "Feature", "id": 457, "geometry": {"type": "LineString", "coordinates": [[-123.38042696182758, 48.42020493646728], [-123.38049676865906, 48.42014125119368]]}, "properties": {"OBJECTID": 457, "Label": "335(17)", "Direction": "one", "SHAPE_Length": 8.762855142298402, "Year": "2017", "PDF": null}}, {"type": "Feature", "id": 458, "geometry": {"type": "LineString", "coordinates": [[-123.32448440562688, 48.4196597269066], [-123.32463337222954, 48.41976415427517]]}, "properties": {"OBJECTID": 458, "Label": "249(11)", "Direction": "one", "SHAPE_Length": 16.00682130756051, "Year": "2011", "PDF": null}}, {"type": "Feature", "id": 459, "geometry": {"type": "LineString", "coordinates": [[-123.328952991817, 48.42327253434975], [-123.32895136756537, 48.423020818509485]]}, "properties": {"OBJECTID": 459, "Label": "85(11)", "Direction": "one", "SHAPE_Length": 27.979700000956655, "Year": "2011", "PDF": null}}, {"type": "Feature", "id": 460, "geometry": {"type": "LineString", "coordinates": [[-123.33220704746574, 48.44219328107524], [-123.33249634802765, 48.442190406078694]]}, "properties": {"OBJECTID": 460, "Label": "338(11)", "Direction": "one", "SHAPE_Length": 21.39800091456322, "Year": "2011", "PDF": null}}, {"type": "Feature", "id": 461, "geometry": {"type": "LineString", "coordinates": [[-123.34661437704517, 48.433783932011124], [-123.34687545610619, 48.433790796887926]]}, "properties": {"OBJECTID": 461, "Label": "238(11)", "Direction": "one", "SHAPE_Length": 19.32672280182469, "Year": "2011", "PDF": null}}, {"type": "Feature", "id": 462, "geometry": {"type": "LineString", "coordinates": [[-123.33394713463227, 48.42878348074614], [-123.33403636582993, 48.42886328099695]]}, "properties": {"OBJECTID": 462, "Label": "1521(17)", "Direction": "one", "SHAPE_Length": 11.056802885608557, "Year": "2017", "PDF": null}}, {"type": "Feature", "id": 463, "geometry": {"type": "LineString", "coordinates": [[-123.34512722549876, 48.43902653595552], [-123.3451291640789, 48.438889165026154]]}, "properties": {"OBJECTID": 463, "Label": "2499(12)", "Direction": "one", "SHAPE_Length": 15.27017447598045, "Year": "2012", "PDF": null}}, {"type": "Feature", "id": 464, "geometry": {"type": "LineString", "coordinates": [[-123.3245902792055, 48.418817990412066], [-123.32473542468112, 48.41871306351938]]}, "properties": {"OBJECTID": 464, "Label": "1895(12)", "Direction": "one", "SHAPE_Length": 15.854411182422975, "Year": "2012", "PDF": null}}, {"type": "Feature", "id": 465, "geometry": {"type": "LineString", "coordinates": [[-123.34398833493645, 48.436325271189645], [-123.34422809621176, 48.4363245542569]]}, "properties": {"OBJECTID": 465, "Label": "1539(15)", "Direction": "one", "SHAPE_Length": 17.73410000000149, "Year": "2015", "PDF": null}}, {"type": "Feature", "id": 466, "geometry": {"type": "LineString", "coordinates": [[-123.37698804181473, 48.44405979770343], [-123.3771929745837, 48.44416000679344]]}, "properties": {"OBJECTID": 466, "Label": "535(13)", "Direction": "one", "SHAPE_Length": 18.808593705511353, "Year": "2013", "PDF": null}}, {"type": "Feature", "id": 467, "geometry": {"type": "LineString", "coordinates": [[-123.34599561021875, 48.43292044436566], [-123.34625839890089, 48.43293087622167]]}, "properties": {"OBJECTID": 467, "Label": "407(19)", "Direction": "one", "SHAPE_Length": 19.47299401131236, "Year": "2019", "PDF": null}}, {"type": "Feature", "id": 468, "geometry": {"type": "LineString", "coordinates": [[-123.35239181825301, 48.43574379881361], [-123.35240483886763, 48.43558871466773]]}, "properties": {"OBJECTID": 468, "Label": "6633(14)", "Direction": "one", "SHAPE_Length": 17.265296413644432, "Year": "2014", "PDF": null}}, {"type": "Feature", "id": 469, "geometry": {"type": "LineString", "coordinates": [[-123.3453698827768, 48.42922612609674], [-123.34537754324923, 48.42907965935457]]}, "properties": {"OBJECTID": 469, "Label": "2553(14)", "Direction": "one", "SHAPE_Length": 16.290380622597603, "Year": "2014", "PDF": null}}, {"type": "Feature", "id": 470, "geometry": {"type": "LineString", "coordinates": [[-123.36224726398771, 48.446585372958616], [-123.36233111541242, 48.44688202879366]]}, "properties": {"OBJECTID": 470, "Label": "241(14)", "Direction": "one", "SHAPE_Length": 33.55288085021154, "Year": "2014", "PDF": null}}, {"type": "Feature", "id": 471, "geometry": {"type": "LineString", "coordinates": [[-123.39292897884322, 48.43634063340165], [-123.39330604675949, 48.436256882242304]]}, "properties": {"OBJECTID": 471, "Label": "419(14)", "Direction": "one", "SHAPE_Length": 29.402552958622366, "Year": "2014", "PDF": null}}, {"type": "Feature", "id": 472, "geometry": {"type": "LineString", "coordinates": [[-123.331587872826, 48.42129277714601], [-123.33181411068544, 48.42100252087779]]}, "properties": {"OBJECTID": 472, "Label": "2449(19)", "Direction": "one", "SHAPE_Length": 36.34705440095322, "Year": "2019", "PDF": "Richmond_700_2019.pdf"}}, {"type": "Feature", "id": 473, "geometry": {"type": "LineString", "coordinates": [[-123.37363006897846, 48.443212387909334], [-123.37381509899251, 48.44330090289742]]}, "properties": {"OBJECTID": 473, "Label": "299(14)", "Direction": "one", "SHAPE_Length": 16.853878658644085, "Year": "2014", "PDF": null}}, {"type": "Feature", "id": 474, "geometry": {"type": "LineString", "coordinates": [[-123.37219828984833, 48.44102757891648], [-123.37227564777939, 48.44137043064304]]}, "properties": {"OBJECTID": 474, "Label": "725(14)", "Direction": "one", "SHAPE_Length": 38.53689417463576, "Year": "2014", "PDF": null}}, {"type": "Feature", "id": 475, "geometry": {"type": "LineString", "coordinates": [[-123.38493552818902, 48.41705735360796], [-123.3850004741775, 48.41727051393464]]}, "properties": {"OBJECTID": 475, "Label": "2199(15)", "Direction": "one", "SHAPE_Length": 24.176261874039415, "Year": "2015", "PDF": null}}, {"type": "Feature", "id": 476, "geometry": {"type": "LineString", "coordinates": [[-123.36631530451373, 48.41537063941994], [-123.36646069563947, 48.4151110342743]]}, "properties": {"OBJECTID": 476, "Label": "4740(15)", "Direction": "one", "SHAPE_Length": 30.79662571789972, "Year": "2015", "PDF": null}}, {"type": "Feature", "id": 477, "geometry": {"type": "LineString", "coordinates": [[-123.34519356793041, 48.43559232775248], [-123.34519279483256, 48.43535187282465]]}, "properties": {"OBJECTID": 477, "Label": "2716(15)", "Direction": "one", "SHAPE_Length": 26.72787495770282, "Year": "2015", "PDF": null}}, {"type": "Feature", "id": 478, "geometry": {"type": "LineString", "coordinates": [[-123.34417983656137, 48.41127024855289], [-123.34432132892904, 48.41107531331387]]}, "properties": {"OBJECTID": 478, "Label": "1760(15)", "Direction": "one", "SHAPE_Length": 24.065227588714926, "Year": "2015", "PDF": null}}, {"type": "Feature", "id": 479, "geometry": {"type": "LineString", "coordinates": [[-123.36487221126184, 48.44040099306255], [-123.36493340192933, 48.44065762619421]]}, "properties": {"OBJECTID": 479, "Label": "816(15)", "Direction": "one", "SHAPE_Length": 28.882912507060528, "Year": "2015", "PDF": null}}, {"type": "Feature", "id": 480, "geometry": {"type": "LineString", "coordinates": [[-123.37669965517541, 48.43476487389209], [-123.37743212355097, 48.43463243896832]]}, "properties": {"OBJECTID": 480, "Label": "10795(18)", "Direction": "one", "SHAPE_Length": 56.14305678855389, "Year": "2018", "PDF": null}}, {"type": "Feature", "id": 481, "geometry": {"type": "LineString", "coordinates": [[-123.33096707948236, 48.43388250343582], [-123.33135128189919, 48.433903662412845]]}, "properties": {"OBJECTID": 481, "Label": "7075(19)", "Direction": "one", "SHAPE_Length": 28.515992453428414, "Year": "2019", "PDF": "Bay_1700_2019.pdf"}}, {"type": "Feature", "id": 482, "geometry": {"type": "LineString", "coordinates": [[-123.36414594438814, 48.4204518807913], [-123.36435059191403, 48.42026822611295]]}, "properties": {"OBJECTID": 482, "Label": "5692(18)", "Direction": "one", "SHAPE_Length": 25.416564090936483, "Year": "2018", "PDF": null}}, {"type": "Feature", "id": 483, "geometry": {"type": "LineString", "coordinates": [[-123.363222817494, 48.42257900345597], [-123.36327798005591, 48.4223357435854]]}, "properties": {"OBJECTID": 483, "Label": "6734(18)", "Direction": "one", "SHAPE_Length": 27.345823161050554, "Year": "2018", "PDF": null}}, {"type": "Feature", "id": 484, "geometry": {"type": "LineString", "coordinates": [[-123.36202103974638, 48.42735965404569], [-123.36207650100191, 48.42713922813209]]}, "properties": {"OBJECTID": 484, "Label": "11354(18)", "Direction": "one", "SHAPE_Length": 24.84262387481024, "Year": "2018", "PDF": null}}, {"type": "Feature", "id": 485, "geometry": {"type": "LineString", "coordinates": [[-123.364879444469, 48.44333243579352], [-123.36498796360735, 48.44355291105952]]}, "properties": {"OBJECTID": 485, "Label": "18366(19)", "Direction": "one", "SHAPE_Length": 25.787651675794823, "Year": "2019", "PDF": null}}, {"type": "Feature", "id": 486, "geometry": {"type": "LineString", "coordinates": [[-123.34376906251366, 48.448965500549676], [-123.3438345167947, 48.44884083932132]]}, "properties": {"OBJECTID": 486, "Label": "5691(19)", "Direction": "one", "SHAPE_Length": 14.677772422263882, "Year": "2019", "PDF": null}}, {"type": "Feature", "id": 487, "geometry": {"type": "LineString", "coordinates": [[-123.34992038448853, 48.44869618504849], [-123.34999449339287, 48.44898424089972]]}, "properties": {"OBJECTID": 487, "Label": "10405(18)", "Direction": "one", "SHAPE_Length": 32.48456657047103, "Year": "2018", "PDF": null}}, {"type": "Feature", "id": 488, "geometry": {"type": "LineString", "coordinates": [[-123.39192572676119, 48.43920374014592], [-123.3922060194841, 48.439303736987526]]}, "properties": {"OBJECTID": 488, "Label": "7918(19)", "Direction": "one", "SHAPE_Length": 23.52251967204497, "Year": "2019", "PDF": null}}, {"type": "Feature", "id": 489, "geometry": {"type": "LineString", "coordinates": [[-123.32539264567669, 48.41160778505371], [-123.32554981103726, 48.41168472619296]]}, "properties": {"OBJECTID": 489, "Label": "1673(19)", "Direction": "one", "SHAPE_Length": 14.436334718414146, "Year": "2019", "PDF": null}}, {"type": "Feature", "id": 490, "geometry": {"type": "LineString", "coordinates": [[-123.36404635977715, 48.40867993280403], [-123.36437789697622, 48.40871164619382]]}, "properties": {"OBJECTID": 490, "Label": "4307(18)", "Direction": "one", "SHAPE_Length": 24.787374153685438, "Year": "2018", "PDF": null}}, {"type": "Feature", "id": 491, "geometry": {"type": "LineString", "coordinates": [[-123.37106590291992, 48.44603831861385], [-123.37125212227777, 48.446342279533035]]}, "properties": {"OBJECTID": 491, "Label": "15373(19)", "Direction": "one", "SHAPE_Length": 36.4856011501802, "Year": "2019", "PDF": null}}, {"type": "Feature", "id": 492, "geometry": {"type": "LineString", "coordinates": [[-123.32650780043319, 48.41570467985118], [-123.32689717921325, 48.41567270896228]]}, "properties": {"OBJECTID": 492, "Label": "1463(19)", "Direction": "one", "SHAPE_Length": 29.03033848047322, "Year": "2019", "PDF": null}}, {"type": "Feature", "id": 493, "geometry": {"type": "LineString", "coordinates": [[-123.32327992616526, 48.432196934616925], [-123.32365204506971, 48.432128815048415]]}, "properties": {"OBJECTID": 493, "Label": "7455(19)", "Direction": "one", "SHAPE_Length": 28.548402924571004, "Year": "2019", "PDF": null}}, {"type": "Feature", "id": 494, "geometry": {"type": "LineString", "coordinates": [[-123.3222371440161, 48.421750651581405], [-123.32223882761339, 48.422017012854994]]}, "properties": {"OBJECTID": 494, "Label": "6229(19)", "Direction": "one", "SHAPE_Length": 29.607600001618266, "Year": "2019", "PDF": null}}, {"type": "Feature", "id": 495, "geometry": {"type": "LineString", "coordinates": [[-123.36845597142927, 48.42161390972665], [-123.36837907065873, 48.42189123516963]]}, "properties": {"OBJECTID": 495, "Label": "6210(19)", "Direction": "one", "SHAPE_Length": 31.34679172391084, "Year": "2019", "PDF": null}}, {"type": "Feature", "id": 496, "geometry": {"type": "LineString", "coordinates": [[-123.32561954593731, 48.43601524118157], [-123.3260483058324, 48.43603672181232]]}, "properties": {"OBJECTID": 496, "Label": "705(19)", "Direction": "one", "SHAPE_Length": 31.803103294473722, "Year": "2019", "PDF": "Haultain_1800_2019.pdf"}}, {"type": "Feature", "id": 497, "geometry": {"type": "LineString", "coordinates": [[-123.32867653878515, 48.446298931459324], [-123.32931321928524, 48.4462971113575]]}, "properties": {"OBJECTID": 497, "Label": "10452(19)", "Direction": "one", "SHAPE_Length": 47.0832000002265, "Year": "2019", "PDF": "Lansdowne_1700_WB_2019.pdf"}}, {"type": "Feature", "id": 498, "geometry": {"type": "LineString", "coordinates": [[-123.32220647478042, 48.42048912895393], [-123.32251561751332, 48.42048826292027]]}, "properties": {"OBJECTID": 498, "Label": "2321(19)", "Direction": "one", "SHAPE_Length": 22.872999999672174, "Year": "2019", "PDF": null}}, {"type": "Feature", "id": 499, "geometry": {"type": "LineString", "coordinates": [[-123.32306993828199, 48.426550897648845], [-123.32322434959073, 48.426550464036865]]}, "properties": {"OBJECTID": 499, "Label": "6296(19)", "Direction": "one", "SHAPE_Length": 11.423299999907613, "Year": "2019", "PDF": null}}, {"type": "Feature", "id": 500, "geometry": {"type": "LineString", "coordinates": [[-123.36072185766648, 48.44531542758909], [-123.3607604033863, 48.44547542752079]]}, "properties": {"OBJECTID": 500, "Label": "5655(19)", "Direction": "one", "SHAPE_Length": 18.011856997723203, "Year": "2019", "PDF": null}}, {"type": "Feature", "id": 501, "geometry": {"type": "LineString", "coordinates": [[-123.32852514032933, 48.43618888545126], [-123.32842965683834, 48.43645679904026]]}, "properties": {"OBJECTID": 501, "Label": "5564(19)", "Direction": "one", "SHAPE_Length": 30.605952663396927, "Year": "2019", "PDF": null}}, {"type": "Feature", "id": 502, "geometry": {"type": "LineString", "coordinates": [[-123.33299204377963, 48.4469992915638], [-123.33298747859864, 48.44722416515964]]}, "properties": {"OBJECTID": 502, "Label": "11847(19)", "Direction": "one", "SHAPE_Length": 24.99818428120175, "Year": "2019", "PDF": null}}, {"type": "Feature", "id": 503, "geometry": {"type": "LineString", "coordinates": [[-123.32365018661514, 48.4277680364542], [-123.32365158451034, 48.42798818485263]]}, "properties": {"OBJECTID": 503, "Label": "326(16)", "Direction": "one", "SHAPE_Length": 24.470799999311566, "Year": "2016", "PDF": null}}, {"type": "Feature", "id": 504, "geometry": {"type": "LineString", "coordinates": [[-123.36986787665697, 48.41608738077489], [-123.36984988970933, 48.416368329935544]]}, "properties": {"OBJECTID": 504, "Label": "73(16)", "Direction": "one", "SHAPE_Length": 31.257238573432403, "Year": "2016", "PDF": null}}, {"type": "Feature", "id": 505, "geometry": {"type": "LineString", "coordinates": [[-123.33420473695283, 48.41470934518189], [-123.33462632862077, 48.41459752530283]]}, "properties": {"OBJECTID": 505, "Label": "120(17)", "Direction": "one", "SHAPE_Length": 33.581138292334195, "Year": "2017", "PDF": null}}, {"type": "Feature", "id": 506, "geometry": {"type": "LineString", "coordinates": [[-123.32862542752089, 48.4133343987917], [-123.3286265137627, 48.41350296234043]]}, "properties": {"OBJECTID": 506, "Label": "155(16)", "Direction": "one", "SHAPE_Length": 18.736800000071526, "Year": "2016", "PDF": null}}, {"type": "Feature", "id": 507, "geometry": {"type": "LineString", "coordinates": [[-123.35540714876232, 48.41118227392154], [-123.3556364796361, 48.41119861383898]]}, "properties": {"OBJECTID": 507, "Label": "46(16)", "Direction": "one", "SHAPE_Length": 17.067725502732856, "Year": "2016", "PDF": null}}, {"type": "Feature", "id": 508, "geometry": {"type": "LineString", "coordinates": [[-123.35478528164977, 48.41040162707071], [-123.35475192529793, 48.41054455664066]]}, "properties": {"OBJECTID": 508, "Label": "107(16)", "Direction": "one", "SHAPE_Length": 16.077923200901914, "Year": "2016", "PDF": null}}, {"type": "Feature", "id": 509, "geometry": {"type": "LineString", "coordinates": [[-123.38410149815073, 48.41560137144411], [-123.38428162110431, 48.41571498494717]]}, "properties": {"OBJECTID": 509, "Label": "3132(16)", "Direction": "one", "SHAPE_Length": 18.360976206208086, "Year": "2016", "PDF": null}}, {"type": "Feature", "id": 510, "geometry": {"type": "LineString", "coordinates": [[-123.34816582127144, 48.433960221792724], [-123.34840890378494, 48.4339594860934]]}, "properties": {"OBJECTID": 510, "Label": "230(16)", "Direction": "one", "SHAPE_Length": 17.980600000359118, "Year": "2016", "PDF": null}}, {"type": "Feature", "id": 511, "geometry": {"type": "LineString", "coordinates": [[-123.35035447315589, 48.441824214503775], [-123.35057960193922, 48.44163099182659]]}, "properties": {"OBJECTID": 511, "Label": "9720(18)", "Direction": "one", "SHAPE_Length": 27.17556155282468, "Year": "2018", "PDF": null}}, {"type": "Feature", "id": 512, "geometry": {"type": "LineString", "coordinates": [[-123.35790033392837, 48.44290755296845], [-123.35830347765872, 48.4428595490264]]}, "properties": {"OBJECTID": 512, "Label": "385(16)", "Direction": "one", "SHAPE_Length": 30.28838717155852, "Year": "2016", "PDF": null}}, {"type": "Feature", "id": 513, "geometry": {"type": "LineString", "coordinates": [[-123.35644239266196, 48.4267569828281], [-123.35650435150852, 48.42652891130179]]}, "properties": {"OBJECTID": 513, "Label": "3846(18)", "Direction": "one", "SHAPE_Length": 25.762351303443896, "Year": "2018", "PDF": null}}, {"type": "Feature", "id": 514, "geometry": {"type": "LineString", "coordinates": [[-123.36052138523891, 48.425993775614025], [-123.36097930980243, 48.426043530347755]]}, "properties": {"OBJECTID": 514, "Label": "8016(19)", "Direction": "one", "SHAPE_Length": 34.32568660026905, "Year": "2019", "PDF": null}}, {"type": "Feature", "id": 515, "geometry": {"type": "LineString", "coordinates": [[-123.36004805655, 48.42766298349558], [-123.36064094168316, 48.42771055030387]]}, "properties": {"OBJECTID": 515, "Label": "9383(19)", "Direction": "one", "SHAPE_Length": 44.177701750566385, "Year": "2019", "PDF": null}}, {"type": "Feature", "id": 516, "geometry": {"type": "LineString", "coordinates": [[-123.39396030666856, 48.43300811892197], [-123.39410782279047, 48.43302351878097]]}, "properties": {"OBJECTID": 516, "Label": "3077(18)", "Direction": "one", "SHAPE_Length": 11.045203403898864, "Year": "2018", "PDF": null}}, {"type": "Feature", "id": 517, "geometry": {"type": "LineString", "coordinates": [[-123.39372072641453, 48.431686809285964], [-123.39404495593618, 48.43179124684772]]}, "properties": {"OBJECTID": 517, "Label": "7166(19)", "Direction": "one", "SHAPE_Length": 26.645600582722416, "Year": "2019", "PDF": null}}, {"type": "Feature", "id": 518, "geometry": {"type": "LineString", "coordinates": [[-123.36056745240211, 48.425090289643514], [-123.36083932995946, 48.42512566379624]]}, "properties": {"OBJECTID": 518, "Label": "1493(19)", "Direction": "one", "SHAPE_Length": 20.494568961797338, "Year": "2019", "PDF": null}}, {"type": "Feature", "id": 519, "geometry": {"type": "LineString", "coordinates": [[-123.36126513213382, 48.42347053045512], [-123.36168293597203, 48.42351491865609]]}, "properties": {"OBJECTID": 519, "Label": "1827(18)", "Direction": "one", "SHAPE_Length": 31.301935036841606, "Year": "2018", "PDF": null}}, {"type": "Feature", "id": 520, "geometry": {"type": "LineString", "coordinates": [[-123.36130291658114, 48.4226603729463], [-123.36152638608526, 48.42268450873865]]}, "properties": {"OBJECTID": 520, "Label": "785(19)", "Direction": "one", "SHAPE_Length": 16.749595125837647, "Year": "2019", "PDF": null}}, {"type": "Feature", "id": 521, "geometry": {"type": "LineString", "coordinates": [[-123.37931891539621, 48.442988664320076], [-123.37970878703163, 48.4430331906628]]}, "properties": {"OBJECTID": 521, "Label": "8743(18)", "Direction": "one", "SHAPE_Length": 29.254792565833505, "Year": "2018", "PDF": null}}, {"type": "Feature", "id": 522, "geometry": {"type": "LineString", "coordinates": [[-123.36460316823218, 48.42214545973886], [-123.36488630391305, 48.42215606346195]]}, "properties": {"OBJECTID": 522, "Label": "2107(19)", "Direction": "one", "SHAPE_Length": 20.981083360833672, "Year": "2019", "PDF": null}}, {"type": "Feature", "id": 523, "geometry": {"type": "LineString", "coordinates": [[-123.3758069771087, 48.428414376065504], [-123.37628672346409, 48.42846606872335]]}, "properties": {"OBJECTID": 523, "Label": "10432(18)", "Direction": "one", "SHAPE_Length": 35.95207061728081, "Year": "2018", "PDF": null}}, {"type": "Feature", "id": 524, "geometry": {"type": "LineString", "coordinates": [[-123.365238871646, 48.42169727447211], [-123.3653787720163, 48.42180171837178]]}, "properties": {"OBJECTID": 524, "Label": "1127(18)", "Direction": "one", "SHAPE_Length": 15.55366287252563, "Year": "2018", "PDF": null}}, {"type": "Feature", "id": 525, "geometry": {"type": "LineString", "coordinates": [[-123.37899511493856, 48.44678216466464], [-123.37923527012829, 48.44689572545206]]}, "properties": {"OBJECTID": 525, "Label": "9891(19)", "Direction": "one", "SHAPE_Length": 21.788416311121885, "Year": "2019", "PDF": null}}, {"type": "Feature", "id": 526, "geometry": {"type": "LineString", "coordinates": [[-123.35355802545098, 48.42652715341419], [-123.35358603131769, 48.426427047461715]]}, "properties": {"OBJECTID": 526, "Label": "10096(19)", "Direction": "one", "SHAPE_Length": 11.318524993486463, "Year": "2019", "PDF": null}}, {"type": "Feature", "id": 527, "geometry": {"type": "LineString", "coordinates": [[-123.36398424021627, 48.417982306872965], [-123.36423402624676, 48.41814928958035]]}, "properties": {"OBJECTID": 527, "Label": "4599(19)", "Direction": "one", "SHAPE_Length": 26.193411440401842, "Year": "2019", "PDF": null}}, {"type": "Feature", "id": 528, "geometry": {"type": "LineString", "coordinates": [[-123.32990454473817, 48.43798261722347], [-123.33029437578995, 48.438000541944]]}, "properties": {"OBJECTID": 528, "Label": "238(16)", "Direction": "one", "SHAPE_Length": 28.9016157833415, "Year": "2016", "PDF": null}}, {"type": "Feature", "id": 529, "geometry": {"type": "LineString", "coordinates": [[-123.35827254254947, 48.412935212163376], [-123.3584290147738, 48.412934724865785]]}, "properties": {"OBJECTID": 529, "Label": "723(16)", "Direction": "one", "SHAPE_Length": 11.578900000080466, "Year": "2016", "PDF": null}}, {"type": "Feature", "id": 530, "geometry": {"type": "LineString", "coordinates": [[-123.35485744032256, 48.44171184006697], [-123.35521492640012, 48.44166735150475]]}, "properties": {"OBJECTID": 530, "Label": "151(17)", "Direction": "one", "SHAPE_Length": 26.897154198295123, "Year": "2017", "PDF": null}}, {"type": "Feature", "id": 531, "geometry": {"type": "LineString", "coordinates": [[-123.37201423551927, 48.43655467778795], [-123.37229642697388, 48.436502778304856]]}, "properties": {"OBJECTID": 531, "Label": "740(17)", "Direction": "one", "SHAPE_Length": 21.654778288463778, "Year": "2017", "PDF": null}}, {"type": "Feature", "id": 532, "geometry": {"type": "LineString", "coordinates": [[-123.35141745892832, 48.428634597384246], [-123.35162989968056, 48.42864708337305]]}, "properties": {"OBJECTID": 532, "Label": "283(17)", "Direction": "one", "SHAPE_Length": 15.77670057365771, "Year": "2017", "PDF": null}}, {"type": "Feature", "id": 533, "geometry": {"type": "LineString", "coordinates": [[-123.34203944211166, 48.44368467036359], [-123.34215715356437, 48.44384405976379]]}, "properties": {"OBJECTID": 533, "Label": "538(17)", "Direction": "one", "SHAPE_Length": 19.740130660147734, "Year": "2017", "PDF": null}}, {"type": "Feature", "id": 534, "geometry": {"type": "LineString", "coordinates": [[-123.3920666255455, 48.434704583605345], [-123.39206422893972, 48.43439308874365]]}, "properties": {"OBJECTID": 534, "Label": "133(17)", "Direction": "one", "SHAPE_Length": 34.62480000033975, "Year": "2017", "PDF": null}}, {"type": "Feature", "id": 535, "geometry": {"type": "LineString", "coordinates": [[-123.346517969639, 48.43550836742666], [-123.34651765624298, 48.43533643223108]]}, "properties": {"OBJECTID": 535, "Label": "83(17)", "Direction": "one", "SHAPE_Length": 19.11150482843924, "Year": "2017", "PDF": null}}, {"type": "Feature", "id": 536, "geometry": {"type": "LineString", "coordinates": [[-123.35952228802294, 48.41444242013349], [-123.35952721818443, 48.41428526276958]]}, "properties": {"OBJECTID": 536, "Label": "866(17)", "Direction": "one", "SHAPE_Length": 17.472613595630495, "Year": "2017", "PDF": null}}, {"type": "Feature", "id": 537, "geometry": {"type": "LineString", "coordinates": [[-123.38087513756645, 48.42814315328778], [-123.38101533945796, 48.42829283867685]]}, "properties": {"OBJECTID": 537, "Label": "772(17)", "Direction": "one", "SHAPE_Length": 19.606261538957064, "Year": "2017", "PDF": null}}, {"type": "Feature", "id": 538, "geometry": {"type": "LineString", "coordinates": [[-123.35463533043514, 48.44227508119755], [-123.35455922856166, 48.442052328120894]]}, "properties": {"OBJECTID": 538, "Label": "247(17)", "Direction": "one", "SHAPE_Length": 25.391819120917148, "Year": "2017", "PDF": null}}, {"type": "Feature", "id": 539, "geometry": {"type": "LineString", "coordinates": [[-123.3528838586267, 48.43461238526111], [-123.35309854550945, 48.434625003799304]]}, "properties": {"OBJECTID": 539, "Label": "258(17)", "Direction": "one", "SHAPE_Length": 15.941658127660185, "Year": "2017", "PDF": null}}, {"type": "Feature", "id": 540, "geometry": {"type": "LineString", "coordinates": [[-123.37363879954646, 48.41621245486366], [-123.37374837584657, 48.41602164461851]]}, "properties": {"OBJECTID": 540, "Label": "2802(17)", "Direction": "one", "SHAPE_Length": 22.70645917078747, "Year": "2017", "PDF": null}}, {"type": "Feature", "id": 541, "geometry": {"type": "LineString", "coordinates": [[-123.37971206290004, 48.415861147265495], [-123.37995069871286, 48.415967029024344]]}, "properties": {"OBJECTID": 541, "Label": "476(17)", "Direction": "one", "SHAPE_Length": 21.220583770537512, "Year": "2017", "PDF": null}}, {"type": "Feature", "id": 542, "geometry": {"type": "LineString", "coordinates": [[-123.33507041751447, 48.41176733613749], [-123.33526387060517, 48.41176711451563]]}, "properties": {"OBJECTID": 542, "Label": "71(17)", "Direction": "one", "SHAPE_Length": 14.315650434725768, "Year": "2017", "PDF": null}}, {"type": "Feature", "id": 543, "geometry": {"type": "LineString", "coordinates": [[-123.32477010238551, 48.4255055159994], [-123.32476369589271, 48.42534267609108]]}, "properties": {"OBJECTID": 543, "Label": "253(19)", "Direction": "one", "SHAPE_Length": 18.10665715081066, "Year": "2019", "PDF": null}}, {"type": "Feature", "id": 544, "geometry": {"type": "LineString", "coordinates": [[-123.33584032952209, 48.43333473961862], [-123.33584196821432, 48.43315382911931]]}, "properties": {"OBJECTID": 544, "Label": "268(17)", "Direction": "one", "SHAPE_Length": 20.10949027027907, "Year": "2017", "PDF": null}}, {"type": "Feature", "id": 545, "geometry": {"type": "LineString", "coordinates": [[-123.37738754565892, 48.418408582082975], [-123.37724219855531, 48.41853617366836]]}, "properties": {"OBJECTID": 545, "Label": "1708(19)", "Direction": "one", "SHAPE_Length": 17.79882746983444, "Year": "2019", "PDF": "Oswego_200_2019.pdf"}}, {"type": "Feature", "id": 546, "geometry": {"type": "LineString", "coordinates": [[-123.35953605229138, 48.41341980949934], [-123.35954331004615, 48.413238779662805]]}, "properties": {"OBJECTID": 546, "Label": "764(18)", "Direction": "one", "SHAPE_Length": 20.129508101405087, "Year": "2018", "PDF": null}}, {"type": "Feature", "id": 547, "geometry": {"type": "LineString", "coordinates": [[-123.35859414087287, 48.417947538023796], [-123.35862805703707, 48.41776880669805]]}, "properties": {"OBJECTID": 547, "Label": "2647(18)", "Direction": "one", "SHAPE_Length": 20.02473620826816, "Year": "2018", "PDF": null}}, {"type": "Feature", "id": 548, "geometry": {"type": "LineString", "coordinates": [[-123.35696089818882, 48.438177396670184], [-123.35724372205807, 48.438146092814414]]}, "properties": {"OBJECTID": 548, "Label": "43(18)", "Direction": "one", "SHAPE_Length": 21.20572659634181, "Year": "2018", "PDF": null}}, {"type": "Feature", "id": 549, "geometry": {"type": "LineString", "coordinates": [[-123.35642585191002, 48.43825141316861], [-123.35664688590707, 48.43822972869294]]}, "properties": {"OBJECTID": 549, "Label": "64(18)", "Direction": "one", "SHAPE_Length": 16.524887723298388, "Year": "2018", "PDF": null}}, {"type": "Feature", "id": 550, "geometry": {"type": "LineString", "coordinates": [[-123.38391468283083, 48.433916009419164], [-123.38434976757499, 48.43391472442553]]}, "properties": {"OBJECTID": 550, "Label": "81(18)", "Direction": "one", "SHAPE_Length": 32.18290537526724, "Year": "2018", "PDF": null}}, {"type": "Feature", "id": 551, "geometry": {"type": "LineString", "coordinates": [[-123.35028544307924, 48.4343835092953], [-123.3507218522027, 48.43440818633575]]}, "properties": {"OBJECTID": 551, "Label": "192(18)", "Direction": "one", "SHAPE_Length": 32.39652444018193, "Year": "2018", "PDF": null}}, {"type": "Feature", "id": 552, "geometry": {"type": "LineString", "coordinates": [[-123.34269531295583, 48.41987058540292], [-123.3430526077227, 48.41978409317206]]}, "properties": {"OBJECTID": 552, "Label": "931(18)", "Direction": "one", "SHAPE_Length": 28.12974719619979, "Year": "2018", "PDF": null}}, {"type": "Feature", "id": 553, "geometry": {"type": "LineString", "coordinates": [[-123.32833176704692, 48.415610179324844], [-123.32861215760926, 48.41562462178735]]}, "properties": {"OBJECTID": 553, "Label": "2812(18)", "Direction": "one", "SHAPE_Length": 20.809489292863805, "Year": "2018", "PDF": null}}, {"type": "Feature", "id": 554, "geometry": {"type": "LineString", "coordinates": [[-123.32787162585302, 48.41363692609996], [-123.32773126385706, 48.41342436941226]]}, "properties": {"OBJECTID": 554, "Label": "1069(17)", "Direction": "one", "SHAPE_Length": 25.80889193522292, "Year": "2017", "PDF": "Foul Bay 300 2017.pdf"}}, {"type": "Feature", "id": 555, "geometry": {"type": "LineString", "coordinates": [[-123.3259476377893, 48.42526099940888], [-123.32592619892729, 48.42504440644538]]}, "properties": {"OBJECTID": 555, "Label": "335(18)", "Direction": "one", "SHAPE_Length": 24.127556374347584, "Year": "2018", "PDF": null}}, {"type": "Feature", "id": 556, "geometry": {"type": "LineString", "coordinates": [[-123.32722884298545, 48.425541819318745], [-123.32720994134945, 48.42527514286687]]}, "properties": {"OBJECTID": 556, "Label": "218(18)", "Direction": "one", "SHAPE_Length": 29.675361067619225, "Year": "2018", "PDF": null}}, {"type": "Feature", "id": 557, "geometry": {"type": "LineString", "coordinates": [[-123.32827505672627, 48.42539240108487], [-123.3282555521514, 48.42504426917284]]}, "properties": {"OBJECTID": 557, "Label": "191(18)", "Direction": "one", "SHAPE_Length": 38.72346510949741, "Year": "2018", "PDF": null}}, {"type": "Feature", "id": 558, "geometry": {"type": "LineString", "coordinates": [[-123.32933893034513, 48.42530456615858], [-123.32931422834433, 48.425028464769795]]}, "properties": {"OBJECTID": 558, "Label": "155(18)", "Direction": "one", "SHAPE_Length": 30.744387552643428, "Year": "2018", "PDF": null}}, {"type": "Feature", "id": 559, "geometry": {"type": "LineString", "coordinates": [[-123.32925560178478, 48.42431185950322], [-123.3296478081999, 48.424310736624804]]}, "properties": {"OBJECTID": 559, "Label": "695(18)", "Direction": "one", "SHAPE_Length": 29.01659999974072, "Year": "2018", "PDF": null}}, {"type": "Feature", "id": 560, "geometry": {"type": "LineString", "coordinates": [[-123.34692482205149, 48.44719490238705], [-123.34706483922174, 48.447196376679194]]}, "properties": {"OBJECTID": 560, "Label": "558(19)", "Direction": "one", "SHAPE_Length": 10.355445790583808, "Year": "2019", "PDF": "Lang_1400_2019.pdf"}}, {"type": "Feature", "id": 561, "geometry": {"type": "LineString", "coordinates": [[-123.32446520035846, 48.42371866075439], [-123.32443426644554, 48.42339717659572]]}, "properties": {"OBJECTID": 561, "Label": "193(19)", "Direction": "one", "SHAPE_Length": 35.80773674959042, "Year": "2019", "PDF": null}}, {"type": "Feature", "id": 562, "geometry": {"type": "LineString", "coordinates": [[-123.3621157403014, 48.442332980912575], [-123.36267739293892, 48.44225939757789]]}, "properties": {"OBJECTID": 562, "Label": "193(19)", "Direction": "one", "SHAPE_Length": 42.335376249662495, "Year": "2019", "PDF": "Topaz_900_2019.pdf"}}, {"type": "Feature", "id": 563, "geometry": {"type": "LineString", "coordinates": [[-123.34378436960158, 48.433680194061544], [-123.34416578852483, 48.433690394092864]]}, "properties": {"OBJECTID": 563, "Label": "249(19)", "Direction": "one", "SHAPE_Length": 28.235849545311183, "Year": "2019", "PDF": "Walnut_1300_2019.pdf"}}, {"type": "Feature", "id": 564, "geometry": {"type": "LineString", "coordinates": [[-123.33544309026773, 48.43620308537341], [-123.33568902179033, 48.43620999009755]]}, "properties": {"OBJECTID": 564, "Label": "965(19)", "Direction": "one", "SHAPE_Length": 18.20652196485142, "Year": "2019", "PDF": "Haultain_1500_2019.pdf"}}, {"type": "Feature", "id": 565, "geometry": {"type": "LineString", "coordinates": [[-123.35607956254758, 48.41988294475702], [-123.35643462076614, 48.41991977944557]]}, "properties": {"OBJECTID": 565, "Label": "1894(19)", "Direction": "one", "SHAPE_Length": 26.587475872434307, "Year": "2019", "PDF": null}}, {"type": "Feature", "id": 566, "geometry": {"type": "LineString", "coordinates": [[-123.35452109830433, 48.42817556125912], [-123.35473870795852, 48.428186219979885]]}, "properties": {"OBJECTID": 566, "Label": "261(19)", "Direction": "one", "SHAPE_Length": 16.14159763673634, "Year": "2019", "PDF": "Mason_1000_2019.pdf"}}, {"type": "Feature", "id": 567, "geometry": {"type": "LineString", "coordinates": [[-123.35649873622916, 48.43909648589175], [-123.35643865544493, 48.43887426007794]]}, "properties": {"OBJECTID": 567, "Label": "468(19)", "Direction": "one", "SHAPE_Length": 25.098088810153964, "Year": "2019", "PDF": "Graham_2700_2019.pdf"}}, {"type": "Feature", "id": 568, "geometry": {"type": "LineString", "coordinates": [[-123.34503666691609, 48.43903085953744], [-123.34503561271268, 48.43887518877146]]}, "properties": {"OBJECTID": 568, "Label": "2381(19)", "Direction": "one", "SHAPE_Length": 17.30379999987781, "Year": "2019", "PDF": "Fernwood_2700_2019.pdf"}}, {"type": "Feature", "id": 569, "geometry": {"type": "LineString", "coordinates": [[-123.33608567899545, 48.43271737271702], [-123.33645986270474, 48.43273548777782]]}, "properties": {"OBJECTID": 569, "Label": "218(19)", "Direction": "one", "SHAPE_Length": 27.751555171862435, "Year": "2019", "PDF": null}}, {"type": "Feature", "id": 570, "geometry": {"type": "LineString", "coordinates": [[-123.34175989248479, 48.43998547574913], [-123.34128975105037, 48.43999068280996]]}, "properties": {"OBJECTID": 570, "Label": "746(19)", "Direction": "one", "SHAPE_Length": 34.77628118940446, "Year": "2019", "PDF": "Ryan_1400_2019.pdf"}}, {"type": "Feature", "id": 571, "geometry": {"type": "LineString", "coordinates": [[-123.34867396307614, 48.42781673890801], [-123.34835968836799, 48.427805177445464]]}, "properties": {"OBJECTID": 571, "Label": "522(20)", "Direction": "one", "SHAPE_Length": 23.28467952201099, "Year": "2020", "PDF": "Balmoral_1200_2020-08-19.pdf"}}, {"type": "Feature", "id": 572, "geometry": {"type": "LineString", "coordinates": [[-123.34246292915981, 48.427511698003784], [-123.34247319225979, 48.42733874327085]]}, "properties": {"OBJECTID": 572, "Label": "382(20)", "Direction": "one", "SHAPE_Length": 19.23977371227576, "Year": "2020", "PDF": "Stanley_1600_2020.pdf"}}, {"type": "Feature", "id": 573, "geometry": {"type": "LineString", "coordinates": [[-123.32254815688206, 48.41528743414596], [-123.3222924182496, 48.41517195306154]]}, "properties": {"OBJECTID": 573, "Label": "1379(05)", "Direction": "one", "SHAPE_Length": 22.866315227834907, "Year": "2005", "PDF": null}}, {"type": "Feature", "id": 574, "geometry": {"type": "LineString", "coordinates": [[-123.34492983644375, 48.41317592632828], [-123.34476932930617, 48.413062250943426]]}, "properties": {"OBJECTID": 574, "Label": "3773(17)", "Direction": "one", "SHAPE_Length": 17.34150152904625, "Year": "2017", "PDF": null}}, {"type": "Feature", "id": 575, "geometry": {"type": "LineString", "coordinates": [[-123.33876081725688, 48.41603434141093], [-123.33828199662277, 48.41604723595221]]}, "properties": {"OBJECTID": 575, "Label": "1701(19)", "Direction": "one", "SHAPE_Length": 35.45899122755277, "Year": "2019", "PDF": null}}, {"type": "Feature", "id": 576, "geometry": {"type": "LineString", "coordinates": [[-123.33302818267694, 48.41702019460745], [-123.33273098346915, 48.41709906164582]]}, "properties": {"OBJECTID": 576, "Label": "2078(15)", "Direction": "one", "SHAPE_Length": 23.67356299541957, "Year": "2015", "PDF": null}}, {"type": "Feature", "id": 577, "geometry": {"type": "LineString", "coordinates": [[-123.33031977287202, 48.41793400501861], [-123.33014859266184, 48.418031748065246]]}, "properties": {"OBJECTID": 577, "Label": "1494(19)", "Direction": "one", "SHAPE_Length": 16.687244732124917, "Year": "2019", "PDF": "Richardson_1700_2019.pdf"}}, {"type": "Feature", "id": 578, "geometry": {"type": "LineString", "coordinates": [[-123.32383062541776, 48.42043189141117], [-123.32409109142795, 48.420427348083024]]}, "properties": {"OBJECTID": 578, "Label": "1481(19)", "Direction": "one", "SHAPE_Length": 19.27795230624127, "Year": "2019", "PDF": "Richardson_1900_2019.pdf"}}, {"type": "Feature", "id": 579, "geometry": {"type": "LineString", "coordinates": [[-123.3299095019807, 48.42326607327166], [-123.32991153296535, 48.42350241733705]]}, "properties": {"OBJECTID": 579, "Label": "2416(09)", "Direction": "one", "SHAPE_Length": 26.271226195541306, "Year": "2009", "PDF": null}}, {"type": "Feature", "id": 580, "geometry": {"type": "LineString", "coordinates": [[-123.33495941280796, 48.42963957512577], [-123.33467939578938, 48.4297372707857]]}, "properties": {"OBJECTID": 580, "Label": "4534(16)", "Direction": "one", "SHAPE_Length": 23.388044588118078, "Year": "2016", "PDF": null}}, {"type": "Feature", "id": 581, "geometry": {"type": "LineString", "coordinates": [[-123.33561878899667, 48.43052356650234], [-123.33560332741915, 48.43083226270145]]}, "properties": {"OBJECTID": 581, "Label": "245(19)", "Direction": "one", "SHAPE_Length": 34.33219823559158, "Year": "2019", "PDF": "Shakespeare_2000_2019.pdf"}}, {"type": "Feature", "id": 582, "geometry": {"type": "LineString", "coordinates": [[-123.33894717691354, 48.44441470780102], [-123.3388115273228, 48.44423617120285]]}, "properties": {"OBJECTID": 582, "Label": "2806(12)", "Direction": "one", "SHAPE_Length": 22.23671218239843, "Year": "2012", "PDF": null}}, {"type": "Feature", "id": 583, "geometry": {"type": "LineString", "coordinates": [[-123.3331037548923, 48.44462556438524], [-123.33309947632902, 48.44483668159125]]}, "properties": {"OBJECTID": 583, "Label": "7193(14)", "Direction": "one", "SHAPE_Length": 23.468931660107458, "Year": "2014", "PDF": null}}, {"type": "Feature", "id": 584, "geometry": {"type": "LineString", "coordinates": [[-123.35617555775515, 48.439671648825716], [-123.35582636105661, 48.43970932149714]]}, "properties": {"OBJECTID": 584, "Label": "10049(17)", "Direction": "one", "SHAPE_Length": 26.163889626839737, "Year": "2017", "PDF": null}}, {"type": "Feature", "id": 585, "geometry": {"type": "LineString", "coordinates": [[-123.36165450178525, 48.438942129415175], [-123.3611154774078, 48.43899777603095]]}, "properties": {"OBJECTID": 585, "Label": "10917(17)", "Direction": "one", "SHAPE_Length": 40.34383852767783, "Year": "2017", "PDF": null}}, {"type": "Feature", "id": 586, "geometry": {"type": "LineString", "coordinates": [[-123.35236043007198, 48.43306511851695], [-123.35232680571582, 48.43323395762336]]}, "properties": {"OBJECTID": 586, "Label": "9326(16)", "Direction": "one", "SHAPE_Length": 18.931433773769605, "Year": "2016", "PDF": null}}, {"type": "Feature", "id": 587, "geometry": {"type": "LineString", "coordinates": [[-123.35357498460617, 48.43634001367897], [-123.35364410520424, 48.43663971023145]]}, "properties": {"OBJECTID": 587, "Label": "280(19)", "Direction": "one", "SHAPE_Length": 33.70286749261433, "Year": "2019", "PDF": "Prior_2500_2019.pdf"}}, {"type": "Feature", "id": 588, "geometry": {"type": "LineString", "coordinates": [[-123.35174687888636, 48.437796468601114], [-123.3517282113176, 48.43799273884158]]}, "properties": {"OBJECTID": 588, "Label": "9161(16)", "Direction": "one", "SHAPE_Length": 21.86011900355791, "Year": "2016", "PDF": null}}, {"type": "Feature", "id": 589, "geometry": {"type": "LineString", "coordinates": [[-123.34591580399947, 48.437644339069024], [-123.34588124502828, 48.437712537595324]]}, "properties": {"OBJECTID": 589, "Label": "394(06)", "Direction": "one", "SHAPE_Length": 7.999963443256655, "Year": "2006", "PDF": null}}, {"type": "Feature", "id": 590, "geometry": {"type": "LineString", "coordinates": [[-123.34876117651228, 48.434618010902035], [-123.34861651264825, 48.43461228121988]]}, "properties": {"OBJECTID": 590, "Label": "8324(15)", "Direction": "one", "SHAPE_Length": 10.719347653692546, "Year": "2015", "PDF": null}}, {"type": "Feature", "id": 591, "geometry": {"type": "LineString", "coordinates": [[-123.34491101746704, 48.43320857432892], [-123.34490399009597, 48.43333300834434]]}, "properties": {"OBJECTID": 591, "Label": "2253(06)", "Direction": "one", "SHAPE_Length": 13.841245659503105, "Year": "2006", "PDF": null}}, {"type": "Feature", "id": 592, "geometry": {"type": "LineString", "coordinates": [[-123.35470309611586, 48.428633919933986], [-123.35441594579507, 48.42861771486197]]}, "properties": {"OBJECTID": 592, "Label": "1207(20)", "Direction": "one", "SHAPE_Length": 21.318501256968453, "Year": "2020", "PDF": "Balmoral_1000_2020.pdf"}}, {"type": "Feature", "id": 593, "geometry": {"type": "LineString", "coordinates": [[-123.3572961205625, 48.42881422161912], [-123.35709641203658, 48.42880177945253]]}, "properties": {"OBJECTID": 593, "Label": "1524(20)", "Direction": "one", "SHAPE_Length": 14.838204157325455, "Year": "2020", "PDF": "Balmoral_900_2020.pdf"}}, {"type": "Feature", "id": 594, "geometry": {"type": "LineString", "coordinates": [[-123.35253915813855, 48.41925432176523], [-123.35230436948983, 48.41922642732165]]}, "properties": {"OBJECTID": 594, "Label": "1219(07)", "Direction": "one", "SHAPE_Length": 17.646483686279115, "Year": "2007", "PDF": null}}, {"type": "Feature", "id": 595, "geometry": {"type": "LineString", "coordinates": [[-123.35892537554173, 48.416928092924586], [-123.35872056366547, 48.41707159235307]]}, "properties": {"OBJECTID": 595, "Label": "946(15)", "Direction": "one", "SHAPE_Length": 22.00197838563894, "Year": "2015", "PDF": null}}, {"type": "Feature", "id": 596, "geometry": {"type": "LineString", "coordinates": [[-123.36986407462544, 48.414017278023], [-123.36972238095025, 48.41424349392256]]}, "properties": {"OBJECTID": 596, "Label": "1250(09)", "Direction": "one", "SHAPE_Length": 27.24344569382982, "Year": "2009", "PDF": null}}, {"type": "Feature", "id": 597, "geometry": {"type": "LineString", "coordinates": [[-123.36699933438194, 48.41356585913942], [-123.36682983349333, 48.41385933567655]]}, "properties": {"OBJECTID": 597, "Label": "2491(05)", "Direction": "one", "SHAPE_Length": 34.949559799711324, "Year": "2005", "PDF": null}}, {"type": "Feature", "id": 598, "geometry": {"type": "LineString", "coordinates": [[-123.36570471122351, 48.41646043065956], [-123.36569508852088, 48.4166938885347]]}, "properties": {"OBJECTID": 598, "Label": "4570(14)", "Direction": "one", "SHAPE_Length": 25.95976141062287, "Year": "2014", "PDF": null}}, {"type": "Feature", "id": 599, "geometry": {"type": "LineString", "coordinates": [[-123.36744569265953, 48.41822294371582], [-123.36706771231661, 48.4182397986811]]}, "properties": {"OBJECTID": 599, "Label": "4986(16)", "Direction": "one", "SHAPE_Length": 28.02992139064389, "Year": "2016", "PDF": null}}, {"type": "Feature", "id": 600, "geometry": {"type": "LineString", "coordinates": [[-123.36869095650115, 48.417634717234044], [-123.36867302875005, 48.417884070948155]]}, "properties": {"OBJECTID": 600, "Label": "2243(19)", "Direction": "one", "SHAPE_Length": 27.748630452292225, "Year": "2019", "PDF": null}}, {"type": "Feature", "id": 601, "geometry": {"type": "LineString", "coordinates": [[-123.36006136554005, 48.42025134048978], [-123.36001136740964, 48.420426792856084]]}, "properties": {"OBJECTID": 601, "Label": "2410(15)", "Direction": "one", "SHAPE_Length": 19.850147453241043, "Year": "2015", "PDF": null}}, {"type": "Feature", "id": 602, "geometry": {"type": "LineString", "coordinates": [[-123.37022826678971, 48.42060147965848], [-123.36983918745912, 48.42058397211957]]}, "properties": {"OBJECTID": 602, "Label": "7421(14)", "Direction": "one", "SHAPE_Length": 28.85284028941437, "Year": "2014", "PDF": null}}, {"type": "Feature", "id": 603, "geometry": {"type": "LineString", "coordinates": [[-123.37417566326197, 48.41887228588606], [-123.3745416319178, 48.41901179234406]]}, "properties": {"OBJECTID": 603, "Label": "3222(19)", "Direction": "one", "SHAPE_Length": 31.203947266831808, "Year": "2019", "PDF": "Superior_400_2019.pdf"}}, {"type": "Feature", "id": 604, "geometry": {"type": "LineString", "coordinates": [[-123.37265809511476, 48.421087432532524], [-123.37235683555424, 48.42101402790887]]}, "properties": {"OBJECTID": 604, "Label": "4531(16)", "Direction": "one", "SHAPE_Length": 23.735817030857298, "Year": "2016", "PDF": null}}, {"type": "Feature", "id": 605, "geometry": {"type": "LineString", "coordinates": [[-123.37811795735733, 48.41771979403728], [-123.37797887257628, 48.417849528764435]]}, "properties": {"OBJECTID": 605, "Label": "1132(05)", "Direction": "one", "SHAPE_Length": 17.716192224284363, "Year": "2005", "PDF": null}}, {"type": "Feature", "id": 606, "geometry": {"type": "LineString", "coordinates": [[-123.37957529417325, 48.416406457857285], [-123.37937138009836, 48.416590248023745]]}, "properties": {"OBJECTID": 606, "Label": "1273(12)", "Direction": "one", "SHAPE_Length": 25.397073256830488, "Year": "2012", "PDF": null}}, {"type": "Feature", "id": 607, "geometry": {"type": "LineString", "coordinates": [[-123.38106425864369, 48.415009795261334], [-123.38083754680949, 48.415208019381936]]}, "properties": {"OBJECTID": 607, "Label": "743(17)", "Direction": "one", "SHAPE_Length": 27.693044469919077, "Year": "2017", "PDF": null}}, {"type": "Feature", "id": 608, "geometry": {"type": "LineString", "coordinates": [[-123.3829637604628, 48.41743539425782], [-123.38274497618902, 48.41763185033492]]}, "properties": {"OBJECTID": 608, "Label": "328(17)", "Direction": "one", "SHAPE_Length": 27.183104533161462, "Year": "2017", "PDF": null}}, {"type": "Feature", "id": 609, "geometry": {"type": "LineString", "coordinates": [[-123.38315701352812, 48.4212650446072], [-123.3828980642946, 48.42114210503974]]}, "properties": {"OBJECTID": 609, "Label": "2165(11)", "Direction": "one", "SHAPE_Length": 23.533054946155442, "Year": "2011", "PDF": null}}, {"type": "Feature", "id": 610, "geometry": {"type": "LineString", "coordinates": [[-123.37735298712705, 48.41982787623936], [-123.37726614778164, 48.41978499643132]]}, "properties": {"OBJECTID": 610, "Label": "1833(14)", "Direction": "one", "SHAPE_Length": 8.000020435564675, "Year": "2014", "PDF": null}}, {"type": "Feature", "id": 611, "geometry": {"type": "LineString", "coordinates": [[-123.38212131484318, 48.43019597022405], [-123.38177152110077, 48.43019777447514]]}, "properties": {"OBJECTID": 611, "Label": "3201(15)", "Direction": "one", "SHAPE_Length": 25.876398782872624, "Year": "2015", "PDF": null}}, {"type": "Feature", "id": 612, "geometry": {"type": "LineString", "coordinates": [[-123.3868842408926, 48.43458509884669], [-123.38652358663336, 48.4345858366635]]}, "properties": {"OBJECTID": 612, "Label": "327(07)", "Direction": "one", "SHAPE_Length": 26.676852053905794, "Year": "2007", "PDF": null}}, {"type": "Feature", "id": 613, "geometry": {"type": "LineString", "coordinates": [[-123.37181492454224, 48.43989006957019], [-123.37144120658701, 48.43975395715499]]}, "properties": {"OBJECTID": 613, "Label": "7129(14)", "Direction": "one", "SHAPE_Length": 31.510060201326823, "Year": "2014", "PDF": null}}, {"type": "Feature", "id": 614, "geometry": {"type": "LineString", "coordinates": [[-123.36315900492176, 48.437369504043346], [-123.36309584648336, 48.437111348429326]]}, "properties": {"OBJECTID": 614, "Label": "23233(10)", "Direction": "one", "SHAPE_Length": 29.07312370416165, "Year": "2010", "PDF": null}}, {"type": "Feature", "id": 615, "geometry": {"type": "LineString", "coordinates": [[-123.3858307429253, 48.43337640567082], [-123.38583182743426, 48.43351946755704]]}, "properties": {"OBJECTID": 615, "Label": "276(07)", "Direction": "one", "SHAPE_Length": 15.902300000505154, "Year": "2007", "PDF": null}}, {"type": "Feature", "id": 616, "geometry": {"type": "LineString", "coordinates": [[-123.38580858798565, 48.43181305190246], [-123.38581012884303, 48.43201658878847]]}, "properties": {"OBJECTID": 616, "Label": "232(07)", "Direction": "one", "SHAPE_Length": 22.62449999898672, "Year": "2007", "PDF": null}}, {"type": "Feature", "id": 617, "geometry": {"type": "LineString", "coordinates": [[-123.34582463759803, 48.420245812189], [-123.34567277025405, 48.420135802606566]]}, "properties": {"OBJECTID": 617, "Label": "1154(14)", "Direction": "one", "SHAPE_Length": 16.60672968664285, "Year": "2014", "PDF": null}}, {"type": "Feature", "id": 618, "geometry": {"type": "LineString", "coordinates": [[-123.33214928175248, 48.40857935977382], [-123.33173944646204, 48.408642245906954]]}, "properties": {"OBJECTID": 618, "Label": "1281(19)", "Direction": "one", "SHAPE_Length": 31.1249726416429, "Year": "2019", "PDF": null}}, {"type": "Feature", "id": 619, "geometry": {"type": "LineString", "coordinates": [[-123.33239725410115, 48.42496193363949], [-123.33238131658794, 48.425181120024845]]}, "properties": {"OBJECTID": 619, "Label": "641(12)", "Direction": "one", "SHAPE_Length": 24.392160419892488, "Year": "2012", "PDF": null}}, {"type": "Feature", "id": 620, "geometry": {"type": "LineString", "coordinates": [[-123.33196566544702, 48.41821116818186], [-123.33188608226126, 48.41805586362422]]}, "properties": {"OBJECTID": 620, "Label": "2082(09)", "Direction": "one", "SHAPE_Length": 18.239512168529476, "Year": "2009", "PDF": null}}, {"type": "Feature", "id": 621, "geometry": {"type": "LineString", "coordinates": [[-123.32864231353841, 48.415399755921], [-123.3283672177695, 48.41537984651226]]}, "properties": {"OBJECTID": 621, "Label": "2804(18)", "Direction": "one", "SHAPE_Length": 20.475721362826924, "Year": "2018", "PDF": null}}, {"type": "Feature", "id": 622, "geometry": {"type": "LineString", "coordinates": [[-123.34249331137232, 48.44699832802984], [-123.34231053028557, 48.447069322567074]]}, "properties": {"OBJECTID": 622, "Label": "168(06)", "Direction": "one", "SHAPE_Length": 15.65156757960051, "Year": "2006", "PDF": null}}, {"type": "Feature", "id": 623, "geometry": {"type": "LineString", "coordinates": [[-123.33365556927718, 48.415744622984626], [-123.33335772806834, 48.415834187726944]]}, "properties": {"OBJECTID": 623, "Label": "227(18)", "Direction": "one", "SHAPE_Length": 24.182961595465684, "Year": "2018", "PDF": null}}, {"type": "Feature", "id": 624, "geometry": {"type": "LineString", "coordinates": [[-123.34908639132759, 48.445695181771086], [-123.349157406067, 48.44598849445397]]}, "properties": {"OBJECTID": 624, "Label": "6303(16)", "Direction": "one", "SHAPE_Length": 33.023539968421346, "Year": "2016", "PDF": null}}, {"type": "Feature", "id": 625, "geometry": {"type": "LineString", "coordinates": [[-123.34583831881835, 48.4455277383437], [-123.3457416656476, 48.44562858900674]]}, "properties": {"OBJECTID": 625, "Label": "1875(06)", "Direction": "one", "SHAPE_Length": 13.294926119406327, "Year": "2006", "PDF": null}}, {"type": "Feature", "id": 626, "geometry": {"type": "LineString", "coordinates": [[-123.37555062303188, 48.41796204547421], [-123.37524113590172, 48.417843418962185]]}, "properties": {"OBJECTID": 626, "Label": "380(05)", "Direction": "one", "SHAPE_Length": 26.42452953428605, "Year": "2005", "PDF": null}}, {"type": "Feature", "id": 627, "geometry": {"type": "LineString", "coordinates": [[-123.37264864542189, 48.41733182058646], [-123.37252647355614, 48.41752660200772]]}, "properties": {"OBJECTID": 627, "Label": "2108(05)", "Direction": "one", "SHAPE_Length": 23.46232106712461, "Year": "2005", "PDF": null}}, {"type": "Feature", "id": 628, "geometry": {"type": "LineString", "coordinates": [[-123.37664414589509, 48.41419954732237], [-123.37640879617297, 48.41407871904392]]}, "properties": {"OBJECTID": 628, "Label": "819(05)", "Direction": "one", "SHAPE_Length": 21.99256147330243, "Year": "2005", "PDF": null}}, {"type": "Feature", "id": 629, "geometry": {"type": "LineString", "coordinates": [[-123.37938810579195, 48.41270532403753], [-123.37904515189754, 48.412541065987]]}, "properties": {"OBJECTID": 629, "Label": "3175(11)", "Direction": "one", "SHAPE_Length": 31.263730479918106, "Year": "2011", "PDF": null}}, {"type": "Feature", "id": 630, "geometry": {"type": "LineString", "coordinates": [[-123.3924924050696, 48.44056816264404], [-123.39260535368348, 48.44036541504219]]}, "properties": {"OBJECTID": 630, "Label": "113(09)", "Direction": "one", "SHAPE_Length": 24.034912201928584, "Year": "2009", "PDF": null}}, {"type": "Feature", "id": 631, "geometry": {"type": "LineString", "coordinates": [[-123.34580540811156, 48.40949256991126], [-123.34590568563684, 48.40943488392724]]}, "properties": {"OBJECTID": 631, "Label": "176(09)", "Direction": "one", "SHAPE_Length": 9.80738406983611, "Year": "2009", "PDF": null}}, {"type": "Feature", "id": 632, "geometry": {"type": "LineString", "coordinates": [[-123.39075623931566, 48.4315977287988], [-123.39075738788968, 48.43174735164701]]}, "properties": {"OBJECTID": 632, "Label": "280(09)", "Direction": "one", "SHAPE_Length": 16.631600000264868, "Year": "2009", "PDF": null}}, {"type": "Feature", "id": 633, "geometry": {"type": "LineString", "coordinates": [[-123.39409096295329, 48.43233821527995], [-123.39409196566142, 48.43256036053195]]}, "properties": {"OBJECTID": 633, "Label": "589(09)", "Direction": "one", "SHAPE_Length": 24.69275666327595, "Year": "2009", "PDF": null}}, {"type": "Feature", "id": 634, "geometry": {"type": "LineString", "coordinates": [[-123.37189716257907, 48.43888802522953], [-123.37150239551117, 48.4389665813043]]}, "properties": {"OBJECTID": 634, "Label": "476(09)", "Direction": "one", "SHAPE_Length": 30.475205959317158, "Year": "2009", "PDF": null}}, {"type": "Feature", "id": 635, "geometry": {"type": "LineString", "coordinates": [[-123.33110020093888, 48.424360801545305], [-123.33078337955229, 48.424405516844054]]}, "properties": {"OBJECTID": 635, "Label": "83(09)", "Direction": "one", "SHAPE_Length": 23.960332409223604, "Year": "2009", "PDF": null}}, {"type": "Feature", "id": 636, "geometry": {"type": "LineString", "coordinates": [[-123.39346564373416, 48.43366475430046], [-123.39346830120736, 48.4340087581486]]}, "properties": {"OBJECTID": 636, "Label": "984(09)", "Direction": "one", "SHAPE_Length": 38.2384000012096, "Year": "2009", "PDF": null}}, {"type": "Feature", "id": 637, "geometry": {"type": "LineString", "coordinates": [[-123.33221589388155, 48.413108664319275], [-123.33197977031932, 48.413108581091336]]}, "properties": {"OBJECTID": 637, "Label": "260(09)", "Direction": "one", "SHAPE_Length": 17.472806751046697, "Year": "2009", "PDF": null}}, {"type": "Feature", "id": 638, "geometry": {"type": "LineString", "coordinates": [[-123.32666698695063, 48.422364710190536], [-123.3265847062035, 48.42248878382062]]}, "properties": {"OBJECTID": 638, "Label": "57(11)", "Direction": "one", "SHAPE_Length": 15.075161285128413, "Year": "2011", "PDF": null}}, {"type": "Feature", "id": 639, "geometry": {"type": "LineString", "coordinates": [[-123.38583587771834, 48.430729411600275], [-123.3858314904349, 48.43090844924643]]}, "properties": {"OBJECTID": 639, "Label": "252(09)", "Direction": "one", "SHAPE_Length": 19.90363373486541, "Year": "2009", "PDF": null}}, {"type": "Feature", "id": 640, "geometry": {"type": "LineString", "coordinates": [[-123.35547359492702, 48.441622959290555], [-123.35554347016905, 48.44188456806738]]}, "properties": {"OBJECTID": 640, "Label": "218(09)", "Direction": "one", "SHAPE_Length": 29.534841420264236, "Year": "2009", "PDF": null}}, {"type": "Feature", "id": 641, "geometry": {"type": "LineString", "coordinates": [[-123.33444360632339, 48.410675557759774], [-123.33433550405788, 48.4106751072039]]}, "properties": {"OBJECTID": 641, "Label": "700(09)", "Direction": "one", "SHAPE_Length": 7.999951577906004, "Year": "2009", "PDF": null}}, {"type": "Feature", "id": 642, "geometry": {"type": "LineString", "coordinates": [[-123.39332268131625, 48.43215934501873], [-123.39332474860814, 48.43242702439328]]}, "properties": {"OBJECTID": 642, "Label": "677(11)", "Direction": "one", "SHAPE_Length": 29.7544000001442, "Year": "2011", "PDF": null}}, {"type": "Feature", "id": 643, "geometry": {"type": "LineString", "coordinates": [[-123.38485589049785, 48.42044442907465], [-123.38460012281007, 48.42032899389931]]}, "properties": {"OBJECTID": 643, "Label": "318(09)", "Direction": "one", "SHAPE_Length": 22.863720476754512, "Year": "2009", "PDF": null}}, {"type": "Feature", "id": 644, "geometry": {"type": "LineString", "coordinates": [[-123.38275997576227, 48.41944595988364], [-123.38253335764128, 48.419349291604895]]}, "properties": {"OBJECTID": 644, "Label": "528(09)", "Direction": "one", "SHAPE_Length": 19.914918821883813, "Year": "2009", "PDF": null}}, {"type": "Feature", "id": 645, "geometry": {"type": "LineString", "coordinates": [[-123.35766256757051, 48.4196114757193], [-123.35761518854972, 48.41983056927023]]}, "properties": {"OBJECTID": 645, "Label": "3125(11)", "Direction": "one", "SHAPE_Length": 24.60434058292928, "Year": "2011", "PDF": null}}, {"type": "Feature", "id": 646, "geometry": {"type": "LineString", "coordinates": [[-123.35956829742187, 48.436158690002195], [-123.35965307753433, 48.436505604475016]]}, "properties": {"OBJECTID": 646, "Label": "727(19)", "Direction": "one", "SHAPE_Length": 39.06791778750402, "Year": "2019", "PDF": "Wark_2500_2019.pdf"}}, {"type": "Feature", "id": 647, "geometry": {"type": "LineString", "coordinates": [[-123.3274286264256, 48.423350588738046], [-123.32742651154445, 48.42348429502332]]}, "properties": {"OBJECTID": 647, "Label": "84(11)", "Direction": "one", "SHAPE_Length": 14.862928302230909, "Year": "2011", "PDF": null}}, {"type": "Feature", "id": 648, "geometry": {"type": "LineString", "coordinates": [[-123.32604256669134, 48.42181039050136], [-123.32604581204117, 48.421942284997975]]}, "properties": {"OBJECTID": 648, "Label": "86(11)", "Direction": "one", "SHAPE_Length": 14.66267683028059, "Year": "2011", "PDF": null}}, {"type": "Feature", "id": 649, "geometry": {"type": "LineString", "coordinates": [[-123.39086058597142, 48.43480613123589], [-123.39051101680012, 48.434809226178444]]}, "properties": {"OBJECTID": 649, "Label": "335(10)", "Direction": "one", "SHAPE_Length": 25.858969855971573, "Year": "2010", "PDF": null}}, {"type": "Feature", "id": 650, "geometry": {"type": "LineString", "coordinates": [[-123.34056570043148, 48.44168582587767], [-123.34027518438846, 48.4418054365046]]}, "properties": {"OBJECTID": 650, "Label": "79(10)", "Direction": "one", "SHAPE_Length": 25.266615705901792, "Year": "2010", "PDF": null}}, {"type": "Feature", "id": 651, "geometry": {"type": "LineString", "coordinates": [[-123.3477959525391, 48.433109034590146], [-123.34768815647553, 48.433103192311414]]}, "properties": {"OBJECTID": 651, "Label": "234(15)", "Direction": "one", "SHAPE_Length": 8.000031982046014, "Year": "2015", "PDF": null}}, {"type": "Feature", "id": 652, "geometry": {"type": "LineString", "coordinates": [[-123.36650532058493, 48.44740831799018], [-123.36645705535159, 48.44720453079043]]}, "properties": {"OBJECTID": 652, "Label": "185(10)", "Direction": "one", "SHAPE_Length": 22.93153879910483, "Year": "2010", "PDF": null}}, {"type": "Feature", "id": 653, "geometry": {"type": "LineString", "coordinates": [[-123.39250868335418, 48.43256944414668], [-123.3920725122116, 48.43250690451226]]}, "properties": {"OBJECTID": 653, "Label": "3451(10)", "Direction": "one", "SHAPE_Length": 33.00424116779897, "Year": "2010", "PDF": null}}, {"type": "Feature", "id": 654, "geometry": {"type": "LineString", "coordinates": [[-123.35297913759696, 48.44007918479867], [-123.35257400781359, 48.44012515109173]]}, "properties": {"OBJECTID": 654, "Label": "9468(10)", "Direction": "one", "SHAPE_Length": 30.3956906261795, "Year": "2010", "PDF": null}}, {"type": "Feature", "id": 655, "geometry": {"type": "LineString", "coordinates": [[-123.34856147144407, 48.44079763130778], [-123.3479403642428, 48.440928026066125]]}, "properties": {"OBJECTID": 655, "Label": "9173(10)", "Direction": "one", "SHAPE_Length": 48.16844638637287, "Year": "2010", "PDF": null}}, {"type": "Feature", "id": 656, "geometry": {"type": "LineString", "coordinates": [[-123.38019699548094, 48.42003992967563], [-123.38010875520823, 48.4201220520142]]}, "properties": {"OBJECTID": 656, "Label": "446(17)", "Direction": "one", "SHAPE_Length": 11.222791703839565, "Year": "2017", "PDF": null}}, {"type": "Feature", "id": 657, "geometry": {"type": "LineString", "coordinates": [[-123.32483867055643, 48.419618962653175], [-123.32466857854111, 48.41950914504741]]}, "properties": {"OBJECTID": 657, "Label": "213(11)", "Direction": "one", "SHAPE_Length": 17.5324326776343, "Year": "2011", "PDF": null}}, {"type": "Feature", "id": 658, "geometry": {"type": "LineString", "coordinates": [[-123.32859374857178, 48.423021867249496], [-123.3285984048107, 48.42327850363968]]}, "properties": {"OBJECTID": 658, "Label": "73(11)", "Direction": "one", "SHAPE_Length": 28.528464560010242, "Year": "2011", "PDF": null}}, {"type": "Feature", "id": 659, "geometry": {"type": "LineString", "coordinates": [[-123.33247034525125, 48.44186023909274], [-123.33219720741208, 48.44186102786174]]}, "properties": {"OBJECTID": 659, "Label": "302(11)", "Direction": "one", "SHAPE_Length": 20.200600000098348, "Year": "2011", "PDF": null}}, {"type": "Feature", "id": 660, "geometry": {"type": "LineString", "coordinates": [[-123.34691050306404, 48.433618313320586], [-123.34663864981358, 48.43361341343199]]}, "properties": {"OBJECTID": 660, "Label": "262(11)", "Direction": "one", "SHAPE_Length": 20.11604708877192, "Year": "2011", "PDF": null}}, {"type": "Feature", "id": 661, "geometry": {"type": "LineString", "coordinates": [[-123.33424317789104, 48.428704602429626], [-123.33413942463625, 48.42861393351134]]}, "properties": {"OBJECTID": 661, "Label": "1256(17)", "Direction": "one", "SHAPE_Length": 12.668136812769182, "Year": "2017", "PDF": null}}, {"type": "Feature", "id": 662, "geometry": {"type": "LineString", "coordinates": [[-123.34460531241494, 48.43887177472291], [-123.34459766659754, 48.439047119936106]]}, "properties": {"OBJECTID": 662, "Label": "2310(12)", "Direction": "one", "SHAPE_Length": 19.498744038748878, "Year": "2012", "PDF": null}}, {"type": "Feature", "id": 663, "geometry": {"type": "LineString", "coordinates": [[-123.32446557955733, 48.418591854944985], [-123.32432628401352, 48.41869880182954]]}, "properties": {"OBJECTID": 663, "Label": "1905(12)", "Direction": "one", "SHAPE_Length": 15.733444424849303, "Year": "2012", "PDF": null}}, {"type": "Feature", "id": 664, "geometry": {"type": "LineString", "coordinates": [[-123.34425881660891, 48.436101641927536], [-123.34399506948256, 48.43609859630899]]}, "properties": {"OBJECTID": 664, "Label": "1463(15)", "Direction": "one", "SHAPE_Length": 19.5110555167067, "Year": "2015", "PDF": null}}, {"type": "Feature", "id": 665, "geometry": {"type": "LineString", "coordinates": [[-123.37733446274063, 48.443986471656814], [-123.3771163340369, 48.4438692531689]]}, "properties": {"OBJECTID": 665, "Label": "490(13)", "Direction": "one", "SHAPE_Length": 20.73625664934005, "Year": "2013", "PDF": null}}, {"type": "Feature", "id": 666, "geometry": {"type": "LineString", "coordinates": [[-123.34622785221833, 48.432744204739016], [-123.34603342240972, 48.432731565553524]]}, "properties": {"OBJECTID": 666, "Label": "490(19)", "Direction": "one", "SHAPE_Length": 14.45045349685701, "Year": "2019", "PDF": null}}, {"type": "Feature", "id": 667, "geometry": {"type": "LineString", "coordinates": [[-123.35205303757414, 48.435584876651056], [-123.35203866726526, 48.43572283550639]]}, "properties": {"OBJECTID": 667, "Label": "7517(14)", "Direction": "one", "SHAPE_Length": 15.37164153934553, "Year": "2014", "PDF": null}}, {"type": "Feature", "id": 668, "geometry": {"type": "LineString", "coordinates": [[-123.34509412120559, 48.42906697256326], [-123.34508664755846, 48.42922498037702]]}, "properties": {"OBJECTID": 668, "Label": "2644(14)", "Direction": "one", "SHAPE_Length": 17.57206898648107, "Year": "2014", "PDF": null}}, {"type": "Feature", "id": 669, "geometry": {"type": "LineString", "coordinates": [[-123.36272390286005, 48.446812845353826], [-123.36265933177837, 48.446507508591196]]}, "properties": {"OBJECTID": 669, "Label": "174(14)", "Direction": "one", "SHAPE_Length": 34.27411673725339, "Year": "2014", "PDF": null}}, {"type": "Feature", "id": 670, "geometry": {"type": "LineString", "coordinates": [[-123.39321228295292, 48.43605160503346], [-123.39284200229079, 48.43613029556472]]}, "properties": {"OBJECTID": 670, "Label": "276(14)", "Direction": "one", "SHAPE_Length": 28.750804070509048, "Year": "2014", "PDF": null}}, {"type": "Feature", "id": 671, "geometry": {"type": "LineString", "coordinates": [[-123.33147172394244, 48.4209094568926], [-123.33129628231552, 48.421107426362106]]}, "properties": {"OBJECTID": 671, "Label": "2193(19)", "Direction": "one", "SHAPE_Length": 25.548442446352176, "Year": "2019", "PDF": "Richmond_700_2019.pdf"}}, {"type": "Feature", "id": 672, "geometry": {"type": "LineString", "coordinates": [[-123.3739842674842, 48.44311153354713], [-123.37374138163271, 48.44299293256776]]}, "properties": {"OBJECTID": 672, "Label": "604(14)", "Direction": "one", "SHAPE_Length": 22.281235650240113, "Year": "2014", "PDF": null}}, {"type": "Feature", "id": 673, "geometry": {"type": "LineString", "coordinates": [[-123.37264255030402, 48.44130414167541], [-123.3725559189479, 48.4410033303463]]}, "properties": {"OBJECTID": 673, "Label": "414(14)", "Direction": "one", "SHAPE_Length": 34.04513962848497, "Year": "2014", "PDF": null}}, {"type": "Feature", "id": 674, "geometry": {"type": "LineString", "coordinates": [[-123.38536127131358, 48.417198486220464], [-123.38531080221117, 48.41702338702913]]}, "properties": {"OBJECTID": 674, "Label": "2474(15)", "Direction": "one", "SHAPE_Length": 19.818174482753722, "Year": "2015", "PDF": null}}, {"type": "Feature", "id": 675, "geometry": {"type": "LineString", "coordinates": [[-123.36615305870315, 48.41504615071201], [-123.36600517207324, 48.41531055407478]]}, "properties": {"OBJECTID": 675, "Label": "4905(15)", "Direction": "one", "SHAPE_Length": 31.360882883507095, "Year": "2015", "PDF": null}}, {"type": "Feature", "id": 676, "geometry": {"type": "LineString", "coordinates": [[-123.34476550671047, 48.4353460554822], [-123.3447688804012, 48.43559111153883]]}, "properties": {"OBJECTID": 676, "Label": "2072(15)", "Direction": "one", "SHAPE_Length": 27.2403955849222, "Year": "2015", "PDF": null}}, {"type": "Feature", "id": 677, "geometry": {"type": "LineString", "coordinates": [[-123.34392016121849, 48.41103216001496], [-123.34377021366875, 48.41124777702354]]}, "properties": {"OBJECTID": 677, "Label": "1655(15)", "Direction": "one", "SHAPE_Length": 26.410953346571482, "Year": "2015", "PDF": null}}, {"type": "Feature", "id": 678, "geometry": {"type": "LineString", "coordinates": [[-123.36535766103017, 48.4406076466732], [-123.36528242382334, 48.44031045886847]]}, "properties": {"OBJECTID": 678, "Label": "703(15)", "Direction": "one", "SHAPE_Length": 33.49940761106065, "Year": "2015", "PDF": null}}, {"type": "Feature", "id": 679, "geometry": {"type": "LineString", "coordinates": [[-123.37743338669704, 48.434413274917496], [-123.37665402819988, 48.43455825515619]]}, "properties": {"OBJECTID": 679, "Label": "11096(18)", "Direction": "one", "SHAPE_Length": 59.85750692818176, "Year": "2018", "PDF": null}}, {"type": "Feature", "id": 680, "geometry": {"type": "LineString", "coordinates": [[-123.33129938049701, 48.43363368493253], [-123.33096666346698, 48.43363464231707]]}, "properties": {"OBJECTID": 680, "Label": "7488(19)", "Direction": "one", "SHAPE_Length": 24.61089999973774, "Year": "2019", "PDF": "Bay_1700_2019.pdf"}}, {"type": "Feature", "id": 681, "geometry": {"type": "LineString", "coordinates": [[-123.36401668062545, 48.42012635563498], [-123.36380998888494, 48.42032156595507]]}, "properties": {"OBJECTID": 681, "Label": "6100(18)", "Direction": "one", "SHAPE_Length": 26.546157518319458, "Year": "2018", "PDF": null}}, {"type": "Feature", "id": 682, "geometry": {"type": "LineString", "coordinates": [[-123.36274515442544, 48.42228367460881], [-123.36269524528255, 48.42252437704218]]}, "properties": {"OBJECTID": 682, "Label": "7327(18)", "Direction": "one", "SHAPE_Length": 27.008891034773555, "Year": "2018", "PDF": null}}, {"type": "Feature", "id": 683, "geometry": {"type": "LineString", "coordinates": [[-123.36154333728518, 48.42709919293174], [-123.36149885758144, 48.427315524853604]]}, "properties": {"OBJECTID": 683, "Label": "10300(18)", "Direction": "one", "SHAPE_Length": 24.270495511401634, "Year": "2018", "PDF": null}}, {"type": "Feature", "id": 684, "geometry": {"type": "LineString", "coordinates": [[-123.36568636393929, 48.44337914754409], [-123.36554225986785, 48.44310617165979]]}, "properties": {"OBJECTID": 684, "Label": "18154(19)", "Direction": "one", "SHAPE_Length": 32.159897911015996, "Year": "2019", "PDF": null}}, {"type": "Feature", "id": 685, "geometry": {"type": "LineString", "coordinates": [[-123.34349882790904, 48.44879301954144], [-123.3434127891822, 48.448905087526704]]}, "properties": {"OBJECTID": 685, "Label": "6061(19)", "Direction": "one", "SHAPE_Length": 13.987660579109926, "Year": "2019", "PDF": null}}, {"type": "Feature", "id": 686, "geometry": {"type": "LineString", "coordinates": [[-123.35041562626243, 48.448929593040305], [-123.35033978789899, 48.44863344316994]]}, "properties": {"OBJECTID": 686, "Label": "9720(18)", "Direction": "one", "SHAPE_Length": 33.3929522380837, "Year": "2018", "PDF": null}}, {"type": "Feature", "id": 687, "geometry": {"type": "LineString", "coordinates": [[-123.39232335115996, 48.43911238946597], [-123.3920264190032, 48.439006739499185]]}, "properties": {"OBJECTID": 687, "Label": "5561(19)", "Direction": "one", "SHAPE_Length": 24.904139531636467, "Year": "2019", "PDF": null}}, {"type": "Feature", "id": 688, "geometry": {"type": "LineString", "coordinates": [[-123.32574146398328, 48.411483109843985], [-123.32555780271679, 48.4113874744133]]}, "properties": {"OBJECTID": 688, "Label": "1571(19)", "Direction": "one", "SHAPE_Length": 17.25462377475207, "Year": "2019", "PDF": null}}, {"type": "Feature", "id": 689, "geometry": {"type": "LineString", "coordinates": [[-123.36443954771674, 48.408434997253124], [-123.36407910989276, 48.40840950934853]]}, "properties": {"OBJECTID": 689, "Label": "4132(18)", "Direction": "one", "SHAPE_Length": 26.824403075716884, "Year": "2018", "PDF": null}}, {"type": "Feature", "id": 690, "geometry": {"type": "LineString", "coordinates": [[-123.37179468915127, 48.44626465321666], [-123.37158679653801, 48.44593395805271]]}, "properties": {"OBJECTID": 690, "Label": "15626(19)", "Direction": "one", "SHAPE_Length": 39.84406177770374, "Year": "2019", "PDF": null}}, {"type": "Feature", "id": 691, "geometry": {"type": "LineString", "coordinates": [[-123.3269188699579, 48.415440594790034], [-123.32648863466322, 48.41548441318879]]}, "properties": {"OBJECTID": 691, "Label": "1480(19)", "Direction": "one", "SHAPE_Length": 32.205749869841675, "Year": "2019", "PDF": null}}, {"type": "Feature", "id": 692, "geometry": {"type": "LineString", "coordinates": [[-123.32354701772537, 48.43176319291095], [-123.32313056818518, 48.431832687149644]]}, "properties": {"OBJECTID": 692, "Label": "6778(19)", "Direction": "one", "SHAPE_Length": 31.759095886640353, "Year": "2019", "PDF": null}}, {"type": "Feature", "id": 693, "geometry": {"type": "LineString", "coordinates": [[-123.32276036653225, 48.42201921188797], [-123.3227872070416, 48.42172908451735]]}, "properties": {"OBJECTID": 693, "Label": "4599(19)", "Direction": "one", "SHAPE_Length": 32.31013777656758, "Year": "2019", "PDF": null}}, {"type": "Feature", "id": 694, "geometry": {"type": "LineString", "coordinates": [[-123.36880790484096, 48.42191297366802], [-123.36885759344297, 48.42164118797585]]}, "properties": {"OBJECTID": 694, "Label": "4893(19)", "Direction": "one", "SHAPE_Length": 30.433211630256366, "Year": "2019", "PDF": null}}, {"type": "Feature", "id": 695, "geometry": {"type": "LineString", "coordinates": [[-123.32605187650844, 48.435812126182995], [-123.32551647270347, 48.435798155283905]]}, "properties": {"OBJECTID": 695, "Label": "851(19)", "Direction": "one", "SHAPE_Length": 39.63190189964889, "Year": "2019", "PDF": "Haultain_1800_2019.pdf"}}, {"type": "Feature", "id": 696, "geometry": {"type": "LineString", "coordinates": [[-123.32933399451039, 48.44605140237283], [-123.32868642073976, 48.446053253703866]]}, "properties": {"OBJECTID": 696, "Label": "10414(19)", "Direction": "one", "SHAPE_Length": 47.889000000432134, "Year": "2019", "PDF": "Lansdowne_1700_EB_2019.pdf"}}, {"type": "Feature", "id": 697, "geometry": {"type": "LineString", "coordinates": [[-123.32237182556734, 48.420180542325944], [-123.32194720584454, 48.42017412093888]]}, "properties": {"OBJECTID": 697, "Label": "2593(19)", "Direction": "one", "SHAPE_Length": 31.424987060375514, "Year": "2019", "PDF": null}}, {"type": "Feature", "id": 698, "geometry": {"type": "LineString", "coordinates": [[-123.32325847395684, 48.42635279979768], [-123.32310423897064, 48.42635323296076]]}, "properties": {"OBJECTID": 698, "Label": "6012(19)", "Direction": "one", "SHAPE_Length": 11.410299999639392, "Year": "2019", "PDF": null}}, {"type": "Feature", "id": 699, "geometry": {"type": "LineString", "coordinates": [[-123.36108616673702, 48.44543304171783], [-123.36103937337813, 48.445259592797484]]}, "properties": {"OBJECTID": 699, "Label": "6130(19)", "Direction": "one", "SHAPE_Length": 19.58788623099297, "Year": "2019", "PDF": null}}, {"type": "Feature", "id": 700, "geometry": {"type": "LineString", "coordinates": [[-123.32871591861836, 48.43644707875324], [-123.32881249928532, 48.436225813241236]]}, "properties": {"OBJECTID": 700, "Label": "5529(19)", "Direction": "one", "SHAPE_Length": 25.61122086097872, "Year": "2019", "PDF": null}}, {"type": "Feature", "id": 701, "geometry": {"type": "LineString", "coordinates": [[-123.33365335013688, 48.44706851064773], [-123.3336578699222, 48.446870600568715]]}, "properties": {"OBJECTID": 701, "Label": "12274(19)", "Direction": "one", "SHAPE_Length": 22.001304379297387, "Year": "2019", "PDF": null}}, {"type": "Feature", "id": 702, "geometry": {"type": "LineString", "coordinates": [[-123.32394799531626, 48.42798088769872], [-123.32394999080164, 48.42771868085901]]}, "properties": {"OBJECTID": 702, "Label": "277(16)", "Direction": "one", "SHAPE_Length": 29.14595898068181, "Year": "2016", "PDF": null}}, {"type": "Feature", "id": 703, "geometry": {"type": "LineString", "coordinates": [[-123.37006764065161, 48.416374042586405], [-123.37008409847581, 48.416079767213304]]}, "properties": {"OBJECTID": 703, "Label": "30(16)", "Direction": "one", "SHAPE_Length": 32.732826044417344, "Year": "2016", "PDF": null}}, {"type": "Feature", "id": 704, "geometry": {"type": "LineString", "coordinates": [[-123.33437899704555, 48.414386532889885], [-123.33407130102879, 48.41447445748287]]}, "properties": {"OBJECTID": 704, "Label": "148(17)", "Direction": "one", "SHAPE_Length": 24.777400292693137, "Year": "2017", "PDF": null}}, {"type": "Feature", "id": 705, "geometry": {"type": "LineString", "coordinates": [[-123.3289412518641, 48.41351630638256], [-123.32893999354692, 48.413321226881905]]}, "properties": {"OBJECTID": 705, "Label": "192(16)", "Direction": "one", "SHAPE_Length": 21.68420000001788, "Year": "2016", "PDF": null}}, {"type": "Feature", "id": 706, "geometry": {"type": "LineString", "coordinates": [[-123.35567114171305, 48.4109411213731], [-123.3554360402453, 48.41091796646139]]}, "properties": {"OBJECTID": 706, "Label": "35(16)", "Direction": "one", "SHAPE_Length": 17.58727983233025, "Year": "2016", "PDF": null}}, {"type": "Feature", "id": 707, "geometry": {"type": "LineString", "coordinates": [[-123.35511228837147, 48.410568684921955], [-123.35514883933679, 48.410417955263874]]}, "properties": {"OBJECTID": 707, "Label": "76(16)", "Direction": "one", "SHAPE_Length": 16.97125442586357, "Year": "2016", "PDF": null}}, {"type": "Feature", "id": 708, "geometry": {"type": "LineString", "coordinates": [[-123.38447174110662, 48.415503382381246], [-123.38429366723086, 48.41539083831693]]}, "properties": {"OBJECTID": 708, "Label": "3011(16)", "Direction": "one", "SHAPE_Length": 18.169201229400027, "Year": "2016", "PDF": null}}, {"type": "Feature", "id": 709, "geometry": {"type": "LineString", "coordinates": [[-123.3484404315674, 48.433774683878326], [-123.34812369508894, 48.433752875873886]]}, "properties": {"OBJECTID": 709, "Label": "214(16)", "Direction": "one", "SHAPE_Length": 23.553638267666955, "Year": "2016", "PDF": null}}, {"type": "Feature", "id": 710, "geometry": {"type": "LineString", "coordinates": [[-123.35028965939817, 48.44150174646396], [-123.35004804623847, 48.441716251390694]]}, "properties": {"OBJECTID": 710, "Label": "10405(18)", "Direction": "one", "SHAPE_Length": 29.79612421683851, "Year": "2018", "PDF": null}}, {"type": "Feature", "id": 711, "geometry": {"type": "LineString", "coordinates": [[-123.35820648807083, 48.44263064501507], [-123.35782730075694, 48.44267223429224]]}, "properties": {"OBJECTID": 711, "Label": "415(16)", "Direction": "one", "SHAPE_Length": 28.421574837057488, "Year": "2016", "PDF": null}}, {"type": "Feature", "id": 712, "geometry": {"type": "LineString", "coordinates": [[-123.35596646056884, 48.42651479113143], [-123.35592557436459, 48.426703351873954]]}, "properties": {"OBJECTID": 712, "Label": "3508(18)", "Direction": "one", "SHAPE_Length": 21.176612369406985, "Year": "2018", "PDF": null}}, {"type": "Feature", "id": 713, "geometry": {"type": "LineString", "coordinates": [[-123.364364198803, 48.42743103234127], [-123.36432553912952, 48.427605913372936]]}, "properties": {"OBJECTID": 713, "Label": "6976(18)", "Direction": "one", "SHAPE_Length": 19.64818505096256, "Year": "2018", "PDF": null}}, {"type": "Feature", "id": 714, "geometry": {"type": "LineString", "coordinates": [[-123.36484621292453, 48.42764647909017], [-123.36488812786425, 48.42747262666164]]}, "properties": {"OBJECTID": 714, "Label": "7653(18)", "Direction": "one", "SHAPE_Length": 19.57178131827763, "Year": "2018", "PDF": null}}, {"type": "Feature", "id": 715, "geometry": {"type": "LineString", "coordinates": [[-123.3588290856983, 48.42675288680317], [-123.35877263120454, 48.426989696048445]]}, "properties": {"OBJECTID": 715, "Label": "5184(18)", "Direction": "one", "SHAPE_Length": 26.65181883805806, "Year": "2018", "PDF": null}}, {"type": "Feature", "id": 716, "geometry": {"type": "LineString", "coordinates": [[-123.3591855933998, 48.42700387733882], [-123.35922945703099, 48.42679314137623]]}, "properties": {"OBJECTID": 716, "Label": "6049(18)", "Direction": "one", "SHAPE_Length": 23.64807142784133, "Year": "2018", "PDF": null}}, {"type": "Feature", "id": 717, "geometry": {"type": "LineString", "coordinates": [[-123.36596530137619, 48.42132686108271], [-123.36594382975076, 48.42153795056528]]}, "properties": {"OBJECTID": 717, "Label": "5033(19)", "Direction": "one", "SHAPE_Length": 23.517375154554284, "Year": "2019", "PDF": null}}, {"type": "Feature", "id": 718, "geometry": {"type": "LineString", "coordinates": [[-123.36634729890514, 48.42154887687923], [-123.36639117886578, 48.421320153814804]]}, "properties": {"OBJECTID": 718, "Label": "5768(19)", "Direction": "one", "SHAPE_Length": 25.630167381758277, "Year": "2019", "PDF": null}}, {"type": "Feature", "id": 719, "geometry": {"type": "LineString", "coordinates": [[-123.39410784825677, 48.43282088260449], [-123.39398415251267, 48.43280851039634]]}, "properties": {"OBJECTID": 719, "Label": "2911(18)", "Direction": "one", "SHAPE_Length": 9.252571104699877, "Year": "2018", "PDF": null}}, {"type": "Feature", "id": 720, "geometry": {"type": "LineString", "coordinates": [[-123.39413661758347, 48.43156343578699], [-123.39377997996048, 48.431431426146716]]}, "properties": {"OBJECTID": 720, "Label": "7988(19)", "Direction": "one", "SHAPE_Length": 30.187472765588222, "Year": "2019", "PDF": null}}, {"type": "Feature", "id": 721, "geometry": {"type": "LineString", "coordinates": [[-123.36091211361463, 48.42485869531617], [-123.36059948391352, 48.42482756406287]]}, "properties": {"OBJECTID": 721, "Label": "1916(19)", "Direction": "one", "SHAPE_Length": 23.386284736950216, "Year": "2019", "PDF": null}}, {"type": "Feature", "id": 722, "geometry": {"type": "LineString", "coordinates": [[-123.36076157152411, 48.42399687408118], [-123.36045899684801, 48.42396496600768]]}, "properties": {"OBJECTID": 722, "Label": "6748(19)", "Direction": "one", "SHAPE_Length": 22.664579258734864, "Year": "2019", "PDF": null}}, {"type": "Feature", "id": 723, "geometry": {"type": "LineString", "coordinates": [[-123.36174839747443, 48.42328447965456], [-123.361332831299, 48.4232382106844]]}, "properties": {"OBJECTID": 723, "Label": "1849(18)", "Direction": "one", "SHAPE_Length": 31.17241193765375, "Year": "2018", "PDF": null}}, {"type": "Feature", "id": 724, "geometry": {"type": "LineString", "coordinates": [[-123.36158145136505, 48.42239474146029], [-123.36134093485099, 48.42236487542713]]}, "properties": {"OBJECTID": 724, "Label": "1008(19)", "Direction": "one", "SHAPE_Length": 18.101682329090664, "Year": "2019", "PDF": null}}, {"type": "Feature", "id": 725, "geometry": {"type": "LineString", "coordinates": [[-123.3797768980028, 48.44279287052829], [-123.37934959286054, 48.44273759552751]]}, "properties": {"OBJECTID": 725, "Label": "9404(18)", "Direction": "one", "SHAPE_Length": 32.1933880350457, "Year": "2018", "PDF": null}}, {"type": "Feature", "id": 726, "geometry": {"type": "LineString", "coordinates": [[-123.36482286950728, 48.421940788330545], [-123.36467786659686, 48.42192634607826]]}, "properties": {"OBJECTID": 726, "Label": "1801(19)", "Direction": "one", "SHAPE_Length": 10.847609742337225, "Year": "2019", "PDF": null}}, {"type": "Feature", "id": 727, "geometry": {"type": "LineString", "coordinates": [[-123.37638734481958, 48.428146670268866], [-123.37586097305972, 48.428094281955445]]}, "properties": {"OBJECTID": 727, "Label": "9044(18)", "Direction": "one", "SHAPE_Length": 39.3723818611341, "Year": "2018", "PDF": null}}, {"type": "Feature", "id": 728, "geometry": {"type": "LineString", "coordinates": [[-123.36553612013496, 48.42159687469705], [-123.3654175256353, 48.421495091981235]]}, "properties": {"OBJECTID": 728, "Label": "1095(18)", "Direction": "one", "SHAPE_Length": 14.317427885186902, "Year": "2018", "PDF": null}}, {"type": "Feature", "id": 729, "geometry": {"type": "LineString", "coordinates": [[-123.37939455415099, 48.44669322074021], [-123.37915615922864, 48.44658352208138]]}, "properties": {"OBJECTID": 729, "Label": "9643(19)", "Direction": "one", "SHAPE_Length": 21.435420880304534, "Year": "2019", "PDF": null}}, {"type": "Feature", "id": 730, "geometry": {"type": "LineString", "coordinates": [[-123.35970205663766, 48.42647873760832], [-123.35959536574097, 48.426466999502566]]}, "properties": {"OBJECTID": 730, "Label": "9590(18)", "Direction": "one", "SHAPE_Length": 8.000029007846484, "Year": "2018", "PDF": null}}, {"type": "Feature", "id": 731, "geometry": {"type": "LineString", "coordinates": [[-123.35305555199488, 48.42639177154031], [-123.3530303926194, 48.426520284193614]]}, "properties": {"OBJECTID": 731, "Label": "8527(19)", "Direction": "one", "SHAPE_Length": 14.405580364232371, "Year": "2019", "PDF": null}}, {"type": "Feature", "id": 732, "geometry": {"type": "LineString", "coordinates": [[-123.36433212256719, 48.41797527361105], [-123.36413388292515, 48.41783351807562]]}, "properties": {"OBJECTID": 732, "Label": "6229(19)", "Direction": "one", "SHAPE_Length": 21.527437978777225, "Year": "2019", "PDF": null}}, {"type": "Feature", "id": 733, "geometry": {"type": "LineString", "coordinates": [[-123.33028098614832, 48.437770225459836], [-123.3299209068072, 48.43775975178556]]}, "properties": {"OBJECTID": 733, "Label": "170(16)", "Direction": "one", "SHAPE_Length": 26.657899782939214, "Year": "2016", "PDF": null}}, {"type": "Feature", "id": 734, "geometry": {"type": "LineString", "coordinates": [[-123.3584184259019, 48.412731952914], [-123.35827333402804, 48.41273240476426]]}, "properties": {"OBJECTID": 734, "Label": "1050(16)", "Direction": "one", "SHAPE_Length": 10.736800000071526, "Year": "2016", "PDF": null}}, {"type": "Feature", "id": 735, "geometry": {"type": "LineString", "coordinates": [[-123.35515099624641, 48.441423261977434], [-123.35479799856974, 48.44146993435467]]}, "properties": {"OBJECTID": 735, "Label": "192(17)", "Direction": "one", "SHAPE_Length": 26.617301113956774, "Year": "2017", "PDF": null}}, {"type": "Feature", "id": 736, "geometry": {"type": "LineString", "coordinates": [[-123.37221453307349, 48.43624423211282], [-123.37188645122302, 48.43630364336125]]}, "properties": {"OBJECTID": 736, "Label": "432(17)", "Direction": "one", "SHAPE_Length": 25.14913798430978, "Year": "2017", "PDF": null}}, {"type": "Feature", "id": 737, "geometry": {"type": "LineString", "coordinates": [[-123.35164636965447, 48.428220671106395], [-123.35143381928256, 48.42821183087869]]}, "properties": {"OBJECTID": 737, "Label": "240(17)", "Direction": "one", "SHAPE_Length": 15.754450414428153, "Year": "2017", "PDF": null}}, {"type": "Feature", "id": 738, "geometry": {"type": "LineString", "coordinates": [[-123.3424031852867, 48.44375201164894], [-123.34230438346646, 48.44359780761999]]}, "properties": {"OBJECTID": 738, "Label": "453(17)", "Direction": "one", "SHAPE_Length": 18.6330273877463, "Year": "2017", "PDF": null}}, {"type": "Feature", "id": 739, "geometry": {"type": "LineString", "coordinates": [[-123.39163067426296, 48.43442386672689], [-123.39163264294174, 48.434679849968326]]}, "properties": {"OBJECTID": 739, "Label": "130(17)", "Direction": "one", "SHAPE_Length": 28.454299999576694, "Year": "2017", "PDF": null}}, {"type": "Feature", "id": 740, "geometry": {"type": "LineString", "coordinates": [[-123.34609892738277, 48.435326819125336], [-123.34610188527908, 48.43550971402838]]}, "properties": {"OBJECTID": 740, "Label": "125(17)", "Direction": "one", "SHAPE_Length": 20.330896042824094, "Year": "2017", "PDF": null}}, {"type": "Feature", "id": 741, "geometry": {"type": "LineString", "coordinates": [[-123.35922082032955, 48.41428707167002], [-123.35921341317253, 48.41444899143295]]}, "properties": {"OBJECTID": 741, "Label": "697(17)", "Direction": "one", "SHAPE_Length": 18.00651208375139, "Year": "2017", "PDF": null}}, {"type": "Feature", "id": 742, "geometry": {"type": "LineString", "coordinates": [[-123.38136918870015, 48.428015834472944], [-123.38129724747692, 48.42796209904039]]}, "properties": {"OBJECTID": 742, "Label": "1101(17)", "Direction": "one", "SHAPE_Length": 8.000011325773094, "Year": "2017", "PDF": null}}, {"type": "Feature", "id": 743, "geometry": {"type": "LineString", "coordinates": [[-123.35425757376478, 48.442145793437035], [-123.35430555134471, 48.44231652729817]]}, "properties": {"OBJECTID": 743, "Label": "181(17)", "Direction": "one", "SHAPE_Length": 19.306838214010515, "Year": "2017", "PDF": null}}, {"type": "Feature", "id": 744, "geometry": {"type": "LineString", "coordinates": [[-123.35312228150012, 48.434343225488625], [-123.35292641143887, 48.43433224153436]]}, "properties": {"OBJECTID": 744, "Label": "142(17)", "Direction": "one", "SHAPE_Length": 14.539435497496049, "Year": "2017", "PDF": null}}, {"type": "Feature", "id": 745, "geometry": {"type": "LineString", "coordinates": [[-123.37339068766211, 48.41595827175648], [-123.37327785132753, 48.416162499804756]]}, "properties": {"OBJECTID": 745, "Label": "2674(17)", "Direction": "one", "SHAPE_Length": 24.187679013329728, "Year": "2017", "PDF": null}}, {"type": "Feature", "id": 746, "geometry": {"type": "LineString", "coordinates": [[-123.38005253520393, 48.41586631363593], [-123.37980807754323, 48.41575444250256]]}, "properties": {"OBJECTID": 746, "Label": "423(17)", "Direction": "one", "SHAPE_Length": 21.950569879612257, "Year": "2017", "PDF": null}}, {"type": "Feature", "id": 747, "geometry": {"type": "LineString", "coordinates": [[-123.33527470758452, 48.41151537722756], [-123.33506032399752, 48.411514506458424]]}, "properties": {"OBJECTID": 747, "Label": "95(17)", "Direction": "one", "SHAPE_Length": 15.864870577522387, "Year": "2017", "PDF": null}}, {"type": "Feature", "id": 748, "geometry": {"type": "LineString", "coordinates": [[-123.3244749678613, 48.425329861732166], [-123.32447643093748, 48.42555970919726]]}, "properties": {"OBJECTID": 748, "Label": "304(19)", "Direction": "one", "SHAPE_Length": 25.548899998888373, "Year": "2019", "PDF": null}}, {"type": "Feature", "id": 749, "geometry": {"type": "LineString", "coordinates": [[-123.33546690511606, 48.433135639041595], [-123.33545408779972, 48.4333433143948]]}, "properties": {"OBJECTID": 749, "Label": "251(17)", "Direction": "one", "SHAPE_Length": 23.10363583290795, "Year": "2017", "PDF": null}}, {"type": "Feature", "id": 750, "geometry": {"type": "LineString", "coordinates": [[-123.37755545507034, 48.41866490984135], [-123.37768333739052, 48.41854409201343]]}, "properties": {"OBJECTID": 750, "Label": "1834(19)", "Direction": "one", "SHAPE_Length": 16.428123889807953, "Year": "2019", "PDF": "Oswego_200_2019.pdf"}}, {"type": "Feature", "id": 751, "geometry": {"type": "LineString", "coordinates": [[-123.35922781791064, 48.413247455286474], [-123.35922159314214, 48.413421619302596]]}, "properties": {"OBJECTID": 751, "Label": "543(18)", "Direction": "one", "SHAPE_Length": 19.364652030010856, "Year": "2018", "PDF": null}}, {"type": "Feature", "id": 752, "geometry": {"type": "LineString", "coordinates": [[-123.35813855703206, 48.41773025700378], [-123.35809950412725, 48.41791120742652]]}, "properties": {"OBJECTID": 752, "Label": "3083(18)", "Direction": "one", "SHAPE_Length": 20.32003516232691, "Year": "2018", "PDF": null}}, {"type": "Feature", "id": 753, "geometry": {"type": "LineString", "coordinates": [[-123.3572130206886, 48.438048471521014], [-123.35697934604109, 48.43807749157537]]}, "properties": {"OBJECTID": 753, "Label": "89(18)", "Direction": "one", "SHAPE_Length": 17.581594295977087, "Year": "2018", "PDF": null}}, {"type": "Feature", "id": 754, "geometry": {"type": "LineString", "coordinates": [[-123.35659711902078, 48.438132888742814], [-123.35636829733464, 48.438156470315306]]}, "properties": {"OBJECTID": 754, "Label": "100(18)", "Direction": "one", "SHAPE_Length": 17.125964738222685, "Year": "2018", "PDF": null}}, {"type": "Feature", "id": 755, "geometry": {"type": "LineString", "coordinates": [[-123.38432470671523, 48.43364423480047], [-123.38391624854795, 48.43364559910859]]}, "properties": {"OBJECTID": 755, "Label": "69(18)", "Direction": "one", "SHAPE_Length": 30.213600000532058, "Year": "2018", "PDF": null}}, {"type": "Feature", "id": 756, "geometry": {"type": "LineString", "coordinates": [[-123.35074004205748, 48.43432499671253], [-123.35027286328477, 48.43428813764377]]}, "properties": {"OBJECTID": 756, "Label": "136(18)", "Direction": "one", "SHAPE_Length": 34.798247132223295, "Year": "2018", "PDF": null}}, {"type": "Feature", "id": 757, "geometry": {"type": "LineString", "coordinates": [[-123.34297432635685, 48.41960508562191], [-123.34264335092043, 48.41968341224981]]}, "properties": {"OBJECTID": 757, "Label": "1715(18)", "Direction": "one", "SHAPE_Length": 25.990223088370342, "Year": "2018", "PDF": null}}, {"type": "Feature", "id": 758, "geometry": {"type": "LineString", "coordinates": [[-123.32559732726831, 48.42505835903572], [-123.32561012215092, 48.4252637776302]]}, "properties": {"OBJECTID": 758, "Label": "239(18)", "Direction": "one", "SHAPE_Length": 22.852894492980056, "Year": "2018", "PDF": null}}, {"type": "Feature", "id": 759, "geometry": {"type": "LineString", "coordinates": [[-123.32671238403145, 48.42530825858188], [-123.32671680566553, 48.425557566128894]]}, "properties": {"OBJECTID": 759, "Label": "165(18)", "Direction": "one", "SHAPE_Length": 27.71368733321088, "Year": "2018", "PDF": null}}, {"type": "Feature", "id": 760, "geometry": {"type": "LineString", "coordinates": [[-123.32798102135652, 48.42504691784651], [-123.32800054795821, 48.42542187201377]]}, "properties": {"OBJECTID": 760, "Label": "133(18)", "Direction": "one", "SHAPE_Length": 41.70302376988976, "Year": "2018", "PDF": null}}, {"type": "Feature", "id": 761, "geometry": {"type": "LineString", "coordinates": [[-123.32893628876516, 48.42502891237086], [-123.32895290145201, 48.42533916172619]]}, "properties": {"OBJECTID": 761, "Label": "114(18)", "Direction": "one", "SHAPE_Length": 34.507632941600924, "Year": "2018", "PDF": null}}, {"type": "Feature", "id": 762, "geometry": {"type": "LineString", "coordinates": [[-123.32933239241986, 48.4240697750273], [-123.32902227409986, 48.424072576614115]]}, "properties": {"OBJECTID": 762, "Label": "401(18)", "Direction": "one", "SHAPE_Length": 22.94548679152083, "Year": "2018", "PDF": null}}, {"type": "Feature", "id": 763, "geometry": {"type": "LineString", "coordinates": [[-123.34707065395719, 48.44699452257061], [-123.34689579280291, 48.44699025374722]]}, "properties": {"OBJECTID": 763, "Label": "92(19)", "Direction": "one", "SHAPE_Length": 12.93958629853519, "Year": "2019", "PDF": "Lang_1400_2019.pdf"}}, {"type": "Feature", "id": 764, "geometry": {"type": "LineString", "coordinates": [[-123.32408070308293, 48.423648579842016], [-123.32409920297899, 48.42381562404406]]}, "properties": {"OBJECTID": 764, "Label": "148(19)", "Direction": "one", "SHAPE_Length": 18.618150970860505, "Year": "2019", "PDF": null}}, {"type": "Feature", "id": 765, "geometry": {"type": "LineString", "coordinates": [[-123.36253096930876, 48.44201364144671], [-123.36198938758034, 48.44208927062271]]}, "properties": {"OBJECTID": 765, "Label": "458(19)", "Direction": "one", "SHAPE_Length": 40.926271751211864, "Year": "2019", "PDF": "Topaz_900_2019.pdf"}}, {"type": "Feature", "id": 766, "geometry": {"type": "LineString", "coordinates": [[-123.34409219781698, 48.43349266271883], [-123.34378762346415, 48.4334821636277]]}, "properties": {"OBJECTID": 766, "Label": "223(19)", "Direction": "one", "SHAPE_Length": 22.559274992677096, "Year": "2019", "PDF": null}}, {"type": "Feature", "id": 767, "geometry": {"type": "LineString", "coordinates": [[-123.33571083407264, 48.43599478638334], [-123.33540738771678, 48.435986152886144]]}, "properties": {"OBJECTID": 767, "Label": "1199(19)", "Direction": "one", "SHAPE_Length": 22.46502730867201, "Year": "2019", "PDF": "Haultain_1500_2019.pdf"}}, {"type": "Feature", "id": 768, "geometry": {"type": "LineString", "coordinates": [[-123.35642449828795, 48.419668363579476], [-123.35612090921907, 48.41963131380506]]}, "properties": {"OBJECTID": 768, "Label": "1511(19)", "Direction": "one", "SHAPE_Length": 22.83670194456013, "Year": "2019", "PDF": null}}, {"type": "Feature", "id": 769, "geometry": {"type": "LineString", "coordinates": [[-123.35605237640577, 48.438933132533414], [-123.35611266197786, 48.43914407178039]]}, "properties": {"OBJECTID": 769, "Label": "423(19)", "Direction": "one", "SHAPE_Length": 23.867204409182914, "Year": "2019", "PDF": "Graham_2700_2019.pdf"}}, {"type": "Feature", "id": 770, "geometry": {"type": "LineString", "coordinates": [[-123.34472825976023, 48.43887765547439], [-123.34472351763044, 48.43903486761553]]}, "properties": {"OBJECTID": 770, "Label": "2029(19)", "Direction": "one", "SHAPE_Length": 17.478475407319472, "Year": "2019", "PDF": "Fernwood_2700_2019.pdf"}}, {"type": "Feature", "id": 771, "geometry": {"type": "LineString", "coordinates": [[-123.33656646229313, 48.43247982676487], [-123.33617022167805, 48.43246953958935]]}, "properties": {"OBJECTID": 771, "Label": "164(19)", "Direction": "one", "SHAPE_Length": 29.3324018090237, "Year": "2019", "PDF": null}}, {"type": "Feature", "id": 772, "geometry": {"type": "LineString", "coordinates": [[-123.3412732306582, 48.44020781949788], [-123.34168453676965, 48.440206599031136]]}, "properties": {"OBJECTID": 772, "Label": "818(19)", "Direction": "one", "SHAPE_Length": 30.420199999585748, "Year": "2019", "PDF": "Ryan_1400_2019.pdf"}}, {"type": "Feature", "id": 773, "geometry": {"type": "LineString", "coordinates": [[-123.3483234397362, 48.428023461229834], [-123.34871853218917, 48.42804073271884]]}, "properties": {"OBJECTID": 773, "Label": "305(20)", "Direction": "one", "SHAPE_Length": 29.290722379855858, "Year": "2020", "PDF": "Balmoral_1200_2020-08-19.pdf"}}, {"type": "Feature", "id": 774, "geometry": {"type": "LineString", "coordinates": [[-123.34219704483688, 48.42736065985654], [-123.34218929256764, 48.427505451543446]]}, "properties": {"OBJECTID": 774, "Label": "87(20)", "Direction": "one", "SHAPE_Length": 16.10453761172376, "Year": "2020", "PDF": "Stanley_1600_2020.pdf"}}, {"type": "Feature", "id": 775, "geometry": {"type": "LineString", "coordinates": [[-123.34620263314447, 48.44563027642035], [-123.3463106083351, 48.4455137913573]]}, "properties": {"OBJECTID": 775, "Label": "5691(19)", "Direction": "one", "SHAPE_Length": 15.212109663848494, "Year": "2019", "PDF": "CedarHill_3000_2019.pdf"}}, {"type": "Feature", "id": 776, "geometry": {"type": "LineString", "coordinates": [[-123.34592160675369, 48.445553046199684], [-123.34582495060971, 48.44565045397826]]}, "properties": {"OBJECTID": 776, "Label": "6061(19)", "Direction": "one", "SHAPE_Length": 12.973993829115415, "Year": "2019", "PDF": "CedarHill_3000_2019.pdf"}}, {"type": "Feature", "id": 777, "geometry": {"type": "LineString", "coordinates": [[-123.36730927873992, 48.42811632542647], [-123.36732138574187, 48.428009648136545]]}, "properties": {"OBJECTID": 777, "Label": "3430(19)", "Direction": "one", "SHAPE_Length": 11.891508614557953, "Year": "2019", "PDF": "Government_1400_2019.pdf"}}, {"type": "Feature", "id": 778, "geometry": {"type": "LineString", "coordinates": [[-123.36695072732188, 48.42799273955746], [-123.36693276733008, 48.428081345236315]]}, "properties": {"OBJECTID": 778, "Label": "4579(19)", "Direction": "one", "SHAPE_Length": 9.938190573521089, "Year": "2019", "PDF": "Government_1400_2019.pdf"}}, {"type": "Feature", "id": 779, "geometry": {"type": "LineString", "coordinates": [[-123.33859503651358, 48.427453638461735], [-123.33854214381829, 48.42724432417626]]}, "properties": {"OBJECTID": 779, "Label": "695(19)", "Direction": "one", "SHAPE_Length": 23.593067109020456, "Year": "2019", "PDF": "Belmont_1600_2019.pdf"}}, {"type": "Feature", "id": 780, "geometry": {"type": "LineString", "coordinates": [[-123.33815816361674, 48.42715785662604], [-123.3382398438739, 48.42739374590767]]}, "properties": {"OBJECTID": 780, "Label": "777(19)", "Direction": "one", "SHAPE_Length": 26.907527455669687, "Year": "2019", "PDF": "Belmont_1600_2019.pdf"}}, {"type": "Feature", "id": 781, "geometry": {"type": "LineString", "coordinates": [[-123.3587983814821, 48.42176720009827], [-123.35905603518415, 48.421791152227016]]}, "properties": {"OBJECTID": 781, "Label": "1020(19)", "Direction": "one", "SHAPE_Length": 19.247809301743214, "Year": "2019", "PDF": "Burdett_900_2019.pdf"}}, {"type": "Feature", "id": 782, "geometry": {"type": "LineString", "coordinates": [[-123.35911942023489, 48.42144818514684], [-123.35886175618367, 48.42142232862326]]}, "properties": {"OBJECTID": 782, "Label": "753(19)", "Direction": "one", "SHAPE_Length": 19.279114076043264, "Year": "2019", "PDF": "Burdett_900_2019.pdf"}}, {"type": "Feature", "id": 783, "geometry": {"type": "LineString", "coordinates": [[-123.35035110176085, 48.428007621898914], [-123.35036719572807, 48.42785142274642]]}, "properties": {"OBJECTID": 783, "Label": "1106(19)", "Direction": "one", "SHAPE_Length": 17.403101300376324, "Year": "2019", "PDF": "Chambers_1600_2019.pdf"}}, {"type": "Feature", "id": 784, "geometry": {"type": "LineString", "coordinates": [[-123.3501146047796, 48.42782233023368], [-123.35010442399027, 48.42800645819574]]}, "properties": {"OBJECTID": 784, "Label": "1001(19)", "Direction": "one", "SHAPE_Length": 20.480609426306923, "Year": "2019", "PDF": "Chambers_1600_2019.pdf"}}, {"type": "Feature", "id": 785, "geometry": {"type": "LineString", "coordinates": [[-123.34999713410572, 48.430628974176884], [-123.35001627483602, 48.43049942529838]]}, "properties": {"OBJECTID": 785, "Label": "1490(19)", "Direction": "one", "SHAPE_Length": 14.469464345995675, "Year": "2019", "PDF": "Chambers_1900_2019.pdf"}}, {"type": "Feature", "id": 786, "geometry": {"type": "LineString", "coordinates": [[-123.34983289902738, 48.43046380246289], [-123.3498166457976, 48.4305971507651]]}, "properties": {"OBJECTID": 786, "Label": "1383(19)", "Direction": "one", "SHAPE_Length": 14.87102884464373, "Year": "2019", "PDF": "Chambers_1900_2019.pdf"}}, {"type": "Feature", "id": 787, "geometry": {"type": "LineString", "coordinates": [[-123.34981771377221, 48.43197620390358], [-123.34983987990685, 48.43184453080471]]}, "properties": {"OBJECTID": 787, "Label": "464(19)", "Direction": "one", "SHAPE_Length": 14.727700244350837, "Year": "2019", "PDF": "Chambers_2100_2019.pdf"}}, {"type": "Feature", "id": 788, "geometry": {"type": "LineString", "coordinates": [[-123.34959264082363, 48.43181095230814], [-123.34957918256701, 48.43193626445181]]}, "properties": {"OBJECTID": 788, "Label": "705(19)", "Direction": "one", "SHAPE_Length": 13.964619871935607, "Year": "2019", "PDF": "Chambers_2100_2019.pdf"}}, {"type": "Feature", "id": 789, "geometry": {"type": "LineString", "coordinates": [[-123.38584218620787, 48.419626345405646], [-123.38577452352202, 48.41941100948204]]}, "properties": {"OBJECTID": 789, "Label": "1171(19)", "Direction": "one", "SHAPE_Length": 24.453638110686086, "Year": "2019", "PDF": "Dallas_0_2019.pdf"}}, {"type": "Feature", "id": 790, "geometry": {"type": "LineString", "coordinates": [[-123.38275600372307, 48.414401197682196], [-123.38261226616345, 48.41430646242482]]}, "properties": {"OBJECTID": 790, "Label": "1791(19)", "Direction": "one", "SHAPE_Length": 14.967117105468288, "Year": "2019", "PDF": "Dallas_200_2019.pdf"}}, {"type": "Feature", "id": 791, "geometry": {"type": "LineString", "coordinates": [[-123.38235594018882, 48.414455847650345], [-123.38249388447423, 48.414541081424055]]}, "properties": {"OBJECTID": 791, "Label": "1954(19)", "Direction": "one", "SHAPE_Length": 13.92663724574749, "Year": "2019", "PDF": "Dallas_200_2019.pdf"}}, {"type": "Feature", "id": 792, "geometry": {"type": "LineString", "coordinates": [[-123.33376542520165, 48.413803292601095], [-123.33397547650259, 48.41355512762681]]}, "properties": {"OBJECTID": 792, "Label": "3383(19)", "Direction": "one", "SHAPE_Length": 31.66245218591208, "Year": "2019", "PDF": "Fairfield_1600_2019.pdf"}}, {"type": "Feature", "id": 793, "geometry": {"type": "LineString", "coordinates": [[-123.33367172399238, 48.41347222122609], [-123.33346711935064, 48.41367847560662]]}, "properties": {"OBJECTID": 793, "Label": "311719)", "Direction": "one", "SHAPE_Length": 27.474300720213456, "Year": "2019", "PDF": "Fairfield_1600_2019.pdf"}}, {"type": "Feature", "id": 794, "geometry": {"type": "LineString", "coordinates": [[-123.36304264424192, 48.44796484055501], [-123.36297836964137, 48.447782234317295]]}, "properties": {"OBJECTID": 794, "Label": "152(19)", "Direction": "one", "SHAPE_Length": 20.846756460026725, "Year": "2019", "PDF": "Glasgow_3100_2019.pdf"}}, {"type": "Feature", "id": 795, "geometry": {"type": "LineString", "coordinates": [[-123.36264663715043, 48.44782517415417], [-123.36268787675928, 48.44798881027055]]}, "properties": {"OBJECTID": 795, "Label": "235(19)", "Direction": "one", "SHAPE_Length": 18.44293551528309, "Year": "2019", "PDF": "Glasgow_3100_2019.pdf"}}, {"type": "Feature", "id": 796, "geometry": {"type": "LineString", "coordinates": [[-123.3282862196469, 48.42069919467937], [-123.32845939265518, 48.42049113494751]]}, "properties": {"OBJECTID": 796, "Label": "289(19)", "Direction": "one", "SHAPE_Length": 26.438898194665175, "Year": "2019", "PDF": "Maddison_800_2019.pdf"}}, {"type": "Feature", "id": 797, "geometry": {"type": "LineString", "coordinates": [[-123.32820977807505, 48.42037949563752], [-123.32802823162517, 48.420619951130476]]}, "properties": {"OBJECTID": 797, "Label": "378(19)", "Direction": "one", "SHAPE_Length": 29.913195609230154, "Year": "2019", "PDF": "Maddison_800_2019.pdf"}}, {"type": "Feature", "id": 798, "geometry": {"type": "LineString", "coordinates": [[-123.32695877330998, 48.422483468913555], [-123.32710639289954, 48.42230404790983]]}, "properties": {"OBJECTID": 798, "Label": "76(19)", "Direction": "one", "SHAPE_Length": 22.7382082801396, "Year": "2019", "PDF": "Maddison_900_2019.pdf"}}, {"type": "Feature", "id": 799, "geometry": {"type": "LineString", "coordinates": [[-123.32685942616642, 48.42216002502209], [-123.3267061091587, 48.42234327012485]]}, "properties": {"OBJECTID": 799, "Label": "76(19)", "Direction": "one", "SHAPE_Length": 23.314100883941222, "Year": "2019", "PDF": "Maddison_900_2019.pdf"}}, {"type": "Feature", "id": 800, "geometry": {"type": "LineString", "coordinates": [[-123.35471479067228, 48.43896744920414], [-123.3547790774231, 48.43915767762436]]}, "properties": {"OBJECTID": 800, "Label": "233(19)", "Direction": "one", "SHAPE_Length": 21.67288729678529, "Year": "2019", "PDF": "Prior_2700_2019.pdf"}}, {"type": "Feature", "id": 801, "geometry": {"type": "LineString", "coordinates": [[-123.35511666932057, 48.43914140256869], [-123.35504615387055, 48.43887883096018]]}, "properties": {"OBJECTID": 801, "Label": "311(19)", "Direction": "one", "SHAPE_Length": 29.648547047925717, "Year": "2019", "PDF": "Prior_2700_2019.pdf"}}, {"type": "Feature", "id": 802, "geometry": {"type": "LineString", "coordinates": [[-123.35412405229161, 48.4194409800569], [-123.35385206985012, 48.419411348139064]]}, "properties": {"OBJECTID": 802, "Label": "1685(19)", "Direction": "one", "SHAPE_Length": 20.391603356886524, "Year": "2019", "PDF": "Richardson_1100_2019.pdf"}}, {"type": "Feature", "id": 803, "geometry": {"type": "LineString", "coordinates": [[-123.35391076590248, 48.41962444699698], [-123.3541655453279, 48.41964841801704]]}, "properties": {"OBJECTID": 803, "Label": "2055(19)", "Direction": "one", "SHAPE_Length": 19.038293439980784, "Year": "2019", "PDF": "Richardson_1100_2019.pdf"}}, {"type": "Feature", "id": 804, "geometry": {"type": "LineString", "coordinates": [[-123.34225831129095, 48.41658810158856], [-123.34263049437942, 48.41663269645737]]}, "properties": {"OBJECTID": 804, "Label": "2211(19)", "Direction": "one", "SHAPE_Length": 27.98169363829036, "Year": "2019", "PDF": "Richardson_1400_2019.pdf"}}, {"type": "Feature", "id": 805, "geometry": {"type": "LineString", "coordinates": [[-123.34264014575231, 48.41636607020495], [-123.34227373640901, 48.416329074673435]]}, "properties": {"OBJECTID": 805, "Label": "1793(19)", "Direction": "one", "SHAPE_Length": 27.422144319946003, "Year": "2019", "PDF": "Richardson_1400_2019.pdf"}}, {"type": "Feature", "id": 806, "geometry": {"type": "LineString", "coordinates": [[-123.34464182371737, 48.42095932592445], [-123.34470308860678, 48.4207115871857]]}, "properties": {"OBJECTID": 806, "Label": "248(19)", "Direction": "one", "SHAPE_Length": 27.907949293309542, "Year": "2019", "PDF": "RoyalTerrace_900_2019.pdf"}}, {"type": "Feature", "id": 807, "geometry": {"type": "LineString", "coordinates": [[-123.34452376142961, 48.42042267477556], [-123.34446788401648, 48.42062088661547]]}, "properties": {"OBJECTID": 807, "Label": "94(19)", "Direction": "one", "SHAPE_Length": 22.416748391049968, "Year": "2019", "PDF": "RoyalTerrace_900_2019.pdf"}}, {"type": "Feature", "id": 808, "geometry": {"type": "LineString", "coordinates": [[-123.35349772623579, 48.41825278023934], [-123.35355902411345, 48.41801646215703]]}, "properties": {"OBJECTID": 808, "Label": "144(19)", "Direction": "one", "SHAPE_Length": 26.656596102700227, "Year": "2019", "PDF": "Trutch_500_2019.pdf"}}, {"type": "Feature", "id": 809, "geometry": {"type": "LineString", "coordinates": [[-123.35319720801508, 48.417819528623944], [-123.35315879487418, 48.41805577628776]]}, "properties": {"OBJECTID": 809, "Label": "125(19)", "Direction": "one", "SHAPE_Length": 26.413451265985895, "Year": "2019", "PDF": "Trutch_500_2019.pdf"}}, {"type": "Feature", "id": 810, "geometry": {"type": "LineString", "coordinates": [[-123.3873311188916, 48.43010051208368], [-123.38732975856138, 48.42992151528902]]}, "properties": {"OBJECTID": 810, "Label": "225(20)", "Direction": "one", "SHAPE_Length": 19.89670000039041, "Year": "2020", "PDF": "Russell_200_2020.pdf"}}, {"type": "Feature", "id": 811, "geometry": {"type": "LineString", "coordinates": [[-123.38711238493585, 48.429933672338315], [-123.38711394699045, 48.430139327889854]]}, "properties": {"OBJECTID": 811, "Label": "225(20)", "Direction": "one", "SHAPE_Length": 22.8600000012666, "Year": "2020", "PDF": "Russell_200_2020.pdf"}}, {"type": "Feature", "id": 812, "geometry": {"type": "LineString", "coordinates": [[-123.3506527563093, 48.40851334247542], [-123.35069411323656, 48.40828851192482]]}, "properties": {"OBJECTID": 812, "Label": "730(20)", "Direction": "one", "SHAPE_Length": 25.17769187022594, "Year": "2020", "PDF": "Moss_0_2020.pdf"}}, {"type": "Feature", "id": 813, "geometry": {"type": "LineString", "coordinates": [[-123.35038508555428, 48.40825517914711], [-123.35034084055873, 48.40847621013449]]}, "properties": {"OBJECTID": 813, "Label": "671(20)", "Direction": "one", "SHAPE_Length": 24.78586670817096, "Year": "2020", "PDF": "Moss_0_2020.pdf"}}, {"type": "Feature", "id": 814, "geometry": {"type": "LineString", "coordinates": [[-123.38269217307942, 48.41795027096928], [-123.38283423263373, 48.417820307423746]]}, "properties": {"OBJECTID": 814, "Label": "335(20)", "Direction": "one", "SHAPE_Length": 17.865503140492628, "Year": "2020", "PDF": "Montreal_100_2020.pdf"}}, {"type": "Feature", "id": 815, "geometry": {"type": "LineString", "coordinates": [[-123.38268647789955, 48.4177484261259], [-123.38252158927753, 48.41788608186552]]}, "properties": {"OBJECTID": 815, "Label": "528(20)", "Direction": "one", "SHAPE_Length": 19.569746112396416, "Year": "2020", "PDF": "Montreal_100_2020.pdf"}}, {"type": "Feature", "id": 816, "geometry": {"type": "LineString", "coordinates": [[-123.38067831846094, 48.419958673004544], [-123.38079085379556, 48.419858692646926]]}, "properties": {"OBJECTID": 816, "Label": "502(20)", "Direction": "one", "SHAPE_Length": 13.886478944368301, "Year": "2020", "PDF": "Montreal_200_2020.pdf"}}, {"type": "Feature", "id": 817, "geometry": {"type": "LineString", "coordinates": [[-123.3805521682671, 48.41973416390213], [-123.38043906420967, 48.4198390994095]]}, "properties": {"OBJECTID": 817, "Label": "513(20)", "Direction": "one", "SHAPE_Length": 14.355581264076529, "Year": "2020", "PDF": "Montreal_200_2020.pdf"}}, {"type": "Feature", "id": 818, "geometry": {"type": "LineString", "coordinates": [[-123.38307335750763, 48.42032934549454], [-123.3832267087702, 48.420178397262326]]}, "properties": {"OBJECTID": 818, "Label": "168(20)", "Direction": "one", "SHAPE_Length": 20.25487968203267, "Year": "2020", "PDF": "StLawrence_200_2020.pdf"}}, {"type": "Feature", "id": 819, "geometry": {"type": "LineString", "coordinates": [[-123.38295688055462, 48.420057421999076], [-123.38279490364667, 48.42020268575945]]}, "properties": {"OBJECTID": 819, "Label": "241(20)", "Direction": "one", "SHAPE_Length": 20.10836000015091, "Year": "2020", "PDF": "StLawrence_200_2020.pdf"}}, {"type": "Feature", "id": 820, "geometry": {"type": "LineString", "coordinates": [[-123.38612148441312, 48.43014390827779], [-123.38611420282874, 48.42993827190678]]}, "properties": {"OBJECTID": 820, "Label": "183(20)", "Direction": "one", "SHAPE_Length": 22.863920650941008, "Year": "2020", "PDF": "Mary_300_2020.pdf"}}, {"type": "Feature", "id": 821, "geometry": {"type": "LineString", "coordinates": [[-123.38581098930993, 48.42995071448553], [-123.38581841382691, 48.430175393361594]]}, "properties": {"OBJECTID": 821, "Label": "227(20)", "Direction": "one", "SHAPE_Length": 24.980288438546943, "Year": "2020", "PDF": "Mary_300_2020.pdf"}}, {"type": "Feature", "id": 822, "geometry": {"type": "LineString", "coordinates": [[-123.37641845180661, 48.41663262836108], [-123.3762146196411, 48.41653427347918]]}, "properties": {"OBJECTID": 822, "Label": "1164(20)", "Direction": "one", "SHAPE_Length": 18.627883671978786, "Year": "2020", "PDF": "Simcoe_400_2020.pdf"}}, {"type": "Feature", "id": 823, "geometry": {"type": "LineString", "coordinates": [[-123.34009381713133, 48.41398222605431], [-123.34011474431499, 48.413688906178024]]}, "properties": {"OBJECTID": 823, "Label": "163(20)", "Direction": "one", "SHAPE_Length": 32.64065127837502, "Year": "2020", "PDF": "Stannard_300_2020.pdf"}}, {"type": "Feature", "id": 824, "geometry": {"type": "LineString", "coordinates": [[-123.33978308838076, 48.41371273725331], [-123.33977906679692, 48.41396792203082]]}, "properties": {"OBJECTID": 824, "Label": "254(20)", "Direction": "one", "SHAPE_Length": 28.366560014836402, "Year": "2020", "PDF": "Stannard_300_2020.pdf"}}, {"type": "Feature", "id": 825, "geometry": {"type": "LineString", "coordinates": [[-123.37807441252153, 48.42027710982041], [-123.37786621583157, 48.420182579594204]]}, "properties": {"OBJECTID": 825, "Label": "1562(20)", "Direction": "one", "SHAPE_Length": 18.64659030388705, "Year": "2020", "PDF": "Superior_200_2020.pdf"}}, {"type": "Feature", "id": 826, "geometry": {"type": "LineString", "coordinates": [[-123.34552878954327, 48.41629924815038], [-123.34559571501777, 48.416043874350265]]}, "properties": {"OBJECTID": 826, "Label": "114(20)", "Direction": "one", "SHAPE_Length": 28.814751005770788, "Year": "2020", "PDF": "Durban_400_2020.pdf"}}, {"type": "Feature", "id": 827, "geometry": {"type": "LineString", "coordinates": [[-123.34524049211063, 48.416014490940185], [-123.3451735146881, 48.41626224820857]]}, "properties": {"OBJECTID": 827, "Label": "105(20)", "Direction": "one", "SHAPE_Length": 27.981791978013778, "Year": "2020", "PDF": "Durban_400_2020.pdf"}}, {"type": "Feature", "id": 828, "geometry": {"type": "LineString", "coordinates": [[-123.34841055770762, 48.4177215978596], [-123.34845813408607, 48.41756720793843]]}, "properties": {"OBJECTID": 828, "Label": "1134(20)", "Direction": "one", "SHAPE_Length": 17.51852698923816, "Year": "2020", "PDF": "Moss_600_2020.pdf"}}, {"type": "Feature", "id": 829, "geometry": {"type": "LineString", "coordinates": [[-123.34811161985687, 48.41751303231839], [-123.34807281804069, 48.41769596050254]]}, "properties": {"OBJECTID": 829, "Label": "1401(20)", "Direction": "one", "SHAPE_Length": 20.53504817388301, "Year": "2020", "PDF": "Moss_600_2020.pdf"}}, {"type": "Feature", "id": 830, "geometry": {"type": "LineString", "coordinates": [[-123.3872807113577, 48.43172917770974], [-123.38727926430415, 48.431538755659744]]}, "properties": {"OBJECTID": 830, "Label": "29(20)", "Direction": "one", "SHAPE_Length": 21.166699999943376, "Year": "2020", "PDF": "Russell_500_2020.pdf"}}, {"type": "Feature", "id": 831, "geometry": {"type": "LineString", "coordinates": [[-123.38707408191507, 48.431649893741685], [-123.38707009371377, 48.43187841909467]]}, "properties": {"OBJECTID": 831, "Label": "38(20)", "Direction": "one", "SHAPE_Length": 25.403528642392747, "Year": "2020", "PDF": "Russell_500_2020.pdf"}}, {"type": "Feature", "id": 832, "geometry": {"type": "LineString", "coordinates": [[-123.35139756916745, 48.420607320849065], [-123.35146449701843, 48.42035575204282]]}, "properties": {"OBJECTID": 832, "Label": "293(20)", "Direction": "one", "SHAPE_Length": 28.39817958919893, "Year": "2020", "PDF": "Linden_800_2020.pdf"}}, {"type": "Feature", "id": 833, "geometry": {"type": "LineString", "coordinates": [[-123.35113246088582, 48.42033010624525], [-123.35106553277996, 48.420581674859264]]}, "properties": {"OBJECTID": 833, "Label": "480(20)", "Direction": "one", "SHAPE_Length": 28.39816170041044, "Year": "2020", "PDF": "Linden_800_2020.pdf"}}, {"type": "Feature", "id": 834, "geometry": {"type": "LineString", "coordinates": [[-123.362201020056, 48.42248757246491], [-123.36190324158913, 48.42245423253496]]}, "properties": {"OBJECTID": 834, "Label": "704(20)", "Direction": "one", "SHAPE_Length": 22.340677688621497, "Year": "2020", "PDF": "Courtney_800_2020.pdf"}}, {"type": "Feature", "id": 835, "geometry": {"type": "LineString", "coordinates": [[-123.36191053242254, 48.42267510535686], [-123.36218539687442, 48.42270470825418]]}, "properties": {"OBJECTID": 835, "Label": "611(20)", "Direction": "one", "SHAPE_Length": 20.600278142286612, "Year": "2020", "PDF": "Courtney_800_2020.pdf"}}, {"type": "Feature", "id": 836, "geometry": {"type": "LineString", "coordinates": [[-123.32714000468134, 48.425551418410144], [-123.32711533231817, 48.42527346499685]]}, "properties": {"OBJECTID": 836, "Label": "135(20)", "Direction": "one", "SHAPE_Length": 30.949756000000928, "Year": "2020", "PDF": "Chamberlain_1000_2020.pdf"}}, {"type": "Feature", "id": 837, "geometry": {"type": "LineString", "coordinates": [[-123.32679503817707, 48.42529722624112], [-123.32681388940372, 48.42555996151966]]}, "properties": {"OBJECTID": 837, "Label": "160(20)", "Direction": "one", "SHAPE_Length": 29.23759565939512, "Year": "2020", "PDF": "Chamberlain_1000_2020.pdf"}}, {"type": "Feature", "id": 838, "geometry": {"type": "LineString", "coordinates": [[-123.35410498068008, 48.43441976389826], [-123.35382442608724, 48.434403488468405]]}, "properties": {"OBJECTID": 838, "Label": "155(20)", "Direction": "one", "SHAPE_Length": 20.830690544456967, "Year": "2020", "PDF": "Empress_1000_2020.pdf"}}, {"type": "Feature", "id": 839, "geometry": {"type": "LineString", "coordinates": [[-123.35386040468852, 48.43463950692586], [-123.35403790224855, 48.43465038657676]]}, "properties": {"OBJECTID": 839, "Label": "255(20)", "Direction": "one", "SHAPE_Length": 13.184608560413482, "Year": "2020", "PDF": "Empress_1000_2020.pdf"}}, {"type": "Feature", "id": 840, "geometry": {"type": "LineString", "coordinates": [[-123.35416483332014, 48.43273811096911], [-123.3539444201449, 48.43272736351904]]}, "properties": {"OBJECTID": 840, "Label": "118(20)", "Direction": "one", "SHAPE_Length": 16.347705737682368, "Year": "2020", "PDF": "Princess_1000_2020.pdf"}}, {"type": "Feature", "id": 841, "geometry": {"type": "LineString", "coordinates": [[-123.35390859572425, 48.43292551785461], [-123.35412047954044, 48.43294390808068]]}, "properties": {"OBJECTID": 841, "Label": "165(20)", "Direction": "one", "SHAPE_Length": 15.805761453469955, "Year": "2020", "PDF": "Princess_1000_2020.pdf"}}, {"type": "Feature", "id": 842, "geometry": {"type": "LineString", "coordinates": [[-123.3516808219574, 48.42833692969424], [-123.35140603675505, 48.42832253530741]]}, "properties": {"OBJECTID": 842, "Label": "289(20)", "Direction": "one", "SHAPE_Length": 20.3905303723452, "Year": "2020", "PDF": "Balmoral_1100_2020.pdf"}}, {"type": "Feature", "id": 843, "geometry": {"type": "LineString", "coordinates": [[-123.35142371051771, 48.428486108496394], [-123.35168761303615, 48.42850830460794]]}, "properties": {"OBJECTID": 843, "Label": "171(20)", "Direction": "one", "SHAPE_Length": 19.677813578737954, "Year": "2020", "PDF": "Balmoral_1100_2020.pdf"}}, {"type": "Feature", "id": 844, "geometry": {"type": "LineString", "coordinates": [[-123.35299421157706, 48.42099780164445], [-123.35270766853814, 48.42096187722221]]}, "properties": {"OBJECTID": 844, "Label": "129(20)", "Direction": "one", "SHAPE_Length": 21.573306010482174, "Year": "2020", "PDF": "Burdett_1100_2020.pdf"}}, {"type": "Feature", "id": 845, "geometry": {"type": "LineString", "coordinates": [[-123.35260802633448, 48.42118236765086], [-123.35297647978565, 48.421219353688905]]}, "properties": {"OBJECTID": 845, "Label": "87(20)", "Direction": "one", "SHAPE_Length": 27.56898527543003, "Year": "2020", "PDF": "Burdett_1100_2020.pdf"}}, {"type": "Feature", "id": 846, "geometry": {"type": "LineString", "coordinates": [[-123.35616785686457, 48.41102512695641], [-123.35596460437274, 48.411001000971]]}, "properties": {"OBJECTID": 846, "Label": "89(20)", "Direction": "one", "SHAPE_Length": 15.27822336270964, "Year": "2020", "PDF": "Leonard_1100_2020.pdf"}}, {"type": "Feature", "id": 847, "geometry": {"type": "LineString", "coordinates": [[-123.35592890892075, 48.41121439017818], [-123.35608351004961, 48.41123485854833]]}, "properties": {"OBJECTID": 847, "Label": "90(20)", "Direction": "one", "SHAPE_Length": 11.664728067482246, "Year": "2020", "PDF": "Leonard_1100_2020.pdf"}}, {"type": "Feature", "id": 848, "geometry": {"type": "LineString", "coordinates": [[-123.35298609837037, 48.4201687839841], [-123.35276564756605, 48.420144705119284]]}, "properties": {"OBJECTID": 848, "Label": "131(20)", "Direction": "one", "SHAPE_Length": 16.528940844539356, "Year": "2020", "PDF": "McClure_1100_2020.pdf"}}, {"type": "Feature", "id": 849, "geometry": {"type": "LineString", "coordinates": [[-123.35272404013452, 48.42033335530606], [-123.35292155314875, 48.42034988812614]]}, "properties": {"OBJECTID": 849, "Label": "90(20)", "Direction": "one", "SHAPE_Length": 14.728715150456917, "Year": "2020", "PDF": "McClure_1100_2020.pdf"}}, {"type": "Feature", "id": 850, "geometry": {"type": "LineString", "coordinates": [[-123.34737871278539, 48.42182923552794], [-123.34740935146073, 48.42170726955005]]}, "properties": {"OBJECTID": 850, "Label": "757(20)", "Direction": "one", "SHAPE_Length": 13.745328724575943, "Year": "2020", "PDF": "Moss_1000_2020.pdf"}}, {"type": "Feature", "id": 851, "geometry": {"type": "LineString", "coordinates": [[-123.34710881781643, 48.42168722983663], [-123.34708956916371, 48.42180154400576]]}, "properties": {"OBJECTID": 851, "Label": "1394(20)", "Direction": "one", "SHAPE_Length": 12.78614230014015, "Year": "2020", "PDF": "Moss_1000_2020.pdf"}}, {"type": "Feature", "id": 852, "geometry": {"type": "LineString", "coordinates": [[-123.34558716952058, 48.43271372686259], [-123.34542683644197, 48.4327008780926]]}, "properties": {"OBJECTID": 852, "Label": "339(20)", "Direction": "one", "SHAPE_Length": 11.945549622813923, "Year": "2020", "PDF": "Denman_1200_2020.pdf"}}, {"type": "Feature", "id": 853, "geometry": {"type": "LineString", "coordinates": [[-123.34541093238633, 48.432887544377365], [-123.3455768995491, 48.432887046097406]]}, "properties": {"OBJECTID": 853, "Label": "462(20)", "Direction": "one", "SHAPE_Length": 12.276700000278652, "Year": "2020", "PDF": "Denman_1200_2020.pdf"}}, {"type": "Feature", "id": 854, "geometry": {"type": "LineString", "coordinates": [[-123.36743048802299, 48.42612012221982], [-123.3674056850927, 48.4262515958699]]}, "properties": {"OBJECTID": 854, "Label": "1645(20)", "Direction": "one", "SHAPE_Length": 14.728715151500873, "Year": "2020", "PDF": "Government_1200_2020.pdf"}}, {"type": "Feature", "id": 855, "geometry": {"type": "LineString", "coordinates": [[-123.35614457130058, 48.4119916195078], [-123.35588118319606, 48.4119581575281]]}, "properties": {"OBJECTID": 855, "Label": "665(20)", "Direction": "one", "SHAPE_Length": 19.8425178060427, "Year": "2020", "PDF": "May_1100_2020.pdf"}}, {"type": "Feature", "id": 856, "geometry": {"type": "LineString", "coordinates": [[-123.35580819572668, 48.412156427218626], [-123.35614023409336, 48.41218967780737]]}, "properties": {"OBJECTID": 856, "Label": "806(20)", "Direction": "one", "SHAPE_Length": 24.8472596796076, "Year": "2020", "PDF": "May_1100_2020.pdf"}}, {"type": "Feature", "id": 857, "geometry": {"type": "LineString", "coordinates": [[-123.34859871735476, 48.43247041891351], [-123.34838115400349, 48.43245774761079]]}, "properties": {"OBJECTID": 857, "Label": "32(20)", "Direction": "one", "SHAPE_Length": 16.15479346120116, "Year": "2020", "PDF": "Princess_1200_2020.pdf"}}, {"type": "Feature", "id": 858, "geometry": {"type": "LineString", "coordinates": [[-123.34836813443479, 48.43264630925177], [-123.34857139163242, 48.43265902391382]]}, "properties": {"OBJECTID": 858, "Label": "6(20)", "Direction": "one", "SHAPE_Length": 15.101266220216118, "Year": "2020", "PDF": "Princess_1200_2020.pdf"}}, {"type": "Feature", "id": 859, "geometry": {"type": "LineString", "coordinates": [[-123.34872227183322, 48.43379922374852], [-123.34856770795989, 48.43379397922968]]}, "properties": {"OBJECTID": 859, "Label": "239(20)", "Direction": "one", "SHAPE_Length": 11.447725145155257, "Year": "2020", "PDF": "Walnut_1200_2020.pdf"}}, {"type": "Feature", "id": 860, "geometry": {"type": "LineString", "coordinates": [[-123.34856890627401, 48.433969168531846], [-123.34878355030054, 48.43397232640649]]}, "properties": {"OBJECTID": 860, "Label": "238(20)", "Direction": "one", "SHAPE_Length": 15.880742517103169, "Year": "2020", "PDF": "Walnut_1200_2020.pdf"}}, {"type": "Feature", "id": 861, "geometry": {"type": "LineString", "coordinates": [[-123.3253865249289, 48.420479374588155], [-123.32549717234726, 48.420334336958305]]}, "properties": {"OBJECTID": 861, "Label": "226(20)", "Direction": "one", "SHAPE_Length": 18.08112114565731, "Year": "2020", "PDF": "Cowichan_800_2020.pdf"}}, {"type": "Feature", "id": 862, "geometry": {"type": "LineString", "coordinates": [[-123.32509990976128, 48.42039639718258], [-123.32499203736465, 48.42052809641234]]}, "properties": {"OBJECTID": 862, "Label": "251(20)", "Direction": "one", "SHAPE_Length": 16.673352989227137, "Year": "2020", "PDF": "Cowichan_800_2020.pdf"}}, {"type": "Feature", "id": 863, "geometry": {"type": "LineString", "coordinates": [[-123.36818156589848, 48.42316872893205], [-123.36813700047527, 48.42333644743993]]}, "properties": {"OBJECTID": 863, "Label": "1545(20)", "Direction": "one", "SHAPE_Length": 18.932080968796004, "Year": "2020", "PDF": "Government_800_2020.pdf"}}, {"type": "Feature", "id": 864, "geometry": {"type": "LineString", "coordinates": [[-123.34085021531573, 48.42215733909631], [-123.34082549541314, 48.4218831967912]]}, "properties": {"OBJECTID": 864, "Label": "419(20)", "Direction": "one", "SHAPE_Length": 30.52709879623462, "Year": "2020", "PDF": "Pemberton_800_2020.pdf"}}, {"type": "Feature", "id": 865, "geometry": {"type": "LineString", "coordinates": [[-123.34059110645009, 48.421914359369936], [-123.34059858339442, 48.42217712625279]]}, "properties": {"OBJECTID": 865, "Label": "222(20)", "Direction": "one", "SHAPE_Length": 29.213066989656415, "Year": "2020", "PDF": "Pemberton_800_2020.pdf"}}, {"type": "Feature", "id": 866, "geometry": {"type": "LineString", "coordinates": [[-123.3600075304187, 48.43306927115891], [-123.3595895085297, 48.43303630137003]]}, "properties": {"OBJECTID": 866, "Label": "180(20)", "Direction": "one", "SHAPE_Length": 31.137376761304, "Year": "2020", "PDF": "Princess_800_2020.pdf"}}, {"type": "Feature", "id": 867, "geometry": {"type": "LineString", "coordinates": [[-123.35955689026329, 48.43328014890828], [-123.35998055601, 48.43330167647075]]}, "properties": {"OBJECTID": 867, "Label": "154(20)", "Direction": "one", "SHAPE_Length": 31.429512260132928, "Year": "2020", "PDF": "Princess_800_2020.pdf"}}, {"type": "Feature", "id": 868, "geometry": {"type": "LineString", "coordinates": [[-123.32505587434014, 48.421632160735], [-123.32504816192848, 48.42131988196114]]}, "properties": {"OBJECTID": 868, "Label": "183(20)", "Direction": "one", "SHAPE_Length": 34.7159807922755, "Year": "2020", "PDF": "Cowichan_900_2020.pdf"}}, {"type": "Feature", "id": 869, "geometry": {"type": "LineString", "coordinates": [[-123.32472790779565, 48.421346176193374], [-123.32473535140336, 48.42161656154907]]}, "properties": {"OBJECTID": 869, "Label": "149(20)", "Direction": "one", "SHAPE_Length": 30.059680598775135, "Year": "2020", "PDF": "Cowichan_900_2020.pdf"}}, {"type": "Feature", "id": 870, "geometry": {"type": "LineString", "coordinates": [[-123.36803557296756, 48.42376573337324], [-123.36798811762723, 48.42392965281151]]}, "properties": {"OBJECTID": 870, "Label": "2048(20)", "Direction": "one", "SHAPE_Length": 18.555652887538375, "Year": "2020", "PDF": "Government_900_2020.pdf"}}, {"type": "Feature", "id": 871, "geometry": {"type": "LineString", "coordinates": [[-123.35834926852482, 48.42346732068907], [-123.35860980407229, 48.423493168509346]]}, "properties": {"OBJECTID": 871, "Label": "905(20)", "Direction": "one", "SHAPE_Length": 19.488310183230464, "Year": "2020", "PDF": "Meares_900_2020.pdf"}}, {"type": "Feature", "id": 872, "geometry": {"type": "LineString", "coordinates": [[-123.35866268724841, 48.42328422902379], [-123.3584221664635, 48.42325641531514]]}, "properties": {"OBJECTID": 872, "Label": "20(20)", "Direction": "one", "SHAPE_Length": 18.061239991020972, "Year": "2020", "PDF": "https://cityvictoria.sharepoint.com/:f:/r/sites/TRAN-Transportation-Operations/Our%20Vault/Data%20Collection/2024CP/Metrocount/AVEBURY%202700%20BLK?csf=1&web=1&e=RwLiVt"}}, {"type": "Feature", "id": 873, "geometry": {"type": "LineString", "coordinates": [[-123.34624942915057, 48.42767852811891], [-123.34601951874401, 48.42767033289295]]}, "properties": {"OBJECTID": 873, "Label": "346(20)", "Direction": "one", "SHAPE_Length": 17.032567747549386, "Year": "2020", "PDF": "Balmoral_1200_2020-11-26.pdf"}}, {"type": "Feature", "id": 874, "geometry": {"type": "LineString", "coordinates": [[-123.34593593908528, 48.42785845250941], [-123.34619835084726, 48.42787734057116]]}, "properties": {"OBJECTID": 874, "Label": "221(20)", "Direction": "one", "SHAPE_Length": 19.525687995377044, "Year": "2020", "PDF": "Balmoral_1200_2020-11-26.pdf"}}, {"type": "Feature", "id": 875, "geometry": {"type": "LineString", "coordinates": [[-123.34309840454897, 48.41451175391581], [-123.34265176127298, 48.41445214844012]]}, "properties": {"OBJECTID": 875, "Label": "39(20)", "Direction": "one", "SHAPE_Length": 33.707634104375614, "Year": "2020", "PDF": "Brooke_1400_2020.pdf"}}, {"type": "Feature", "id": 876, "geometry": {"type": "LineString", "coordinates": [[-123.34259039277873, 48.414684652797796], [-123.3429969648208, 48.41474056972093]]}, "properties": {"OBJECTID": 876, "Label": "53(20)", "Direction": "one", "SHAPE_Length": 30.72015160961442, "Year": "2020", "PDF": "Brooke_1400_2020.pdf"}}, {"type": "Feature", "id": 877, "geometry": {"type": "LineString", "coordinates": [[-123.3240578717081, 48.42798587998885], [-123.32405634627197, 48.42774594678015]]}, "properties": {"OBJECTID": 877, "Label": "275(20)", "Direction": "one", "SHAPE_Length": 26.669999999925494, "Year": "2020", "PDF": "Amphion_1600_2020.pdf"}}, {"type": "Feature", "id": 878, "geometry": {"type": "LineString", "coordinates": [[-123.32355016545311, 48.42778736068127], [-123.32356284240998, 48.42798156105793]]}, "properties": {"OBJECTID": 878, "Label": "308(20)", "Direction": "one", "SHAPE_Length": 21.606692240079106, "Year": "2020", "PDF": "Amphion_1600_2020.pdf"}}, {"type": "Feature", "id": 879, "geometry": {"type": "LineString", "coordinates": [[-123.33438784300877, 48.43991433724332], [-123.33417030121876, 48.439909256357964]]}, "properties": {"OBJECTID": 879, "Label": "378(20)", "Direction": "one", "SHAPE_Length": 16.09922799035709, "Year": "2020", "PDF": "Ryan_1600_2020.pdf"}}, {"type": "Feature", "id": 880, "geometry": {"type": "LineString", "coordinates": [[-123.33420030573252, 48.44012054232143], [-123.33440638921478, 48.44012375278468]]}, "properties": {"OBJECTID": 880, "Label": "321(20)", "Direction": "one", "SHAPE_Length": 15.24598030863916, "Year": "2020", "PDF": "Ryan_1600_2020.pdf"}}, {"type": "Feature", "id": 881, "geometry": {"type": "LineString", "coordinates": [[-123.33524081256085, 48.41759952509781], [-123.3348408222449, 48.41767686080472]]}, "properties": {"OBJECTID": 881, "Label": "92(20)", "Direction": "one", "SHAPE_Length": 30.819205123492498, "Year": "2020", "PDF": "Warren_1600_2020.pdf"}}, {"type": "Feature", "id": 882, "geometry": {"type": "LineString", "coordinates": [[-123.33501406239155, 48.417920103658496], [-123.33531097063708, 48.417827833922786]]}, "properties": {"OBJECTID": 882, "Label": "90(20)", "Direction": "one", "SHAPE_Length": 24.244904197478714, "Year": "2020", "PDF": "Warren_1600_2020.pdf"}}, {"type": "Feature", "id": 883, "geometry": {"type": "LineString", "coordinates": [[-123.33468876511454, 48.41543089595346], [-123.3343575433834, 48.4155232638406]]}, "properties": {"OBJECTID": 883, "Label": "186(20)", "Direction": "one", "SHAPE_Length": 26.57244910787102, "Year": "2020", "PDF": "Chandler_1700_2020.pdf"}}, {"type": "Feature", "id": 884, "geometry": {"type": "LineString", "coordinates": [[-123.33451341076047, 48.41573608939007], [-123.33495885511515, 48.41561291999593]]}, "properties": {"OBJECTID": 884, "Label": "137(20)", "Direction": "one", "SHAPE_Length": 35.69089638590581, "Year": "2020", "PDF": "Chandler_1700_2020.pdf"}}, {"type": "Feature", "id": 885, "geometry": {"type": "LineString", "coordinates": [[-123.33517015487733, 48.42019652576466], [-123.33484339997644, 48.42010226301279]]}, "properties": {"OBJECTID": 885, "Label": "313(20)", "Direction": "one", "SHAPE_Length": 26.34891374520417, "Year": "2020", "PDF": "Gonzales_1700_2020.pdf"}}, {"type": "Feature", "id": 886, "geometry": {"type": "LineString", "coordinates": [[-123.33461571141241, 48.42028192689221], [-123.33495968321459, 48.42038375664762]]}, "properties": {"OBJECTID": 886, "Label": "412(20)", "Direction": "one", "SHAPE_Length": 27.853365684709825, "Year": "2020", "PDF": "Gonzales_1700_2020.pdf"}}, {"type": "Feature", "id": 887, "geometry": {"type": "LineString", "coordinates": [[-123.33131774621327, 48.42418888040803], [-123.33116123134917, 48.42431882081274]]}, "properties": {"OBJECTID": 887, "Label": "85(20)", "Direction": "one", "SHAPE_Length": 18.51205725430459, "Year": "2020", "PDF": "GreenOaks_1700_2020.pdf"}}, {"type": "Feature", "id": 888, "geometry": {"type": "LineString", "coordinates": [[-123.33131127949041, 48.424514528724124], [-123.33145924864873, 48.42439032553715]]}, "properties": {"OBJECTID": 888, "Label": "108(20)", "Direction": "one", "SHAPE_Length": 17.619258319982688, "Year": "2020", "PDF": "GreenOaks_1700_2020.pdf"}}, {"type": "Feature", "id": 889, "geometry": {"type": "LineString", "coordinates": [[-123.33230410013036, 48.42568850568659], [-123.33227712857382, 48.42593994678453]]}, "properties": {"OBJECTID": 889, "Label": "580(20)", "Direction": "one", "SHAPE_Length": 28.02005702228538, "Year": "2020", "PDF": "Rockland_1700_2020.pdf"}}, {"type": "Feature", "id": 890, "geometry": {"type": "LineString", "coordinates": [[-123.33256908591751, 48.42595814635106], [-123.33259040884874, 48.425718147111475]]}, "properties": {"OBJECTID": 890, "Label": "626(20)", "Direction": "one", "SHAPE_Length": 26.723700434022103, "Year": "2020", "PDF": "Rockland_1700_2020.pdf"}}, {"type": "Feature", "id": 891, "geometry": {"type": "LineString", "coordinates": [[-123.33150716602451, 48.41906243158323], [-123.33128925568573, 48.418986888096185]]}, "properties": {"OBJECTID": 891, "Label": "472(20)", "Direction": "one", "SHAPE_Length": 18.178749291066165, "Year": "2020", "PDF": "Gonzales_1800_2020.pdf"}}, {"type": "Feature", "id": 892, "geometry": {"type": "LineString", "coordinates": [[-123.33117029287163, 48.419170041251995], [-123.33142260688989, 48.41925691149259]]}, "properties": {"OBJECTID": 892, "Label": "566(20)", "Direction": "one", "SHAPE_Length": 21.01802273719399, "Year": "2020", "PDF": "Gonzales_1800_2020.pdf"}}, {"type": "Feature", "id": 893, "geometry": {"type": "LineString", "coordinates": [[-123.32608988965595, 48.41550764389997], [-123.32577545129371, 48.415542811408486]]}, "properties": {"OBJECTID": 893, "Label": "1283(20)", "Direction": "one", "SHAPE_Length": 23.59296842080887, "Year": "2020", "PDF": "Fairfield_1900_2020.pdf"}}, {"type": "Feature", "id": 894, "geometry": {"type": "LineString", "coordinates": [[-123.3257654685656, 48.41577135296943], [-123.32612565304264, 48.41573224670716]]}, "properties": {"OBJECTID": 894, "Label": "1458(20)", "Direction": "one", "SHAPE_Length": 27.003899265813835, "Year": "2020", "PDF": "Fairfield_1900_2020.pdf"}}, {"type": "Feature", "id": 895, "geometry": {"type": "LineString", "coordinates": [[-123.32445077516171, 48.42833338127443], [-123.32431915741594, 48.42833375229135]]}, "properties": {"OBJECTID": 895, "Label": "474(20)", "Direction": "one", "SHAPE_Length": 9.736700000241399, "Year": "2020", "PDF": "Leighton_1900_2020.pdf"}}, {"type": "Feature", "id": 896, "geometry": {"type": "LineString", "coordinates": [[-123.32432305980774, 48.42849750874574], [-123.32446326174043, 48.42849711352118]]}, "properties": {"OBJECTID": 896, "Label": "398(20)", "Direction": "one", "SHAPE_Length": 10.371700000017881, "Year": "2020", "PDF": "Leighton_1900_2020.pdf"}}, {"type": "Feature", "id": 897, "geometry": {"type": "LineString", "coordinates": [[-123.3495497445296, 48.43201717958364], [-123.34952481116427, 48.43220634704095]]}, "properties": {"OBJECTID": 897, "Label": "265(20)", "Direction": "one", "SHAPE_Length": 21.107669198751356, "Year": "2020", "PDF": "Chambers_2100_2020.pdf"}}, {"type": "Feature", "id": 898, "geometry": {"type": "LineString", "coordinates": [[-123.34979230532872, 48.432211427890586], [-123.34981719282604, 48.432055309260335]]}, "properties": {"OBJECTID": 898, "Label": "314(20)", "Direction": "one", "SHAPE_Length": 17.450766605322986, "Year": "2020", "PDF": "Chambers_2100_2020.pdf"}}, {"type": "Feature", "id": 899, "geometry": {"type": "LineString", "coordinates": [[-123.33454741957645, 48.43334663572248], [-123.3345576146321, 48.43315617844798]]}, "properties": {"OBJECTID": 899, "Label": "103(20)", "Direction": "one", "SHAPE_Length": 21.18372379422699, "Year": "2020", "PDF": "Howard_2300_2020.pdf"}}, {"type": "Feature", "id": 900, "geometry": {"type": "LineString", "coordinates": [[-123.33427736164006, 48.4331836531704], [-123.33426693934544, 48.433339833421186]]}, "properties": {"OBJECTID": 900, "Label": "93(20)", "Direction": "one", "SHAPE_Length": 17.37733972043274, "Year": "2020", "PDF": "Howard_2300_2020.pdf"}}, {"type": "Feature", "id": 901, "geometry": {"type": "LineString", "coordinates": [[-123.3473908276871, 48.435585207493745], [-123.3474528494869, 48.43544791324844]]}, "properties": {"OBJECTID": 901, "Label": "422(20)", "Direction": "one", "SHAPE_Length": 15.93557199784078, "Year": "2020", "PDF": "CedarHill_2500_2020.pdf"}}, {"type": "Feature", "id": 902, "geometry": {"type": "LineString", "coordinates": [[-123.34713206015624, 48.43540698724458], [-123.34705866833754, 48.43555574209122]]}, "properties": {"OBJECTID": 902, "Label": "327(20)", "Direction": "one", "SHAPE_Length": 17.40318400623701, "Year": "2020", "PDF": "CedarHill_2500_2020.pdf"}}, {"type": "Feature", "id": 903, "geometry": {"type": "LineString", "coordinates": [[-123.38362063218473, 48.44712550811244], [-123.38353539946779, 48.44721830869007], [-123.38362258228054, 48.44712139020759]]}, "properties": {"OBJECTID": 903, "Label": "329(20)", "Direction": "one", "SHAPE_Length": 24.64333040993192, "Year": "2020", "PDF": "Balfour_3100_2020.pdf"}}, {"type": "Feature", "id": 904, "geometry": {"type": "LineString", "coordinates": [[-123.38337104831626, 48.44698871031643], [-123.38327846427241, 48.44708761593467]]}, "properties": {"OBJECTID": 904, "Label": "224(20)", "Direction": "one", "SHAPE_Length": 12.951499623328093, "Year": "2020", "PDF": "Balfour_3100_2020.pdf"}}, {"type": "Feature", "id": 905, "geometry": {"type": "LineString", "coordinates": [[-123.34301191153736, 48.42699976686541], [-123.34317175172217, 48.42694216140593]]}, "properties": {"OBJECTID": 905, "Label": "3235(20)", "Direction": "one", "SHAPE_Length": 13.447099720978295, "Year": "2020", "PDF": "Begbie_1300_2020.pdf"}}, {"type": "Feature", "id": 906, "geometry": {"type": "LineString", "coordinates": [[-123.35925657416057, 48.42179522790788], [-123.3594741885633, 48.42182120776624]]}, "properties": {"OBJECTID": 906, "Label": "730(20)", "Direction": "one", "SHAPE_Length": 16.357355035883238, "Year": "2020", "PDF": "Burdett_900_2020.pdf"}}, {"type": "Feature", "id": 907, "geometry": {"type": "LineString", "coordinates": [[-123.35957216965264, 48.42151621833284], [-123.3593803041566, 48.421490157345794]]}, "properties": {"OBJECTID": 907, "Label": "428(20)", "Direction": "one", "SHAPE_Length": 14.488007262666269, "Year": "2020", "PDF": "Burdett_900_2020.pdf"}}, {"type": "Feature", "id": 908, "geometry": {"type": "LineString", "coordinates": [[-123.35562001992358, 48.42147835419645], [-123.35595792128713, 48.42152301189032]]}, "properties": {"OBJECTID": 908, "Label": "327(20)", "Direction": "one", "SHAPE_Length": 25.488172516983155, "Year": "2020", "PDF": "Burdett_1000_2020.pdf"}}, {"type": "Feature", "id": 909, "geometry": {"type": "LineString", "coordinates": [[-123.35605391271136, 48.42133990511039], [-123.3556759625046, 48.42129537149238]]}, "properties": {"OBJECTID": 909, "Label": "271(20)", "Direction": "one", "SHAPE_Length": 28.398063313747528, "Year": "2020", "PDF": "Burdett_1000_2020.pdf"}}, {"type": "Feature", "id": 910, "geometry": {"type": "LineString", "coordinates": [[-123.33520618718683, 48.435402820845574], [-123.335210884181, 48.435246657241606]]}, "properties": {"OBJECTID": 910, "Label": "313(20)", "Direction": "one", "SHAPE_Length": 17.36186344922998, "Year": "2020", "PDF": "Scott_2500_2020.pdf"}}, {"type": "Feature", "id": 911, "geometry": {"type": "LineString", "coordinates": [[-123.33487305979355, 48.435224789626595], [-123.3348626653171, 48.435384778023206]]}, "properties": {"OBJECTID": 911, "Label": "312(20)", "Direction": "one", "SHAPE_Length": 17.80014414558643, "Year": "2020", "PDF": "Scott_2500_2020.pdf"}}, {"type": "Feature", "id": 912, "geometry": {"type": "LineString", "coordinates": [[-123.34658338070045, 48.437311144310016], [-123.34666244761063, 48.43715475626543]]}, "properties": {"OBJECTID": 912, "Label": "465(20)", "Direction": "one", "SHAPE_Length": 18.340687221492256, "Year": "2020", "PDF": "CedarHill_2600_2020.pdf"}}, {"type": "Feature", "id": 913, "geometry": {"type": "LineString", "coordinates": [[-123.34633584612536, 48.43710241997587], [-123.34623979035499, 48.43728551829894]]}, "properties": {"OBJECTID": 913, "Label": "348(20)", "Direction": "one", "SHAPE_Length": 21.556749559339654, "Year": "2020", "PDF": "CedarHill_2600_2020.pdf"}}, {"type": "Feature", "id": 914, "geometry": {"type": "LineString", "coordinates": [[-123.35424683328701, 48.4410383214789], [-123.35421739248706, 48.4409203481404]]}, "properties": {"OBJECTID": 914, "Label": "239(20)", "Direction": "one", "SHAPE_Length": 13.292908701808873, "Year": "2020", "PDF": "Blackwood_2700_2020.pdf"}}, {"type": "Feature", "id": 915, "geometry": {"type": "LineString", "coordinates": [[-123.3539313035047, 48.44093646215961], [-123.35398387697133, 48.44108864203768]]}, "properties": {"OBJECTID": 915, "Label": "186(20)", "Direction": "one", "SHAPE_Length": 17.356731706963796, "Year": "2020", "PDF": "Blackwood_2700_2020.pdf"}}, {"type": "Feature", "id": 916, "geometry": {"type": "LineString", "coordinates": [[-123.35477084176078, 48.44279352657562], [-123.35471818460407, 48.44262992178711]]}, "properties": {"OBJECTID": 916, "Label": "191(20)", "Direction": "one", "SHAPE_Length": 18.59784588576671, "Year": "2020", "PDF": "Blackwood_2800_2020.pdf"}}, {"type": "Feature", "id": 917, "geometry": {"type": "LineString", "coordinates": [[-123.35443810264125, 48.44268791259714], [-123.35449656211813, 48.44286292520827]]}, "properties": {"OBJECTID": 917, "Label": "173(20)", "Direction": "one", "SHAPE_Length": 19.92822461917862, "Year": "2020", "PDF": "Blackwood_2800_2020.pdf"}}, {"type": "Feature", "id": 918, "geometry": {"type": "LineString", "coordinates": [[-123.35561413956589, 48.44091026743896], [-123.35556158800416, 48.44076189735471]]}, "properties": {"OBJECTID": 918, "Label": "190(20)", "Direction": "one", "SHAPE_Length": 16.94391336113051, "Year": "2020", "PDF": "Prior_2700_2020.pdf"}}, {"type": "Feature", "id": 919, "geometry": {"type": "LineString", "coordinates": [[-123.35525830218907, 48.44077425958052], [-123.35531668256587, 48.44093784650406]]}, "properties": {"OBJECTID": 919, "Label": "297(20)", "Direction": "one", "SHAPE_Length": 18.68915729559984, "Year": "2020", "PDF": "Prior_2700_2020.pdf"}}, {"type": "Feature", "id": 920, "geometry": {"type": "LineString", "coordinates": [[-123.3583033493953, 48.440588273323094], [-123.35826223845156, 48.44043986793838]]}, "properties": {"OBJECTID": 920, "Label": "246(20)", "Direction": "one", "SHAPE_Length": 16.77392467154552, "Year": "2020", "PDF": "Fifth_2700_2020.pdf"}}, {"type": "Feature", "id": 921, "geometry": {"type": "LineString", "coordinates": [[-123.35791894103384, 48.44045997908325], [-123.35798891153281, 48.440642570642794]]}, "properties": {"OBJECTID": 921, "Label": "261(20)", "Direction": "one", "SHAPE_Length": 20.94537657844491, "Year": "2020", "PDF": "Fifth_2700_2020.pdf"}}, {"type": "Feature", "id": 922, "geometry": {"type": "LineString", "coordinates": [[-123.32971866385523, 48.4168441030486], [-123.32999323343267, 48.41683569859335]]}, "properties": {"OBJECTID": 922, "Label": "179(20)", "Direction": "one", "SHAPE_Length": 20.337732540885856, "Year": "2020", "PDF": "Chandler_1800_2020.pdf"}}, {"type": "Feature", "id": 923, "geometry": {"type": "LineString", "coordinates": [[-123.3299807307983, 48.416671967551], [-123.32970039211801, 48.416672771128304]]}, "properties": {"OBJECTID": 923, "Label": "272(20)", "Direction": "one", "SHAPE_Length": 20.743400000035763, "Year": "2020", "PDF": "Chandler_1800_2020.pdf"}}, {"type": "Feature", "id": 924, "geometry": {"type": "LineString", "coordinates": [[-123.34251937744952, 48.447326623735684], [-123.34271066559769, 48.4472536917804]]}, "properties": {"OBJECTID": 924, "Label": "214(20)", "Direction": "one", "SHAPE_Length": 16.30389212493389, "Year": "2020", "PDF": "Clawthorpe_1500_2020.pdf"}}, {"type": "Feature", "id": 925, "geometry": {"type": "LineString", "coordinates": [[-123.34254334672247, 48.44705995540552], [-123.3423605563462, 48.44711953078689]]}, "properties": {"OBJECTID": 925, "Label": "133(20)", "Direction": "one", "SHAPE_Length": 15.052165141303014, "Year": "2020", "PDF": "Clawthorpe_1500_2020.pdf"}}, {"type": "Feature", "id": 926, "geometry": {"type": "LineString", "coordinates": [[-123.35285002816394, 48.41729809834232], [-123.35301361071618, 48.41737376681759]]}, "properties": {"OBJECTID": 926, "Label": "3501(20)", "Direction": "one", "SHAPE_Length": 14.739319542788328, "Year": "2020", "PDF": "Fairfield_1100_2020.pdf"}}, {"type": "Feature", "id": 927, "geometry": {"type": "LineString", "coordinates": [[-123.3530835971236, 48.41715265705869], [-123.35292864835466, 48.417084577781274]]}, "properties": {"OBJECTID": 927, "Label": "3624(20)", "Direction": "one", "SHAPE_Length": 13.737289034431603, "Year": "2020", "PDF": "Fairfield_1100_2020.pdf"}}, {"type": "Feature", "id": 928, "geometry": {"type": "LineString", "coordinates": [[-123.33432661256398, 48.42908585796922], [-123.33444462588393, 48.42919215452667]]}, "properties": {"OBJECTID": 928, "Label": "1442(20)", "Direction": "one", "SHAPE_Length": 14.690735792205592, "Year": "2020", "PDF": "Fern_1800_2020.pdf"}}, {"type": "Feature", "id": 929, "geometry": {"type": "LineString", "coordinates": [[-123.33463820550841, 48.429041154469225], [-123.3345259905803, 48.4289462668463]]}, "properties": {"OBJECTID": 929, "Label": "1215(20)", "Direction": "one", "SHAPE_Length": 13.42212280363124, "Year": "2020", "PDF": "Fern_1800_2020.pdf"}}, {"type": "Feature", "id": 930, "geometry": {"type": "LineString", "coordinates": [[-123.35248583512218, 48.42311192400202], [-123.35214795386263, 48.423071064294696]]}, "properties": {"OBJECTID": 930, "Label": "7339(20)", "Direction": "one", "SHAPE_Length": 25.407093454481927, "Year": "2020", "PDF": "Fort_1100_2020.pdf"}}, {"type": "Feature", "id": 931, "geometry": {"type": "LineString", "coordinates": [[-123.3521209223455, 48.423299660087], [-123.35234426242494, 48.423325635903566]]}, "properties": {"OBJECTID": 931, "Label": "135(20)", "Direction": "one", "SHAPE_Length": 16.773924672297664, "Year": "2020", "PDF": "Fort_1100_2020.pdf"}}, {"type": "Feature", "id": 932, "geometry": {"type": "LineString", "coordinates": [[-123.33877914715947, 48.42590032158638], [-123.3389902352801, 48.42580448689986]]}, "properties": {"OBJECTID": 932, "Label": "6858(20)", "Direction": "one", "SHAPE_Length": 18.903576534225113, "Year": "2020", "PDF": "Fort_1500_2020.pdf"}}, {"type": "Feature", "id": 933, "geometry": {"type": "LineString", "coordinates": [[-123.33877134855138, 48.42558804416658], [-123.3384802510243, 48.42569934856015]]}, "properties": {"OBJECTID": 933, "Label": "5620(20)", "Direction": "one", "SHAPE_Length": 24.836373787406142, "Year": "2020", "PDF": "Fort_1500_2020.pdf"}}, {"type": "Feature", "id": 934, "geometry": {"type": "LineString", "coordinates": [[-123.3227346052704, 48.425135219932166], [-123.32304423457505, 48.425130541997696]]}, "properties": {"OBJECTID": 934, "Label": "86(20)", "Direction": "one", "SHAPE_Length": 22.912612317886712, "Year": "2020", "PDF": "Granite_1900_2020.pdf"}}, {"type": "Feature", "id": 935, "geometry": {"type": "LineString", "coordinates": [[-123.32302732763982, 48.42497443928009], [-123.32275269024274, 48.4249790190314]]}, "properties": {"OBJECTID": 935, "Label": "85(20)", "Direction": "one", "SHAPE_Length": 20.324410632829913, "Year": "2020", "PDF": "Granite_1900_2020.pdf"}}, {"type": "Feature", "id": 936, "geometry": {"type": "LineString", "coordinates": [[-123.36770549957997, 48.41736033852957], [-123.36805427578255, 48.41732875575409]]}, "properties": {"OBJECTID": 936, "Label": "820(20)", "Direction": "one", "SHAPE_Length": 26.04452048187879, "Year": "2020", "PDF": "Michigan_600_2020.pdf"}}, {"type": "Feature", "id": 937, "geometry": {"type": "LineString", "coordinates": [[-123.36795522802117, 48.4170815161585], [-123.36765211370881, 48.41709771978851]]}, "properties": {"OBJECTID": 937, "Label": "899(20)", "Direction": "one", "SHAPE_Length": 22.500513559138973, "Year": "2020", "PDF": "Michigan_600_2020.pdf"}}, {"type": "Feature", "id": 938, "geometry": {"type": "LineString", "coordinates": [[-123.3415929340441, 48.44566866397111], [-123.34186709315574, 48.44557644538039]]}, "properties": {"OBJECTID": 938, "Label": "157(20)", "Direction": "one", "SHAPE_Length": 22.718450650898063, "Year": "2020", "PDF": "Oakland_1500_2020.pdf"}}, {"type": "Feature", "id": 939, "geometry": {"type": "LineString", "coordinates": [[-123.34168271066694, 48.44539799217523], [-123.34140852665439, 48.445486402182766]]}, "properties": {"OBJECTID": 939, "Label": "217(20)", "Direction": "one", "SHAPE_Length": 22.532326264070928, "Year": "2020", "PDF": "Oakland_1500_2020.pdf"}}, {"type": "Feature", "id": 940, "geometry": {"type": "LineString", "coordinates": [[-123.33917895315702, 48.42644651200651], [-123.33888711599408, 48.426447371822]]}, "properties": {"OBJECTID": 940, "Label": "5707(20)", "Direction": "one", "SHAPE_Length": 21.590099999681115, "Year": "2020", "PDF": "Pandora_1500_2020.pdf"}}, {"type": "Feature", "id": 941, "geometry": {"type": "LineString", "coordinates": [[-123.33893431273894, 48.42666051098847], [-123.33924903984847, 48.42665958357469]]}, "properties": {"OBJECTID": 941, "Label": "4336(20)", "Direction": "one", "SHAPE_Length": 23.283400000073016, "Year": "2020", "PDF": "Pandora_1500_2020.pdf"}}, {"type": "Feature", "id": 942, "geometry": {"type": "LineString", "coordinates": [[-123.35600796882201, 48.442336182068914], [-123.35596097853545, 48.44216494385514]]}, "properties": {"OBJECTID": 942, "Label": "150(20)", "Direction": "one", "SHAPE_Length": 19.348701168878108, "Year": "2020", "PDF": "Prior_2800_2020.pdf"}}, {"type": "Feature", "id": 943, "geometry": {"type": "LineString", "coordinates": [[-123.35566332963644, 48.44216586413279], [-123.35572200544794, 48.4423713430608]]}, "properties": {"OBJECTID": 943, "Label": "192(20)", "Direction": "one", "SHAPE_Length": 23.248665098589687, "Year": "2020", "PDF": "Prior_2800_2020.pdf"}}, {"type": "Feature", "id": 944, "geometry": {"type": "LineString", "coordinates": [[-123.34787598203506, 48.416089742833506], [-123.34763263996598, 48.416061914192454]]}, "properties": {"OBJECTID": 944, "Label": "277(20)", "Direction": "one", "SHAPE_Length": 18.269698789363115, "Year": "2020", "PDF": "Thurlow_1300_2020.pdf"}}, {"type": "Feature", "id": 945, "geometry": {"type": "LineString", "coordinates": [[-123.3476140349639, 48.416270171320384], [-123.34783731600633, 48.41629234783298]]}, "properties": {"OBJECTID": 945, "Label": "396(20)", "Direction": "one", "SHAPE_Length": 16.704340812868622, "Year": "2020", "PDF": "Thurlow_1300_2020.pdf"}}, {"type": "Feature", "id": 946, "geometry": {"type": "LineString", "coordinates": [[-123.36745714923842, 48.43332347713336], [-123.36744988886012, 48.43311022231836]]}, "properties": {"OBJECTID": 946, "Label": "15824(20)", "Direction": "one", "SHAPE_Length": 23.710478859247996, "Year": "2020", "PDF": "Government_2100_2020_Southbound.pdf"}}, {"type": "Feature", "id": 947, "geometry": {"type": "LineString", "coordinates": [[-123.36702633007489, 48.43310395663405], [-123.3670393674684, 48.43332481040946]]}, "properties": {"OBJECTID": 947, "Label": "8625(20)", "Direction": "one", "SHAPE_Length": 24.567994472184704, "Year": "2020", "PDF": "Government_2100_2020_Northbound.pdf"}}, {"type": "Feature", "id": 948, "geometry": {"type": "LineString", "coordinates": [[-123.38138611709672, 48.42906273420806], [-123.38159113048766, 48.42892875557672]]}, "properties": {"OBJECTID": 948, "Label": "153(20)", "Direction": "one", "SHAPE_Length": 21.255403993012557, "Year": "2020", "PDF": "Saghalie_0_2020.pdf"}}, {"type": "Feature", "id": 949, "geometry": {"type": "LineString", "coordinates": [[-123.38141840029735, 48.42878841276939], [-123.38120191302929, 48.42891861997214]]}, "properties": {"OBJECTID": 949, "Label": "154(20)", "Direction": "one", "SHAPE_Length": 21.585851889430366, "Year": "2020", "PDF": "Saghalie_0_2020.pdf"}}, {"type": "Feature", "id": 950, "geometry": {"type": "LineString", "coordinates": [[-123.38946704536599, 48.43261977619879], [-123.38966166962578, 48.43262483014248]]}, "properties": {"OBJECTID": 950, "Label": "2430(20)", "Direction": "one", "SHAPE_Length": 14.407400479318591, "Year": "2020", "PDF": "Wilson_600_2020.pdf"}}, {"type": "Feature", "id": 951, "geometry": {"type": "LineString", "coordinates": [[-123.38966641657362, 48.43249722794971], [-123.3894603187645, 48.432488404613444]]}, "properties": {"OBJECTID": 951, "Label": "2088(20)", "Direction": "one", "SHAPE_Length": 15.27670117846599, "Year": "2020", "PDF": "Wilson_600_2020.pdf"}}, {"type": "Feature", "id": 952, "geometry": {"type": "LineString", "coordinates": [[-123.36732153375812, 48.43010342200963], [-123.36731498676573, 48.42998918693487]]}, "properties": {"OBJECTID": 952, "Label": "4726(20)", "Direction": "one", "SHAPE_Length": 12.707055819038674, "Year": "2020", "PDF": "Government_1700_2020.pdf"}}, {"type": "Feature", "id": 953, "geometry": {"type": "LineString", "coordinates": [[-123.36689736939856, 48.43000956125224], [-123.36689819189023, 48.43012381460144]]}, "properties": {"OBJECTID": 953, "Label": "5317(20)", "Direction": "one", "SHAPE_Length": 12.699999999254942, "Year": "2020", "PDF": "Government_1700_2020.pdf"}}, {"type": "Feature", "id": 954, "geometry": {"type": "LineString", "coordinates": [[-123.37104105117253, 48.41561153924525], [-123.37126118713718, 48.41559369076028]]}, "properties": {"OBJECTID": 954, "Label": "998(20)", "Direction": "one", "SHAPE_Length": 16.409353051110607, "Year": "2020", "PDF": "Toronto_500_2020.pdf"}}, {"type": "Feature", "id": 955, "geometry": {"type": "LineString", "coordinates": [[-123.37320154787547, 48.4110860624508], [-123.37338335044323, 48.41091408811418]]}, "properties": {"OBJECTID": 955, "Label": "432(21)", "Direction": "one", "SHAPE_Length": 23.375533810243237, "Year": "2021", "PDF": "Government_0_2021-03-23.pdf"}}, {"type": "Feature", "id": 956, "geometry": {"type": "LineString", "coordinates": [[-123.3685701720481, 48.410703928968346], [-123.36850659622348, 48.410878055957724]]}, "properties": {"OBJECTID": 956, "Label": "1657(21)", "Direction": "one", "SHAPE_Length": 19.91865561953626, "Year": "2021", "PDF": "Douglas_100_2021.pdf"}}, {"type": "Feature", "id": 957, "geometry": {"type": "LineString", "coordinates": [[-123.38689166357271, 48.432806046078944], [-123.38668557941622, 48.43279912229277]]}, "properties": {"OBJECTID": 957, "Label": "2384(21)", "Direction": "one", "SHAPE_Length": 15.26349670182098, "Year": "2021", "PDF": "Wilson_400_2021.pdf"}}, {"type": "Feature", "id": 958, "geometry": {"type": "LineString", "coordinates": [[-123.38670410654304, 48.4329780613179], [-123.38692730252174, 48.43297731107348]]}, "properties": {"OBJECTID": 958, "Label": "2306(21)", "Direction": "one", "SHAPE_Length": 16.509999999776483, "Year": "2021", "PDF": "Wilson_400_2021.pdf"}}, {"type": "Feature", "id": 959, "geometry": {"type": "LineString", "coordinates": [[-123.38616142179256, 48.43160119212741], [-123.38616038292994, 48.4314640884468]]}, "properties": {"OBJECTID": 959, "Label": "148(21)", "Direction": "one", "SHAPE_Length": 15.240000000223517, "Year": "2021", "PDF": "Mary_500_2021.pdf"}}, {"type": "Feature", "id": 960, "geometry": {"type": "LineString", "coordinates": [[-123.38586294036801, 48.43148412825208], [-123.38586420911523, 48.43165169972198]]}, "properties": {"OBJECTID": 960, "Label": "198(21)", "Direction": "one", "SHAPE_Length": 18.626700000837445, "Year": "2021", "PDF": "Mary_500_2021.pdf"}}, {"type": "Feature", "id": 961, "geometry": {"type": "LineString", "coordinates": [[-123.36838711491211, 48.42322798716365], [-123.3683537742403, 48.423365202123875]]}, "properties": {"OBJECTID": 961, "Label": "1266(21)", "Direction": "one", "SHAPE_Length": 15.450315466417646, "Year": "2021", "PDF": "Government_800_2021.pdf"}}, {"type": "Feature", "id": 962, "geometry": {"type": "LineString", "coordinates": [[-123.36827306262143, 48.42380979074556], [-123.36824543037987, 48.42394508192309]]}, "properties": {"OBJECTID": 962, "Label": "1735(21)", "Direction": "one", "SHAPE_Length": 15.176620060538097, "Year": "2021", "PDF": "Government_900_2021.pdf"}}, {"type": "Feature", "id": 963, "geometry": {"type": "LineString", "coordinates": [[-123.35426794122398, 48.41862897826332], [-123.35399882283063, 48.418599338772964]]}, "properties": {"OBJECTID": 963, "Label": "122(21)", "Direction": "one", "SHAPE_Length": 20.182955923290045, "Year": "2021", "PDF": "Collinson_1100_2021.pdf"}}, {"type": "Feature", "id": 964, "geometry": {"type": "LineString", "coordinates": [[-123.3539372368438, 48.41879376372154], [-123.35421779679464, 48.41882336903549]]}, "properties": {"OBJECTID": 964, "Label": "110(21)", "Direction": "one", "SHAPE_Length": 21.01795022692355, "Year": "2021", "PDF": "Collinson_1100_2021.pdf"}}, {"type": "Feature", "id": 965, "geometry": {"type": "LineString", "coordinates": [[-123.35112791215444, 48.429032117702285], [-123.35147137042503, 48.42904630392756]]}, "properties": {"OBJECTID": 965, "Label": "171(21)", "Direction": "one", "SHAPE_Length": 25.456386302390253, "Year": "2021", "PDF": "Grant_1100_2021-06-08.pdf"}}, {"type": "Feature", "id": 966, "geometry": {"type": "LineString", "coordinates": [[-123.35148184423322, 48.42890535564048], [-123.35114408276122, 48.42888734383096]]}, "properties": {"OBJECTID": 966, "Label": "384(21)", "Direction": "one", "SHAPE_Length": 25.066231502984106, "Year": "2021", "PDF": "Grant_1100_2021-06-08.pdf"}}, {"type": "Feature", "id": 967, "geometry": {"type": "LineString", "coordinates": [[-123.34625794047709, 48.42763184558074], [-123.34602609279952, 48.42761921280873]]}, "properties": {"OBJECTID": 967, "Label": "356(21)", "Direction": "one", "SHAPE_Length": 17.208906412390437, "Year": "2021", "PDF": "Balmoral_1200_2021-06-08.pdf"}}, {"type": "Feature", "id": 968, "geometry": {"type": "LineString", "coordinates": [[-123.34591770247866, 48.427903110347856], [-123.34619248529714, 48.42791751874598]]}, "properties": {"OBJECTID": 968, "Label": "332(21)", "Direction": "one", "SHAPE_Length": 20.39063833223232, "Year": "2021", "PDF": "Balmoral_1200_2021-06-08.pdf"}}, {"type": "Feature", "id": 969, "geometry": {"type": "LineString", "coordinates": [[-123.34566316124848, 48.42416430805657], [-123.34566194751052, 48.42398531024256]]}, "properties": {"OBJECTID": 969, "Label": "1012(21)", "Direction": "one", "SHAPE_Length": 19.89670000039041, "Year": "2021", "PDF": "Fernwood_1200_2021.pdf"}}, {"type": "Feature", "id": 970, "geometry": {"type": "LineString", "coordinates": [[-123.34541005044365, 48.42396702365257], [-123.34539989624216, 48.42415748119734]]}, "properties": {"OBJECTID": 970, "Label": "1798(21)", "Direction": "one", "SHAPE_Length": 21.183627870999867, "Year": "2021", "PDF": "Fernwood_1200_2021.pdf"}}, {"type": "Feature", "id": 971, "geometry": {"type": "LineString", "coordinates": [[-123.36774569572465, 48.426125809653435], [-123.36769006737543, 48.426346883041546]]}, "properties": {"OBJECTID": 971, "Label": "2039(21)", "Direction": "one", "SHAPE_Length": 24.91566335623037, "Year": "2021", "PDF": "Government_1200_2021.pdf"}}, {"type": "Feature", "id": 972, "geometry": {"type": "LineString", "coordinates": [[-123.34985855005694, 48.423485133952134], [-123.34989191447971, 48.42334411607811]]}, "properties": {"OBJECTID": 972, "Label": "718(21)", "Direction": "one", "SHAPE_Length": 15.868008682849135, "Year": "2021", "PDF": "Ormond_1100_2021.pdf"}}, {"type": "Feature", "id": 973, "geometry": {"type": "LineString", "coordinates": [[-123.34961133073872, 48.423314500297906], [-123.34957232107561, 48.423466960848046]]}, "properties": {"OBJECTID": 973, "Label": "421(21)", "Direction": "one", "SHAPE_Length": 17.190746787377634, "Year": "2021", "PDF": "Ormond_1100_2021.pdf"}}, {"type": "Feature", "id": 974, "geometry": {"type": "LineString", "coordinates": [[-123.3496805158402, 48.424224532214524], [-123.34970261966605, 48.42411020898031]]}, "properties": {"OBJECTID": 974, "Label": "618(21)", "Direction": "one", "SHAPE_Length": 12.812387167101763, "Year": "2021", "PDF": "Ormond_1200_2021.pdf"}}, {"type": "Feature", "id": 975, "geometry": {"type": "LineString", "coordinates": [[-123.34943347626186, 48.42408055800034], [-123.34940585776536, 48.42422536651105]]}, "properties": {"OBJECTID": 975, "Label": "519(21)", "Direction": "one", "SHAPE_Length": 16.22536088450161, "Year": "2021", "PDF": "Ormond_1200_2021.pdf"}}, {"type": "Feature", "id": 976, "geometry": {"type": "LineString", "coordinates": [[-123.38910414525606, 48.43870891507235], [-123.38921234209535, 48.43863618656037]]}, "properties": {"OBJECTID": 976, "Label": "164(21)", "Direction": "one", "SHAPE_Length": 11.375085368037455, "Year": "2021", "PDF": "Styles_1200_2021.pdf"}}, {"type": "Feature", "id": 977, "geometry": {"type": "LineString", "coordinates": [[-123.38903371710205, 48.43848064060786], [-123.38886282324916, 48.43858785758018]]}, "properties": {"OBJECTID": 977, "Label": "167(21)", "Direction": "one", "SHAPE_Length": 17.372193055324033, "Year": "2021", "PDF": "Styles_1200_2021.pdf"}}, {"type": "Feature", "id": 978, "geometry": {"type": "LineString", "coordinates": [[-123.33177700961855, 48.43798949636377], [-123.33203466959576, 48.438003987939126]]}, "properties": {"OBJECTID": 978, "Label": "225(21)", "Direction": "one", "SHAPE_Length": 19.1251170859292, "Year": "2021", "PDF": "Kings_1700_2021.pdf"}}, {"type": "Feature", "id": 979, "geometry": {"type": "LineString", "coordinates": [[-123.33196477088596, 48.43781757124364], [-123.33173012959962, 48.437822056087974]]}, "properties": {"OBJECTID": 979, "Label": "124(21)", "Direction": "one", "SHAPE_Length": 17.361861010843615, "Year": "2021", "PDF": "Kings_1700_2021.pdf"}}, {"type": "Feature", "id": 980, "geometry": {"type": "LineString", "coordinates": [[-123.34247548004781, 48.43543847104594], [-123.34248012916474, 48.43527849814735]]}, "properties": {"OBJECTID": 980, "Label": "86(21)", "Direction": "one", "SHAPE_Length": 17.78514052817455, "Year": "2021", "PDF": "Avebury_2500_2021.pdf"}}, {"type": "Feature", "id": 981, "geometry": {"type": "LineString", "coordinates": [[-123.34215954940385, 48.43526802618204], [-123.3421548992812, 48.43542799907035]]}, "properties": {"OBJECTID": 981, "Label": "133(21)", "Direction": "one", "SHAPE_Length": 17.78514052817455, "Year": "2021", "PDF": "Avebury_2500_2021.pdf"}}, {"type": "Feature", "id": 982, "geometry": {"type": "LineString", "coordinates": [[-123.34241453412598, 48.43725144050127], [-123.34241920781514, 48.437095276709016]]}, "properties": {"OBJECTID": 982, "Label": "141(21)", "Direction": "one", "SHAPE_Length": 17.361861010866324, "Year": "2021", "PDF": "Avebury_2600_2021.pdf"}}, {"type": "Feature", "id": 983, "geometry": {"type": "LineString", "coordinates": [[-123.34210444192449, 48.43710002109319], [-123.34210551587056, 48.437259976012136]]}, "properties": {"OBJECTID": 983, "Label": "152(21)", "Direction": "one", "SHAPE_Length": 17.779999999329448, "Year": "2021", "PDF": "Avebury_2600_2021.pdf"}}, {"type": "Feature", "id": 984, "geometry": {"type": "LineString", "coordinates": [[-123.35449997971115, 48.441925636422184], [-123.35445605469684, 48.44178295207299]]}, "properties": {"OBJECTID": 984, "Label": "171(21)", "Direction": "one", "SHAPE_Length": 16.189406567497727, "Year": "2021", "PDF": "Blackwood_2800_2021.pdf"}}, {"type": "Feature", "id": 985, "geometry": {"type": "LineString", "coordinates": [[-123.35419308286203, 48.441831368586854], [-123.35421956901568, 48.441936021773735]]}, "properties": {"OBJECTID": 985, "Label": "168(21)", "Direction": "one", "SHAPE_Length": 11.796533553440733, "Year": "2021", "PDF": "Blackwood_2800_2021.pdf"}}, {"type": "Feature", "id": 986, "geometry": {"type": "LineString", "coordinates": [[-123.378118756097, 48.42023732082009], [-123.37792928018784, 48.42014844289878]]}, "properties": {"OBJECTID": 986, "Label": "1227(21)", "Direction": "one", "SHAPE_Length": 17.150287662122217, "Year": "2021", "PDF": "Superior_200_2021.pdf"}}, {"type": "Feature", "id": 987, "geometry": {"type": "LineString", "coordinates": [[-123.3776566735335, 48.42043087053656], [-123.37780310981326, 48.42050275179297]]}, "properties": {"OBJECTID": 987, "Label": "1357(21)", "Direction": "one", "SHAPE_Length": 13.462046646171036, "Year": "2021", "PDF": "Superior_200_2021.pdf"}}, {"type": "Feature", "id": 988, "geometry": {"type": "LineString", "coordinates": [[-123.3807129386156, 48.42153728466024], [-123.38054644049934, 48.42146166522336]]}, "properties": {"OBJECTID": 988, "Label": "807(21)", "Direction": "one", "SHAPE_Length": 14.913104252586333, "Year": "2021", "PDF": "Superior_100_2021.pdf"}}, {"type": "Feature", "id": 989, "geometry": {"type": "LineString", "coordinates": [[-123.38031879519703, 48.42162618469841], [-123.380496764475, 48.421705576570496]]}, "properties": {"OBJECTID": 989, "Label": "876(21)", "Direction": "one", "SHAPE_Length": 15.851021446898663, "Year": "2021", "PDF": "Superior_100_2021.pdf"}}, {"type": "Feature", "id": 990, "geometry": {"type": "LineString", "coordinates": [[-123.38050949206414, 48.42010915081358], [-123.38060045332061, 48.42003077432752]]}, "properties": {"OBJECTID": 990, "Label": "574(21)", "Direction": "one", "SHAPE_Length": 11.008733780656836, "Year": "2021", "PDF": "Montreal_200_2021.pdf"}}, {"type": "Feature", "id": 991, "geometry": {"type": "LineString", "coordinates": [[-123.38034793867601, 48.41992877868029], [-123.38026840514948, 48.42000521263406]]}, "properties": {"OBJECTID": 991, "Label": "543(21)", "Direction": "one", "SHAPE_Length": 10.334930176677343, "Year": "2021", "PDF": "Montreal_200_2021.pdf"}}, {"type": "Feature", "id": 992, "geometry": {"type": "LineString", "coordinates": [[-123.36493432378872, 48.42107513089955], [-123.3648337579233, 48.421014513476045]]}, "properties": {"OBJECTID": 992, "Label": "598(21)", "Direction": "one", "SHAPE_Length": 10.038026870096724, "Year": "2021", "PDF": "Humboldt_700_2021.pdf"}}, {"type": "Feature", "id": 993, "geometry": {"type": "LineString", "coordinates": [[-123.3645884480036, 48.42111621693486], [-123.36469765076427, 48.421184424575074]]}, "properties": {"OBJECTID": 993, "Label": "648(21)", "Direction": "one", "SHAPE_Length": 11.079742034230254, "Year": "2021", "PDF": "Humboldt_700_2021.pdf"}}, {"type": "Feature", "id": 994, "geometry": {"type": "LineString", "coordinates": [[-123.36229681061025, 48.41965817634571], [-123.36239455019124, 48.41972451770643]]}, "properties": {"OBJECTID": 994, "Label": "795(21)", "Direction": "one", "SHAPE_Length": 10.328378372248771, "Year": "2021", "PDF": "Humboldt_800_2021.pdf"}}, {"type": "Feature", "id": 995, "geometry": {"type": "LineString", "coordinates": [[-123.36256229272203, 48.41957736085374], [-123.36245884571235, 48.41951294128156]]}, "properties": {"OBJECTID": 995, "Label": "968(21)", "Direction": "one", "SHAPE_Length": 10.481263802321411, "Year": "2021", "PDF": "Humboldt_800_2021.pdf"}}, {"type": "Feature", "id": 996, "geometry": {"type": "LineString", "coordinates": [[-123.360220834643, 48.41807553330873], [-123.36010588331682, 48.4180016256717]]}, "properties": {"OBJECTID": 996, "Label": "805(21)", "Direction": "one", "SHAPE_Length": 11.825044816262372, "Year": "2021", "PDF": "Humboldt_900_2021.pdf"}}, {"type": "Feature", "id": 997, "geometry": {"type": "LineString", "coordinates": [[-123.35991814198033, 48.418152650676795], [-123.36001005923241, 48.41820568299757]]}, "properties": {"OBJECTID": 997, "Label": "280(21)", "Direction": "one", "SHAPE_Length": 9.00018698530099, "Year": "2021", "PDF": "Humboldt_900_2021.pdf"}}, {"type": "Feature", "id": 998, "geometry": {"type": "LineString", "coordinates": [[-123.35718151244909, 48.448169879723814], [-123.35712876179262, 48.44799485091279]]}, "properties": {"OBJECTID": 998, "Label": "237(21)", "Direction": "one", "SHAPE_Length": 19.84261594587974, "Year": "2021", "PDF": "Somerset_3100_2021.pdf"}}, {"type": "Feature", "id": 999, "geometry": {"type": "LineString", "coordinates": [[-123.35680833931623, 48.44801869591703], [-123.35686124899793, 48.44821657549959]]}, "properties": {"OBJECTID": 999, "Label": "248(21)", "Direction": "one", "SHAPE_Length": 22.34067768754499, "Year": "2021", "PDF": "Somerset_3100_2021.pdf"}}, {"type": "Feature", "id": 1000, "geometry": {"type": "LineString", "coordinates": [[-123.35432582732692, 48.441356358771834], [-123.3542905302587, 48.44121936056745]]}, "properties": {"OBJECTID": 1000, "Label": "272(19)", "Direction": "one", "SHAPE_Length": 15.450216827184079, "Year": "2019", "PDF": "Blackwood_2700_2019.pdf"}}, {"type": "Feature", "id": 1001, "geometry": {"type": "LineString", "coordinates": [[-123.35402736132446, 48.44123921248378], [-123.35407421190577, 48.44139140991826]]}, "properties": {"OBJECTID": 1001, "Label": "244(19)", "Direction": "one", "SHAPE_Length": 17.26875132808966, "Year": "2019", "PDF": "Blackwood_2700_2019.pdf"}}, {"type": "Feature", "id": 1002, "geometry": {"type": "LineString", "coordinates": [[-123.34901104904844, 48.43616109804884], [-123.34874207694072, 48.4361657217011]]}, "properties": {"OBJECTID": 1002, "Label": "1440(19)", "Direction": "one", "SHAPE_Length": 19.901202320348826, "Year": "2019", "PDF": "Haultain_1200_2019.pdf"}}, {"type": "Feature", "id": 1003, "geometry": {"type": "LineString", "coordinates": [[-123.34874351054424, 48.43637518696245], [-123.34897242055389, 48.43637068480153]]}, "properties": {"OBJECTID": 1003, "Label": "974(19)", "Direction": "one", "SHAPE_Length": 16.938689986684654, "Year": "2019", "PDF": "Haultain_1200_2019.pdf"}}, {"type": "Feature", "id": 1004, "geometry": {"type": "LineString", "coordinates": [[-123.35569147310773, 48.441240269803984], [-123.35563889439202, 48.441088091622504]]}, "properties": {"OBJECTID": 1004, "Label": "313(19)", "Direction": "one", "SHAPE_Length": 17.356634145944856, "Year": "2019", "PDF": "Prior_2700_2019.pdf"}}, {"type": "Feature", "id": 1005, "geometry": {"type": "LineString", "coordinates": [[-123.35536433289631, 48.44111559915262], [-123.35539979218275, 48.44127544767738]]}, "properties": {"OBJECTID": 1005, "Label": "217(19)", "Direction": "one", "SHAPE_Length": 17.960512243323688, "Year": "2019", "PDF": "Prior_2700_2019.pdf"}}, {"type": "Feature", "id": 1006, "geometry": {"type": "LineString", "coordinates": [[-123.3691009370497, 48.41651240800202], [-123.36912285621328, 48.4163790384377]]}, "properties": {"OBJECTID": 1006, "Label": "1446(21)", "Direction": "one", "SHAPE_Length": 14.91314399416463, "Year": "2021", "PDF": "Government_400_2021.pdf"}}, {"type": "Feature", "id": 1007, "geometry": {"type": "LineString", "coordinates": [[-123.36881955363256, 48.416368585361454], [-123.36879774250701, 48.41651718838739]]}, "properties": {"OBJECTID": 1007, "Label": "1693(21)", "Direction": "one", "SHAPE_Length": 16.596617232236557, "Year": "2021", "PDF": "Government_400_2021.pdf"}}, {"type": "Feature", "id": 1008, "geometry": {"type": "LineString", "coordinates": [[-123.37277252040118, 48.414744830377636], [-123.37266916644917, 48.41469374982701]]}, "properties": {"OBJECTID": 1008, "Label": "1071(21)", "Direction": "one", "SHAPE_Length": 9.525080000053077, "Year": "2021", "PDF": "Simcoe_500_2021.pdf"}}, {"type": "Feature", "id": 1009, "geometry": {"type": "LineString", "coordinates": [[-123.37254121063916, 48.41479889939252], [-123.3726387732539, 48.41484047775515]]}, "properties": {"OBJECTID": 1009, "Label": "16(21)", "Direction": "one", "SHAPE_Length": 8.571892777239617, "Year": "2021", "PDF": "Simcoe_500_2021.pdf"}}, {"type": "Feature", "id": 1010, "geometry": {"type": "LineString", "coordinates": [[-123.37773479068836, 48.42037061434434], [-123.37786692342323, 48.42044254247265]]}, "properties": {"OBJECTID": 1010, "Label": "1242(20)", "Direction": "one", "SHAPE_Length": 12.629251829853512, "Year": "2020", "PDF": "Superior_200_2020.pdf"}}, {"type": "Feature", "id": 1011, "geometry": {"type": "LineString", "coordinates": [[-123.34947543813801, 48.41316138641106], [-123.34950903193946, 48.413054645479434]]}, "properties": {"OBJECTID": 1011, "Label": "828(19)", "Direction": "one", "SHAPE_Length": 12.12238923978825, "Year": "2019", "PDF": "200_Moss_2019.pdf"}}, {"type": "Feature", "id": 1012, "geometry": {"type": "LineString", "coordinates": [[-123.34923427753758, 48.41303262844227], [-123.34921196869202, 48.41311648378968]]}, "properties": {"OBJECTID": 1012, "Label": "877(19)", "Direction": "one", "SHAPE_Length": 9.46598234684117, "Year": "2019", "PDF": "200_Moss_2019.pdf"}}, {"type": "Feature", "id": 1013, "geometry": {"type": "LineString", "coordinates": [[-123.34045314976196, 48.4400047168625], [-123.34012116888454, 48.440005698510745]]}, "properties": {"OBJECTID": 1013, "Label": "685(21)", "Direction": "one", "SHAPE_Length": 24.553400000557303, "Year": "2021", "PDF": "Ryan_1400_2021.pdf"}}, {"type": "Feature", "id": 1014, "geometry": {"type": "LineString", "coordinates": [[-123.34012518805864, 48.44017897479401], [-123.34048581367936, 48.44018171751239]]}, "properties": {"OBJECTID": 1014, "Label": "736(21)", "Direction": "one", "SHAPE_Length": 26.673360634831973, "Year": "2021", "PDF": "Ryan_1400_2021.pdf"}}, {"type": "Feature", "id": 1015, "geometry": {"type": "LineString", "coordinates": [[-123.34626603163728, 48.437092887733016], [-123.34616996134851, 48.437274082378096]]}, "properties": {"OBJECTID": 1015, "Label": "409(21)", "Direction": "one", "SHAPE_Length": 21.35743995543382, "Year": "2021", "PDF": "CedarHill_2600_2021.pdf"}}, {"type": "Feature", "id": 1016, "geometry": {"type": "LineString", "coordinates": [[-123.34666816476275, 48.437310668520716], [-123.34673592656122, 48.43717526107769]]}, "properties": {"OBJECTID": 1016, "Label": "423(21)", "Direction": "one", "SHAPE_Length": 15.863770250678453, "Year": "2021", "PDF": "CedarHill_2600_2021.pdf"}}, {"type": "Feature", "id": 1017, "geometry": {"type": "LineString", "coordinates": [[-123.34108304341494, 48.412771076724226], [-123.3410728254698, 48.412953917953274]]}, "properties": {"OBJECTID": 1017, "Label": "151(21)", "Direction": "one", "SHAPE_Length": 20.337728377940717, "Year": "2021", "PDF": "Arnold_300_2021.pdf"}}, {"type": "Feature", "id": 1018, "geometry": {"type": "LineString", "coordinates": [[-123.3414189698595, 48.41295860423454], [-123.34142920066655, 48.41277766750716]]}, "properties": {"OBJECTID": 1018, "Label": "180(21)", "Direction": "one", "SHAPE_Length": 20.126218011872076, "Year": "2021", "PDF": "Arnold_300_2021.pdf"}}, {"type": "Feature", "id": 1019, "geometry": {"type": "LineString", "coordinates": [[-123.33719663304146, 48.414206928895545], [-123.3372152312528, 48.41442396215277]]}, "properties": {"OBJECTID": 1019, "Label": "1488(21)", "Direction": "one", "SHAPE_Length": 24.163497800457048, "Year": "2021", "PDF": "StCharles_300_2021.pdf"}}, {"type": "Feature", "id": 1020, "geometry": {"type": "LineString", "coordinates": [[-123.33747533204337, 48.41439273098435], [-123.33745670753693, 48.4141718896028]]}, "properties": {"OBJECTID": 1020, "Label": "1743(21)", "Direction": "one", "SHAPE_Length": 24.586222800352996, "Year": "2021", "PDF": "StCharles_300_2021.pdf"}}, {"type": "Feature", "id": 1021, "geometry": {"type": "LineString", "coordinates": [[-123.33761411989425, 48.41807328540375], [-123.33762964723677, 48.418257954280286]]}, "properties": {"OBJECTID": 1021, "Label": "1169(21)", "Direction": "one", "SHAPE_Length": 20.558961925540522, "Year": "2021", "PDF": "StCharles_500_2021.pdf"}}, {"type": "Feature", "id": 1022, "geometry": {"type": "LineString", "coordinates": [[-123.3379012230839, 48.418228593081366], [-123.33787975936794, 48.41801156849011]]}, "properties": {"OBJECTID": 1022, "Label": "1834(21)", "Direction": "one", "SHAPE_Length": 24.175548821893354, "Year": "2021", "PDF": "StCharles_500_2021.pdf"}}, {"type": "Feature", "id": 1023, "geometry": {"type": "LineString", "coordinates": [[-123.35164399598145, 48.429397863957774], [-123.3513205123231, 48.42937600080269]]}, "properties": {"OBJECTID": 1023, "Label": "419(21)", "Direction": "one", "SHAPE_Length": 24.05278933711945, "Year": "2021", "PDF": "NorthPark_1100_2021-06-08.pdf"}}, {"type": "Feature", "id": 1024, "geometry": {"type": "LineString", "coordinates": [[-123.35130741248256, 48.429551233867834], [-123.35162802370267, 48.429571201271045]]}, "properties": {"OBJECTID": 1024, "Label": "334(21)", "Direction": "one", "SHAPE_Length": 23.820759974950473, "Year": "2021", "PDF": "NorthPark_1100_2021-06-08.pdf"}}, {"type": "Feature", "id": 1025, "geometry": {"type": "LineString", "coordinates": [[-123.35167921722162, 48.42828185421764], [-123.35141586457176, 48.428265520348546]]}, "properties": {"OBJECTID": 1025, "Label": "396(21)", "Direction": "one", "SHAPE_Length": 19.566357160697454, "Year": "2021", "PDF": "Balmoral_1100_2021-06-08.pdf"}}, {"type": "Feature", "id": 1026, "geometry": {"type": "LineString", "coordinates": [[-123.35139784411828, 48.42855692903072], [-123.351695506997, 48.428569348953985]]}, "properties": {"OBJECTID": 1026, "Label": "172(21)", "Direction": "one", "SHAPE_Length": 22.063202807880963, "Year": "2021", "PDF": "Balmoral_1100_2021-06-08.pdf"}}, {"type": "Feature", "id": 1027, "geometry": {"type": "LineString", "coordinates": [[-123.32346756896828, 48.42777946901568], [-123.32346326087396, 48.428002281133736]]}, "properties": {"OBJECTID": 1027, "Label": "252(21)", "Direction": "one", "SHAPE_Length": 24.76871738546488, "Year": "2021", "PDF": "https://cityvictoria.sharepoint.com/:x:/r/sites/TRAN-Transportation-Operations/Our%20Vault/Data%20Collection/2021CP/Automatic%20Counts/Excel/Amphion_1600_2021.xlsx?d=wee670e1fd7324e2c9730da39fdc2bdb1&csf=1&web=1&e=mTyveW"}}, {"type": "Feature", "id": 1028, "geometry": {"type": "LineString", "coordinates": [[-123.32415510540855, 48.42797798966818], [-123.32416063747374, 48.42773236876454]]}, "properties": {"OBJECTID": 1028, "Label": "260(21)", "Direction": "one", "SHAPE_Length": 27.30504376447193, "Year": "2021", "PDF": "https://cityvictoria.sharepoint.com/:x:/r/sites/TRAN-Transportation-Operations/Our%20Vault/Data%20Collection/2021CP/Automatic%20Counts/Excel/Amphion_1600_2021.xlsx?d=wee670e1fd7324e2c9730da39fdc2bdb1&csf=1&web=1&e=mTyveW"}}, {"type": "Feature", "id": 1029, "geometry": {"type": "LineString", "coordinates": [[-123.34218870817077, 48.446186103967925], [-123.34177748930189, 48.44632824180172]]}, "properties": {"OBJECTID": 1029, "Label": "93(21)", "Direction": "one", "SHAPE_Length": 34.269207687498536, "Year": "2021", "PDF": "Burton_1500_2021.pdf"}}, {"type": "Feature", "id": 1030, "geometry": {"type": "LineString", "coordinates": [[-123.34184209504147, 48.44657179581626], [-123.3424074935354, 48.44637207132825]]}, "properties": {"OBJECTID": 1030, "Label": "104(21)", "Direction": "one", "SHAPE_Length": 47.33969012942675, "Year": "2021", "PDF": "Burton_1500_2021.pdf"}}, {"type": "Feature", "id": 1031, "geometry": {"type": "LineString", "coordinates": [[-123.36039833362497, 48.414746053787724], [-123.3603904172515, 48.41524499788994]]}, "properties": {"OBJECTID": 1031, "Label": "741(21)", "Direction": "one", "SHAPE_Length": 55.46316323176992, "Year": "2021", "PDF": "Heywood_900_2021.pdf"}}, {"type": "Feature", "id": 1032, "geometry": {"type": "LineString", "coordinates": [[-123.36068205359085, 48.41522504201422], [-123.36068432742331, 48.41473754030221]]}, "properties": {"OBJECTID": 1032, "Label": "692(21)", "Direction": "one", "SHAPE_Length": 54.18845413857685, "Year": "2021", "PDF": "Heywood_900_2021.pdf"}}, {"type": "Feature", "id": 1033, "geometry": {"type": "LineString", "coordinates": [[-123.33552223078964, 48.41406064169951], [-123.33507690144373, 48.414199046847756]]}, "properties": {"OBJECTID": 1033, "Label": "183(21)", "Direction": "one", "SHAPE_Length": 36.36735629621807, "Year": "2021", "PDF": "Earle_1600_2021-06-15.pdf"}}, {"type": "Feature", "id": 1034, "geometry": {"type": "LineString", "coordinates": [[-123.33522689705356, 48.414389037330054], [-123.3356664807741, 48.41424684012593]]}, "properties": {"OBJECTID": 1034, "Label": "163(21)", "Direction": "one", "SHAPE_Length": 36.164676381256164, "Year": "2021", "PDF": "Earle_1600_2021-06-15.pdf"}}, {"type": "Feature", "id": 1035, "geometry": {"type": "LineString", "coordinates": [[-123.36946526857014, 48.41726248343265], [-123.36993996457298, 48.41723810704855]]}, "properties": {"OBJECTID": 1035, "Label": "718(21)", "Direction": "one", "SHAPE_Length": 35.22838751437757, "Year": "2021", "PDF": "Michigan_500_2021.pdf"}}, {"type": "Feature", "id": 1036, "geometry": {"type": "LineString", "coordinates": [[-123.3698867330865, 48.416998339182214], [-123.36940065163304, 48.41703036928213]]}, "properties": {"OBJECTID": 1036, "Label": "997(21)", "Direction": "one", "SHAPE_Length": 36.14242399812444, "Year": "2021", "PDF": "Michigan_500_2021.pdf"}}, {"type": "Feature", "id": 1037, "geometry": {"type": "LineString", "coordinates": [[-123.35413736631754, 48.44315351995335], [-123.35386285900631, 48.44319054562417]]}, "properties": {"OBJECTID": 1037, "Label": "228(21)", "Direction": "one", "SHAPE_Length": 20.714161119998366, "Year": "2021", "PDF": "Topaz_1200_2021.pdf"}}, {"type": "Feature", "id": 1038, "geometry": {"type": "LineString", "coordinates": [[-123.35390996092602, 48.44337892356961], [-123.35418452352219, 48.443349514064295]]}, "properties": {"OBJECTID": 1038, "Label": "192(21)", "Direction": "one", "SHAPE_Length": 20.5666653590467, "Year": "2021", "PDF": "Topaz_1200_2021.pdf"}}, {"type": "Feature", "id": 1039, "geometry": {"type": "LineString", "coordinates": [[-123.3503065306322, 48.42826999306911], [-123.35032819110819, 48.42809092578659]]}, "properties": {"OBJECTID": 1039, "Label": "1695(21)", "Direction": "one", "SHAPE_Length": 19.968632261428592, "Year": "2021", "PDF": "Chambers_1600_2021-06-15.pdf"}}, {"type": "Feature", "id": 1040, "geometry": {"type": "LineString", "coordinates": [[-123.35007915860903, 48.428076449828495], [-123.35005465001143, 48.42825743029424]]}, "properties": {"OBJECTID": 1040, "Label": "585(21)", "Direction": "one", "SHAPE_Length": 20.198434978270495, "Year": "2021", "PDF": "Chambers_1600_2021-06-15.pdf"}}, {"type": "Feature", "id": 1041, "geometry": {"type": "LineString", "coordinates": [[-123.35010398272318, 48.429815925034006], [-123.35011478748649, 48.42972258283331]]}, "properties": {"OBJECTID": 1041, "Label": "1596(21)", "Direction": "one", "SHAPE_Length": 10.406203043366508, "Year": "2021", "PDF": "Chambers_1900_2021-06-15.pdf"}}, {"type": "Feature", "id": 1042, "geometry": {"type": "LineString", "coordinates": [[-123.34993882962941, 48.4297250226124], [-123.3499265420351, 48.429810751942064]]}, "properties": {"OBJECTID": 1042, "Label": "919(21)", "Direction": "one", "SHAPE_Length": 9.572506529454968, "Year": "2021", "PDF": "Chambers_1900_2021-06-15.pdf"}}, {"type": "Feature", "id": 1043, "geometry": {"type": "LineString", "coordinates": [[-123.34976079107041, 48.43236681814134], [-123.34978144173282, 48.432248691242584]]}, "properties": {"OBJECTID": 1043, "Label": "351(21)", "Direction": "one", "SHAPE_Length": 13.218969669238437, "Year": "2021", "PDF": "Chambers_2100_2021-06-15.pdf"}}, {"type": "Feature", "id": 1044, "geometry": {"type": "LineString", "coordinates": [[-123.34950458110055, 48.4322333126007], [-123.34949395236012, 48.43235236174531]]}, "properties": {"OBJECTID": 1044, "Label": "503(21)", "Direction": "one", "SHAPE_Length": 13.256261320530346, "Year": "2021", "PDF": "Chambers_2100_2021-06-15.pdf"}}, {"type": "Feature", "id": 1045, "geometry": {"type": "LineString", "coordinates": [[-123.38902728384043, 48.439278540511346], [-123.38891782077089, 48.43918560127636]]}, "properties": {"OBJECTID": 1045, "Label": "209(21)", "Direction": "one", "SHAPE_Length": 13.125107407101469, "Year": "2021", "PDF": "Selkirk_500_2021.pdf"}}, {"type": "Feature", "id": 1046, "geometry": {"type": "LineString", "coordinates": [[-123.3887211968034, 48.43929671320409], [-123.38884495400103, 48.43938769976299]]}, "properties": {"OBJECTID": 1046, "Label": "227(21)", "Direction": "one", "SHAPE_Length": 13.640621059962445, "Year": "2021", "PDF": "Selkirk_500_2021.pdf"}}, {"type": "Feature", "id": 1047, "geometry": {"type": "LineString", "coordinates": [[-123.34385060665934, 48.41170240736926], [-123.34398936213977, 48.41149442672521]]}, "properties": {"OBJECTID": 1047, "Label": "1768(21)", "Direction": "one", "SHAPE_Length": 25.29576054889073, "Year": "2021", "PDF": "Memorial_200_2021-06-17.pdf"}}, {"type": "Feature", "id": 1048, "geometry": {"type": "LineString", "coordinates": [[-123.34368573411034, 48.41143058937363], [-123.34354416811374, 48.41164619453146]]}, "properties": {"OBJECTID": 1048, "Label": "1389(21)", "Direction": "one", "SHAPE_Length": 26.15517980064328, "Year": "2021", "PDF": "Memorial_200_2021-06-17.pdf"}}, {"type": "Feature", "id": 1049, "geometry": {"type": "LineString", "coordinates": [[-123.34504955710965, 48.43882135138965], [-123.34505422419235, 48.43866518754782]]}, "properties": {"OBJECTID": 1049, "Label": "2303(21)", "Direction": "one", "SHAPE_Length": 17.36186345111478, "Year": "2021", "PDF": "Fernwood_2700_2021.pdf"}}, {"type": "Feature", "id": 1050, "geometry": {"type": "LineString", "coordinates": [[-123.34471656766365, 48.43867191226493], [-123.34471191243072, 48.438829980619374]]}, "properties": {"OBJECTID": 1050, "Label": "2628(21)", "Direction": "one", "SHAPE_Length": 17.573501249332843, "Year": "2021", "PDF": "Fernwood_2700_2021.pdf"}}, {"type": "Feature", "id": 1051, "geometry": {"type": "LineString", "coordinates": [[-123.36804504067206, 48.40950075841412], [-123.36826637505543, 48.40965239268775]]}, "properties": {"OBJECTID": 1051, "Label": "642(21)", "Direction": "one", "SHAPE_Length": 23.502720653043543, "Year": "2021", "PDF": "Douglas_0_East_2021.pdf"}}, {"type": "Feature", "id": 1052, "geometry": {"type": "LineString", "coordinates": [[-123.36847156542498, 48.40954890505131], [-123.3682933121888, 48.40942188913614]]}, "properties": {"OBJECTID": 1052, "Label": "669(21)", "Direction": "one", "SHAPE_Length": 19.322117960081528, "Year": "2021", "PDF": "Douglas_0_East_2021.pdf"}}, {"type": "Feature", "id": 1053, "geometry": {"type": "LineString", "coordinates": [[-123.36906234218215, 48.40936991340637], [-123.36900654317988, 48.40956432911623]]}, "properties": {"OBJECTID": 1053, "Label": "1449(21)", "Direction": "one", "SHAPE_Length": 22.00122936470655, "Year": "2021", "PDF": "Douglas_0_West_2021.pdf"}}, {"type": "Feature", "id": 1054, "geometry": {"type": "LineString", "coordinates": [[-123.36926425015226, 48.409603492113305], [-123.3693315845193, 48.40942236946557]]}, "properties": {"OBJECTID": 1054, "Label": "1108(21)", "Direction": "one", "SHAPE_Length": 20.740157920594154, "Year": "2021", "PDF": "Douglas_0_West_2021.pdf"}}, {"type": "Feature", "id": 1055, "geometry": {"type": "LineString", "coordinates": [[-123.34936033175006, 48.412416871308494], [-123.34931024114579, 48.41262078103846]]}, "properties": {"OBJECTID": 1055, "Label": "1078(21)", "Direction": "one", "SHAPE_Length": 22.96663063271563, "Year": "2021", "PDF": "Moss_200_2021.pdf"}}, {"type": "Feature", "id": 1056, "geometry": {"type": "LineString", "coordinates": [[-123.34962221627295, 48.41264839762284], [-123.34967510117148, 48.412434958207605]]}, "properties": {"OBJECTID": 1056, "Label": "1072(21)", "Direction": "one", "SHAPE_Length": 24.045409036613716, "Year": "2021", "PDF": "Moss_200_2021.pdf"}}, {"type": "Feature", "id": 1057, "geometry": {"type": "LineString", "coordinates": [[-123.34850197613375, 48.417737130662374], [-123.34854392254286, 48.41759608704624]]}, "properties": {"OBJECTID": 1057, "Label": "1245(21)", "Direction": "one", "SHAPE_Length": 15.981949961053049, "Year": "2021", "PDF": "Moss_600_2021-03-09.pdf"}}, {"type": "Feature", "id": 1058, "geometry": {"type": "LineString", "coordinates": [[-123.34802292196458, 48.41754434411324], [-123.34798383524664, 48.41768537889184]]}, "properties": {"OBJECTID": 1058, "Label": "1470(21)", "Direction": "one", "SHAPE_Length": 15.941243568392343, "Year": "2021", "PDF": "Moss_600_2021-03-09.pdf"}}, {"type": "Feature", "id": 1059, "geometry": {"type": "LineString", "coordinates": [[-123.3286272559189, 48.41361812961634], [-123.32863147756929, 48.41382949250668]]}, "properties": {"OBJECTID": 1059, "Label": "200(21)", "Direction": "one", "SHAPE_Length": 23.496052828582137, "Year": "2021", "PDF": "Irving_300_2021.pdf"}}, {"type": "Feature", "id": 1060, "geometry": {"type": "LineString", "coordinates": [[-123.34040527110281, 48.420041998750555], [-123.340634132692, 48.42004132149926]]}, "properties": {"OBJECTID": 1060, "Label": "1576(21)", "Direction": "one", "SHAPE_Length": 16.933299999684095, "Year": "2021", "PDF": "Rockland_1400_2021.pdf"}}, {"type": "Feature", "id": 1061, "geometry": {"type": "LineString", "coordinates": [[-123.34062749558815, 48.419904232885756], [-123.34040433027371, 48.41990108503562]]}, "properties": {"OBJECTID": 1061, "Label": "1165(21)", "Direction": "one", "SHAPE_Length": 16.51542560403883, "Year": "2021", "PDF": "Rockland_1400_2021.pdf"}}, {"type": "Feature", "id": 1062, "geometry": {"type": "LineString", "coordinates": [[-123.33250053976317, 48.42395363432972], [-123.33250163276288, 48.424121206999686]]}, "properties": {"OBJECTID": 1062, "Label": "656(21)", "Direction": "one", "SHAPE_Length": 18.6266999989748, "Year": "2021", "PDF": "Rockland_1700_2021.pdf"}}, {"type": "Feature", "id": 1063, "geometry": {"type": "LineString", "coordinates": [[-123.33273626062181, 48.42412433704145], [-123.33273519170706, 48.42396057253862]]}, "properties": {"OBJECTID": 1063, "Label": "729(21)", "Direction": "one", "SHAPE_Length": 18.203399999067187, "Year": "2021", "PDF": "Rockland_1700_2021.pdf"}}, {"type": "Feature", "id": 1064, "geometry": {"type": "LineString", "coordinates": [[-123.39184508994293, 48.4363739349467], [-123.39161653547774, 48.43642422443679]]}, "properties": {"OBJECTID": 1064, "Label": "326(21)", "Direction": "one", "SHAPE_Length": 17.80526458948256, "Year": "2021", "PDF": "Pine_700_2021.pdf"}}, {"type": "Feature", "id": 1065, "geometry": {"type": "LineString", "coordinates": [[-123.39170920663476, 48.43656672888903], [-123.39191778799535, 48.4365241245985]]}, "properties": {"OBJECTID": 1065, "Label": "421(21)", "Direction": "one", "SHAPE_Length": 16.138150073177822, "Year": "2021", "PDF": "Pine_700_2021.pdf"}}, {"type": "Feature", "id": 1066, "geometry": {"type": "LineString", "coordinates": [[-123.3529751573816, 48.421759253005824], [-123.35260867559894, 48.421718482374104]]}, "properties": {"OBJECTID": 1066, "Label": "1418(21)", "Direction": "one", "SHAPE_Length": 27.490674391214405, "Year": "2021", "PDF": "Rockland_1100_2021.pdf"}}, {"type": "Feature", "id": 1067, "geometry": {"type": "LineString", "coordinates": [[-123.35252518025254, 48.42205579462766], [-123.35294603352811, 48.4220983024387]]}, "properties": {"OBJECTID": 1067, "Label": "1898(21)", "Direction": "one", "SHAPE_Length": 31.493548067624516, "Year": "2021", "PDF": "Rockland_1100_2021.pdf"}}, {"type": "Feature", "id": 1068, "geometry": {"type": "LineString", "coordinates": [[-123.34514721700636, 48.428880216245915], [-123.345142499369, 48.42902876404554]]}, "properties": {"OBJECTID": 1068, "Label": "3225(21)", "Direction": "one", "SHAPE_Length": 16.51552813435853, "Year": "2021", "PDF": "Fernwood_1800_2021.pdf"}}, {"type": "Feature", "id": 1069, "geometry": {"type": "LineString", "coordinates": [[-123.34539145775238, 48.42903182531336], [-123.34539903503949, 48.428883269819586]]}, "properties": {"OBJECTID": 1069, "Label": "2941(21)", "Direction": "one", "SHAPE_Length": 16.52220702546532, "Year": "2021", "PDF": "Fernwood_1800_2021.pdf"}}, {"type": "Feature", "id": 1070, "geometry": {"type": "LineString", "coordinates": [[-123.3846244167323, 48.43410413466191], [-123.38462838408435, 48.43425075042864]]}, "properties": {"OBJECTID": 1070, "Label": "1411(21)", "Direction": "one", "SHAPE_Length": 16.299773529453333, "Year": "2021", "PDF": "Catherine_800_2021.pdf"}}, {"type": "Feature", "id": 1071, "geometry": {"type": "LineString", "coordinates": [[-123.38496019636806, 48.434232502531955], [-123.38496197948001, 48.43408967576972]]}, "properties": {"OBJECTID": 1071, "Label": "1117(21)", "Direction": "one", "SHAPE_Length": 15.876511483778513, "Year": "2021", "PDF": "Catherine_800_2021.pdf"}}, {"type": "Feature", "id": 1072, "geometry": {"type": "LineString", "coordinates": [[-123.3527875158574, 48.41738190486284], [-123.35296248882167, 48.417449922007414]]}, "properties": {"OBJECTID": 1072, "Label": "4119(21)", "Direction": "one", "SHAPE_Length": 14.992544710866142, "Year": "2021", "PDF": "Fairfield_1100_2021.pdf"}}, {"type": "Feature", "id": 1073, "geometry": {"type": "LineString", "coordinates": [[-123.35312600541738, 48.417102842566216], [-123.35296532281083, 48.417032877263175]]}, "properties": {"OBJECTID": 1073, "Label": "4646(21)", "Direction": "one", "SHAPE_Length": 14.206991816464187, "Year": "2021", "PDF": "Fairfield_1100_2021.pdf"}}, {"type": "Feature", "id": 1074, "geometry": {"type": "LineString", "coordinates": [[-123.34860419728776, 48.41774199224525], [-123.3486347525055, 48.417608600484485]]}, "properties": {"OBJECTID": 1074, "Label": "1460(21)", "Direction": "one", "SHAPE_Length": 14.99851925325115, "Year": "2021", "PDF": "Moss_600_2021-06-24.pdf"}}, {"type": "Feature", "id": 1075, "geometry": {"type": "LineString", "coordinates": [[-123.34795915403264, 48.4175392352917], [-123.34792003465621, 48.417675509172895]]}, "properties": {"OBJECTID": 1075, "Label": "1624(21)", "Direction": "one", "SHAPE_Length": 15.421580869277403, "Year": "2021", "PDF": "Moss_600_2021-06-24.pdf"}}, {"type": "Feature", "id": 1076, "geometry": {"type": "LineString", "coordinates": [[-123.32548695090638, 48.43236754007396], [-123.32547670856833, 48.43255609122036]]}, "properties": {"OBJECTID": 1076, "Label": "1319(10)", "Direction": "one", "SHAPE_Length": 20.97209874792034, "Year": "2010", "PDF": null}}, {"type": "Feature", "id": 1077, "geometry": {"type": "LineString", "coordinates": [[-123.3254673722442, 48.42905856736148], [-123.32546815047792, 48.429180438453805]]}, "properties": {"OBJECTID": 1077, "Label": "235(15)", "Direction": "one", "SHAPE_Length": 13.546699998900294, "Year": "2015", "PDF": null}}, {"type": "Feature", "id": 1078, "geometry": {"type": "LineString", "coordinates": [[-123.32765000169242, 48.42941418519315], [-123.327647802327, 48.429517021790005]]}, "properties": {"OBJECTID": 1078, "Label": "113(09)", "Direction": "one", "SHAPE_Length": 11.431958475947315, "Year": "2009", "PDF": null}}, {"type": "Feature", "id": 1079, "geometry": {"type": "LineString", "coordinates": [[-123.35698733214075, 48.42989205778173], [-123.35718195505063, 48.429899070322335]]}, "properties": {"OBJECTID": 1079, "Label": "773(21)", "Direction": "one", "SHAPE_Length": 14.41817659898508, "Year": "2021", "PDF": "NorthPark_900_2021.pdf"}}, {"type": "Feature", "id": 1080, "geometry": {"type": "LineString", "coordinates": [[-123.35723223095728, 48.42972372208491], [-123.3569975227401, 48.42971302486086]]}, "properties": {"OBJECTID": 1080, "Label": "932(21)", "Direction": "one", "SHAPE_Length": 17.403101300444288, "Year": "2021", "PDF": "NorthPark_900_2021.pdf"}}, {"type": "Feature", "id": 1081, "geometry": {"type": "LineString", "coordinates": [[-123.35119286050845, 48.43028502845777], [-123.35103828218112, 48.43027597907333]]}, "properties": {"OBJECTID": 1081, "Label": "1296(21)", "Direction": "one", "SHAPE_Length": 11.478889271345402, "Year": "2021", "PDF": "Caledonia_1100_2021.pdf"}}, {"type": "Feature", "id": 1082, "geometry": {"type": "LineString", "coordinates": [[-123.35103649722463, 48.43043213460619], [-123.35118822734233, 48.43044309725086]]}, "properties": {"OBJECTID": 1082, "Label": "762(21)", "Direction": "one", "SHAPE_Length": 11.289958143848503, "Year": "2021", "PDF": "Caledonia_1100_2021.pdf"}}, {"type": "Feature", "id": 1083, "geometry": {"type": "LineString", "coordinates": [[-123.35246173772181, 48.42260693729935], [-123.35226130210478, 48.42258279526462]]}, "properties": {"OBJECTID": 1083, "Label": "216(21)", "Direction": "one", "SHAPE_Length": 15.070051485768696, "Year": "2021", "PDF": "Meares_1100_2021.pdf"}}, {"type": "Feature", "id": 1084, "geometry": {"type": "LineString", "coordinates": [[-123.35222839205765, 48.42278855787853], [-123.35242306757266, 48.42280700480676]]}, "properties": {"OBJECTID": 1084, "Label": "89(21)", "Direction": "one", "SHAPE_Length": 14.548208909217825, "Year": "2021", "PDF": "Meares_1100_2021.pdf"}}, {"type": "Feature", "id": 1085, "geometry": {"type": "LineString", "coordinates": [[-123.34794898323392, 48.41952813314676], [-123.34797681133598, 48.419413791943]]}, "properties": {"OBJECTID": 1085, "Label": "1367(21)", "Direction": "one", "SHAPE_Length": 12.875284809456485, "Year": "2021", "PDF": "Moss_700_2021.pdf"}}, {"type": "Feature", "id": 1086, "geometry": {"type": "LineString", "coordinates": [[-123.34767046474815, 48.419378537421125], [-123.34764270088911, 48.41950239850356]]}, "properties": {"OBJECTID": 1086, "Label": "1499(21)", "Direction": "one", "SHAPE_Length": 13.920173768719797, "Year": "2021", "PDF": "Moss_700_2021.pdf"}}, {"type": "Feature", "id": 1087, "geometry": {"type": "LineString", "coordinates": [[-123.33149774365063, 48.41203740219384], [-123.33149665432711, 48.41208977339295]]}, "properties": {"OBJECTID": 1087, "Label": "151(21)", "Direction": "one", "SHAPE_Length": 5.821861423606281, "Year": "2021", "PDF": "Robertson_200_2021.pdf"}}, {"type": "Feature", "id": 1088, "geometry": {"type": "LineString", "coordinates": [[-123.33169547307104, 48.41209300868678], [-123.33169512009502, 48.412038737971756]]}, "properties": {"OBJECTID": 1088, "Label": "138(21)", "Direction": "one", "SHAPE_Length": 6.032499998807907, "Year": "2021", "PDF": "Robertson_200_2021.pdf"}}, {"type": "Feature", "id": 1089, "geometry": {"type": "LineString", "coordinates": [[-123.3237559738345, 48.41922833324011], [-123.32355112475703, 48.41940600730084]]}, "properties": {"OBJECTID": 1089, "Label": "2475(21)", "Direction": "one", "SHAPE_Length": 24.89499471843001, "Year": "2021", "PDF": "FoulBay_800_2021.pdf"}}, {"type": "Feature", "id": 1090, "geometry": {"type": "LineString", "coordinates": [[-123.32379506247737, 48.41952719464398], [-123.32398285564084, 48.41936670659344]]}, "properties": {"OBJECTID": 1090, "Label": "2225(21)", "Direction": "one", "SHAPE_Length": 22.611785777312335, "Year": "2021", "PDF": "FoulBay_800_2021.pdf"}}, {"type": "Feature", "id": 1091, "geometry": {"type": "LineString", "coordinates": [[-123.33196233479326, 48.41326554661819], [-123.33221693590744, 48.41326862007117]]}, "properties": {"OBJECTID": 1091, "Label": "256(09)", "Direction": "one", "SHAPE_Length": 18.843155188063495, "Year": "2009", "PDF": null}}, {"type": "Feature", "id": 1092, "geometry": {"type": "LineString", "coordinates": [[-123.33432715947436, 48.41096595243705], [-123.33449590371174, 48.41096355835252]]}, "properties": {"OBJECTID": 1092, "Label": "1320(09)", "Direction": "one", "SHAPE_Length": 12.490192517479505, "Year": "2009", "PDF": null}}, {"type": "Feature", "id": 1093, "geometry": {"type": "LineString", "coordinates": [[-123.32741859047535, 48.41346873628202], [-123.32758296718715, 48.41367583424911]]}, "properties": {"OBJECTID": 1093, "Label": "947(17)", "Direction": "one", "SHAPE_Length": 26.035889957255804, "Year": "2017", "PDF": "Foul Bay 300 2017.pdf"}}, {"type": "Feature", "id": 1094, "geometry": {"type": "LineString", "coordinates": [[-123.3273914060228, 48.415917709498466], [-123.3273928242599, 48.4161386013723]]}, "properties": {"OBJECTID": 1094, "Label": "1204(97)", "Direction": "one", "SHAPE_Length": 24.553400000557303, "Year": "1997", "PDF": null}}, {"type": "Feature", "id": 1095, "geometry": {"type": "LineString", "coordinates": [[-123.34889119487684, 48.42087407668607], [-123.34865644442881, 48.42085098514055]]}, "properties": {"OBJECTID": 1095, "Label": "928(07)", "Direction": "one", "SHAPE_Length": 17.557200589574606, "Year": "2007", "PDF": null}}, {"type": "Feature", "id": 1096, "geometry": {"type": "LineString", "coordinates": [[-123.37314833552024, 48.410850104913905], [-123.37302334850155, 48.41096857567416]]}, "properties": {"OBJECTID": 1096, "Label": "491(21)", "Direction": "one", "SHAPE_Length": 16.09227095271501, "Year": "2021", "PDF": "Government_0_2021-03-23.pdf"}}, {"type": "Feature", "id": 1097, "geometry": {"type": "LineString", "coordinates": [[-123.3687924425713, 48.41089624976114], [-123.36886004196913, 48.41075130806306]]}, "properties": {"OBJECTID": 1097, "Label": "1644(21)", "Direction": "one", "SHAPE_Length": 16.86974560823423, "Year": "2021", "PDF": "Douglas_100_2021.pdf"}}, {"type": "Feature", "id": 1098, "geometry": {"type": "LineString", "coordinates": [[-123.34968273961138, 48.44164762280909], [-123.34963590325832, 48.4414954244583]]}, "properties": {"OBJECTID": 1098, "Label": "219(21)", "Direction": "one", "SHAPE_Length": 17.26863365869756, "Year": "2021", "PDF": "Higgins_2700_2021.pdf"}}, {"type": "Feature", "id": 1099, "geometry": {"type": "LineString", "coordinates": [[-123.3493842316303, 48.441522848169846], [-123.34942542210403, 48.441686490235924]]}, "properties": {"OBJECTID": 1099, "Label": "393(21)", "Direction": "one", "SHAPE_Length": 18.443018150062247, "Year": "2021", "PDF": "Higgins_2700_2021.pdf"}}, {"type": "Feature", "id": 1100, "geometry": {"type": "LineString", "coordinates": [[-123.38256218354944, 48.41702235951744], [-123.38234989905798, 48.41694308571144]]}, "properties": {"OBJECTID": 1100, "Label": "294(21)", "Direction": "one", "SHAPE_Length": 18.010391432986236, "Year": "2021", "PDF": "Niagara_200_2021.pdf"}}, {"type": "Feature", "id": 1101, "geometry": {"type": "LineString", "coordinates": [[-123.38223650284785, 48.41708056995301], [-123.3825063135688, 48.4172015470141]]}, "properties": {"OBJECTID": 1101, "Label": "531(21)", "Direction": "one", "SHAPE_Length": 24.070557779499136, "Year": "2021", "PDF": "Niagara_200_2021.pdf"}}, {"type": "Feature", "id": 1102, "geometry": {"type": "LineString", "coordinates": [[-123.3804541500121, 48.41835616855947], [-123.38024172255027, 48.41825784834932]]}, "properties": {"OBJECTID": 1102, "Label": "390(21)", "Direction": "one", "SHAPE_Length": 19.143834823524934, "Year": "2021", "PDF": "Simcoe_200_2021.pdf"}}, {"type": "Feature", "id": 1103, "geometry": {"type": "LineString", "coordinates": [[-123.38012837452928, 48.418402947698134], [-123.3803178037897, 48.41848611026615]]}, "properties": {"OBJECTID": 1103, "Label": "216(21)", "Direction": "one", "SHAPE_Length": 16.789887420258438, "Year": "2021", "PDF": "Simcoe_200_2021.pdf"}}, {"type": "Feature", "id": 1104, "geometry": {"type": "LineString", "coordinates": [[-123.37727238843817, 48.416249930595654], [-123.3774143175476, 48.41610093202606]]}, "properties": {"OBJECTID": 1104, "Label": "69(21)", "Direction": "one", "SHAPE_Length": 19.6109269426568, "Year": "2021", "PDF": "Rendall_100_2021.pdf"}}, {"type": "Feature", "id": 1105, "geometry": {"type": "LineString", "coordinates": [[-123.37724214964109, 48.41602913459075], [-123.37711157836794, 48.4161666701011]]}, "properties": {"OBJECTID": 1105, "Label": "156(21)", "Direction": "one", "SHAPE_Length": 18.084825873736733, "Year": "2021", "PDF": "Rendall_100_2021.pdf"}}, {"type": "Feature", "id": 1106, "geometry": {"type": "LineString", "coordinates": [[-123.32893469727728, 48.41383053068862], [-123.32892478947907, 48.41362489687508]]}, "properties": {"OBJECTID": 1106, "Label": "147(21)", "Direction": "one", "SHAPE_Length": 22.86891770448917, "Year": "2021", "PDF": "Irving_300_2021.pdf"}}, {"type": "Feature", "id": 1107, "geometry": {"type": "LineString", "coordinates": [[-123.38769679474217, 48.43204588056617], [-123.3877044873417, 48.43230483512954]]}, "properties": {"OBJECTID": 1107, "Label": "220(21)", "Direction": "one", "SHAPE_Length": 28.789812084095026, "Year": "2021", "PDF": "Springfield_500_2021.pdf"}}, {"type": "Feature", "id": 1108, "geometry": {"type": "LineString", "coordinates": [[-123.38795052934869, 48.432298293127396], [-123.3879486738807, 48.432054552729866]]}, "properties": {"OBJECTID": 1108, "Label": "124(21)", "Direction": "one", "SHAPE_Length": 27.09340000152588, "Year": "2021", "PDF": "Springfield_500_2021.pdf"}}, {"type": "Feature", "id": 1109, "geometry": {"type": "LineString", "coordinates": [[-123.3390457154367, 48.42488526957644], [-123.33909869637334, 48.42510791362617]]}, "properties": {"OBJECTID": 1109, "Label": "1147(21)", "Direction": "one", "SHAPE_Length": 25.056461801999948, "Year": "2021", "PDF": "StCharles_1000_2021.pdf"}}, {"type": "Feature", "id": 1110, "geometry": {"type": "LineString", "coordinates": [[-123.33933581033307, 48.42505389487256], [-123.33924833114025, 48.42480659776442]]}, "properties": {"OBJECTID": 1110, "Label": "1284(21)", "Direction": "one", "SHAPE_Length": 28.239888081606328, "Year": "2021", "PDF": "StCharles_1000_2021.pdf"}}, {"type": "Feature", "id": 1111, "geometry": {"type": "LineString", "coordinates": [[-123.33476680306387, 48.42508441595451], [-123.33478018619705, 48.4253795390084]]}, "properties": {"OBJECTID": 1111, "Label": "66(21)", "Direction": "one", "SHAPE_Length": 32.81932375017958, "Year": "2021", "PDF": "Terrace_1000_2021.pdf"}}, {"type": "Feature", "id": 1112, "geometry": {"type": "LineString", "coordinates": [[-123.335074865032, 48.42537677766317], [-123.33506436673555, 48.42508545447676]]}, "properties": {"OBJECTID": 1112, "Label": "86(21)", "Direction": "one", "SHAPE_Length": 32.39132487232092, "Year": "2021", "PDF": "Terrace_1000_2021.pdf"}}, {"type": "Feature", "id": 1113, "geometry": {"type": "LineString", "coordinates": [[-123.35165425959673, 48.41436710822081], [-123.35126492261408, 48.414322594894124]]}, "properties": {"OBJECTID": 1113, "Label": "255(21)", "Direction": "one", "SHAPE_Length": 29.23149836895008, "Year": "2021", "PDF": "Mckenzie_1200_2021.pdf"}}, {"type": "Feature", "id": 1114, "geometry": {"type": "LineString", "coordinates": [[-123.35123797025092, 48.41456261531184], [-123.35159875779246, 48.41461483335109]]}, "properties": {"OBJECTID": 1114, "Label": "268(21)", "Direction": "one", "SHAPE_Length": 27.320688258272753, "Year": "2021", "PDF": "Mckenzie_1200_2021.pdf"}}, {"type": "Feature", "id": 1115, "geometry": {"type": "LineString", "coordinates": [[-123.38130207930544, 48.42158900828664], [-123.38113441291975, 48.421740001324736]]}, "properties": {"OBJECTID": 1115, "Label": "1887(20)", "Direction": "one", "SHAPE_Length": 20.870442866451683, "Year": "2020", "PDF": "StLawrence_300_2020.pdf"}}, {"type": "Feature", "id": 1116, "geometry": {"type": "LineString", "coordinates": [[-123.38142701961041, 48.42184567147344], [-123.38157478730623, 48.42171188242098]]}, "properties": {"OBJECTID": 1116, "Label": "1786(20)", "Direction": "one", "SHAPE_Length": 18.45757415764148, "Year": "2020", "PDF": "StLawrence_300_2020.pdf"}}, {"type": "Feature", "id": 1117, "geometry": {"type": "LineString", "coordinates": [[-123.3268104432052, 48.43580754538167], [-123.32623801048969, 48.4357939348939]]}, "properties": {"OBJECTID": 1117, "Label": "524(20)", "Direction": "one", "SHAPE_Length": 42.36735566192002, "Year": "2020", "PDF": "Haultain_1800_2020.pdf"}}, {"type": "Feature", "id": 1118, "geometry": {"type": "LineString", "coordinates": [[-123.32626246533863, 48.436037611864705], [-123.32678916098915, 48.43605896857357]]}, "properties": {"OBJECTID": 1118, "Label": "612(20)", "Direction": "one", "SHAPE_Length": 39.029438131092995, "Year": "2020", "PDF": "Haultain_1800_2020.pdf"}}, {"type": "Feature", "id": 1119, "geometry": {"type": "LineString", "coordinates": [[-123.37680456714297, 48.41933823949144], [-123.37693242827557, 48.41921975538976]]}, "properties": {"OBJECTID": 1119, "Label": "1666(21)", "Direction": "one", "SHAPE_Length": 16.2157687944886, "Year": "2021", "PDF": "Oswego_300_2021.pdf"}}, {"type": "Feature", "id": 1120, "geometry": {"type": "LineString", "coordinates": [[-123.37666257779294, 48.41909305262301], [-123.3765290234859, 48.419215363296615]]}, "properties": {"OBJECTID": 1120, "Label": "1453(21)", "Direction": "one", "SHAPE_Length": 16.80725270299698, "Year": "2021", "PDF": "Oswego_300_2021.pdf"}}, {"type": "Feature", "id": 1121, "geometry": {"type": "LineString", "coordinates": [[-123.37331997260566, 48.411113607227136], [-123.37345905231666, 48.41096652631877]]}, "properties": {"OBJECTID": 1121, "Label": "499(21)", "Direction": "one", "SHAPE_Length": 19.318643933822635, "Year": "2021", "PDF": "Government_0_2021-07-06.pdf"}}, {"type": "Feature", "id": 1122, "geometry": {"type": "LineString", "coordinates": [[-123.3562545373064, 48.40856207899984], [-123.35621015791284, 48.408760261388885]]}, "properties": {"OBJECTID": 1122, "Label": "88(21)", "Direction": "one", "SHAPE_Length": 22.272393594531845, "Year": "2021", "PDF": "Marlborough_0_2021.pdf"}}, {"type": "Feature", "id": 1123, "geometry": {"type": "LineString", "coordinates": [[-123.35654220103375, 48.40879731905449], [-123.35660352692172, 48.40856861535063]]}, "properties": {"OBJECTID": 1123, "Label": "53(21)", "Direction": "one", "SHAPE_Length": 25.823437705151676, "Year": "2021", "PDF": "Marlborough_0_2021.pdf"}}, {"type": "Feature", "id": 1124, "geometry": {"type": "LineString", "coordinates": [[-123.35520008543918, 48.40828921897722], [-123.35517510025741, 48.40839783966937]]}, "properties": {"OBJECTID": 1124, "Label": "111(21)", "Direction": "one", "SHAPE_Length": 12.214468880381416, "Year": "2021", "PDF": "Cambridge_0_2021.pdf"}}, {"type": "Feature", "id": 1125, "geometry": {"type": "LineString", "coordinates": [[-123.35548705263538, 48.40842544132776], [-123.35551766402958, 48.408303472973024]]}, "properties": {"OBJECTID": 1125, "Label": "107(21)", "Direction": "one", "SHAPE_Length": 13.745328724733698, "Year": "2021", "PDF": "Cambridge_0_2021.pdf"}}, {"type": "Feature", "id": 1126, "geometry": {"type": "LineString", "coordinates": [[-123.36088520741745, 48.417052723495146], [-123.36113200226787, 48.41716239630115]]}, "properties": {"OBJECTID": 1126, "Label": "3233(21)", "Direction": "one", "SHAPE_Length": 21.95629019560967, "Year": "2021", "PDF": "Southgate_900_2021.pdf"}}, {"type": "Feature", "id": 1127, "geometry": {"type": "LineString", "coordinates": [[-123.36127956700204, 48.416994356999744], [-123.36101560909874, 48.41688473835569]]}, "properties": {"OBJECTID": 1127, "Label": "2709(21)", "Direction": "one", "SHAPE_Length": 23.020169745044825, "Year": "2021", "PDF": "Southgate_900_2021.pdf"}}, {"type": "Feature", "id": 1128, "geometry": {"type": "LineString", "coordinates": [[-123.35761032368299, 48.41632028048049], [-123.35735263292976, 48.416286804172664]]}, "properties": {"OBJECTID": 1128, "Label": "1783(21)", "Direction": "one", "SHAPE_Length": 19.42726434634285, "Year": "2021", "PDF": "Southgate_1000_2021.pdf"}}, {"type": "Feature", "id": 1129, "geometry": {"type": "LineString", "coordinates": [[-123.35729806277686, 48.41666402008063], [-123.35753561205561, 48.4166804206603]]}, "properties": {"OBJECTID": 1129, "Label": "1888(21)", "Direction": "one", "SHAPE_Length": 17.67138091845814, "Year": "2021", "PDF": "Southgate_1000_2021.pdf"}}, {"type": "Feature", "id": 1130, "geometry": {"type": "LineString", "coordinates": [[-123.35197713834216, 48.418176263810565], [-123.35201334011741, 48.418033331936506]]}, "properties": {"OBJECTID": 1130, "Label": "442(21)", "Direction": "one", "SHAPE_Length": 16.11180010318601, "Year": "2021", "PDF": "Linden_500_2021.pdf"}}, {"type": "Feature", "id": 1131, "geometry": {"type": "LineString", "coordinates": [[-123.35167269882398, 48.41800200121156], [-123.35163934274502, 48.41814301971292]]}, "properties": {"OBJECTID": 1131, "Label": "581(21)", "Direction": "one", "SHAPE_Length": 15.868008682849135, "Year": "2021", "PDF": "Linden_500_2021.pdf"}}, {"type": "Feature", "id": 1132, "geometry": {"type": "LineString", "coordinates": [[-123.39410706836499, 48.43278366842073], [-123.39398106829157, 48.432771722439696]]}, "properties": {"OBJECTID": 1132, "Label": "2476(21)", "Direction": "one", "SHAPE_Length": 9.414371064535715, "Year": "2021", "PDF": "Wilson_700_2021.pdf"}}, {"type": "Feature", "id": 1133, "geometry": {"type": "LineString", "coordinates": [[-123.39395592354636, 48.43303554905899], [-123.39409911529282, 48.43305029349158]]}, "properties": {"OBJECTID": 1133, "Label": "3071(21)", "Direction": "one", "SHAPE_Length": 10.71792155481205, "Year": "2021", "PDF": "Wilson_700_2021.pdf"}}, {"type": "Feature", "id": 1134, "geometry": {"type": "LineString", "coordinates": [[-123.37307473235646, 48.41082495257601], [-123.37295824244104, 48.41093197007972]]}, "properties": {"OBJECTID": 1134, "Label": "492(21)", "Direction": "one", "SHAPE_Length": 14.690676718013169, "Year": "2021", "PDF": "Government_0_2021-07-06.pdf"}}, {"type": "Feature", "id": 1135, "geometry": {"type": "LineString", "coordinates": [[-123.38545801309395, 48.421402717104726], [-123.38558289576582, 48.421270904112596]]}, "properties": {"OBJECTID": 1135, "Label": "2193(21)", "Direction": "one", "SHAPE_Length": 17.32176613144397, "Year": "2021", "PDF": "Dallas_0_2021.pdf"}}, {"type": "Feature", "id": 1136, "geometry": {"type": "LineString", "coordinates": [[-123.3851065446884, 48.42108016746646], [-123.38495877372831, 48.42121205651829]]}, "properties": {"OBJECTID": 1136, "Label": "1907(21)", "Direction": "one", "SHAPE_Length": 18.288069058775207, "Year": "2021", "PDF": "Dallas_0_2021.pdf"}}, {"type": "Feature", "id": 1137, "geometry": {"type": "LineString", "coordinates": [[-123.38284411254256, 48.414339446368835], [-123.38269468314978, 48.41424853839451]]}, "properties": {"OBJECTID": 1137, "Label": "2236(21)", "Direction": "one", "SHAPE_Length": 14.979086918400693, "Year": "2021", "PDF": "Dallas_200_2021.pdf"}}, {"type": "Feature", "id": 1138, "geometry": {"type": "LineString", "coordinates": [[-123.38228193208482, 48.4145184136134], [-123.3824141702354, 48.41460557101039]]}, "properties": {"OBJECTID": 1138, "Label": "2254(21)", "Direction": "one", "SHAPE_Length": 13.76977319244096, "Year": "2021", "PDF": "Dallas_200_2021.pdf"}}, {"type": "Feature", "id": 1139, "geometry": {"type": "LineString", "coordinates": [[-123.37575570519667, 48.41103413828817], [-123.37556054895776, 48.41094527400012]]}, "properties": {"OBJECTID": 1139, "Label": "3119(21)", "Direction": "one", "SHAPE_Length": 17.49679249011166, "Year": "2021", "PDF": "Dallas_500_2021.pdf"}}, {"type": "Feature", "id": 1140, "geometry": {"type": "LineString", "coordinates": [[-123.37540439790442, 48.41110383878623], [-123.3756082054051, 48.41120219616051]]}, "properties": {"OBJECTID": 1140, "Label": "2746(21)", "Direction": "one", "SHAPE_Length": 18.627862083076863, "Year": "2021", "PDF": "Dallas_500_2021.pdf"}}, {"type": "Feature", "id": 1141, "geometry": {"type": "LineString", "coordinates": [[-123.33489963514607, 48.412812392114326], [-123.3350594164965, 48.41275098968828]]}, "properties": {"OBJECTID": 1141, "Label": "3443(21)", "Direction": "one", "SHAPE_Length": 13.652180746878122, "Year": "2021", "PDF": "Fairfield_1600_2021.pdf"}}, {"type": "Feature", "id": 1142, "geometry": {"type": "LineString", "coordinates": [[-123.33493778025824, 48.41252283126703], [-123.33477226670449, 48.41258234563305]]}, "properties": {"OBJECTID": 1142, "Label": "3235(21)", "Direction": "one", "SHAPE_Length": 13.920246757216958, "Year": "2021", "PDF": "Fairfield_1600_2021.pdf"}}, {"type": "Feature", "id": 1143, "geometry": {"type": "LineString", "coordinates": [[-123.32578091756403, 48.41586555619912], [-123.32614395316847, 48.41582458582005]]}, "properties": {"OBJECTID": 1143, "Label": "2039(21)", "Direction": "one", "SHAPE_Length": 27.24595579732349, "Year": "2021", "PDF": "Fairfield_1900_2021.pdf"}}, {"type": "Feature", "id": 1144, "geometry": {"type": "LineString", "coordinates": [[-123.32606746022276, 48.415429756839586], [-123.32576150522421, 48.415449666410744]]}, "properties": {"OBJECTID": 1144, "Label": "1426(21)", "Direction": "one", "SHAPE_Length": 22.747097429343334, "Year": "2021", "PDF": "Fairfield_1900_2021.pdf"}}, {"type": "Feature", "id": 1145, "geometry": {"type": "LineString", "coordinates": [[-123.32690479108037, 48.43606450949039], [-123.32722539739281, 48.436078833003116]]}, "properties": {"OBJECTID": 1145, "Label": "610(21)", "Direction": "one", "SHAPE_Length": 23.767103913876163, "Year": "2021", "PDF": "Haultain_1800_2021.pdf"}}, {"type": "Feature", "id": 1146, "geometry": {"type": "LineString", "coordinates": [[-123.32724674948136, 48.4358388342118], [-123.326914697567, 48.435824544173634]]}, "properties": {"OBJECTID": 1146, "Label": "626(21)", "Direction": "one", "SHAPE_Length": 24.611719087380187, "Year": "2021", "PDF": "Haultain_1800_2021.pdf"}}, {"type": "Feature", "id": 1147, "geometry": {"type": "LineString", "coordinates": [[-123.36339043307176, 48.40864318869218], [-123.36377960120522, 48.40866861851456]]}, "properties": {"OBJECTID": 1147, "Label": "3937(21)", "Direction": "one", "SHAPE_Length": 28.938818976156366, "Year": "2021", "PDF": "Dallas_BeaconHill_2021.pdf"}}, {"type": "Feature", "id": 1148, "geometry": {"type": "LineString", "coordinates": [[-123.36385208952338, 48.40840559871089], [-123.36346292336272, 48.40838016912761]]}, "properties": {"OBJECTID": 1148, "Label": "3783(21)", "Direction": "one", "SHAPE_Length": 28.93881897596563, "Year": "2021", "PDF": "Dallas_BeaconHill_2021.pdf"}}, {"type": "Feature", "id": 1149, "geometry": {"type": "LineString", "coordinates": [[-123.35248320944291, 48.41608309200516], [-123.35251086756942, 48.41594589980278]]}, "properties": {"OBJECTID": 1149, "Label": "742(21)", "Direction": "one", "SHAPE_Length": 15.386293213135781, "Year": "2021", "PDF": "Linden_400_2021.pdf"}}, {"type": "Feature", "id": 1150, "geometry": {"type": "LineString", "coordinates": [[-123.352213028302, 48.41589730020927], [-123.35217390181066, 48.416030719199746]]}, "properties": {"OBJECTID": 1150, "Label": "771(21)", "Direction": "one", "SHAPE_Length": 15.110120641114504, "Year": "2021", "PDF": "Linden_400_2021.pdf"}}, {"type": "Feature", "id": 1151, "geometry": {"type": "LineString", "coordinates": [[-123.35311196100712, 48.412132244518155], [-123.35309259747045, 48.41222751812722]]}, "properties": {"OBJECTID": 1151, "Label": "353(21)", "Direction": "one", "SHAPE_Length": 10.686617352962978, "Year": "2021", "PDF": "Linden_200_2021.pdf"}}, {"type": "Feature", "id": 1152, "geometry": {"type": "LineString", "coordinates": [[-123.35339885196359, 48.41225514202772], [-123.35341827957224, 48.41216939012915]]}, "properties": {"OBJECTID": 1152, "Label": "389(21)", "Direction": "one", "SHAPE_Length": 9.639541667832907, "Year": "2021", "PDF": "Linden_200_2021.pdf"}}, {"type": "Feature", "id": 1153, "geometry": {"type": "LineString", "coordinates": [[-123.32226262072629, 48.42254393927068], [-123.32222629489229, 48.42268114826418]]}, "properties": {"OBJECTID": 1153, "Label": "3405(21)", "Direction": "one", "SHAPE_Length": 15.486428022507198, "Year": "2021", "PDF": "FoulBay_900_2021.pdf"}}, {"type": "Feature", "id": 1154, "geometry": {"type": "LineString", "coordinates": [[-123.32250682342634, 48.422705118162995], [-123.32254021485657, 48.4225564908006]]}, "properties": {"OBJECTID": 1154, "Label": "3214(21)", "Direction": "one", "SHAPE_Length": 16.70434081485122, "Year": "2021", "PDF": "FoulBay_900_2021.pdf"}}, {"type": "Feature", "id": 1155, "geometry": {"type": "LineString", "coordinates": [[-123.33101545262438, 48.416963760417936], [-123.33106473910101, 48.41706454551892]]}, "properties": {"OBJECTID": 1155, "Label": "2025(21)", "Direction": "one", "SHAPE_Length": 11.781382819983735, "Year": "2021", "PDF": "Richmond_500_2021.pdf"}}, {"type": "Feature", "id": 1156, "geometry": {"type": "LineString", "coordinates": [[-123.33133584708402, 48.41696379104098], [-123.33129669689622, 48.41688201986814]]}, "properties": {"OBJECTID": 1156, "Label": "3004(21)", "Direction": "one", "SHAPE_Length": 9.539719552902866, "Year": "2021", "PDF": "Richmond_500_2021.pdf"}}, {"type": "Feature", "id": 1157, "geometry": {"type": "LineString", "coordinates": [[-123.33146810205035, 48.41816595812605], [-123.3315347328532, 48.41829430524694]]}, "properties": {"OBJECTID": 1157, "Label": "2207(21)", "Direction": "one", "SHAPE_Length": 15.094232628275707, "Year": "2021", "PDF": "Richmond_600_2021.pdf"}}, {"type": "Feature", "id": 1158, "geometry": {"type": "LineString", "coordinates": [[-123.332040417319, 48.41819192030889], [-123.33196509664982, 48.41804741285794]]}, "properties": {"OBJECTID": 1158, "Label": "2397(21)", "Direction": "one", "SHAPE_Length": 17.002038949901433, "Year": "2021", "PDF": "Richmond_600_2021.pdf"}}, {"type": "Feature", "id": 1159, "geometry": {"type": "LineString", "coordinates": [[-123.32214570235081, 48.420625857632025], [-123.32253477478943, 48.420624767754]]}, "properties": {"OBJECTID": 1159, "Label": "2626(21)", "Direction": "one", "SHAPE_Length": 28.78679999988526, "Year": "2021", "PDF": "McNeil_2000_2021.pdf"}}, {"type": "Feature", "id": 1160, "geometry": {"type": "LineString", "coordinates": [[-123.3223652832151, 48.42006157776376], [-123.32195900227957, 48.4200550987465]]}, "properties": {"OBJECTID": 1160, "Label": "1966(21)", "Direction": "one", "SHAPE_Length": 30.068720588429695, "Year": "2021", "PDF": "McNeil_2000_2021.pdf"}}, {"type": "Feature", "id": 1161, "geometry": {"type": "LineString", "coordinates": [[-123.36036084390857, 48.44768643908756], [-123.36033135808275, 48.44756465845855]]}, "properties": {"OBJECTID": 1161, "Label": "101(21)", "Direction": "one", "SHAPE_Length": 13.71107216089316, "Year": "2021", "PDF": "Fifth_3100_2021.pdf"}}, {"type": "Feature", "id": 1162, "geometry": {"type": "LineString", "coordinates": [[-123.35996526481705, 48.447605793586234], [-123.36000055474312, 48.447738981712696]]}, "properties": {"OBJECTID": 1162, "Label": "97(21)", "Direction": "one", "SHAPE_Length": 15.032837353591988, "Year": "2021", "PDF": "Fifth_3100_2021.pdf"}}, {"type": "Feature", "id": 1163, "geometry": {"type": "LineString", "coordinates": [[-123.33861601345541, 48.43953671985496], [-123.33861819236327, 48.43943388327476]]}, "properties": {"OBJECTID": 1163, "Label": "193(21)", "Direction": "one", "SHAPE_Length": 11.431960325470504, "Year": "2021", "PDF": "Forbes_2700_2021.pdf"}}, {"type": "Feature", "id": 1164, "geometry": {"type": "LineString", "coordinates": [[-123.33829766305257, 48.43943482596869], [-123.33829553407469, 48.439545279744955]]}, "properties": {"OBJECTID": 1164, "Label": "233(21)", "Direction": "one", "SHAPE_Length": 12.278525146120733, "Year": "2021", "PDF": "Forbes_2700_2021.pdf"}}, {"type": "Feature", "id": 1165, "geometry": {"type": "LineString", "coordinates": [[-123.33744921248268, 48.439667733040785], [-123.33745138114175, 48.43956299285398]]}, "properties": {"OBJECTID": 1165, "Label": "274(21)", "Direction": "one", "SHAPE_Length": 11.64352470018884, "Year": "2021", "PDF": "Victor_2700_2021.pdf"}}, {"type": "Feature", "id": 1166, "geometry": {"type": "LineString", "coordinates": [[-123.33709928263812, 48.43955069463947], [-123.33709720775417, 48.43966971741158]]}, "properties": {"OBJECTID": 1166, "Label": "198(21)", "Direction": "one", "SHAPE_Length": 13.230893753955032, "Year": "2021", "PDF": "Victor_2700_2021.pdf"}}, {"type": "Feature", "id": 1167, "geometry": {"type": "LineString", "coordinates": [[-123.39416970895691, 48.43148950498055], [-123.39383113613152, 48.43137069451048]]}, "properties": {"OBJECTID": 1167, "Label": "8088(21)", "Direction": "one", "SHAPE_Length": 28.313608651898498, "Year": "2021", "PDF": "Esquimalt_700_2021.pdf"}}, {"type": "Feature", "id": 1168, "geometry": {"type": "LineString", "coordinates": [[-123.39371398665921, 48.43176337575522], [-123.39400366780535, 48.43184997994523]]}, "properties": {"OBJECTID": 1168, "Label": "8091(21)", "Direction": "one", "SHAPE_Length": 23.491218915160214, "Year": "2021", "PDF": "Esquimalt_700_2021.pdf"}}, {"type": "Feature", "id": 1169, "geometry": {"type": "LineString", "coordinates": [[-123.39188025244452, 48.439268645675405], [-123.39216151963885, 48.4393724223435]]}, "properties": {"OBJECTID": 1169, "Label": "6968(21)", "Direction": "one", "SHAPE_Length": 23.78692545163186, "Year": "2021", "PDF": "Craigflower_700_2021.pdf"}}, {"type": "Feature", "id": 1170, "geometry": {"type": "LineString", "coordinates": [[-123.3923536756864, 48.43905375380809], [-123.39208391621679, 48.43895755575343]]}, "properties": {"OBJECTID": 1170, "Label": "7246(21)", "Direction": "one", "SHAPE_Length": 22.636490361889745, "Year": "2021", "PDF": "Craigflower_700_2021.pdf"}}, {"type": "Feature", "id": 1171, "geometry": {"type": "LineString", "coordinates": [[-123.3456126444813, 48.41629545437773], [-123.34566821589364, 48.416053444828876], [-123.34566820298295, 48.41605154029745]]}, "properties": {"OBJECTID": 1171, "Label": "135(19)", "Direction": "one", "SHAPE_Length": 27.424686307231255, "Year": "2019", "PDF": "Durban_400_2019.pdf"}}, {"type": "Feature", "id": 1172, "geometry": {"type": "LineString", "coordinates": [[-123.3451644101111, 48.41600354186648], [-123.34510600112131, 48.41624936792354]]}, "properties": {"OBJECTID": 1172, "Label": "164(19)", "Direction": "one", "SHAPE_Length": 27.66443655645953, "Year": "2019", "PDF": "Durban_400_2019.pdf"}}, {"type": "Feature", "id": 1173, "geometry": {"type": "LineString", "coordinates": [[-123.34879481669061, 48.41604591457131], [-123.34883379571936, 48.41588964593758]]}, "properties": {"OBJECTID": 1173, "Label": "1246(19)", "Direction": "one", "SHAPE_Length": 17.607844324607235, "Year": "2019", "PDF": "Moss_400_2019.pdf"}}, {"type": "Feature", "id": 1174, "geometry": {"type": "LineString", "coordinates": [[-123.34852749575994, 48.4158582008889], [-123.34848568084966, 48.41601828714821]]}, "properties": {"OBJECTID": 1174, "Label": "1516(19)", "Direction": "one", "SHAPE_Length": 18.061356013466085, "Year": "2019", "PDF": "Moss_400_2019.pdf"}}, {"type": "Feature", "id": 1175, "geometry": {"type": "LineString", "coordinates": [[-123.34496760112991, 48.414819673694126], [-123.34514884253856, 48.41497147155583]]}, "properties": {"OBJECTID": 1175, "Label": "271(19)", "Direction": "one", "SHAPE_Length": 21.5536278588619, "Year": "2019", "PDF": "Thurlow_1300_2019.pdf"}}, {"type": "Feature", "id": 1176, "geometry": {"type": "LineString", "coordinates": [[-123.34540807697407, 48.41481263951876], [-123.34524411421988, 48.41467792775765]]}, "properties": {"OBJECTID": 1176, "Label": "268(19)", "Direction": "one", "SHAPE_Length": 19.27218284349152, "Year": "2019", "PDF": "Thurlow_1300_2019.pdf"}}, {"type": "Feature", "id": 1177, "geometry": {"type": "LineString", "coordinates": [[-123.32530766597426, 48.411664769319344], [-123.32549128531582, 48.41175184683871]]}, "properties": {"OBJECTID": 1177, "Label": "2004(21)", "Direction": "one", "SHAPE_Length": 16.682817741777658, "Year": "2021", "PDF": "Crescent_1900_2021.pdf"}}, {"type": "Feature", "id": 1178, "geometry": {"type": "LineString", "coordinates": [[-123.34937863384134, 48.416537304764205], [-123.34935644115724, 48.41663829906657]]}, "properties": {"OBJECTID": 1178, "Label": "138(21)", "Direction": "one", "SHAPE_Length": 11.34547325781394, "Year": "2021", "PDF": "Cornwall_500_2021.pdf"}}, {"type": "Feature", "id": 1179, "geometry": {"type": "LineString", "coordinates": [[-123.34964549139883, 48.416656464132096], [-123.34967045313495, 48.41654213116778]]}, "properties": {"OBJECTID": 1179, "Label": "92(21)", "Direction": "one", "SHAPE_Length": 12.84217913887926, "Year": "2021", "PDF": "Cornwall_500_2021.pdf"}}, {"type": "Feature", "id": 1180, "geometry": {"type": "LineString", "coordinates": [[-123.36061872912975, 48.44533898247759], [-123.36066557490632, 48.445487368028935]]}, "properties": {"OBJECTID": 1180, "Label": "4471(21)", "Direction": "one", "SHAPE_Length": 16.853758024595592, "Year": "2021", "PDF": "Quadra_3000_2021.pdf"}}, {"type": "Feature", "id": 1181, "geometry": {"type": "LineString", "coordinates": [[-123.3611545260803, 48.44541728124602], [-123.36111616965312, 48.44525553912585]]}, "properties": {"OBJECTID": 1181, "Label": "4539(21)", "Direction": "one", "SHAPE_Length": 18.20090991559932, "Year": "2021", "PDF": "Quadra_3000_2021.pdf"}}, {"type": "Feature", "id": 1182, "geometry": {"type": "LineString", "coordinates": [[-123.32579527189951, 48.41142725981812], [-123.3256145261147, 48.4113420792191]]}, "properties": {"OBJECTID": 1182, "Label": "2372(21)", "Direction": "one", "SHAPE_Length": 16.387429633902418, "Year": "2021", "PDF": "Crescent_1900_2021.pdf"}}, {"type": "Feature", "id": 1183, "geometry": {"type": "LineString", "coordinates": [[-123.3554895697043, 48.42314795804959], [-123.3555983648695, 48.42315904750938]]}, "properties": {"OBJECTID": 1183, "Label": "1247(21)", "Direction": "one", "SHAPE_Length": 8.142946327293098, "Year": "2021", "PDF": "Meares_1000_2021.pdf"}}, {"type": "Feature", "id": 1184, "geometry": {"type": "LineString", "coordinates": [[-123.35565703652273, 48.42295701345323], [-123.35549385702603, 48.42294228383524]]}, "properties": {"OBJECTID": 1184, "Label": "706(21)", "Direction": "one", "SHAPE_Length": 12.183246278212899, "Year": "2021", "PDF": "Meares_1000_2021.pdf"}}, {"type": "Feature", "id": 1185, "geometry": {"type": "LineString", "coordinates": [[-123.35735152337745, 48.42102654458789], [-123.35731259196895, 48.42118662407169]]}, "properties": {"OBJECTID": 1185, "Label": "672(21)", "Direction": "one", "SHAPE_Length": 18.025263926128154, "Year": "2021", "PDF": "Vancouver_800_2021.pdf"}}, {"type": "Feature", "id": 1186, "geometry": {"type": "LineString", "coordinates": [[-123.35775344289762, 48.42122524396917], [-123.35779805271113, 48.42105943387348]]}, "properties": {"OBJECTID": 1186, "Label": "829(21)", "Direction": "one", "SHAPE_Length": 18.723815971272316, "Year": "2021", "PDF": "Vancouver_800_2021.pdf"}}, {"type": "Feature", "id": 1187, "geometry": {"type": "LineString", "coordinates": [[-123.35888333686877, 48.41689902483271], [-123.3586754788681, 48.417036781286264]]}, "properties": {"OBJECTID": 1187, "Label": "349(21)", "Direction": "one", "SHAPE_Length": 21.702824483254684, "Year": "2021", "PDF": "Vancouver_400_2021.pdf"}}, {"type": "Feature", "id": 1188, "geometry": {"type": "LineString", "coordinates": [[-123.35909994798769, 48.4171916078788], [-123.3592308657054, 48.41709598513167]]}, "properties": {"OBJECTID": 1188, "Label": "736(21)", "Direction": "one", "SHAPE_Length": 14.380948592988146, "Year": "2021", "PDF": "Vancouver_400_2021.pdf"}}, {"type": "Feature", "id": 1189, "geometry": {"type": "LineString", "coordinates": [[-123.35924219370155, 48.413673861663156], [-123.35923847318898, 48.41375480451405]]}, "properties": {"OBJECTID": 1189, "Label": "264(21)", "Direction": "one", "SHAPE_Length": 9.001401217824112, "Year": "2021", "PDF": "Vancouver_200_2021.pdf"}}, {"type": "Feature", "id": 1190, "geometry": {"type": "LineString", "coordinates": [[-123.3595245086305, 48.413752959326], [-123.3595282958124, 48.41368153731456]]}, "properties": {"OBJECTID": 1190, "Label": "397(21)", "Direction": "one", "SHAPE_Length": 7.943847462025504, "Year": "2021", "PDF": "Vancouver_200_2021.pdf"}}, {"type": "Feature", "id": 1191, "geometry": {"type": "LineString", "coordinates": [[-123.35660269460132, 48.42400323386691], [-123.35657212986565, 48.42413281939962]]}, "properties": {"OBJECTID": 1191, "Label": "1002(21)", "Direction": "one", "SHAPE_Length": 14.580498770775337, "Year": "2021", "PDF": "Vancouver_1100_2021.pdf"}}, {"type": "Feature", "id": 1192, "geometry": {"type": "LineString", "coordinates": [[-123.35704447631376, 48.424171344411334], [-123.35708069471906, 48.424032220169735]]}, "properties": {"OBJECTID": 1192, "Label": "2808(21)", "Direction": "one", "SHAPE_Length": 15.69478688779409, "Year": "2021", "PDF": "Vancouver_1100_2021.pdf"}}, {"type": "Feature", "id": 1193, "geometry": {"type": "LineString", "coordinates": [[-123.35580182278812, 48.431585321036465], [-123.35582081615793, 48.43143672960547]]}, "properties": {"OBJECTID": 1193, "Label": "508(21)", "Direction": "one", "SHAPE_Length": 16.576354692178437, "Year": "2021", "PDF": "Vancouver_2000_2021.pdf"}}, {"type": "Feature", "id": 1194, "geometry": {"type": "LineString", "coordinates": [[-123.35548877209436, 48.431420617431314], [-123.35547547493687, 48.43156538298064]]}, "properties": {"OBJECTID": 1194, "Label": "491(21)", "Direction": "one", "SHAPE_Length": 16.121473747058104, "Year": "2021", "PDF": "Vancouver_2000_2021.pdf"}}, {"type": "Feature", "id": 1195, "geometry": {"type": "LineString", "coordinates": [[-123.35730741825923, 48.428753186440716], [-123.3570956041172, 48.428742418329556]]}, "properties": {"OBJECTID": 1195, "Label": "1854(21)", "Direction": "one", "SHAPE_Length": 15.714801925498483, "Year": "2021", "PDF": "Balmoral_900_2021.pdf"}}, {"type": "Feature", "id": 1196, "geometry": {"type": "LineString", "coordinates": [[-123.35708075787412, 48.429073807640385], [-123.3572496275231, 48.42908089997557]]}, "properties": {"OBJECTID": 1196, "Label": "1341(21)", "Direction": "one", "SHAPE_Length": 12.517062999097343, "Year": "2021", "PDF": "Balmoral_900_2021.pdf"}}, {"type": "Feature", "id": 1197, "geometry": {"type": "LineString", "coordinates": [[-123.35440711340235, 48.42890878443016], [-123.35465042770677, 48.42892326864631]]}, "properties": {"OBJECTID": 1197, "Label": "1077(21)", "Direction": "one", "SHAPE_Length": 18.071207313924493, "Year": "2021", "PDF": "Balmoral_1000_2021.pdf"}}, {"type": "Feature", "id": 1198, "geometry": {"type": "LineString", "coordinates": [[-123.35469377016494, 48.42857274975665], [-123.35445331921615, 48.428558255913046]]}, "properties": {"OBJECTID": 1198, "Label": "1469(21)", "Direction": "one", "SHAPE_Length": 17.86045921956524, "Year": "2021", "PDF": "Balmoral_1000_2021.pdf"}}, {"type": "Feature", "id": 1199, "geometry": {"type": "LineString", "coordinates": [[-123.35022764028608, 48.40598963462419], [-123.35041519863736, 48.40602238867773]]}, "properties": {"OBJECTID": 1199, "Label": "2457(21)", "Direction": "one", "SHAPE_Length": 14.350510069995865, "Year": "2021", "PDF": "Dallas_1300_2021.pdf"}}, {"type": "Feature", "id": 1200, "geometry": {"type": "LineString", "coordinates": [[-123.35047841004099, 48.405856523437535], [-123.35028651653205, 48.40581711802551]]}, "properties": {"OBJECTID": 1200, "Label": "3011(21)", "Direction": "one", "SHAPE_Length": 14.861986404297838, "Year": "2021", "PDF": "Dallas_1300_2021.pdf"}}, {"type": "Feature", "id": 1201, "geometry": {"type": "LineString", "coordinates": [[-123.35875560716526, 48.4207310168262], [-123.35888443067805, 48.4207429925716]]}, "properties": {"OBJECTID": 1201, "Label": "108(21)", "Direction": "one", "SHAPE_Length": 9.623848016696988, "Year": "2021", "PDF": "McClure_900_2021.pdf"}}, {"type": "Feature", "id": 1202, "geometry": {"type": "LineString", "coordinates": [[-123.35892320129697, 48.4205610136467], [-123.35879292818538, 48.4205461860608]]}, "properties": {"OBJECTID": 1202, "Label": "123(21)", "Direction": "one", "SHAPE_Length": 9.778526143326602, "Year": "2021", "PDF": "McClure_900_2021.pdf"}}, {"type": "Feature", "id": 1203, "geometry": {"type": "LineString", "coordinates": [[-123.35840031026096, 48.44807760364472], [-123.35842090992048, 48.44815751841078]]}, "properties": {"OBJECTID": 1203, "Label": "224(21)", "Direction": "one", "SHAPE_Length": 9.012631961226777, "Year": "2021", "PDF": "Jackson_3100_2021.pdf"}}, {"type": "Feature", "id": 1204, "geometry": {"type": "LineString", "coordinates": [[-123.35869550230504, 48.44812905081965], [-123.35867346480362, 48.44804818875311]]}, "properties": {"OBJECTID": 1204, "Label": "205(21)", "Direction": "one", "SHAPE_Length": 9.134800155750488, "Year": "2021", "PDF": "Jackson_3100_2021.pdf"}}, {"type": "Feature", "id": 1205, "geometry": {"type": "LineString", "coordinates": [[-123.34691917884655, 48.447237776944455], [-123.34705658224944, 48.447239266323024]]}, "properties": {"OBJECTID": 1205, "Label": "199(21)", "Direction": "one", "SHAPE_Length": 10.162203233701062, "Year": "2021", "PDF": "Lang_1400_2021.pdf"}}, {"type": "Feature", "id": 1206, "geometry": {"type": "LineString", "coordinates": [[-123.34706753580285, 48.44695645067068], [-123.34690149688686, 48.44695314216638]]}, "properties": {"OBJECTID": 1206, "Label": "87(21)", "Direction": "one", "SHAPE_Length": 12.283998960298709, "Year": "2021", "PDF": "Lang_1400_2021.pdf"}}, {"type": "Feature", "id": 1207, "geometry": {"type": "LineString", "coordinates": [[-123.3301655607976, 48.41324501390413], [-123.33031145338494, 48.413246498870464]]}, "properties": {"OBJECTID": 1207, "Label": "130(21)", "Direction": "one", "SHAPE_Length": 10.797073657172476, "Year": "2021", "PDF": "Lillian_1800_2021.pdf"}}, {"type": "Feature", "id": 1208, "geometry": {"type": "LineString", "coordinates": [[-123.35800315697526, 48.42342535134523], [-123.35820930801212, 48.423447561019316]]}, "properties": {"OBJECTID": 1208, "Label": "1753(21)", "Direction": "one", "SHAPE_Length": 15.450315466570753, "Year": "2021", "PDF": "Meares_900_2021.pdf"}}, {"type": "Feature", "id": 1209, "geometry": {"type": "LineString", "coordinates": [[-123.35823076210222, 48.423243736935135], [-123.358047528469, 48.423225264230574]]}, "properties": {"OBJECTID": 1209, "Label": "17(21)", "Direction": "one", "SHAPE_Length": 13.710973358833664, "Year": "2021", "PDF": "Meares_900_2021.pdf"}}, {"type": "Feature", "id": 1210, "geometry": {"type": "LineString", "coordinates": [[-123.33387537668929, 48.42880658873568], [-123.33398469094135, 48.42889577261578]]}, "properties": {"OBJECTID": 1210, "Label": "1415(21)", "Direction": "one", "SHAPE_Length": 12.793175424909393, "Year": "2021", "PDF": "Fern_1800_2021.pdf"}}, {"type": "Feature", "id": 1211, "geometry": {"type": "LineString", "coordinates": [[-123.33430935376659, 48.4286625088524], [-123.33419721520097, 48.42857904627708]]}, "properties": {"OBJECTID": 1211, "Label": "1207(21)", "Direction": "one", "SHAPE_Length": 12.44525791473894, "Year": "2021", "PDF": "Fern_1800_2021.pdf"}}, {"type": "Feature", "id": 1212, "geometry": {"type": "LineString", "coordinates": [[-123.3510868214103, 48.43256233578613], [-123.35092363865286, 48.4325514079328]]}, "properties": {"OBJECTID": 1212, "Label": "195(21)", "Direction": "one", "SHAPE_Length": 12.131657966390401, "Year": "2021", "PDF": "Princess_1100_2021.pdf"}}, {"type": "Feature", "id": 1213, "geometry": {"type": "LineString", "coordinates": [[-123.35089074320572, 48.43276097798503], [-123.35106538614575, 48.432773775488826]]}, "properties": {"OBJECTID": 1213, "Label": "281(21)", "Direction": "one", "SHAPE_Length": 12.99643919616871, "Year": "2021", "PDF": "Princess_1100_2021.pdf"}}, {"type": "Feature", "id": 1214, "geometry": {"type": "LineString", "coordinates": [[-123.36634183028951, 48.4148071654105], [-123.36622319471573, 48.4150170134806]]}, "properties": {"OBJECTID": 1214, "Label": "4291(21)", "Direction": "one", "SHAPE_Length": 24.922857292068414, "Year": "2021", "PDF": "Douglas_300_2021.pdf"}}, {"type": "Feature", "id": 1215, "geometry": {"type": "LineString", "coordinates": [[-123.36644086574915, 48.41505440562404], [-123.36654529439917, 48.414857932785374]]}, "properties": {"OBJECTID": 1215, "Label": "3523(21)", "Direction": "one", "SHAPE_Length": 23.16569981173635, "Year": "2021", "PDF": "Douglas_300_2021.pdf"}}, {"type": "Feature", "id": 1216, "geometry": {"type": "LineString", "coordinates": [[-123.34628336071943, 48.409703293076504], [-123.34625847221182, 48.40982904995377]]}, "properties": {"OBJECTID": 1216, "Label": "115(21)", "Direction": "one", "SHAPE_Length": 14.09928810144989, "Year": "2021", "PDF": "Eberts_100_2021.pdf"}}, {"type": "Feature", "id": 1217, "geometry": {"type": "LineString", "coordinates": [[-123.34655324155561, 48.40985291839055], [-123.34658678757322, 48.40973856100745]]}, "properties": {"OBJECTID": 1217, "Label": "91(21)", "Direction": "one", "SHAPE_Length": 12.951509565628864, "Year": "2021", "PDF": "Eberts_100_2021.pdf"}}, {"type": "Feature", "id": 1218, "geometry": {"type": "LineString", "coordinates": [[-123.34583727661811, 48.409509446148775], [-123.34592845977225, 48.40945870943406]]}, "properties": {"OBJECTID": 1218, "Label": "266(21)", "Direction": "one", "SHAPE_Length": 8.794293360855248, "Year": "2021", "PDF": "Bushby_100_2021.pdf"}}, {"type": "Feature", "id": 1219, "geometry": {"type": "LineString", "coordinates": [[-123.3457240450138, 48.40926127885307], [-123.34562997422731, 48.40930821583622]]}, "properties": {"OBJECTID": 1219, "Label": "172(21)", "Direction": "one", "SHAPE_Length": 8.699663422394206, "Year": "2021", "PDF": "Bushby_100_2021.pdf"}}, {"type": "Feature", "id": 1220, "geometry": {"type": "LineString", "coordinates": [[-123.34284348248806, 48.434030167918074], [-123.3428396961914, 48.43410539823717]]}, "properties": {"OBJECTID": 1220, "Label": "248(21)", "Direction": "one", "SHAPE_Length": 8.366926260912281, "Year": "2021", "PDF": "Oregon_2400_2021.pdf"}}, {"type": "Feature", "id": 1221, "geometry": {"type": "LineString", "coordinates": [[-123.34311587649938, 48.43411028790241], [-123.34312111836539, 48.43403886236243]]}, "properties": {"OBJECTID": 1221, "Label": "318(21)", "Direction": "one", "SHAPE_Length": 7.948779097441429, "Year": "2021", "PDF": "Oregon_2400_2021.pdf"}}, {"type": "Feature", "id": 1222, "geometry": {"type": "LineString", "coordinates": [[-123.34108956125814, 48.41366031034755], [-123.34108544432456, 48.41390026159227]]}, "properties": {"OBJECTID": 1222, "Label": "190 (21)", "Direction": "one", "SHAPE_Length": 26.673460622062947, "Year": "2021", "PDF": null}}, {"type": "Feature", "id": 1223, "geometry": {"type": "LineString", "coordinates": [[-123.34132489578558, 48.41391342694569], [-123.34132868535592, 48.413687729007215], [-123.34132809018737, 48.41368683921401]]}, "properties": {"OBJECTID": 1223, "Label": "185 (21)", "Direction": "one", "SHAPE_Length": 25.19723281922685, "Year": "2021", "PDF": null}}, {"type": "Feature", "id": 1224, "geometry": {"type": "LineString", "coordinates": [[-123.33732794275592, 48.413431058958224], [-123.33729760014958, 48.41316835760287]]}, "properties": {"OBJECTID": 1224, "Label": "1339 (21)", "Direction": "one", "SHAPE_Length": 29.286692555324468, "Year": "2021", "PDF": null}}, {"type": "Feature", "id": 1225, "geometry": {"type": "LineString", "coordinates": [[-123.33714320198452, 48.41317833114249], [-123.3371706703531, 48.413439136388874]]}, "properties": {"OBJECTID": 1225, "Label": "1481 (21)", "Direction": "one", "SHAPE_Length": 29.060905483184317, "Year": "2021", "PDF": null}}, {"type": "Feature", "id": 1226, "geometry": {"type": "LineString", "coordinates": [[-123.3455529392326, 48.41592315122121], [-123.34561410342506, 48.41566208188306]]}, "properties": {"OBJECTID": 1226, "Label": "249 (21)", "Direction": "one", "SHAPE_Length": 29.36991755850079, "Year": "2021", "PDF": null}}, {"type": "Feature", "id": 1227, "geometry": {"type": "LineString", "coordinates": [[-123.34540796480617, 48.41563604135921], [-123.34534395148867, 48.415899022809754]]}, "properties": {"OBJECTID": 1227, "Label": "159 (21)", "Direction": "one", "SHAPE_Length": 29.612926545895117, "Year": "2021", "PDF": null}}, {"type": "Feature", "id": 1228, "geometry": {"type": "LineString", "coordinates": [[-123.34889377107055, 48.41604727714271], [-123.34892708129037, 48.41589864304685]]}, "properties": {"OBJECTID": 1228, "Label": "1008 (21)", "Direction": "one", "SHAPE_Length": 16.704241976001448, "Year": "2021", "PDF": null}}, {"type": "Feature", "id": 1229, "geometry": {"type": "LineString", "coordinates": [[-123.34844904478952, 48.41585248456057], [-123.34841002557569, 48.41600304037468]]}, "properties": {"OBJECTID": 1229, "Label": "1703 (21)", "Direction": "one", "SHAPE_Length": 16.98223771379416, "Year": "2021", "PDF": null}}, {"type": "Feature", "id": 1230, "geometry": {"type": "LineString", "coordinates": [[-123.33139527253064, 48.4169083190218], [-123.33133744088526, 48.41681327147436]]}, "properties": {"OBJECTID": 1230, "Label": "1911 (21)", "Direction": "one", "SHAPE_Length": 11.398685499644165, "Year": "10/28/2021", "PDF": null}}, {"type": "Feature", "id": 1231, "geometry": {"type": "LineString", "coordinates": [[-123.33092212641488, 48.41691915765655], [-123.3309698887511, 48.41700566425987]]}, "properties": {"OBJECTID": 1231, "Label": "2163 (21)", "Direction": "one", "SHAPE_Length": 10.244504130705081, "Year": "28/10/2021", "PDF": null}}, {"type": "Feature", "id": 1232, "geometry": {"type": "LineString", "coordinates": [[-123.32697800007539, 48.420378118139574], [-123.3271184244645, 48.42019300469057]]}, "properties": {"OBJECTID": 1232, "Label": "94 (21)", "Direction": "one", "SHAPE_Length": 23.050568564519917, "Year": "10/28/2021", "PDF": null}}, {"type": "Feature", "id": 1233, "geometry": {"type": "LineString", "coordinates": [[-123.32690200063611, 48.42012601879332], [-123.32675730275767, 48.420314000517834]]}, "properties": {"OBJECTID": 1233, "Label": "111 (21)", "Direction": "one", "SHAPE_Length": 23.478099701676364, "Year": "10/28/2021", "PDF": null}}, {"type": "Feature", "id": 1234, "geometry": {"type": "LineString", "coordinates": [[-123.35316475762019, 48.417060607178286], [-123.35300981038156, 48.41699252890413]]}, "properties": {"OBJECTID": 1234, "Label": "3666 (21)", "Direction": "one", "SHAPE_Length": 13.737150358815217, "Year": "10/27/2021", "PDF": null}}, {"type": "Feature", "id": 1235, "geometry": {"type": "LineString", "coordinates": [[-123.35275528749206, 48.41741701014728], [-123.35293740461582, 48.41748405359324]]}, "properties": {"OBJECTID": 1235, "Label": "4403 (21)", "Direction": "one", "SHAPE_Length": 15.398646248320263, "Year": "10/27/2021", "PDF": null}}, {"type": "Feature", "id": 1236, "geometry": {"type": "LineString", "coordinates": [[-123.34426032823603, 48.41294769862538], [-123.34445018196004, 48.41310518557824]]}, "properties": {"OBJECTID": 1236, "Label": "3497 (21)", "Direction": "one", "SHAPE_Length": 22.44576513729244, "Year": "10/29/2021", "PDF": null}}, {"type": "Feature", "id": 1237, "geometry": {"type": "LineString", "coordinates": [[-123.34460128009098, 48.41303046659199], [-123.34438851928861, 48.41286924020513]]}, "properties": {"OBJECTID": 1237, "Label": "3527 (21)", "Direction": "one", "SHAPE_Length": 23.854564254147686, "Year": "10/29/2021", "PDF": null}}, {"type": "Feature", "id": 1238, "geometry": {"type": "LineString", "coordinates": [[-123.33598375710446, 48.41231328390134], [-123.33571808363037, 48.41236547465885]]}, "properties": {"OBJECTID": 1238, "Label": "3516 (21)", "Direction": "one", "SHAPE_Length": 20.49781573685752, "Year": "10/29/2021", "PDF": null}}, {"type": "Feature", "id": 1239, "geometry": {"type": "LineString", "coordinates": [[-123.33573892136506, 48.41248919209468], [-123.33601601221555, 48.41243315880805]]}, "properties": {"OBJECTID": 1239, "Label": "4076 (21)", "Direction": "one", "SHAPE_Length": 21.429667740116834, "Year": "10/29/2021", "PDF": null}}, {"type": "Feature", "id": 1240, "geometry": {"type": "LineString", "coordinates": [[-123.33519185652682, 48.417538212287205], [-123.33481763739206, 48.41761928108084]]}, "properties": {"OBJECTID": 1240, "Label": "211 (21)", "Direction": "one", "SHAPE_Length": 29.11865839182029, "Year": "10/28/2021", "PDF": null}}, {"type": "Feature", "id": 1241, "geometry": {"type": "LineString", "coordinates": [[-123.33505163920003, 48.417967082186514], [-123.33535154652033, 48.41789575027876]]}, "properties": {"OBJECTID": 1241, "Label": "178 (21)", "Direction": "one", "SHAPE_Length": 23.564604705608193, "Year": "10/28/2021", "PDF": null}}, {"type": "Feature", "id": 1242, "geometry": {"type": "LineString", "coordinates": [[-123.33465703459622, 48.415378418685336], [-123.33432866028056, 48.41546887363896]]}, "properties": {"OBJECTID": 1242, "Label": "153 (21)", "Direction": "one", "SHAPE_Length": 26.296233573666385, "Year": "10/28/2021", "PDF": null}}, {"type": "Feature", "id": 1243, "geometry": {"type": "LineString", "coordinates": [[-123.33457396648078, 48.415797599991755], [-123.33498507233365, 48.415672626664744]]}, "properties": {"OBJECTID": 1243, "Label": "147 (21)", "Direction": "one", "SHAPE_Length": 33.441401210759025, "Year": "10/28/2021", "PDF": null}}, {"type": "Feature", "id": 1244, "geometry": {"type": "LineString", "coordinates": [[-123.32922702061889, 48.41550072164222], [-123.32891223309828, 48.41548162702469]]}, "properties": {"OBJECTID": 1244, "Label": "2787 (21)", "Direction": "one", "SHAPE_Length": 23.38923303176191, "Year": "10/28/2021", "PDF": null}}, {"type": "Feature", "id": 1245, "geometry": {"type": "LineString", "coordinates": [[-123.32888297749159, 48.41560263239637], [-123.32922782590963, 48.415625449329745]]}, "properties": {"OBJECTID": 1245, "Label": "2935 (21)", "Direction": "one", "SHAPE_Length": 25.64276101386349, "Year": "10/28/2021", "PDF": null}}, {"type": "Feature", "id": 1246, "geometry": {"type": "LineString", "coordinates": [[-123.38842934368174, 48.443630835574574], [-123.38807992182593, 48.44359964226752]]}, "properties": {"OBJECTID": 1246, "Label": "5677 (21)", "Direction": "one", "SHAPE_Length": 26.072893020280418, "Year": "11/4/2021", "PDF": null}}, {"type": "Feature", "id": 1247, "geometry": {"type": "LineString", "coordinates": [[-123.38803505770939, 48.443721666632804], [-123.38840749281292, 48.443768017105015]]}, "properties": {"OBJECTID": 1247, "Label": "6643 (21)", "Direction": "one", "SHAPE_Length": 28.02090055219109, "Year": "11/4/2021", "PDF": null}}, {"type": "Feature", "id": 1248, "geometry": {"type": "LineString", "coordinates": [[-123.37188940887081, 48.43977982306387], [-123.371550804657, 48.439657139984334]]}, "properties": {"OBJECTID": 1248, "Label": "6266 (21)", "Direction": "one", "SHAPE_Length": 28.515370624021067, "Year": "11/5/2021", "PDF": null}}, {"type": "Feature", "id": 1249, "geometry": {"type": "LineString", "coordinates": [[-123.37120774955982, 48.44010194095935], [-123.37153200521928, 48.440218959475565]]}, "properties": {"OBJECTID": 1249, "Label": "7728 (21)", "Direction": "one", "SHAPE_Length": 27.28210926925925, "Year": "11/5/2021", "PDF": null}}, {"type": "Feature", "id": 1250, "geometry": {"type": "LineString", "coordinates": [[-123.35131598331014, 48.41976960370006], [-123.35127047917094, 48.41993896137568], [-123.35126871469998, 48.4199502421346]]}, "properties": {"OBJECTID": 1250, "Label": "429 (22)", "Direction": "one", "SHAPE_Length": 20.3843312729241, "Year": "2022", "PDF": "https://cityvictoria.sharepoint.com/:f:/s/TRAN-Transportation-Operations/EuaXP57TvnVDkpPgTsBFriUB6PxRj7TM80OFiq8sVvj5PQ?e=2gTiuI"}}, {"type": "Feature", "id": 1251, "geometry": {"type": "LineString", "coordinates": [[-123.35147475626246, 48.41997668449087], [-123.35151642054609, 48.41979565105035], [-123.35151521264763, 48.41979551349443]]}, "properties": {"OBJECTID": 1251, "Label": "359 (22)", "Direction": "one", "SHAPE_Length": 20.448183603083955, "Year": "2022", "PDF": "https://cityvictoria.sharepoint.com/:f:/s/TRAN-Transportation-Operations/EuaXP57TvnVDkpPgTsBFriUB6PxRj7TM80OFiq8sVvj5PQ?e=2gTiuI"}}, {"type": "Feature", "id": 1252, "geometry": {"type": "LineString", "coordinates": [[-123.32846904926518, 48.42043798549045], [-123.32859832051545, 48.42026418643565]]}, "properties": {"OBJECTID": 1252, "Label": "336 (22)", "Direction": "one", "SHAPE_Length": 21.55663582377063, "Year": "2022", "PDF": "https://cityvictoria.sharepoint.com/:f:/s/TRAN-Transportation-Operations/EutK42OVuDBAhz0LBnbYGZIBxWkIQNDG5s-ZLZUffQaNog?e=RgG7bQ"}}, {"type": "Feature", "id": 1253, "geometry": {"type": "LineString", "coordinates": [[-123.32835031451032, 48.42021457220699], [-123.32823288133879, 48.42038043735224]]}, "properties": {"OBJECTID": 1253, "Label": "453 (22)", "Direction": "one", "SHAPE_Length": 20.381487931596013, "Year": "2022", "PDF": "https://cityvictoria.sharepoint.com/:f:/s/TRAN-Transportation-Operations/EutK42OVuDBAhz0LBnbYGZIBxWkIQNDG5s-ZLZUffQaNog?e=RgG7bQ"}}, {"type": "Feature", "id": 1254, "geometry": {"type": "LineString", "coordinates": [[-123.35347781401772, 48.419576657516515], [-123.35377843147424, 48.419610010523996], [-123.35377722357417, 48.41960987299182]]}, "properties": {"OBJECTID": 1254, "Label": "632 (22)", "Direction": "one", "SHAPE_Length": 22.639974930636885, "Year": "2022", "PDF": "https://cityvictoria.sharepoint.com/:f:/s/TRAN-Transportation-Operations/EqddjxpB34NBoy8i-bp1iX8BT8z-bz7qyeceXNoGm0NtSA?e=bokPsA"}}, {"type": "Feature", "id": 1255, "geometry": {"type": "LineString", "coordinates": [[-123.35382138505001, 48.419409929274124], [-123.35354080094291, 48.419377467564466], [-123.353539593049, 48.41937733002976]]}, "properties": {"OBJECTID": 1255, "Label": "392 (22)", "Direction": "one", "SHAPE_Length": 21.16219069432336, "Year": "2022", "PDF": "https://cityvictoria.sharepoint.com/:f:/s/TRAN-Transportation-Operations/EqddjxpB34NBoy8i-bp1iX8BT8z-bz7qyeceXNoGm0NtSA?e=bokPsA"}}, {"type": "Feature", "id": 1256, "geometry": {"type": "LineString", "coordinates": [[-123.34145952910764, 48.41647117142189], [-123.34181167340485, 48.41651392473079], [-123.34180925781476, 48.416513649414554]]}, "properties": {"OBJECTID": 1256, "Label": "391 (22)", "Direction": "one", "SHAPE_Length": 26.66761009064767, "Year": "2022", "PDF": "https://cityvictoria.sharepoint.com/:f:/s/TRAN-Transportation-Operations/EienDOmlvyRLjDwEXcprEWUBi4Rt06zrYN2aa3NOIe5m_g?e=6DuKxJ"}}, {"type": "Feature", "id": 1257, "geometry": {"type": "LineString", "coordinates": [[-123.34189025064852, 48.41628708254756], [-123.3414837312199, 48.416240682616866], [-123.34148131564451, 48.41624040729367]]}, "properties": {"OBJECTID": 1257, "Label": "251 (22)", "Direction": "one", "SHAPE_Length": 30.70030553577222, "Year": "2022", "PDF": "https://cityvictoria.sharepoint.com/:f:/s/TRAN-Transportation-Operations/EienDOmlvyRLjDwEXcprEWUBi4Rt06zrYN2aa3NOIe5m_g?e=6DuKxJ"}}, {"type": "Feature", "id": 1258, "geometry": {"type": "LineString", "coordinates": [[-123.33437113672336, 48.41687079795639], [-123.33473083470071, 48.41675739965683], [-123.33472841913655, 48.416757124191875]]}, "properties": {"OBJECTID": 1258, "Label": "729 (22)", "Direction": "one", "SHAPE_Length": 29.630431493613713, "Year": "2022", "PDF": "https://cityvictoria.sharepoint.com/:f:/s/TRAN-Transportation-Operations/Eo9ppEY_4_9Dnzl06VJBIC4BmMSnEyM9RZUrh3pQlWFBnA?e=2GMiPC"}}, {"type": "Feature", "id": 1259, "geometry": {"type": "LineString", "coordinates": [[-123.33471511969191, 48.416542262275264], [-123.3342897161744, 48.416669181620854], [-123.33428730061088, 48.41666890524697]]}, "properties": {"OBJECTID": 1259, "Label": "673 (22)", "Direction": "one", "SHAPE_Length": 34.67533241306118, "Year": "2022", "PDF": "https://cityvictoria.sharepoint.com/:f:/s/TRAN-Transportation-Operations/Eo9ppEY_4_9Dnzl06VJBIC4BmMSnEyM9RZUrh3pQlWFBnA?e=2GMiPC"}}, {"type": "Feature", "id": 1260, "geometry": {"type": "LineString", "coordinates": [[-123.32560758975112, 48.4201637514831], [-123.3258891751223, 48.42009616311491]]}, "properties": {"OBJECTID": 1260, "Label": "148 (22)", "Direction": "one", "SHAPE_Length": 22.147209090231954, "Year": "2022", "PDF": "https://cityvictoria.sharepoint.com/:f:/s/TRAN-Transportation-Operations/EhEXvILNKhJFj6ULqurAOysB0_oR_YtOOaswbpHCYbogGQ?e=aDscAV"}}, {"type": "Feature", "id": 1261, "geometry": {"type": "LineString", "coordinates": [[-123.32584339906217, 48.41990695867156], [-123.32554230257563, 48.41998479341567]]}, "properties": {"OBJECTID": 1261, "Label": "821 (22)", "Direction": "one", "SHAPE_Length": 23.89871381601465, "Year": "2022", "PDF": "https://cityvictoria.sharepoint.com/:f:/s/TRAN-Transportation-Operations/EhEXvILNKhJFj6ULqurAOysB0_oR_YtOOaswbpHCYbogGQ?e=aDscAV"}}, {"type": "Feature", "id": 1262, "geometry": {"type": "LineString", "coordinates": [[-123.3439938723803, 48.42957536626823], [-123.34417725730916, 48.42958038948368]]}, "properties": {"OBJECTID": 1262, "Label": "256 (22)", "Direction": "one", "SHAPE_Length": 13.577331354999952, "Year": "2022", "PDF": "https://cityvictoria.sharepoint.com/:f:/s/TRAN-Transportation-Operations/EuZ3wla7849MruK2X-hfu1kBAEGlQclmN61Se_oxjmyP_w?e=ZoetBT"}}, {"type": "Feature", "id": 1263, "geometry": {"type": "LineString", "coordinates": [[-123.34419220061447, 48.42949574590598], [-123.34398923059142, 48.42949049876974]]}, "properties": {"OBJECTID": 1263, "Label": "265 (22)", "Direction": "one", "SHAPE_Length": 15.025995877464938, "Year": "2022", "PDF": "https://cityvictoria.sharepoint.com/:f:/s/TRAN-Transportation-Operations/EuZ3wla7849MruK2X-hfu1kBAEGlQclmN61Se_oxjmyP_w?e=ZoetBT"}}, {"type": "Feature", "id": 1264, "geometry": {"type": "LineString", "coordinates": [[-123.33206568589202, 48.41323428586498], [-123.33223775511716, 48.41323350668158]]}, "properties": {"OBJECTID": 1264, "Label": "217 (22)", "Direction": "one", "SHAPE_Length": 12.73313871619206, "Year": "2022", "PDF": "https://cityvictoria.sharepoint.com/:f:/s/TRAN-Transportation-Operations/Eix3WOkMGARHnbZBRE0c45kBnbxVYDQxonZq8tbBdJlWmQ?e=2N908k"}}, {"type": "Feature", "id": 1265, "geometry": {"type": "LineString", "coordinates": [[-123.33221690322335, 48.413174816678385], [-123.33206528910597, 48.413173349739914], [-123.3320628737258, 48.413173074218406]]}, "properties": {"OBJECTID": 1265, "Label": "251 (22)", "Direction": "one", "SHAPE_Length": 11.401736534751507, "Year": "2022", "PDF": "https://cityvictoria.sharepoint.com/:f:/s/TRAN-Transportation-Operations/Eix3WOkMGARHnbZBRE0c45kBnbxVYDQxonZq8tbBdJlWmQ?e=2N908k"}}, {"type": "Feature", "id": 1266, "geometry": {"type": "LineString", "coordinates": [[-123.32577165223506, 48.42959688458668], [-123.32577101935678, 48.42938598883451]]}, "properties": {"OBJECTID": 1266, "Label": "245 (22)", "Direction": "one", "SHAPE_Length": 23.442159687260126, "Year": "2022", "PDF": "https://cityvictoria.sharepoint.com/:f:/s/TRAN-Transportation-Operations/EoqrGgVRtAhGrUFXGw5pn9oBpDw_KRIVJgObWfmkj2JcRQ?e=W4bgVA"}}, {"type": "Feature", "id": 1267, "geometry": {"type": "LineString", "coordinates": [[-123.32546736689316, 48.42942226559036], [-123.32546557656998, 48.42958984720823]]}, "properties": {"OBJECTID": 1267, "Label": "234 (22)", "Direction": "one", "SHAPE_Length": 18.628001845487766, "Year": "2022", "PDF": "https://cityvictoria.sharepoint.com/:f:/s/TRAN-Transportation-Operations/EoqrGgVRtAhGrUFXGw5pn9oBpDw_KRIVJgObWfmkj2JcRQ?e=W4bgVA"}}, {"type": "Feature", "id": 1268, "geometry": {"type": "LineString", "coordinates": [[-123.32336415022542, 48.4302929295159], [-123.3235850721457, 48.43029131799493]]}, "properties": {"OBJECTID": 1268, "Label": "333 (22)", "Direction": "one", "SHAPE_Length": 16.34337085765977, "Year": "2022", "PDF": "https://cityvictoria.sharepoint.com/:f:/s/TRAN-Transportation-Operations/EnNyhmF90i5Gsv9p4hS8jm4BZdx2J7K24Cwchx0RRTOC0Q?e=kTa6ex"}}, {"type": "Feature", "id": 1269, "geometry": {"type": "LineString", "coordinates": [[-123.3303020581754, 48.413120843959426], [-123.33015043328803, 48.413117470857735]]}, "properties": {"OBJECTID": 1269, "Label": "272(21)", "Direction": "one", "SHAPE_Length": 11.226283346512204, "Year": "2021", "PDF": "Lillian_1800_2021.pdf"}}, {"type": "Feature", "id": 1270, "geometry": {"type": "LineString", "coordinates": [[-123.3511592625408, 48.4482962829225], [-123.35078223090987, 48.44834856526794]]}, "properties": {"OBJECTID": 1270, "Label": "75 (22)", "Direction": "one", "SHAPE_Length": 28.479788913385022, "Year": "2022", "PDF": "https://cityvictoria.sharepoint.com/:f:/s/TRAN-Transportation-Operations/EoW7UJsDgwxCv003S01_Vd0B0Wk32Vo6xIvAREA-8Ffxtw?e=SFfejA"}}, {"type": "Feature", "id": 1271, "geometry": {"type": "LineString", "coordinates": [[-123.35084050111152, 48.44856194842039], [-123.35121849259221, 48.44851861897591]]}, "properties": {"OBJECTID": 1271, "Label": "72 (22)", "Direction": "one", "SHAPE_Length": 28.36332490826529, "Year": "2022", "PDF": "https://cityvictoria.sharepoint.com/:f:/s/TRAN-Transportation-Operations/EoW7UJsDgwxCv003S01_Vd0B0Wk32Vo6xIvAREA-8Ffxtw?e=SFfejA"}}, {"type": "Feature", "id": 1272, "geometry": {"type": "LineString", "coordinates": [[-123.32357646870437, 48.430083667230384], [-123.32327648395697, 48.43008613152595]]}, "properties": {"OBJECTID": 1272, "Label": "194 (22)", "Direction": "one", "SHAPE_Length": 22.192731603639338, "Year": "2022", "PDF": "https://cityvictoria.sharepoint.com/:f:/s/TRAN-Transportation-Operations/EnNyhmF90i5Gsv9p4hS8jm4BZdx2J7K24Cwchx0RRTOC0Q?e=kTa6ex"}}, {"type": "Feature", "id": 1273, "geometry": {"type": "LineString", "coordinates": [[-123.33172417388661, 48.42238139773153], [-123.33194793120705, 48.42240517358863]]}, "properties": {"OBJECTID": 1273, "Label": "100 (22)", "Direction": "one", "SHAPE_Length": 16.76432724196483, "Year": "2,022", "PDF": "https://cityvictoria.sharepoint.com/:f:/s/TRAN-Transportation-Operations/EuYMrU2Ah3BDoGVwD4otSbABg5SIW-8rPP6wQ4U7-FR1yw?e=RAD0dh"}}, {"type": "Feature", "id": 1274, "geometry": {"type": "LineString", "coordinates": [[-123.33200402925067, 48.422301563219456], [-123.33176926110497, 48.42227557997845], [-123.3317668452949, 48.42227530445216]]}, "properties": {"OBJECTID": 1274, "Label": "134 (22)", "Direction": "one", "SHAPE_Length": 17.789200394560833, "Year": "2,022", "PDF": "https://cityvictoria.sharepoint.com/:f:/s/TRAN-Transportation-Operations/EuYMrU2Ah3BDoGVwD4otSbABg5SIW-8rPP6wQ4U7-FR1yw?e=RAD0dh"}}, {"type": "Feature", "id": 1275, "geometry": {"type": "LineString", "coordinates": [[-123.32572752166871, 48.42068053248988], [-123.3252354852018, 48.42068573246155], [-123.32523306950172, 48.420685456797784]]}, "properties": {"OBJECTID": 1275, "Label": "759 (22)", "Direction": "one", "SHAPE_Length": 36.59050000758696, "Year": "2022", "PDF": "https://cityvictoria.sharepoint.com/:f:/s/TRAN-Transportation-Operations/EuvxXwwpY4dLml89e_E_N3sBEHNooQ-qma119O_-qWMs_g?e=W9nHMZ"}}, {"type": "Feature", "id": 1276, "geometry": {"type": "LineString", "coordinates": [[-123.32521406753918, 48.42091620975535], [-123.32570085492038, 48.42091455047922]]}, "properties": {"OBJECTID": 1276, "Label": "1106 (22)", "Direction": "one", "SHAPE_Length": 36.016513687522355, "Year": "2022", "PDF": "https://cityvictoria.sharepoint.com/:f:/s/TRAN-Transportation-Operations/EuvxXwwpY4dLml89e_E_N3sBEHNooQ-qma119O_-qWMs_g?e=W9nHMZ"}}, {"type": "Feature", "id": 1277, "geometry": {"type": "LineString", "coordinates": [[-123.34426002777249, 48.4163105046341], [-123.34430735827179, 48.416118031129024], [-123.34430494268727, 48.41611775586513]]}, "properties": {"OBJECTID": 1277, "Label": "238 (22)", "Direction": "one", "SHAPE_Length": 21.860447834650905, "Year": "2022", "PDF": "https://cityvictoria.sharepoint.com/:f:/s/TRAN-Transportation-Operations/EvQv71hBTXdKvLCdy1rr2-4BuPIm9MoutB2GRASnSNbUGQ?e=6DZq2m"}}, {"type": "Feature", "id": 1278, "geometry": {"type": "LineString", "coordinates": [[-123.34394399035727, 48.41610769219783], [-123.34389945394699, 48.416290636151345], [-123.34389703835042, 48.41629035997927]]}, "properties": {"OBJECTID": 1278, "Label": "173 (22)", "Direction": "one", "SHAPE_Length": 20.7817498048073, "Year": "2022", "PDF": "https://cityvictoria.sharepoint.com/:f:/s/TRAN-Transportation-Operations/EvQv71hBTXdKvLCdy1rr2-4BuPIm9MoutB2GRASnSNbUGQ?e=6DZq2m"}}, {"type": "Feature", "id": 1279, "geometry": {"type": "LineString", "coordinates": [[-123.35271343891688, 48.42319394979488], [-123.35247294806642, 48.42316993179756], [-123.35247008666845, 48.42316994056214], [-123.35246767070646, 48.423169665470866]]}, "properties": {"OBJECTID": 1279, "Label": "8265 (22)", "Direction": "one", "SHAPE_Length": 18.38469571022961, "Year": "2022", "PDF": "1100 block Fort St (Cook St & Linden Ave).pdf"}}, {"type": "Feature", "id": 1280, "geometry": {"type": "LineString", "coordinates": [[-123.33540599530076, 48.417802093151984], [-123.33562389525345, 48.41775044827727]]}, "properties": {"OBJECTID": 1280, "Label": "258 (22)", "Direction": "one", "SHAPE_Length": 17.114298433283718, "Year": "2022", "PDF": "https://cityvictoria.sharepoint.com/:f:/s/TRAN-Transportation-Operations/EpW74T8VD7NNjMlQarb8FtMB3EpEQTUcxOFqvn5eNEzsRQ?e=8hDO2n"}}, {"type": "Feature", "id": 1281, "geometry": {"type": "LineString", "coordinates": [[-123.3355217716313, 48.4175722914485], [-123.33528479378973, 48.41762527912786]]}, "properties": {"OBJECTID": 1281, "Label": "304 (22)", "Direction": "one", "SHAPE_Length": 18.49724522766771, "Year": "2022", "PDF": "https://cityvictoria.sharepoint.com/:f:/s/TRAN-Transportation-Operations/EpW74T8VD7NNjMlQarb8FtMB3EpEQTUcxOFqvn5eNEzsRQ?e=8hDO2n"}}, {"type": "Feature", "id": 1282, "geometry": {"type": "LineString", "coordinates": [[-123.33983438334258, 48.41279158939894], [-123.33981890874068, 48.413044903472134], [-123.33981649332557, 48.413044628113454]]}, "properties": {"OBJECTID": 1282, "Label": "216 (22)", "Direction": "one", "SHAPE_Length": 28.36167126397193, "Year": "2022", "PDF": "https://cityvictoria.sharepoint.com/:f:/s/TRAN-Transportation-Operations/EtNMGOQUpBFBtib09the9F0BrZrFV5p1TOVQOI3E5J3ojA?e=w76qzj"}}, {"type": "Feature", "id": 1283, "geometry": {"type": "LineString", "coordinates": [[-123.34014819618105, 48.41309534586569], [-123.34016337702504, 48.412798234678746], [-123.34016096161376, 48.41279795842763]]}, "properties": {"OBJECTID": 1283, "Label": "141 (22)", "Direction": "one", "SHAPE_Length": 33.22577063277139, "Year": "2022", "PDF": "https://cityvictoria.sharepoint.com/:f:/s/TRAN-Transportation-Operations/EtNMGOQUpBFBtib09the9F0BrZrFV5p1TOVQOI3E5J3ojA?e=w76qzj"}}, {"type": "Feature", "id": 1284, "geometry": {"type": "LineString", "coordinates": [[-123.36126528503569, 48.4299637424269], [-123.36093658313027, 48.42995116122233]]}, "properties": {"OBJECTID": 1284, "Label": "202 (22)", "Direction": "one", "SHAPE_Length": 24.355646276988928, "Year": "2022", "PDF": "https://cityvictoria.sharepoint.com/:f:/s/TRAN-Transportation-Operations/EkBVrBL_7O1FsY1C5yuLlpkBTK4PQ81XFw_0zEt47fsVBw?e=dnYKvK"}}, {"type": "Feature", "id": 1285, "geometry": {"type": "LineString", "coordinates": [[-123.36087741165807, 48.43014396076134], [-123.36122188726029, 48.43015413553137]]}, "properties": {"OBJECTID": 1285, "Label": "499 (22)", "Direction": "one", "SHAPE_Length": 25.507300891213003, "Year": "2022", "PDF": "https://cityvictoria.sharepoint.com/:f:/s/TRAN-Transportation-Operations/EkBVrBL_7O1FsY1C5yuLlpkBTK4PQ81XFw_0zEt47fsVBw?e=dnYKvK"}}, {"type": "Feature", "id": 1286, "geometry": {"type": "LineString", "coordinates": [[-123.35248085450804, 48.42764829283214], [-123.35202308702796, 48.42762098884887]]}, "properties": {"OBJECTID": 1286, "Label": "299 (22)", "Direction": "one", "SHAPE_Length": 34.000244213031756, "Year": "2022", "PDF": "https://cityvictoria.sharepoint.com/:f:/s/TRAN-Transportation-Operations/Emc4AyRKixZDlXbZkSsNAt4BWAPRFsv2mu_BiB9IPBkvvQ?e=4LyWo4"}}, {"type": "Feature", "id": 1287, "geometry": {"type": "LineString", "coordinates": [[-123.35203652288929, 48.42773439315586], [-123.3524589709056, 48.427761522779136]]}, "properties": {"OBJECTID": 1287, "Label": "28 (22)", "Direction": "one", "SHAPE_Length": 31.39675676317001, "Year": "2022", "PDF": "https://cityvictoria.sharepoint.com/:f:/s/TRAN-Transportation-Operations/Emc4AyRKixZDlXbZkSsNAt4BWAPRFsv2mu_BiB9IPBkvvQ?e=4LyWo4"}}, {"type": "Feature", "id": 1288, "geometry": {"type": "LineString", "coordinates": [[-123.34356875469717, 48.429570476356965], [-123.34379649077029, 48.429575367756186]]}, "properties": {"OBJECTID": 1288, "Label": "176 (15)", "Direction": "one", "SHAPE_Length": 16.855480927929726, "Year": "2015", "PDF": null}}, {"type": "Feature", "id": 1289, "geometry": {"type": "LineString", "coordinates": [[-123.34380996462326, 48.429485016720704], [-123.34356693686911, 48.429479888512795]]}, "properties": {"OBJECTID": 1289, "Label": "200 (15)", "Direction": "one", "SHAPE_Length": 17.986973773728923, "Year": "2015", "PDF": null}}, {"type": "Feature", "id": 1290, "geometry": {"type": "LineString", "coordinates": [[-123.33881543049648, 48.42981539725866], [-123.33880827946471, 48.429963668536665]]}, "properties": {"OBJECTID": 1290, "Label": "353 (22)", "Direction": "one", "SHAPE_Length": 16.489588883307196, "Year": "2022", "PDF": "https://cityvictoria.sharepoint.com/:f:/s/TRAN-Transportation-Operations/Et9t8U_71NVDuIyKPKf0W-4BBYJZK-WhD99py5z-dpozBw?e=nUMa0R"}}, {"type": "Feature", "id": 1291, "geometry": {"type": "LineString", "coordinates": [[-123.33900119997791, 48.42996994133631], [-123.33901608914668, 48.429800451423986]]}, "properties": {"OBJECTID": 1291, "Label": "370 (22)", "Direction": "one", "SHAPE_Length": 18.87182842728665, "Year": "2022", "PDF": "https://cityvictoria.sharepoint.com/:f:/s/TRAN-Transportation-Operations/Et9t8U_71NVDuIyKPKf0W-4BBYJZK-WhD99py5z-dpozBw?e=nUMa0R"}}, {"type": "Feature", "id": 1292, "geometry": {"type": "LineString", "coordinates": [[-123.34505441271439, 48.431514318818934], [-123.34504948831373, 48.4316323977246], [-123.34504707198961, 48.431632122478774]]}, "properties": {"OBJECTID": 1292, "Label": "3538 (22)", "Direction": "one", "SHAPE_Length": 13.31146758783628, "Year": "2022", "PDF": "https://cityvictoria.sharepoint.com/:f:/s/TRAN-Transportation-Operations/ErX70LaMsIFKg2nxVIt4-pEBRgT5w200WCoH2OQZ5hAcow?e=XzC7j2"}}, {"type": "Feature", "id": 1293, "geometry": {"type": "LineString", "coordinates": [[-123.34518114009266, 48.431635811130455], [-123.34518068281658, 48.431502231149686]]}, "properties": {"OBJECTID": 1293, "Label": "3077 (22)", "Direction": "one", "SHAPE_Length": 14.848136893031263, "Year": "2022", "PDF": "https://cityvictoria.sharepoint.com/:f:/s/TRAN-Transportation-Operations/ErX70LaMsIFKg2nxVIt4-pEBRgT5w200WCoH2OQZ5hAcow?e=XzC7j2"}}, {"type": "Feature", "id": 1294, "geometry": {"type": "LineString", "coordinates": [[-123.32359932314219, 48.41969441885036], [-123.3237643649899, 48.419554942695335], [-123.32376194935125, 48.419554667000455]]}, "properties": {"OBJECTID": 1294, "Label": "3545 (22)", "Direction": "one", "SHAPE_Length": 19.916394237330223, "Year": "2022", "PDF": null}}, {"type": "Feature", "id": 1295, "geometry": {"type": "LineString", "coordinates": [[-123.36003496898839, 48.42053247162889], [-123.36013932970467, 48.42072638051008], [-123.36013691381808, 48.4207261055795]]}, "properties": {"OBJECTID": 1295, "Label": "3249 (22)", "Direction": "one", "SHAPE_Length": 23.076589838607045, "Year": "2022", "PDF": null}}, {"type": "Feature", "id": 1296, "geometry": {"type": "LineString", "coordinates": [[-123.36040269992498, 48.420750311733535], [-123.36031270898617, 48.42056587914323], [-123.36031029310627, 48.42056560421627]]}, "properties": {"OBJECTID": 1296, "Label": "3341 (22)", "Direction": "one", "SHAPE_Length": 21.736074492632035, "Year": "2022", "PDF": null}}, {"type": "Feature", "id": 1297, "geometry": {"type": "LineString", "coordinates": [[-123.36139826559982, 48.41841258215823], [-123.36115973429037, 48.41866279101569], [-123.36115731984775, 48.418662516101975]]}, "properties": {"OBJECTID": 1297, "Label": "2082 (22)", "Direction": "one", "SHAPE_Length": 33.12052007944552, "Year": "2022", "PDF": null}}, {"type": "Feature", "id": 1298, "geometry": {"type": "LineString", "coordinates": [[-123.36148174012524, 48.418888388620054], [-123.36178273227193, 48.41857133269816], [-123.36178031647886, 48.418571057801756]]}, "properties": {"OBJECTID": 1298, "Label": "2673 (22)", "Direction": "one", "SHAPE_Length": 41.870669061516566, "Year": "2022", "PDF": null}}, {"type": "Feature", "id": 1299, "geometry": {"type": "LineString", "coordinates": [[-123.35568456626567, 48.41788957109809], [-123.3557540634732, 48.41759990661892], [-123.35575164775169, 48.41759963069608]]}, "properties": {"OBJECTID": 1299, "Label": "5878 (22)", "Direction": "one", "SHAPE_Length": 32.787027199580315, "Year": "2022", "PDF": null}}, {"type": "Feature", "id": 1300, "geometry": {"type": "LineString", "coordinates": [[-123.3552644160713, 48.41753286567168], [-123.35518632096309, 48.41782065182644], [-123.35518390524041, 48.417820376791354]]}, "properties": {"OBJECTID": 1300, "Label": "5268 (22)", "Direction": "one", "SHAPE_Length": 32.687893037278606, "Year": "2022", "PDF": null}}, {"type": "Feature", "id": 1301, "geometry": {"type": "LineString", "coordinates": [[-123.37286018828168, 48.421403114485976], [-123.37336746508105, 48.42152524685923], [-123.37336504908689, 48.42152497220669]]}, "properties": {"OBJECTID": 1301, "Label": "3992 (22)", "Direction": "one", "SHAPE_Length": 40.09279795804708, "Year": "2022", "PDF": null}}, {"type": "Feature", "id": 1302, "geometry": {"type": "LineString", "coordinates": [[-123.34151121985137, 48.41987333918474], [-123.3410505846925, 48.41986708797707], [-123.34104816894748, 48.41986681264534]]}, "properties": {"OBJECTID": 1302, "Label": "1111 (22)", "Direction": "one", "SHAPE_Length": 34.270256022675355, "Year": "2022", "PDF": null}}, {"type": "Feature", "id": 1303, "geometry": {"type": "LineString", "coordinates": [[-123.34108900946516, 48.420051688470785], [-123.34151815269422, 48.42005422385698], [-123.34151573693785, 48.4200539485351]]}, "properties": {"OBJECTID": 1303, "Label": "2023 (22)", "Direction": "one", "SHAPE_Length": 31.93426088287049, "Year": "2022", "PDF": null}}, {"type": "Feature", "id": 1304, "geometry": {"type": "LineString", "coordinates": [[-123.35876814457453, 48.42702597327799], [-123.35870157039855, 48.427260124062116]]}, "properties": {"OBJECTID": 1304, "Label": "3964 (22)", "Direction": "one", "SHAPE_Length": 26.48893378881081, "Year": "2022", "PDF": null}}, {"type": "Feature", "id": 1305, "geometry": {"type": "LineString", "coordinates": [[-123.35913086606047, 48.427339046791886], [-123.3591870388201, 48.42708200595187]]}, "properties": {"OBJECTID": 1305, "Label": "3742 (22)", "Direction": "one", "SHAPE_Length": 28.87202231925086, "Year": "2022", "PDF": null}}, {"type": "Feature", "id": 1306, "geometry": {"type": "LineString", "coordinates": [[-123.3234630213879, 48.419506652835715], [-123.32336762341487, 48.41958813906669], [-123.32336717103274, 48.41958841383291]]}, "properties": {"OBJECTID": 1306, "Label": "2807 (22)", "Direction": "one", "SHAPE_Length": 11.528390172230196, "Year": "2022", "PDF": null}}, {"type": "Feature", "id": 1307, "geometry": {"type": "LineString", "coordinates": [[-123.34347628212743, 48.443791600377565], [-123.34314836600372, 48.4439084563442]]}, "properties": {"OBJECTID": 1307, "Label": "122 (22)", "Direction": "one", "SHAPE_Length": 27.510271240700014, "Year": "2022", "PDF": "https://cityvictoria.sharepoint.com/:f:/s/TRAN-Transportation-Operations/EoBGSW2hvmFKmyWaIq8VTmUBiw-pjDYA3bL8V57dRfE54w?e=NFZkJs"}}, {"type": "Feature", "id": 1308, "geometry": {"type": "LineString", "coordinates": [[-123.34321480190478, 48.44406469042195], [-123.34359214880244, 48.443929983369294]]}, "properties": {"OBJECTID": 1308, "Label": "134 (22)", "Direction": "one", "SHAPE_Length": 31.669549999922253, "Year": "2022", "PDF": "https://cityvictoria.sharepoint.com/:f:/s/TRAN-Transportation-Operations/EoBGSW2hvmFKmyWaIq8VTmUBiw-pjDYA3bL8V57dRfE54w?e=NFZkJs"}}, {"type": "Feature", "id": 1309, "geometry": {"type": "LineString", "coordinates": [[-123.35092227701936, 48.40597215567229], [-123.35077047440072, 48.405940246186276], [-123.35076805925819, 48.40593997015686]]}, "properties": {"OBJECTID": 1309, "Label": "2826 (22)", "Direction": "one", "SHAPE_Length": 11.96270885801632, "Year": "2022", "PDF": "https://cityvictoria.sharepoint.com/:f:/s/TRAN-Transportation-Operations/ErTmBerUb9lChwPLys-81KABTuTzaBAxhzNPSSAd903Wkg?e=lDehKx"}}, {"type": "Feature", "id": 1310, "geometry": {"type": "LineString", "coordinates": [[-123.35072832097869, 48.406048918287745], [-123.35089486868732, 48.40608050037149]]}, "properties": {"OBJECTID": 1310, "Label": "2883 (22)", "Direction": "one", "SHAPE_Length": 12.816159785524901, "Year": "2022", "PDF": "https://cityvictoria.sharepoint.com/:f:/s/TRAN-Transportation-Operations/ErTmBerUb9lChwPLys-81KABTuTzaBAxhzNPSSAd903Wkg?e=lDehKx"}}, {"type": "Feature", "id": 1311, "geometry": {"type": "LineString", "coordinates": [[-123.3462933020937, 48.43731948918074], [-123.34623688286273, 48.43743962752759], [-123.34623446625675, 48.43743935230765]]}, "properties": {"OBJECTID": 1311, "Label": "284 (22)", "Direction": "one", "SHAPE_Length": 14.172159583026524, "Year": "2022", "PDF": "https://cityvictoria.sharepoint.com/:f:/s/TRAN-Transportation-Operations/EvZiRWfHBJBInqV9phhcfhoB4yGoLzd7PKbjKjWOjRJ2yA?e=3YvdlN"}}, {"type": "Feature", "id": 1312, "geometry": {"type": "LineString", "coordinates": [[-123.34645172130759, 48.437469449459215], [-123.34651377380456, 48.43733596390239], [-123.34651135720208, 48.43733568868825]]}, "properties": {"OBJECTID": 1312, "Label": "467 (22)", "Direction": "one", "SHAPE_Length": 15.712580459049832, "Year": "2022", "PDF": "https://cityvictoria.sharepoint.com/:f:/s/TRAN-Transportation-Operations/EvZiRWfHBJBInqV9phhcfhoB4yGoLzd7PKbjKjWOjRJ2yA?e=3YvdlN"}}, {"type": "Feature", "id": 1313, "geometry": {"type": "LineString", "coordinates": [[-123.3447671026044, 48.43838858109958], [-123.34476608447943, 48.438449521161864], [-123.34476547963881, 48.438449451901405]]}, "properties": {"OBJECTID": 1313, "Label": "2232 (22)", "Direction": "one", "SHAPE_Length": 6.8196189731445855, "Year": "2022", "PDF": "https://cityvictoria.sharepoint.com/:f:/s/TRAN-Transportation-Operations/EofkVF7V9iFBpB2hWCQrQbsBb3T-4piGjAY7JmFCgwY2hQ?e=4cUOlH"}}, {"type": "Feature", "id": 1314, "geometry": {"type": "LineString", "coordinates": [[-123.34501731724743, 48.43846478832232], [-123.34501827705293, 48.438395280149265], [-123.34501767221262, 48.43839521089013]]}, "properties": {"OBJECTID": 1314, "Label": "2079 (22)", "Direction": "one", "SHAPE_Length": 7.771917129649182, "Year": "2022", "PDF": "https://cityvictoria.sharepoint.com/:f:/s/TRAN-Transportation-Operations/EofkVF7V9iFBpB2hWCQrQbsBb3T-4piGjAY7JmFCgwY2hQ?e=4cUOlH"}}, {"type": "Feature", "id": 1315, "geometry": {"type": "LineString", "coordinates": [[-123.33450308418631, 48.43599458596195], [-123.33412231132725, 48.43596998457942], [-123.33412110309119, 48.43596984684204]]}, "properties": {"OBJECTID": 1315, "Label": "651 (22)", "Direction": "one", "SHAPE_Length": 28.387120802383794, "Year": "2022", "PDF": "https://cityvictoria.sharepoint.com/:f:/s/TRAN-Transportation-Operations/Ej3GX_ToA-JPhxmDTpX4rB8B9a2dH2RuJfNkjhj4E4SpuQ?e=dMP0Sj"}}, {"type": "Feature", "id": 1316, "geometry": {"type": "LineString", "coordinates": [[-123.33409791094529, 48.436176668601554], [-123.33443590098568, 48.4361888757484]]}, "properties": {"OBJECTID": 1316, "Label": "468 (22)", "Direction": "one", "SHAPE_Length": 25.036257724623486, "Year": "2022", "PDF": "https://cityvictoria.sharepoint.com/:f:/s/TRAN-Transportation-Operations/Ej3GX_ToA-JPhxmDTpX4rB8B9a2dH2RuJfNkjhj4E4SpuQ?e=dMP0Sj"}}, {"type": "Feature", "id": 1317, "geometry": {"type": "LineString", "coordinates": [[-123.34730967726732, 48.43503632358227], [-123.34723066101114, 48.43519937660389], [-123.34722945275867, 48.43519923900418]]}, "properties": {"OBJECTID": 1317, "Label": "222 (22)", "Direction": "one", "SHAPE_Length": 19.13391721971744, "Year": "2022", "PDF": "https://cityvictoria.sharepoint.com/:f:/s/TRAN-Transportation-Operations/EpnZlADvg61Nls9j0D8n28kBphuPnbsnWGLukbvKoSrPYA?e=uX86zH"}}, {"type": "Feature", "id": 1318, "geometry": {"type": "LineString", "coordinates": [[-123.34751587402643, 48.43526897373312], [-123.3476502558311, 48.435041959825845], [-123.34764904758123, 48.43504182223052]]}, "properties": {"OBJECTID": 1318, "Label": "407 (22)", "Direction": "one", "SHAPE_Length": 27.211555153957622, "Year": "2022", "PDF": "https://cityvictoria.sharepoint.com/:f:/s/TRAN-Transportation-Operations/EpnZlADvg61Nls9j0D8n28kBphuPnbsnWGLukbvKoSrPYA?e=uX86zH"}}, {"type": "Feature", "id": 1319, "geometry": {"type": "LineString", "coordinates": [[-123.32925455296893, 48.421942213500344], [-123.32905401006964, 48.42186457120414]]}, "properties": {"OBJECTID": 1319, "Label": "950 (22)", "Direction": "one", "SHAPE_Length": 17.164748644514358, "Year": "2022", "PDF": "https://cityvictoria.sharepoint.com/:f:/s/TRAN-Transportation-Operations/Eor-TeN9DDFCqleXe7bPCMEBMms2usBThn35aSDN7R0Mng?e=iA4rEr"}}, {"type": "Feature", "id": 1320, "geometry": {"type": "LineString", "coordinates": [[-123.32896474400584, 48.422031590824524], [-123.32915421654539, 48.42209755774141]]}, "properties": {"OBJECTID": 1320, "Label": "1134 (22)", "Direction": "one", "SHAPE_Length": 15.820145159181786, "Year": "2022", "PDF": "https://cityvictoria.sharepoint.com/:f:/s/TRAN-Transportation-Operations/Eor-TeN9DDFCqleXe7bPCMEBMms2usBThn35aSDN7R0Mng?e=iA4rEr"}}, {"type": "Feature", "id": 1321, "geometry": {"type": "LineString", "coordinates": [[-123.35972723327633, 48.41899469769995], [-123.35944265360133, 48.4188013514785], [-123.35944023780972, 48.41880107653298]]}, "properties": {"OBJECTID": 1321, "Label": "3189 (22)", "Direction": "one", "SHAPE_Length": 30.268547901200872, "Year": "2022", "PDF": "https://cityvictoria.sharepoint.com/:f:/s/TRAN-Transportation-Operations/EgaKPa58zg5FufmFEg2HTg8BoDfoDPX1kxMvkNXh8MVVCA?e=KIMYJm"}}, {"type": "Feature", "id": 1322, "geometry": {"type": "LineString", "coordinates": [[-123.3592089611675, 48.41892776302398], [-123.35949912874301, 48.41910205026497], [-123.35949671293683, 48.41910177532069]]}, "properties": {"OBJECTID": 1322, "Label": "3326 (22)", "Direction": "one", "SHAPE_Length": 29.09931451796312, "Year": "2022", "PDF": "https://cityvictoria.sharepoint.com/:f:/s/TRAN-Transportation-Operations/EgaKPa58zg5FufmFEg2HTg8BoDfoDPX1kxMvkNXh8MVVCA?e=KIMYJm"}}, {"type": "Feature", "id": 1323, "geometry": {"type": "LineString", "coordinates": [[-123.36225045121053, 48.42181462823714], [-123.36177232042891, 48.42176471626434], [-123.36176990448446, 48.42176444136825]]}, "properties": {"OBJECTID": 1323, "Label": "450 (22)", "Direction": "one", "SHAPE_Length": 35.98876515462522, "Year": "2022", "PDF": "https://cityvictoria.sharepoint.com/:f:/s/TRAN-Transportation-Operations/EiZfvTHTNyVEmJJjq569nu4BpijjBGD8eri9qeVUrRaeUw?e=xClofG"}}, {"type": "Feature", "id": 1324, "geometry": {"type": "LineString", "coordinates": [[-123.36165703815382, 48.422048815287376], [-123.36225258907359, 48.42211549657094], [-123.36225017310359, 48.422115220785386]]}, "properties": {"OBJECTID": 1324, "Label": "405 (22)", "Direction": "one", "SHAPE_Length": 44.862630477763936, "Year": "2022", "PDF": "https://cityvictoria.sharepoint.com/:f:/s/TRAN-Transportation-Operations/EiZfvTHTNyVEmJJjq569nu4BpijjBGD8eri9qeVUrRaeUw?e=xClofG"}}, {"type": "Feature", "id": 1325, "geometry": {"type": "LineString", "coordinates": [[-123.32487158960488, 48.42715709849336], [-123.3248667159084, 48.42729041118197], [-123.3248643217629, 48.42728890022574]]}, "properties": {"OBJECTID": 1325, "Label": "145 (15)", "Direction": "one", "SHAPE_Length": 15.066831559642619, "Year": "2015", "PDF": "Redfern 1500 2015.pdf"}}, {"type": "Feature", "id": 1326, "geometry": {"type": "LineString", "coordinates": [[-123.32502599106982, 48.427298350689455], [-123.32502658471944, 48.42716695374941], [-123.32502800878939, 48.42716599789392], [-123.32502729090304, 48.42716555819183]]}, "properties": {"OBJECTID": 1326, "Label": "124 (15)", "Direction": "one", "SHAPE_Length": 14.827282650608842, "Year": "2015", "PDF": "Redfern 1500 2015.pdf"}}, {"type": "Feature", "id": 1327, "geometry": {"type": "LineString", "coordinates": [[-123.35654604387258, 48.44409712447275], [-123.35646448412892, 48.4438304974538]]}, "properties": {"OBJECTID": 1327, "Label": "87 (22)", "Direction": "one", "SHAPE_Length": 30.244584308069438, "Year": "2022", "PDF": "https://cityvictoria.sharepoint.com/:f:/s/TRAN-Transportation-Operations/EmIiKRx86pBFucStyxGDj3UBagbnq5VVw-yiNlgwzjnVyA?e=QxwiSI"}}, {"type": "Feature", "id": 1328, "geometry": {"type": "LineString", "coordinates": [[-123.35616946746309, 48.44386406641394], [-123.35623752549063, 48.44411874398661]]}, "properties": {"OBJECTID": 1328, "Label": "106 (22)", "Direction": "one", "SHAPE_Length": 28.75274386212594, "Year": "2022", "PDF": "https://cityvictoria.sharepoint.com/:f:/s/TRAN-Transportation-Operations/EmIiKRx86pBFucStyxGDj3UBagbnq5VVw-yiNlgwzjnVyA?e=QxwiSI"}}, {"type": "Feature", "id": 1329, "geometry": {"type": "LineString", "coordinates": [[-123.35470589257096, 48.4437200534478], [-123.35477882476694, 48.44391787241264], [-123.35477640780829, 48.44391759737322]]}, "properties": {"OBJECTID": 1329, "Label": "152 (22)", "Direction": "one", "SHAPE_Length": 22.82183102906728, "Year": "2022", "PDF": "https://cityvictoria.sharepoint.com/:f:/s/TRAN-Transportation-Operations/Erc1q9LBnMhEoyPmnUeohwUBySabk6qttDoZ_huKHaaM9w?e=y3ZPZz"}}, {"type": "Feature", "id": 1330, "geometry": {"type": "LineString", "coordinates": [[-123.3550992091637, 48.443892128582256], [-123.35502334260067, 48.443619770186295]]}, "properties": {"OBJECTID": 1330, "Label": "174 (22)", "Direction": "one", "SHAPE_Length": 30.78962435869197, "Year": "2022", "PDF": "https://cityvictoria.sharepoint.com/:f:/s/TRAN-Transportation-Operations/Erc1q9LBnMhEoyPmnUeohwUBySabk6qttDoZ_huKHaaM9w?e=y3ZPZz"}}, {"type": "Feature", "id": 1331, "geometry": {"type": "LineString", "coordinates": [[-123.34119387703032, 48.42583048588031], [-123.34119470618982, 48.4260605842424], [-123.34119470410596, 48.42605986902394]]}, "properties": {"OBJECTID": 1331, "Label": "396 (22)", "Direction": "one", "SHAPE_Length": 25.656154338560636, "Year": "2,022", "PDF": "https://cityvictoria.sharepoint.com/:f:/s/TRAN-Transportation-Operations/EgyH-KsihAlIpiMzGR9UtiIB5lqHBBPXrerCXTL0WgM3hA?e=n4sQKX"}}, {"type": "Feature", "id": 1332, "geometry": {"type": "LineString", "coordinates": [[-123.3413812554197, 48.4260701457774], [-123.34137163828848, 48.425848996252064]]}, "properties": {"OBJECTID": 1332, "Label": "239 (22)", "Direction": "one", "SHAPE_Length": 24.59216693622649, "Year": "2,022", "PDF": "https://cityvictoria.sharepoint.com/:f:/s/TRAN-Transportation-Operations/EgyH-KsihAlIpiMzGR9UtiIB5lqHBBPXrerCXTL0WgM3hA?e=n4sQKX"}}, {"type": "Feature", "id": 1333, "geometry": {"type": "LineString", "coordinates": [[-123.35882105644757, 48.443329816941926], [-123.35885663837765, 48.44344177463649]]}, "properties": {"OBJECTID": 1333, "Label": "106 (22)", "Direction": "one", "SHAPE_Length": 12.719874260032617, "Year": "2,022", "PDF": "https://cityvictoria.sharepoint.com/:f:/s/TRAN-Transportation-Operations/Ep_h0e3QjPpKoZX31X5-D8kB73SSt0Ix4oS00_7QY2O86Q?e=LeCczL"}}, {"type": "Feature", "id": 1334, "geometry": {"type": "LineString", "coordinates": [[-123.35905644516421, 48.44342810467248], [-123.35901596179617, 48.44330607544129]]}, "properties": {"OBJECTID": 1334, "Label": "140 (22)", "Direction": "one", "SHAPE_Length": 13.890696803588815, "Year": "2,022", "PDF": "https://cityvictoria.sharepoint.com/:f:/s/TRAN-Transportation-Operations/Ep_h0e3QjPpKoZX31X5-D8kB73SSt0Ix4oS00_7QY2O86Q?e=LeCczL"}}, {"type": "Feature", "id": 1335, "geometry": {"type": "LineString", "coordinates": [[-123.35833611717875, 48.441855587695976], [-123.3584158193406, 48.44213688808475]]}, "properties": {"OBJECTID": 1335, "Label": "267 (22)", "Direction": "one", "SHAPE_Length": 31.81880663472025, "Year": "2022", "PDF": "https://cityvictoria.sharepoint.com/:f:/s/TRAN-Transportation-Operations/EooyL1cS7ClHk_njL2FqrngB-MHbsOhKnKeFOEOQl_Y1kQ?e=euTHgA"}}, {"type": "Feature", "id": 1336, "geometry": {"type": "LineString", "coordinates": [[-123.3587688955072, 48.44211307800692], [-123.3586843040451, 48.441823610769944]]}, "properties": {"OBJECTID": 1336, "Label": "288 (22)", "Direction": "one", "SHAPE_Length": 32.778404951368785, "Year": "2022", "PDF": "https://cityvictoria.sharepoint.com/:f:/s/TRAN-Transportation-Operations/EooyL1cS7ClHk_njL2FqrngB-MHbsOhKnKeFOEOQl_Y1kQ?e=euTHgA"}}, {"type": "Feature", "id": 1337, "geometry": {"type": "LineString", "coordinates": [[-123.37467963004515, 48.41864630980441], [-123.37437541807344, 48.41851400073616], [-123.3743730022101, 48.41851372520467]]}, "properties": {"OBJECTID": 1337, "Label": "2324 (22)", "Direction": "one", "SHAPE_Length": 27.068902133937566, "Year": "2022", "PDF": "https://cityvictoria.sharepoint.com/:f:/s/TRAN-Transportation-Operations/ElvKLJu8s8hHpWCakrxDD38BKWh9KnvDS4c8PQJp1_bNMg?e=vb5iCA"}}, {"type": "Feature", "id": 1338, "geometry": {"type": "LineString", "coordinates": [[-123.37412987847523, 48.41896992048888], [-123.3744971125798, 48.4191134507281], [-123.37449469669406, 48.41911317609888]]}, "properties": {"OBJECTID": 1338, "Label": "2497 (22)", "Direction": "one", "SHAPE_Length": 31.690611533322038, "Year": "2022", "PDF": "https://cityvictoria.sharepoint.com/:f:/s/TRAN-Transportation-Operations/ElvKLJu8s8hHpWCakrxDD38BKWh9KnvDS4c8PQJp1_bNMg?e=vb5iCA"}}, {"type": "Feature", "id": 1339, "geometry": {"type": "LineString", "coordinates": [[-123.35437393565738, 48.42972591123981], [-123.35470476682353, 48.42974284095435]]}, "properties": {"OBJECTID": 1339, "Label": "948 (22)", "Direction": "one", "SHAPE_Length": 24.54531753385964, "Year": "2022", "PDF": "https://cityvictoria.sharepoint.com/:f:/s/TRAN-Transportation-Operations/EkMSMgKA71RKvYCsGwFQVP0BFFKHJ4UQ4d3oZVtr0ABXTg?e=baTmJg"}}, {"type": "Feature", "id": 1340, "geometry": {"type": "LineString", "coordinates": [[-123.3547062270466, 48.42957349742284], [-123.35437432372241, 48.42955969191156]]}, "properties": {"OBJECTID": 1340, "Label": "495 (22)", "Direction": "one", "SHAPE_Length": 24.60037595815864, "Year": "2022", "PDF": "https://cityvictoria.sharepoint.com/:f:/s/TRAN-Transportation-Operations/EkMSMgKA71RKvYCsGwFQVP0BFFKHJ4UQ4d3oZVtr0ABXTg?e=baTmJg"}}, {"type": "Feature", "id": 1341, "geometry": {"type": "LineString", "coordinates": [[-123.38590934221266, 48.434010637676714], [-123.38590907860691, 48.43416488495388], [-123.38590787027701, 48.43416474776045]]}, "properties": {"OBJECTID": 1341, "Label": "276 (22)", "Direction": "one", "SHAPE_Length": 17.236096673426026, "Year": "2022", "PDF": "https://cityvictoria.sharepoint.com/:f:/s/TRAN-Transportation-Operations/EqmcUl-kEH1MoEoY9mEIWPgBHHZPa12pl5LEfUqp8HfvPQ?e=bvkvrc"}}, {"type": "Feature", "id": 1342, "geometry": {"type": "LineString", "coordinates": [[-123.38619543647319, 48.43419058371844], [-123.38619706460058, 48.43402776356688], [-123.38619585627316, 48.43402762637648]]}, "properties": {"OBJECTID": 1342, "Label": "248 (22)", "Direction": "one", "SHAPE_Length": 18.1894077845158, "Year": "2022", "PDF": "https://cityvictoria.sharepoint.com/:f:/s/TRAN-Transportation-Operations/EqmcUl-kEH1MoEoY9mEIWPgBHHZPa12pl5LEfUqp8HfvPQ?e=bvkvrc"}}, {"type": "Feature", "id": 1343, "geometry": {"type": "LineString", "coordinates": [[-123.38654538255173, 48.434865424133996], [-123.38688757393709, 48.43486508569322]]}, "properties": {"OBJECTID": 1343, "Label": "440 (22)", "Direction": "one", "SHAPE_Length": 25.310960722277297, "Year": "2022", "PDF": "https://cityvictoria.sharepoint.com/:f:/s/TRAN-Transportation-Operations/Ei-DyhhmycJLkXfhBOK2KVcBOx7dta-xQwCNTkcMybluHw?e=FMxSEF"}}, {"type": "Feature", "id": 1344, "geometry": {"type": "LineString", "coordinates": [[-123.38687046975284, 48.43452632404032], [-123.38654139552645, 48.43452838259181], [-123.38654018717942, 48.434528244505444]]}, "properties": {"OBJECTID": 1344, "Label": "252 (22)", "Direction": "one", "SHAPE_Length": 24.432617349875226, "Year": "2022", "PDF": "https://cityvictoria.sharepoint.com/:f:/s/TRAN-Transportation-Operations/Ei-DyhhmycJLkXfhBOK2KVcBOx7dta-xQwCNTkcMybluHw?e=FMxSEF"}}, {"type": "Feature", "id": 1345, "geometry": {"type": "LineString", "coordinates": [[-123.3286075755718, 48.42330551475165], [-123.32860758898646, 48.423494848682715]]}, "properties": {"OBJECTID": 1345, "Label": "109 (22)", "Direction": "one", "SHAPE_Length": 21.04538945975064, "Year": "2022", "PDF": "https://cityvictoria.sharepoint.com/:f:/s/TRAN-Transportation-Operations/ElAvl0vxXMNGrVjpF-hgYuMBvuQhQaPRCn1XveodmA-W3Q?e=zkTb8B"}}, {"type": "Feature", "id": 1346, "geometry": {"type": "LineString", "coordinates": [[-123.32895665219867, 48.42353207764499], [-123.32894828378593, 48.42330916102524]]}, "properties": {"OBJECTID": 1346, "Label": "129 (22)", "Direction": "one", "SHAPE_Length": 24.786003182844755, "Year": "2022", "PDF": "https://cityvictoria.sharepoint.com/:f:/s/TRAN-Transportation-Operations/ElAvl0vxXMNGrVjpF-hgYuMBvuQhQaPRCn1XveodmA-W3Q?e=zkTb8B"}}, {"type": "Feature", "id": 1347, "geometry": {"type": "LineString", "coordinates": [[-123.35833460174644, 48.449290970499916], [-123.35789841120034, 48.44933898277605]]}, "properties": {"OBJECTID": 1347, "Label": "498 (22)", "Direction": "one", "SHAPE_Length": 32.69312330511098, "Year": "2022", "PDF": "https://cityvictoria.sharepoint.com/:f:/s/TRAN-Transportation-Operations/EkWdV41BMbhPpFAs7j9xH-gB0ZyjgqAw2r260t2wpAQZpA?e=OkQVAJ"}}, {"type": "Feature", "id": 1348, "geometry": {"type": "LineString", "coordinates": [[-123.35794919313864, 48.44943689390827], [-123.3583570034379, 48.44939168586002]]}, "properties": {"OBJECTID": 1348, "Label": "484 (22)", "Direction": "one", "SHAPE_Length": 30.571744026540152, "Year": "2022", "PDF": "https://cityvictoria.sharepoint.com/:f:/s/TRAN-Transportation-Operations/EkWdV41BMbhPpFAs7j9xH-gB0ZyjgqAw2r260t2wpAQZpA?e=OkQVAJ"}}, {"type": "Feature", "id": 1349, "geometry": {"type": "LineString", "coordinates": [[-123.33630567941732, 48.417416405860656], [-123.33611190379716, 48.4174623920113]]}, "properties": {"OBJECTID": 1349, "Label": "254 (22)", "Direction": "one", "SHAPE_Length": 15.221816777040546, "Year": "2,022", "PDF": "https://cityvictoria.sharepoint.com/:f:/s/TRAN-Transportation-Operations/EpW74T8VD7NNjMlQarb8FtMB3EpEQTUcxOFqvn5eNEzsRQ?e=8hDO2n"}}, {"type": "Feature", "id": 1350, "geometry": {"type": "LineString", "coordinates": [[-123.33614380985787, 48.417596833209686], [-123.33633538255205, 48.417548525138635]]}, "properties": {"OBJECTID": 1350, "Label": "241 (22)", "Direction": "one", "SHAPE_Length": 15.157843437337329, "Year": "2,022", "PDF": "https://cityvictoria.sharepoint.com/:f:/s/TRAN-Transportation-Operations/EpW74T8VD7NNjMlQarb8FtMB3EpEQTUcxOFqvn5eNEzsRQ?e=8hDO2n"}}, {"type": "Feature", "id": 1351, "geometry": {"type": "LineString", "coordinates": [[-123.36026032766831, 48.429944821782954], [-123.36001366310576, 48.42992947644885]]}, "properties": {"OBJECTID": 1351, "Label": "262 (22)", "Direction": "one", "SHAPE_Length": 18.326374496992102, "Year": "2022", "PDF": "https://cityvictoria.sharepoint.com/:f:/s/TRAN-Transportation-Operations/EkBVrBL_7O1FsY1C5yuLlpkBTK4PQ81XFw_0zEt47fsVBw?e=dnYKvK"}}, {"type": "Feature", "id": 1352, "geometry": {"type": "LineString", "coordinates": [[-123.36000346746044, 48.43003893407004], [-123.36023391094648, 48.43005319934172]]}, "properties": {"OBJECTID": 1352, "Label": "604 (22)", "Direction": "one", "SHAPE_Length": 17.120433004535982, "Year": "2022", "PDF": "https://cityvictoria.sharepoint.com/:f:/s/TRAN-Transportation-Operations/EkBVrBL_7O1FsY1C5yuLlpkBTK4PQ81XFw_0zEt47fsVBw?e=dnYKvK"}}, {"type": "Feature", "id": 1353, "geometry": {"type": "LineString", "coordinates": [[-123.34457881329169, 48.41963182147165], [-123.34430806721552, 48.41957264742502], [-123.3443068593353, 48.41957250889373]]}, "properties": {"OBJECTID": 1353, "Label": "1219 (22)", "Direction": "one", "SHAPE_Length": 21.175173287937426, "Year": "2022", "PDF": "https://cityvictoria.sharepoint.com/:f:/s/TRAN-Transportation-Operations/EgSa2A20dytHsuQHe2tpSfcBtPyV2QEFckVvMtolY-eVTw?e=wL3m8a"}}, {"type": "Feature", "id": 1354, "geometry": {"type": "LineString", "coordinates": [[-123.34422898791227, 48.41972427340763], [-123.34451403940386, 48.41978340481062], [-123.34451283152418, 48.41978326718114]]}, "properties": {"OBJECTID": 1354, "Label": "1836 (22)", "Direction": "one", "SHAPE_Length": 22.18177790000457, "Year": "2022", "PDF": "https://cityvictoria.sharepoint.com/:f:/s/TRAN-Transportation-Operations/EgSa2A20dytHsuQHe2tpSfcBtPyV2QEFckVvMtolY-eVTw?e=wL3m8a"}}, {"type": "Feature", "id": 1355, "geometry": {"type": "LineString", "coordinates": [[-123.32881488282884, 48.42505011781501], [-123.32883394091267, 48.42534332075861], [-123.32883152497268, 48.42534304517113]]}, "properties": {"OBJECTID": 1355, "Label": "115 (22)", "Direction": "one", "SHAPE_Length": 32.80277009266503, "Year": "2022", "PDF": "https://cityvictoria.sharepoint.com/:f:/s/TRAN-Transportation-Operations/Epzdl2jxjIxGj81V9b8rF9oBmkMFAYHPiYBLbtyoLGVPhQ?e=3nE99V"}}, {"type": "Feature", "id": 1356, "geometry": {"type": "LineString", "coordinates": [[-123.32942878680268, 48.42530162978705], [-123.32940700051437, 48.4250293813843], [-123.32940458458623, 48.425029105808804]]}, "properties": {"OBJECTID": 1356, "Label": "131 (22)", "Direction": "one", "SHAPE_Length": 30.48597877213116, "Year": "2022", "PDF": "https://cityvictoria.sharepoint.com/:f:/s/TRAN-Transportation-Operations/Epzdl2jxjIxGj81V9b8rF9oBmkMFAYHPiYBLbtyoLGVPhQ?e=3nE99V"}}, {"type": "Feature", "id": 1357, "geometry": {"type": "LineString", "coordinates": [[-123.35375005364591, 48.447878332809694], [-123.35382074298401, 48.448100631422925]]}, "properties": {"OBJECTID": 1357, "Label": "84 (22)", "Direction": "one", "SHAPE_Length": 25.256578561938184, "Year": "2022", "PDF": "https://cityvictoria.sharepoint.com/:f:/s/TRAN-Transportation-Operations/Eg6VEffdYuxCjiiCs_OdagYBY1gNxj74gi_iNncU8Kbsqw?e=weAqIe"}}, {"type": "Feature", "id": 1358, "geometry": {"type": "LineString", "coordinates": [[-123.3541334939996, 48.448066628005684], [-123.35405267724589, 48.44784160780922]]}, "properties": {"OBJECTID": 1358, "Label": "83 (22)", "Direction": "one", "SHAPE_Length": 25.716279443053743, "Year": "2022", "PDF": "https://cityvictoria.sharepoint.com/:f:/s/TRAN-Transportation-Operations/Eg6VEffdYuxCjiiCs_OdagYBY1gNxj74gi_iNncU8Kbsqw?e=weAqIe"}}, {"type": "Feature", "id": 1359, "geometry": {"type": "LineString", "coordinates": [[-123.34924562157417, 48.44109990017279], [-123.34929864470946, 48.4413196824158], [-123.34929743630629, 48.441319544838336]]}, "properties": {"OBJECTID": 1359, "Label": "456 (22)", "Direction": "one", "SHAPE_Length": 24.83337047797891, "Year": "2022", "PDF": "https://cityvictoria.sharepoint.com/:f:/s/TRAN-Transportation-Operations/Ejl79wlmddZOqfuh5iqboN0BygQSyfLjkH_ZT_lqlDLVMw?e=fqF35C"}}, {"type": "Feature", "id": 1360, "geometry": {"type": "LineString", "coordinates": [[-123.34962049324501, 48.441300613991245], [-123.34954301757517, 48.44106281687802], [-123.34954180917128, 48.441062678403476]]}, "properties": {"OBJECTID": 1360, "Label": "259 (22)", "Direction": "one", "SHAPE_Length": 27.137031724241016, "Year": "2022", "PDF": "https://cityvictoria.sharepoint.com/:f:/s/TRAN-Transportation-Operations/Ejl79wlmddZOqfuh5iqboN0BygQSyfLjkH_ZT_lqlDLVMw?e=fqF35C"}}, {"type": "Feature", "id": 1361, "geometry": {"type": "LineString", "coordinates": [[-123.34094875057116, 48.4284903460911], [-123.34062276475787, 48.42848736109524]]}, "properties": {"OBJECTID": 1361, "Label": "181 (22)", "Direction": "one", "SHAPE_Length": 24.117497611895946, "Year": "2022", "PDF": "https://cityvictoria.sharepoint.com/:f:/s/TRAN-Transportation-Operations/EioIQ6C-OB9Lh4v7u1Un7cUBgOI4V6ioMbmxcl3JNHkg3A?e=bM8DJl"}}, {"type": "Feature", "id": 1362, "geometry": {"type": "LineString", "coordinates": [[-123.34060517797894, 48.428672268502964], [-123.34091157623209, 48.428674076355456]]}, "properties": {"OBJECTID": 1362, "Label": "123 (22)", "Direction": "one", "SHAPE_Length": 22.667009247834553, "Year": "2022", "PDF": "https://cityvictoria.sharepoint.com/:f:/s/TRAN-Transportation-Operations/EioIQ6C-OB9Lh4v7u1Un7cUBgOI4V6ioMbmxcl3JNHkg3A?e=bM8DJl"}}, {"type": "Feature", "id": 1363, "geometry": {"type": "LineString", "coordinates": [[-123.34079070324209, 48.43889163688009], [-123.34078906368488, 48.43907445184504]]}, "properties": {"OBJECTID": 1363, "Label": "174 (22)", "Direction": "one", "SHAPE_Length": 20.321202742582745, "Year": "2022", "PDF": "https://cityvictoria.sharepoint.com/:f:/s/TRAN-Transportation-Operations/EhcSip4Xh41GrLogyGC_rV4BWkX9dTLCKHTOmm6R22lvgw?e=zjLtI3"}}, {"type": "Feature", "id": 1364, "geometry": {"type": "LineString", "coordinates": [[-123.34096937258835, 48.439075821415024], [-123.34097110071085, 48.43890633722271]]}, "properties": {"OBJECTID": 1364, "Label": "212 (22)", "Direction": "one", "SHAPE_Length": 18.839489478564865, "Year": "2022", "PDF": "https://cityvictoria.sharepoint.com/:f:/s/TRAN-Transportation-Operations/EhcSip4Xh41GrLogyGC_rV4BWkX9dTLCKHTOmm6R22lvgw?e=zjLtI3"}}, {"type": "Feature", "id": 1365, "geometry": {"type": "LineString", "coordinates": [[-123.34641550130891, 48.43361884275029], [-123.34617792310046, 48.4336092782521]]}, "properties": {"OBJECTID": 1365, "Label": "281(22)", "Direction": "one", "SHAPE_Length": 17.605516558592075, "Year": "2022", "PDF": "https://cityvictoria.sharepoint.com/:f:/s/TRAN-Transportation-Operations/ElqOkeNq_9pLsAeloZaJEjkB4_1ivoxIUenSevKrCIX3JQ?e=UV4a9Q"}}, {"type": "Feature", "id": 1366, "geometry": {"type": "LineString", "coordinates": [[-123.34615313160926, 48.43375102740652], [-123.34639784799808, 48.43375810092338]]}, "properties": {"OBJECTID": 1366, "Label": "228(22)", "Direction": "one", "SHAPE_Length": 18.118408411618052, "Year": "2022", "PDF": "https://cityvictoria.sharepoint.com/:f:/s/TRAN-Transportation-Operations/ElqOkeNq_9pLsAeloZaJEjkB4_1ivoxIUenSevKrCIX3JQ?e=UV4a9Q"}}, {"type": "Feature", "id": 1367, "geometry": {"type": "LineString", "coordinates": [[-123.33184357093208, 48.42416781127768], [-123.33169622319384, 48.42416728426601], [-123.33169529460473, 48.42416728694266]]}, "properties": {"OBJECTID": 1367, "Label": "107(22)", "Direction": "one", "SHAPE_Length": 10.970013419599253, "Year": "2022", "PDF": "https://cityvictoria.sharepoint.com/:f:/s/TRAN-Transportation-Operations/Eu8Pf1YHmGVEoGLVQINiadMBOwTfOhx7EBYo9IqmTWr2Sw?e=fzTRST"}}, {"type": "Feature", "id": 1368, "geometry": {"type": "LineString", "coordinates": [[-123.33169716807191, 48.424273028653694], [-123.33184450759235, 48.424273907452694], [-123.33184497122963, 48.42427390881463]]}, "properties": {"OBJECTID": 1368, "Label": "121(22)", "Direction": "one", "SHAPE_Length": 10.935264388971012, "Year": "2022", "PDF": "https://cityvictoria.sharepoint.com/:f:/s/TRAN-Transportation-Operations/Eu8Pf1YHmGVEoGLVQINiadMBOwTfOhx7EBYo9IqmTWr2Sw?e=fzTRST"}}, {"type": "Feature", "id": 1369, "geometry": {"type": "LineString", "coordinates": [[-123.35294264512792, 48.41313931877978], [-123.35290079355781, 48.413291789456544], [-123.35289994354805, 48.41329179206343]]}, "properties": {"OBJECTID": 1369, "Label": "336(22)", "Direction": "one", "SHAPE_Length": 17.29138398800272, "Year": "2022", "PDF": "Linden_200_2022.pdf"}}, {"type": "Feature", "id": 1370, "geometry": {"type": "LineString", "coordinates": [[-123.35308408194275, 48.41332359949638], [-123.3531341990331, 48.41312540087238], [-123.35313133819893, 48.41312540965206], [-123.35313048819201, 48.41312541226064]]}, "properties": {"OBJECTID": 1370, "Label": "401(22)", "Direction": "one", "SHAPE_Length": 22.615294743941426, "Year": "2022", "PDF": "Linden_200_2022.pdf"}}, {"type": "Feature", "id": 1371, "geometry": {"type": "LineString", "coordinates": [[-123.3846828208389, 48.433314326629265], [-123.38468506284518, 48.43347808567188]]}, "properties": {"OBJECTID": 1371, "Label": "1239(22)", "Direction": "one", "SHAPE_Length": 18.203452043223525, "Year": "2022", "PDF": "https://cityvictoria.sharepoint.com/:f:/s/TRAN-Transportation-Operations/EnvxQzG02F1PvB7h9hX0LcUBzQdYgYtnyS3Hh-Zh_cD-Hg?e=eXykvv"}}, {"type": "Feature", "id": 1372, "geometry": {"type": "LineString", "coordinates": [[-123.38487864100058, 48.43347743840674], [-123.38487838122104, 48.433309863606915]]}, "properties": {"OBJECTID": 1372, "Label": "1105(22)", "Direction": "one", "SHAPE_Length": 18.626848586952075, "Year": "2022", "PDF": "https://cityvictoria.sharepoint.com/:f:/s/TRAN-Transportation-Operations/EnvxQzG02F1PvB7h9hX0LcUBzQdYgYtnyS3Hh-Zh_cD-Hg?e=eXykvv"}}, {"type": "Feature", "id": 1373, "geometry": {"type": "LineString", "coordinates": [[-123.38470757899886, 48.43507759681605], [-123.38470703101615, 48.43525088705953]]}, "properties": {"OBJECTID": 1373, "Label": "1203(22)", "Direction": "one", "SHAPE_Length": 19.26218933901439, "Year": "2022", "PDF": "https://cityvictoria.sharepoint.com/:f:/s/TRAN-Transportation-Operations/EuvUxydwrJhFkcQgIBldkVIBgdSbH6wyF0JD5KcxpVwBdw?e=x2egZW"}}, {"type": "Feature", "id": 1374, "geometry": {"type": "LineString", "coordinates": [[-123.38491499544833, 48.4352597126686], [-123.38491180288361, 48.435082626705245]]}, "properties": {"OBJECTID": 1374, "Label": "977(22)", "Direction": "one", "SHAPE_Length": 19.685478121212196, "Year": "2022", "PDF": "https://cityvictoria.sharepoint.com/:f:/s/TRAN-Transportation-Operations/EuvUxydwrJhFkcQgIBldkVIBgdSbH6wyF0JD5KcxpVwBdw?e=x2egZW"}}, {"type": "Feature", "id": 1375, "geometry": {"type": "LineString", "coordinates": [[-123.33754097229999, 48.44579720454764], [-123.33712447782369, 48.445940963301354]]}, "properties": {"OBJECTID": 1375, "Label": "90 (22)", "Direction": "one", "SHAPE_Length": 34.698677953613974, "Year": "2022", "PDF": "https://cityvictoria.sharepoint.com/:f:/s/TRAN-Transportation-Operations/ElyL6YZoDktFgycBn6SFJpwBT02E4iaZL4DgyhJo9tU6wg?e=ELIfYt"}}, {"type": "Feature", "id": 1376, "geometry": {"type": "LineString", "coordinates": [[-123.33732022835635, 48.446176800758714], [-123.3377628921663, 48.44602697012993]]}, "properties": {"OBJECTID": 1376, "Label": "101 (22)", "Direction": "one", "SHAPE_Length": 36.72834342278256, "Year": "2022", "PDF": "https://cityvictoria.sharepoint.com/:f:/s/TRAN-Transportation-Operations/ElyL6YZoDktFgycBn6SFJpwBT02E4iaZL4DgyhJo9tU6wg?e=ELIfYt"}}, {"type": "Feature", "id": 1377, "geometry": {"type": "LineString", "coordinates": [[-123.33930491815389, 48.44720307768449], [-123.33900901617575, 48.44730493096522]]}, "properties": {"OBJECTID": 1377, "Label": "94 (22)", "Direction": "one", "SHAPE_Length": 24.637054994681602, "Year": "2022", "PDF": "https://cityvictoria.sharepoint.com/:f:/s/TRAN-Transportation-Operations/EouU2nqbh5hPsbDvVOiasvEBbf9faGPZRb_WRUzCvuyUdg?e=kU2Jks"}}, {"type": "Feature", "id": 1378, "geometry": {"type": "LineString", "coordinates": [[-123.33911799536797, 48.44750259772701], [-123.3394382597327, 48.44738711458669]]}, "properties": {"OBJECTID": 1378, "Label": "64 (22)", "Direction": "one", "SHAPE_Length": 26.938247832972966, "Year": "2022", "PDF": "https://cityvictoria.sharepoint.com/:f:/s/TRAN-Transportation-Operations/EouU2nqbh5hPsbDvVOiasvEBbf9faGPZRb_WRUzCvuyUdg?e=kU2Jks"}}, {"type": "Feature", "id": 1379, "geometry": {"type": "LineString", "coordinates": [[-123.39084460314366, 48.432089992513184], [-123.39084028268714, 48.43227281673408]]}, "properties": {"OBJECTID": 1379, "Label": "304 (22)", "Direction": "one", "SHAPE_Length": 20.324408549870117, "Year": "2022", "PDF": "https://cityvictoria.sharepoint.com/:f:/s/TRAN-Transportation-Operations/EsyG1gu-XqJPusG1P1ZieysB6EHV2Qj75v930aRclrc9BQ?e=N98oMl"}}, {"type": "Feature", "id": 1380, "geometry": {"type": "LineString", "coordinates": [[-123.39114096970073, 48.43230226365858], [-123.39113925973548, 48.432079469435095]]}, "properties": {"OBJECTID": 1380, "Label": "295 (22)", "Direction": "one", "SHAPE_Length": 24.765100000426173, "Year": "2022", "PDF": "https://cityvictoria.sharepoint.com/:f:/s/TRAN-Transportation-Operations/EsyG1gu-XqJPusG1P1ZieysB6EHV2Qj75v930aRclrc9BQ?e=N98oMl"}}, {"type": "Feature", "id": 1381, "geometry": {"type": "LineString", "coordinates": [[-123.3566864721522, 48.44761600241163], [-123.35674364108398, 48.447809107910544]]}, "properties": {"OBJECTID": 1381, "Label": "155 (22)", "Direction": "one", "SHAPE_Length": 21.877090892670466, "Year": "2022", "PDF": "https://cityvictoria.sharepoint.com/:f:/s/TRAN-Transportation-Operations/Eh241SdrBJBIh_tEtvKgXeABAiYpYOJiKDZKfp-9TbMhkQ?e=FmkKc2"}}, {"type": "Feature", "id": 1382, "geometry": {"type": "LineString", "coordinates": [[-123.35705404457524, 48.44778529416946], [-123.3569967944158, 48.447580763514274]]}, "properties": {"OBJECTID": 1382, "Label": "105 (22)", "Direction": "one", "SHAPE_Length": 23.125524294764844, "Year": "2022", "PDF": "https://cityvictoria.sharepoint.com/:f:/s/TRAN-Transportation-Operations/Eh241SdrBJBIh_tEtvKgXeABAiYpYOJiKDZKfp-9TbMhkQ?e=FmkKc2"}}, {"type": "Feature", "id": 1383, "geometry": {"type": "LineString", "coordinates": [[-123.3286583496403, 48.41277002730556], [-123.32865814097147, 48.41295950256459]]}, "properties": {"OBJECTID": 1383, "Label": "147 (22)", "Direction": "one", "SHAPE_Length": 21.061065743326704, "Year": "2022", "PDF": "https://cityvictoria.sharepoint.com/:f:/s/TRAN-Transportation-Operations/EoXmwGm6pyhAp8Hr24l88LEBv3dC3apPzA60qsEgxET70w?e=hsO4Zv"}}, {"type": "Feature", "id": 1384, "geometry": {"type": "LineString", "coordinates": [[-123.32889557061524, 48.41296168057446], [-123.32889716036263, 48.412764583983034]]}, "properties": {"OBJECTID": 1384, "Label": "178 (22)", "Direction": "one", "SHAPE_Length": 21.908522843161396, "Year": "2022", "PDF": "https://cityvictoria.sharepoint.com/:f:/s/TRAN-Transportation-Operations/EoXmwGm6pyhAp8Hr24l88LEBv3dC3apPzA60qsEgxET70w?e=hsO4Zv"}}, {"type": "Feature", "id": 1385, "geometry": {"type": "LineString", "coordinates": [[-123.3934162322566, 48.431957040461484], [-123.39341295440504, 48.432088446037866]]}, "properties": {"OBJECTID": 1385, "Label": "721 (22)", "Direction": "one", "SHAPE_Length": 14.608450679760223, "Year": "2022", "PDF": "https://cityvictoria.sharepoint.com/:f:/s/TRAN-Transportation-Operations/Em_nHW2jN-lAsAyVT7jkIHYBajziDIoggChs3pAYaSE59w?e=sLbHvT"}}, {"type": "Feature", "id": 1386, "geometry": {"type": "LineString", "coordinates": [[-123.39370773411763, 48.432094103424014], [-123.39370811255165, 48.431957946793034]]}, "properties": {"OBJECTID": 1386, "Label": "459 (22)", "Direction": "one", "SHAPE_Length": 15.134569809359396, "Year": "2022", "PDF": "https://cityvictoria.sharepoint.com/:f:/s/TRAN-Transportation-Operations/Em_nHW2jN-lAsAyVT7jkIHYBajziDIoggChs3pAYaSE59w?e=sLbHvT"}}, {"type": "Feature", "id": 1387, "geometry": {"type": "LineString", "coordinates": [[-123.33183826293732, 48.42413169108807], [-123.33167662175028, 48.4241331089363], [-123.33167533540534, 48.42413297139831]]}, "properties": {"OBJECTID": 1387, "Label": "130 (22)", "Direction": "one", "SHAPE_Length": 12.056055223366055, "Year": "2022", "PDF": "https://cityvictoria.sharepoint.com/:f:/s/TRAN-Transportation-Operations/Eu8Pf1YHmGVEoGLVQINiadMBOwTfOhx7EBYo9IqmTWr2Sw?e=fzTRST"}}, {"type": "Feature", "id": 1388, "geometry": {"type": "LineString", "coordinates": [[-123.33169346048533, 48.424302540789], [-123.33185941232361, 48.42430396598728], [-123.33185812597387, 48.42430382845134]]}, "properties": {"OBJECTID": 1388, "Label": "132 (22)", "Direction": "one", "SHAPE_Length": 12.37491066168021, "Year": "2022", "PDF": "https://cityvictoria.sharepoint.com/:f:/s/TRAN-Transportation-Operations/Eu8Pf1YHmGVEoGLVQINiadMBOwTfOhx7EBYo9IqmTWr2Sw?e=fzTRST"}}, {"type": "Feature", "id": 1389, "geometry": {"type": "LineString", "coordinates": [[-123.39045903376832, 48.442851793365485], [-123.39024070139166, 48.44274589553066], [-123.39023941441555, 48.442745757749826]]}, "properties": {"OBJECTID": 1389, "Label": "243 (22)", "Direction": "one", "SHAPE_Length": 20.07846147515756, "Year": "2022", "PDF": "https://cityvictoria.sharepoint.com/:f:/s/TRAN-Transportation-Operations/EmmJGvpZ-DBErdt6FnfX1gYB0TP_w8rKueU-dL9frUHUsQ?e=0BNPJM"}}, {"type": "Feature", "id": 1390, "geometry": {"type": "LineString", "coordinates": [[-123.3900746853503, 48.442931172138564], [-123.39027290448924, 48.44302666475273], [-123.39027161751284, 48.44302652787189]]}, "properties": {"OBJECTID": 1390, "Label": "269 (22)", "Direction": "one", "SHAPE_Length": 18.19516633576201, "Year": "2022", "PDF": "https://cityvictoria.sharepoint.com/:f:/s/TRAN-Transportation-Operations/EmmJGvpZ-DBErdt6FnfX1gYB0TP_w8rKueU-dL9frUHUsQ?e=0BNPJM"}}, {"type": "Feature", "id": 1391, "geometry": {"type": "LineString", "coordinates": [[-123.388526946699, 48.44283032364608], [-123.38835777991463, 48.44297847528878], [-123.3883564929445, 48.442978338386546]]}, "properties": {"OBJECTID": 1391, "Label": "150 (22)", "Direction": "one", "SHAPE_Length": 20.777577999156954, "Year": "2022", "PDF": "https://cityvictoria.sharepoint.com/:f:/s/TRAN-Transportation-Operations/EsGJ0BVwMqBKiPWpooFoj2wB-AA2weDZAvPJPqtvbo09Rw?e=DpxkwQ"}}, {"type": "Feature", "id": 1392, "geometry": {"type": "LineString", "coordinates": [[-123.38855186137245, 48.44309493231414], [-123.38877218151019, 48.442899001629925], [-123.38877089453409, 48.44289886383266]]}, "properties": {"OBJECTID": 1392, "Label": "171 (22)", "Direction": "one", "SHAPE_Length": 27.29576966077202, "Year": "2022", "PDF": "https://cityvictoria.sharepoint.com/:f:/s/TRAN-Transportation-Operations/EsGJ0BVwMqBKiPWpooFoj2wB-AA2weDZAvPJPqtvbo09Rw?e=DpxkwQ"}}, {"type": "Feature", "id": 1393, "geometry": {"type": "LineString", "coordinates": [[-123.32739252170754, 48.4161571522207], [-123.32738813367936, 48.416364730416674], [-123.3273857181727, 48.41636445479744]]}, "properties": {"OBJECTID": 1393, "Label": "2179 (22)", "Direction": "one", "SHAPE_Length": 23.25692208749026, "Year": "2022", "PDF": "https://cityvictoria.sharepoint.com/:f:/s/TRAN-Transportation-Operations/Evb7Fim2PVVHjqEdYklT1XsBsFRJkNMhO-Li3ZV-tVmN8Q?e=a6FP4V"}}, {"type": "Feature", "id": 1394, "geometry": {"type": "LineString", "coordinates": [[-123.32770860396985, 48.416377148375325], [-123.32771593737093, 48.41618289106772], [-123.32771352187113, 48.41618261545532]]}, "properties": {"OBJECTID": 1394, "Label": "2552 (22)", "Direction": "one", "SHAPE_Length": 21.780775413534204, "Year": "2022", "PDF": "https://cityvictoria.sharepoint.com/:f:/s/TRAN-Transportation-Operations/Evb7Fim2PVVHjqEdYklT1XsBsFRJkNMhO-Li3ZV-tVmN8Q?e=a6FP4V"}}, {"type": "Feature", "id": 1395, "geometry": {"type": "LineString", "coordinates": [[-123.38519658063859, 48.44472919914372], [-123.38497452889213, 48.44497333830666], [-123.38497217342234, 48.44497299712148]]}, "properties": {"OBJECTID": 1395, "Label": "218 (22)", "Direction": "one", "SHAPE_Length": 31.89735431721927, "Year": "2022", "PDF": "https://cityvictoria.sharepoint.com/:f:/s/TRAN-Transportation-Operations/EgZfodTfTCZNubis19O_f80B2y7XQzrehcABOwBU_Ku09Q?e=WxHclF"}}, {"type": "Feature", "id": 1396, "geometry": {"type": "LineString", "coordinates": [[-123.33748396946113, 48.41667166737377], [-123.33749787562068, 48.41682777701931], [-123.33749666782963, 48.4168276393159]]}, "properties": {"OBJECTID": 1396, "Label": "1510 (22)", "Direction": "one", "SHAPE_Length": 17.473485592137017, "Year": "2022", "PDF": "https://cityvictoria.sharepoint.com/:f:/s/TRAN-Transportation-Operations/EoQtWwWaw8hGiKVefzeL8_4BmDEFDKlxppLdUZD-05sRig?e=6SNRMh"}}, {"type": "Feature", "id": 1397, "geometry": {"type": "LineString", "coordinates": [[-123.33777241219923, 48.4168145940225], [-123.33776121352493, 48.41663562522281], [-123.33776000573175, 48.4166354866225]]}, "properties": {"OBJECTID": 1397, "Label": "1583(22)", "Direction": "one", "SHAPE_Length": 20.001176780379065, "Year": "2022", "PDF": "https://cityvictoria.sharepoint.com/:f:/s/TRAN-Transportation-Operations/EoQtWwWaw8hGiKVefzeL8_4BmDEFDKlxppLdUZD-05sRig?e=6SNRMh"}}, {"type": "Feature", "id": 1398, "geometry": {"type": "LineString", "coordinates": [[-123.34236360674487, 48.4253319691155], [-123.3423597778706, 48.42561381234045], [-123.34235921637163, 48.42561353151972]]}, "properties": {"OBJECTID": 1398, "Label": "464 (22)", "Direction": "one", "SHAPE_Length": 31.38152053090422, "Year": "2022", "PDF": "https://cityvictoria.sharepoint.com/:f:/s/TRAN-Transportation-Operations/ElIeA7TwkxFItChEojfhSI0BMjKyBcFcYFq9SyCAtIGYEg?e=QvGCoR"}}, {"type": "Feature", "id": 1399, "geometry": {"type": "LineString", "coordinates": [[-123.34265742148607, 48.42562625659417], [-123.34266403342819, 48.42533297856888], [-123.34266347193068, 48.4253326977496]]}, "properties": {"OBJECTID": 1399, "Label": "295 (22)", "Direction": "one", "SHAPE_Length": 32.65494520688068, "Year": "2022", "PDF": "https://cityvictoria.sharepoint.com/:f:/s/TRAN-Transportation-Operations/ElIeA7TwkxFItChEojfhSI0BMjKyBcFcYFq9SyCAtIGYEg?e=QvGCoR"}}, {"type": "Feature", "id": 1400, "geometry": {"type": "LineString", "coordinates": [[-123.35096028692045, 48.428881869650496], [-123.35065972270924, 48.42886374296784], [-123.35065944191906, 48.428863602577906]]}, "properties": {"OBJECTID": 1400, "Label": "290 (22)", "Direction": "one", "SHAPE_Length": 22.35154966155324, "Year": "2022", "PDF": "https://cityvictoria.sharepoint.com/:f:/s/TRAN-Transportation-Operations/Ekc2V0yU66pAnAFKcA0WvQ4BsghtiNLRiN0KyI-vcIVwag?e=SInv4j"}}, {"type": "Feature", "id": 1401, "geometry": {"type": "LineString", "coordinates": [[-123.35065201010563, 48.42899040076974], [-123.350968319082, 48.42900943128685], [-123.35096803829016, 48.4290092908977]]}, "properties": {"OBJECTID": 1401, "Label": "130 (22)", "Direction": "one", "SHAPE_Length": 23.520536828513777, "Year": "2022", "PDF": "https://cityvictoria.sharepoint.com/:f:/s/TRAN-Transportation-Operations/Ekc2V0yU66pAnAFKcA0WvQ4BsghtiNLRiN0KyI-vcIVwag?e=SInv4j"}}, {"type": "Feature", "id": 1402, "geometry": {"type": "LineString", "coordinates": [[-123.33479886071014, 48.417716409376695], [-123.33455326410163, 48.41778091731318], [-123.33455298341678, 48.41778077688342]]}, "properties": {"OBJECTID": 1402, "Label": "166 (22)", "Direction": "one", "SHAPE_Length": 19.56161432509603, "Year": "2022", "PDF": "1600 Blk Warren Gardens Eastbound"}}, {"type": "Feature", "id": 1403, "geometry": {"type": "LineString", "coordinates": [[-123.33466749670538, 48.4179691078137], [-123.3349302968996, 48.417910263271324], [-123.33493001621304, 48.41791012284249]]}, "properties": {"OBJECTID": 1403, "Label": "189 (22)", "Direction": "one", "SHAPE_Length": 20.541600308186243, "Year": "2022", "PDF": "1600 Blk Warren Gardens Westbound"}}, {"type": "Feature", "id": 1404, "geometry": {"type": "LineString", "coordinates": [[-123.33705708803353, 48.412762570050006], [-123.33707255994318, 48.41293962194808], [-123.33707227927816, 48.412939481524305]]}, "properties": {"OBJECTID": 1404, "Label": "1328 (22)", "Direction": "one", "SHAPE_Length": 19.73940787806606, "Year": "2022", "PDF": "300 Blk St Charles St Northbound.pdf"}}, {"type": "Feature", "id": 1405, "geometry": {"type": "LineString", "coordinates": [[-123.33733997470344, 48.412934078207854], [-123.33732009659933, 48.412739899921235], [-123.33731981728606, 48.4127397594941]]}, "properties": {"OBJECTID": 1405, "Label": "1249 (22)", "Direction": "one", "SHAPE_Length": 21.659798221597768, "Year": "2022", "PDF": "300 Blk St Charles St Southbound.pdf"}}, {"type": "Feature", "id": 1406, "geometry": {"type": "LineString", "coordinates": [[-123.35237854984425, 48.42172056377947], [-123.3518532448599, 48.4216736123495], [-123.35185296409995, 48.421673471062604]]}, "properties": {"OBJECTID": 1406, "Label": "1189 (22)", "Direction": "one", "SHAPE_Length": 39.240177654001926, "Year": "2022", "PDF": "1100 Blk Rockland Ave Eastbound.pdf"}}, {"type": "Feature", "id": 1407, "geometry": {"type": "LineString", "coordinates": [[-123.35183188938227, 48.42189552523381], [-123.35230287238514, 48.421947403157205], [-123.35230259162864, 48.42194726277099]]}, "properties": {"OBJECTID": 1407, "Label": "1778 (22)", "Direction": "one", "SHAPE_Length": 35.34596446909985, "Year": "2022", "PDF": "1100 Blk Rockland Ave Westbound.pdf"}}, {"type": "Feature", "id": 1408, "geometry": {"type": "LineString", "coordinates": [[-123.32632038792502, 48.42082967530991], [-123.32594473646064, 48.42069267992043], [-123.32594445578333, 48.420692539469734]]}, "properties": {"OBJECTID": 1408, "Label": "950 (22)", "Direction": "one", "SHAPE_Length": 31.717632485501667, "Year": "2022", "PDF": "https://cityvictoria.sharepoint.com/:f:/s/TRAN-Transportation-Operations/Eor-TeN9DDFCqleXe7bPCMEBMms2usBThn35aSDN7R0Mng?e=iA4rEr"}}, {"type": "Feature", "id": 1409, "geometry": {"type": "LineString", "coordinates": [[-123.32587022671453, 48.420896648255614], [-123.3261053996837, 48.420987386905985], [-123.3261051203559, 48.42098724645187]]}, "properties": {"OBJECTID": 1409, "Label": "1134 (22)", "Direction": "one", "SHAPE_Length": 20.137604699042004, "Year": "2022", "PDF": "https://cityvictoria.sharepoint.com/:f:/s/TRAN-Transportation-Operations/Eor-TeN9DDFCqleXe7bPCMEBMms2usBThn35aSDN7R0Mng?e=iA4rEr"}}, {"type": "Feature", "id": 1410, "geometry": {"type": "LineString", "coordinates": [[-123.32969316789998, 48.422062491039284], [-123.32945945052413, 48.42197746836811], [-123.32945917118168, 48.421977327922185]]}, "properties": {"OBJECTID": 1410, "Label": "1157 (22)", "Direction": "one", "SHAPE_Length": 19.731716558567935, "Year": "2022", "PDF": "https://cityvictoria.sharepoint.com/:f:/s/TRAN-Transportation-Operations/Eor-TeN9DDFCqleXe7bPCMEBMms2usBThn35aSDN7R0Mng?e=iA4rEr"}}, {"type": "Feature", "id": 1411, "geometry": {"type": "LineString", "coordinates": [[-123.3293450177314, 48.42219964345587], [-123.32959014787593, 48.42227987269915], [-123.32958986853149, 48.42227973225355]]}, "properties": {"OBJECTID": 1411, "Label": "904 (22)", "Direction": "one", "SHAPE_Length": 20.235896415135883, "Year": "2022", "PDF": "https://cityvictoria.sharepoint.com/:f:/s/TRAN-Transportation-Operations/Eor-TeN9DDFCqleXe7bPCMEBMms2usBThn35aSDN7R0Mng?e=iA4rEr"}}, {"type": "Feature", "id": 1412, "geometry": {"type": "LineString", "coordinates": [[-123.32360688689116, 48.42952612708419], [-123.32359803810424, 48.429709914170566], [-123.32359775873537, 48.429709773710634]]}, "properties": {"OBJECTID": 1412, "Label": "137 (22)", "Direction": "one", "SHAPE_Length": 20.465233533017447, "Year": "2022", "PDF": "https://cityvictoria.sharepoint.com/:f:/s/TRAN-Transportation-Operations/EhMi-8ba9E9PhijS0sBQ_gwBnNwoRkdh7zl0geSozIuNSg?e=dWJaWf"}}, {"type": "Feature", "id": 1413, "geometry": {"type": "LineString", "coordinates": [[-123.32390296398067, 48.42973952484661], [-123.32391163484107, 48.42952812609047], [-123.32391135412054, 48.42952798563514]]}, "properties": {"OBJECTID": 1413, "Label": "135 (22)", "Direction": "one", "SHAPE_Length": 23.532756178983885, "Year": "2022", "PDF": "https://cityvictoria.sharepoint.com/:f:/s/TRAN-Transportation-Operations/EhMi-8ba9E9PhijS0sBQ_gwBnNwoRkdh7zl0geSozIuNSg?e=dWJaWf"}}, {"type": "Feature", "id": 1414, "geometry": {"type": "LineString", "coordinates": [[-123.32452883787853, 48.430292855409775], [-123.3248378885369, 48.43029579166397], [-123.3248376078096, 48.4302956512109]]}, "properties": {"OBJECTID": 1414, "Label": "254 (22)", "Direction": "one", "SHAPE_Length": 22.88989917842622, "Year": "2022", "PDF": "https://cityvictoria.sharepoint.com/:f:/s/TRAN-Transportation-Operations/EnNyhmF90i5Gsv9p4hS8jm4BZdx2J7K24Cwchx0RRTOC0Q?e=kTa6ex"}}, {"type": "Feature", "id": 1415, "geometry": {"type": "LineString", "coordinates": [[-123.32491670799008, 48.430091813072934], [-123.32451611890211, 48.430092943437764], [-123.32451583817685, 48.4300928029839]]}, "properties": {"OBJECTID": 1415, "Label": "173 (22)", "Direction": "one", "SHAPE_Length": 29.65938037785866, "Year": "2022", "PDF": "https://cityvictoria.sharepoint.com/:f:/s/TRAN-Transportation-Operations/EnNyhmF90i5Gsv9p4hS8jm4BZdx2J7K24Cwchx0RRTOC0Q?e=kTa6ex"}}, {"type": "Feature", "id": 1416, "geometry": {"type": "LineString", "coordinates": [[-123.32548354565417, 48.4288854598627], [-123.3254829058932, 48.429009239534764], [-123.32548262517126, 48.42900909908324]]}, "properties": {"OBJECTID": 1416, "Label": "221 (22)", "Direction": "one", "SHAPE_Length": 13.784787164975498, "Year": "2022", "PDF": "https://cityvictoria.sharepoint.com/:f:/s/TRAN-Transportation-Operations/EoqrGgVRtAhGrUFXGw5pn9oBpDw_KRIVJgObWfmkj2JcRQ?e=W4bgVA"}}, {"type": "Feature", "id": 1417, "geometry": {"type": "LineString", "coordinates": [[-123.32576617292044, 48.429008437985], [-123.32576678765349, 48.42888085015044], [-123.32576650828327, 48.428880709695804]]}, "properties": {"OBJECTID": 1417, "Label": "231 (22)", "Direction": "one", "SHAPE_Length": 14.207995417305657, "Year": "2022", "PDF": "https://cityvictoria.sharepoint.com/:f:/s/TRAN-Transportation-Operations/EoqrGgVRtAhGrUFXGw5pn9oBpDw_KRIVJgObWfmkj2JcRQ?e=W4bgVA"}}, {"type": "Feature", "id": 1418, "geometry": {"type": "LineString", "coordinates": [[-123.32482979775298, 48.42799801349367], [-123.3248290350469, 48.42810275056899], [-123.32482875433176, 48.42810261011586]]}, "properties": {"OBJECTID": 1418, "Label": "196 (22)", "Direction": "one", "SHAPE_Length": 11.668161122924298, "Year": "2022", "PDF": "https://cityvictoria.sharepoint.com/:f:/s/TRAN-Transportation-Operations/Em6RTiPUUgxLswVhrv95jZQBdIgLMTAd0Y0RvU0PjIfulA?e=ZnbkbF"}}, {"type": "Feature", "id": 1419, "geometry": {"type": "LineString", "coordinates": [[-123.32504509407474, 48.42810785328109], [-123.32504578482681, 48.42799169081206], [-123.3250455041117, 48.427991550359444]]}, "properties": {"OBJECTID": 1419, "Label": "142 (22)", "Direction": "one", "SHAPE_Length": 12.938114656778097, "Year": "2022", "PDF": "https://cityvictoria.sharepoint.com/:f:/s/TRAN-Transportation-Operations/Em6RTiPUUgxLswVhrv95jZQBdIgLMTAd0Y0RvU0PjIfulA?e=ZnbkbF"}}, {"type": "Feature", "id": 1420, "geometry": {"type": "LineString", "coordinates": [[-123.3232436196369, 48.42836882502369], [-123.32309482826285, 48.428368291046304], [-123.32305906311512, 48.42836839145803]]}, "properties": {"OBJECTID": 1420, "Label": "430 (22)", "Direction": "one", "SHAPE_Length": 13.653008481128555, "Year": "2022", "PDF": "https://cityvictoria.sharepoint.com/:f:/s/TRAN-Transportation-Operations/EsffOJAB-shImninw2Lqlq8BEkd_wh2M0pgFQb4QTYVwtg?e=NO47aL"}}, {"type": "Feature", "id": 1421, "geometry": {"type": "LineString", "coordinates": [[-123.32307116501984, 48.42847213966372], [-123.32325285552827, 48.42847162942807]]}, "properties": {"OBJECTID": 1421, "Label": "360 (22)", "Direction": "one", "SHAPE_Length": 13.440899999812245, "Year": "2022", "PDF": "https://cityvictoria.sharepoint.com/:f:/s/TRAN-Transportation-Operations/EsffOJAB-shImninw2Lqlq8BEkd_wh2M0pgFQb4QTYVwtg?e=NO47aL"}}, {"type": "Feature", "id": 1422, "geometry": {"type": "LineString", "coordinates": [[-123.32966125857804, 48.42837175640623], [-123.32950817530138, 48.42837124301655]]}, "properties": {"OBJECTID": 1422, "Label": "556 (22)", "Direction": "one", "SHAPE_Length": 11.324694224243697, "Year": "2022", "PDF": "https://cityvictoria.sharepoint.com/:f:/s/TRAN-Transportation-Operations/Ev92GQT_hMhDh7EQOyOZ7kUBxy_3ywC1Y_nE4g-ywxrT_Q?e=S7UsPj"}}, {"type": "Feature", "id": 1423, "geometry": {"type": "LineString", "coordinates": [[-123.32951396666863, 48.428426069289856], [-123.32966418225388, 48.428425639054225]]}, "properties": {"OBJECTID": 1423, "Label": "548 (22)", "Direction": "one", "SHAPE_Length": 11.112500000745058, "Year": "2022", "PDF": "https://cityvictoria.sharepoint.com/:f:/s/TRAN-Transportation-Operations/Ev92GQT_hMhDh7EQOyOZ7kUBxy_3ywC1Y_nE4g-ywxrT_Q?e=S7UsPj"}}, {"type": "Feature", "id": 1424, "geometry": {"type": "LineString", "coordinates": [[-123.38454861156306, 48.43410412170417], [-123.38454398818219, 48.43424981344819], [-123.38454370726939, 48.434249673141395]]}, "properties": {"OBJECTID": 1424, "Label": "1394 (22)", "Direction": "one", "SHAPE_Length": 16.22401233052814, "Year": "2022", "PDF": "https://cityvictoria.sharepoint.com/:f:/s/TRAN-Transportation-Operations/ErDepatz2FNMjbKt1yZm0-AB_gVHOxM0IXWOROiq4q9skA?e=nHfv2A"}}, {"type": "Feature", "id": 1425, "geometry": {"type": "LineString", "coordinates": [[-123.38505033439256, 48.434228125536855], [-123.38504638606602, 48.43408436701719], [-123.38504610514595, 48.434084225811986]]}, "properties": {"OBJECTID": 1425, "Label": "1134 (22)", "Direction": "one", "SHAPE_Length": 16.008243078941973, "Year": "2022", "PDF": "https://cityvictoria.sharepoint.com/:f:/s/TRAN-Transportation-Operations/ErDepatz2FNMjbKt1yZm0-AB_gVHOxM0IXWOROiq4q9skA?e=nHfv2A"}}, {"type": "Feature", "id": 1426, "geometry": {"type": "LineString", "coordinates": [[-123.3544030205637, 48.43195557037549], [-123.3540165409577, 48.43193009965969]]}, "properties": {"OBJECTID": 1426, "Label": "458 (22)", "Direction": "one", "SHAPE_Length": 28.72825028646204, "Year": "2022", "PDF": "https://cityvictoria.sharepoint.com/:f:/s/TRAN-Transportation-Operations/EmWhlfEKrWpAolSOgjOhUUoBUE1cWWQVWse1AEMkMUmgOg?e=xhzfdI"}}, {"type": "Feature", "id": 1427, "geometry": {"type": "LineString", "coordinates": [[-123.3540385432693, 48.4320492395743], [-123.35436488179539, 48.4320672780685]]}, "properties": {"OBJECTID": 1427, "Label": "431 (22)", "Direction": "one", "SHAPE_Length": 24.222760884816875, "Year": "2022", "PDF": "https://cityvictoria.sharepoint.com/:f:/s/TRAN-Transportation-Operations/EmWhlfEKrWpAolSOgjOhUUoBUE1cWWQVWse1AEMkMUmgOg?e=xhzfdI"}}, {"type": "Feature", "id": 1428, "geometry": {"type": "LineString", "coordinates": [[-123.35753195805361, 48.43375449236443], [-123.35719418908562, 48.43374030655891], [-123.35719362741553, 48.43374002581135]]}, "properties": {"OBJECTID": 1428, "Label": "555 (22)", "Direction": "one", "SHAPE_Length": 25.086000509766308, "Year": "2022", "PDF": "https://cityvictoria.sharepoint.com/:f:/s/TRAN-Transportation-Operations/Eu1bPLAw0mpCnYlO8Ldu96YBXP6RuG4jsvjB0wv1oAMrrQ?e=bLmhzx"}}, {"type": "Feature", "id": 1429, "geometry": {"type": "LineString", "coordinates": [[-123.35715843000342, 48.43394607903479], [-123.35744470574983, 48.433962328566196], [-123.35744414542783, 48.43396204781571]]}, "properties": {"OBJECTID": 1429, "Label": "381 (22)", "Direction": "one", "SHAPE_Length": 21.304133085220442, "Year": "2022", "PDF": "https://cityvictoria.sharepoint.com/:f:/s/TRAN-Transportation-Operations/Eu1bPLAw0mpCnYlO8Ldu96YBXP6RuG4jsvjB0wv1oAMrrQ?e=bLmhzx"}}, {"type": "Feature", "id": 1430, "geometry": {"type": "LineString", "coordinates": [[-123.35716235996796, 48.432057031780325], [-123.35691048568816, 48.432048292218155], [-123.3569099253902, 48.43204801146488]]}, "properties": {"OBJECTID": 1430, "Label": "551 (22)", "Direction": "one", "SHAPE_Length": 18.708621231723775, "Year": "2022", "PDF": "https://cityvictoria.sharepoint.com/:f:/s/TRAN-Transportation-Operations/EqUYWJtRNEZNiB_k2l2gRtsBkMCkNNhvKFq2EeEkbpC-9w?e=hfbEOS"}}, {"type": "Feature", "id": 1431, "geometry": {"type": "LineString", "coordinates": [[-123.35691207268324, 48.4322748954607], [-123.35715537705809, 48.43228556618299], [-123.35715481674988, 48.43228528453132]]}, "properties": {"OBJECTID": 1431, "Label": "603 (22)", "Direction": "one", "SHAPE_Length": 18.08840944805705, "Year": "2022", "PDF": "https://cityvictoria.sharepoint.com/:f:/s/TRAN-Transportation-Operations/EqUYWJtRNEZNiB_k2l2gRtsBkMCkNNhvKFq2EeEkbpC-9w?e=hfbEOS"}}, {"type": "Feature", "id": 1432, "geometry": {"type": "LineString", "coordinates": [[-123.35073308589274, 48.432551765745984], [-123.3504396398007, 48.432531713126046], [-123.35043936034272, 48.4325315727316]]}, "properties": {"OBJECTID": 1432, "Label": "277 (22)", "Direction": "one", "SHAPE_Length": 21.84637413300785, "Year": "2022", "PDF": "https://cityvictoria.sharepoint.com/:f:/s/TRAN-Transportation-Operations/EhhdWAsKFDZNv3QJjy68cWkBMZp5It7TVpqPTDT-hg4M-A?e=2Qwiba"}}, {"type": "Feature", "id": 1433, "geometry": {"type": "LineString", "coordinates": [[-123.35039374785549, 48.4327241842285], [-123.35069295687099, 48.43274993219807], [-123.35069267741112, 48.43274979180424]]}, "properties": {"OBJECTID": 1433, "Label": "432 (22)", "Direction": "one", "SHAPE_Length": 22.342714064321296, "Year": "2022", "PDF": "https://cityvictoria.sharepoint.com/:f:/s/TRAN-Transportation-Operations/EhhdWAsKFDZNv3QJjy68cWkBMZp5It7TVpqPTDT-hg4M-A?e=2Qwiba"}}, {"type": "Feature", "id": 1434, "geometry": {"type": "LineString", "coordinates": [[-123.33487146692109, 48.42641811512871], [-123.33446797055035, 48.4264078630168], [-123.3344674104376, 48.42640758215358]]}, "properties": {"OBJECTID": 1434, "Label": "1206 (22)", "Direction": "one", "SHAPE_Length": 29.923990079439164, "Year": "2022", "PDF": "1600 Blk Oak Bay Ave Eastbound.pdf"}}, {"type": "Feature", "id": 1435, "geometry": {"type": "LineString", "coordinates": [[-123.33442631536951, 48.4266003156076], [-123.33486126038633, 48.42660666722324], [-123.33486070026927, 48.42660638636196]]}, "properties": {"OBJECTID": 1435, "Label": "3387 (22)", "Direction": "one", "SHAPE_Length": 32.23641776002986, "Year": "2022", "PDF": "1600 Blk Oak Bay Ave Westbound.pdf"}}, {"type": "Feature", "id": 1436, "geometry": {"type": "LineString", "coordinates": [[-123.32195085178125, 48.42327875594559], [-123.32185052608682, 48.42370178483609], [-123.32184940470773, 48.42370122298987]]}, "properties": {"OBJECTID": 1436, "Label": "3878 (22)", "Direction": "one", "SHAPE_Length": 47.70776918925891, "Year": "2022", "PDF": "900 Blk Foul Bay Rd Northbound.pdf"}}, {"type": "Feature", "id": 1437, "geometry": {"type": "LineString", "coordinates": [[-123.32235434954492, 48.42374607698877], [-123.32248313668984, 48.42330011669355], [-123.32248201531267, 48.423299554853486]]}, "properties": {"OBJECTID": 1437, "Label": "3114 (22)", "Direction": "one", "SHAPE_Length": 50.58189780563285, "Year": "2022", "PDF": "900 Blk Foul Bay Rd Southbound.pdf"}}, {"type": "Feature", "id": 1438, "geometry": {"type": "LineString", "coordinates": [[-123.32328549075567, 48.419906654992204], [-123.32328686724941, 48.420123737733306], [-123.32328574593348, 48.420123175900635]]}, "properties": {"OBJECTID": 1438, "Label": "1913 (22)", "Direction": "one", "SHAPE_Length": 24.23384185153448, "Year": "2022", "PDF": "800 Blk Foul Bay Rd Northbound.pdf"}}, {"type": "Feature", "id": 1439, "geometry": {"type": "LineString", "coordinates": [[-123.32356176848117, 48.42016485928849], [-123.32357149598046, 48.419894425509646], [-123.32357037466075, 48.41989386278008]]}, "properties": {"OBJECTID": 1439, "Label": "3225 (22)", "Direction": "one", "SHAPE_Length": 30.172525801626367, "Year": "2022", "PDF": "800 Blk Foul Bay Rd Southbound.pdf"}}, {"type": "Feature", "id": 1440, "geometry": {"type": "LineString", "coordinates": [[-123.32921857871276, 48.415433833941215], [-123.32890951833573, 48.41541567476561], [-123.32890839841332, 48.41541511298333]]}, "properties": {"OBJECTID": 1440, "Label": "2515 (22)", "Direction": "one", "SHAPE_Length": 23.06164956276491, "Year": "2022", "PDF": "1800 Blk Fairfield Rd Eastbound.pdf"}}, {"type": "Feature", "id": 1441, "geometry": {"type": "LineString", "coordinates": [[-123.32889999319184, 48.41571276902608], [-123.3292318886797, 48.41572324551437], [-123.32923076874118, 48.415722682835614]]}, "properties": {"OBJECTID": 1441, "Label": "3238 (22)", "Direction": "one", "SHAPE_Length": 24.6899457155147, "Year": "2022", "PDF": "1800 Blk Fairfield Rd Westbound.pdf"}}, {"type": "Feature", "id": 1442, "geometry": {"type": "LineString", "coordinates": [[-123.3359630931041, 48.41228371227476], [-123.33571170849804, 48.41233395672638], [-123.33571114853348, 48.4123336758682]]}, "properties": {"OBJECTID": 1442, "Label": "3309 (22)", "Direction": "one", "SHAPE_Length": 19.474555073644936, "Year": "2022", "PDF": "1600 Blk Fairfield Rd Eastbound.pdf"}}, {"type": "Feature", "id": 1443, "geometry": {"type": "LineString", "coordinates": [[-123.335781988041, 48.41258130722858], [-123.33605047319017, 48.412521491629455], [-123.33604991186441, 48.41252120987723]]}, "properties": {"OBJECTID": 1443, "Label": "3351 (22)", "Direction": "one", "SHAPE_Length": 21.002755492676464, "Year": "2022", "PDF": "1600 Blk Fairfield Rd Westbound.pdf"}}, {"type": "Feature", "id": 1444, "geometry": {"type": "LineString", "coordinates": [[-123.35318688660388, 48.417015672554555], [-123.35304346007123, 48.416958984584845], [-123.35304289996073, 48.416958703811574]]}, "properties": {"OBJECTID": 1444, "Label": "3012 (22)", "Direction": "one", "SHAPE_Length": 12.39411979171262, "Year": "2022", "PDF": "1100 Blk Fairfield Rd Eastbound.pdf"}}, {"type": "Feature", "id": 1445, "geometry": {"type": "LineString", "coordinates": [[-123.35274969820108, 48.41750069970681], [-123.35289875449283, 48.417544040582904], [-123.35289819437666, 48.417543759808964]]}, "properties": {"OBJECTID": 1445, "Label": "3701 (22)", "Direction": "one", "SHAPE_Length": 12.087153848083263, "Year": "2022", "PDF": "1100 Blk Fairfield Rd Westbound.pdf"}}, {"type": "Feature", "id": 1446, "geometry": {"type": "LineString", "coordinates": [[-123.34072497904198, 48.43835708123316], [-123.34072304135029, 48.43849514572237], [-123.34072276053412, 48.43849500530849]]}, "properties": {"OBJECTID": 1446, "Label": "139 (22)", "Direction": "one", "SHAPE_Length": 15.373239160896462, "Year": "2022", "PDF": "2700 Blk Asquith St Northbound.pdf"}}, {"type": "Feature", "id": 1447, "geometry": {"type": "LineString", "coordinates": [[-123.34102653400441, 48.43851519424676], [-123.3410284899862, 48.438379985192725], [-123.34102821052188, 48.43837984477558]]}, "properties": {"OBJECTID": 1447, "Label": "65 (22)", "Direction": "one", "SHAPE_Length": 15.055790363408494, "Year": "2022", "PDF": "2700 Blk Asquith St Southbound.pdf"}}, {"type": "Feature", "id": 1448, "geometry": {"type": "LineString", "coordinates": [[-123.33966148109612, 48.431854203842995], [-123.33965841406265, 48.43190943627879], [-123.33965798722471, 48.43190928729659]]}, "properties": {"OBJECTID": 1448, "Label": "213 (22)", "Direction": "one", "SHAPE_Length": 6.179210140824357, "Year": "2022", "PDF": "https://cityvictoria.sharepoint.com/:f:/s/TRAN-Transportation-Operations/EqeqUk0zJfBNuGPoEOR_Vj8B2qkw7nDVT3Sfso7ljzEJVA?e=Spd37d"}}, {"type": "Feature", "id": 1449, "geometry": {"type": "LineString", "coordinates": [[-123.33987862690563, 48.431915863659796], [-123.33988035431695, 48.43187041170088], [-123.33988194803536, 48.43187038810108]]}, "properties": {"OBJECTID": 1449, "Label": "173 (22)", "Direction": "one", "SHAPE_Length": 5.171751167208802, "Year": "2022", "PDF": "https://cityvictoria.sharepoint.com/:f:/s/TRAN-Transportation-Operations/EqeqUk0zJfBNuGPoEOR_Vj8B2qkw7nDVT3Sfso7ljzEJVA?e=Spd37d"}}, {"type": "Feature", "id": 1450, "geometry": {"type": "LineString", "coordinates": [[-123.36055984190072, 48.42514833037822], [-123.36082756045637, 48.42517700797033], [-123.36082720709952, 48.42517635592951]]}, "properties": {"OBJECTID": 1450, "Label": "1485 (22)", "Direction": "one", "SHAPE_Length": 20.138055678156864, "Year": "2022", "PDF": "View St - Blanshard St to Quadra St Westbound.pdf"}}, {"type": "Feature", "id": 1451, "geometry": {"type": "LineString", "coordinates": [[-123.3609236108553, 48.424801565409446], [-123.36062153486131, 48.42476918748072], [-123.36062046816316, 48.42476877608305]]}, "properties": {"OBJECTID": 1451, "Label": "1307 (22)", "Direction": "one", "SHAPE_Length": 22.727245476128537, "Year": "2022", "PDF": "View St - Blanshard St to Quadra St Eastbound.pdf"}}, {"type": "Feature", "id": 1452, "geometry": {"type": "LineString", "coordinates": [[-123.36428183246008, 48.418187703765106], [-123.36445732024305, 48.41832520735917], [-123.36445660874718, 48.418324557362695]]}, "properties": {"OBJECTID": 1452, "Label": "2610 (22)", "Direction": "one", "SHAPE_Length": 20.144458976759363, "Year": "2022", "PDF": "Southgate St - Quadra St to Douglas St Westbound.pdf"}}, {"type": "Feature", "id": 1453, "geometry": {"type": "LineString", "coordinates": [[-123.36462551521724, 48.41824279060525], [-123.36443412305462, 48.41808153366108], [-123.36443340985849, 48.418080645261234]]}, "properties": {"OBJECTID": 1453, "Label": "3167 (22)", "Direction": "one", "SHAPE_Length": 22.95561304337317, "Year": "2022", "PDF": "Southgate St - Quadra St to Douglas St Eastbound.pdf"}}, {"type": "Feature", "id": 1454, "geometry": {"type": "LineString", "coordinates": [[-123.32843979432903, 48.436182879181686], [-123.32835566782916, 48.436450668531], [-123.32835460132922, 48.43645049524227]]}, "properties": {"OBJECTID": 1454, "Label": "4838 (22)", "Direction": "one", "SHAPE_Length": 30.490780340965664, "Year": "2022", "PDF": "Richmond Rd - Carrick St to Haultain St Northbound.pdf"}}, {"type": "Feature", "id": 1455, "geometry": {"type": "LineString", "coordinates": [[-123.32881643316527, 48.43645411386289], [-123.32889084292307, 48.43623300609563], [-123.32888977335418, 48.43623235690476]]}, "properties": {"OBJECTID": 1455, "Label": "5055 (22)", "Direction": "one", "SHAPE_Length": 25.29303786529269, "Year": "2022", "PDF": "Richmond Rd - Carrick St to Haultain St Southbound.pdf"}}, {"type": "Feature", "id": 1456, "geometry": {"type": "LineString", "coordinates": [[-123.35920393128144, 48.427598304940695], [-123.35959610246364, 48.42762374044814], [-123.35959324581749, 48.427621967161]]}, "properties": {"OBJECTID": 1456, "Label": "6048 (22)", "Direction": "one", "SHAPE_Length": 29.438308937008728, "Year": "2022", "PDF": "Pandora Ave - Blanshard St to Quadra St Westbound.pdf"}}, {"type": "Feature", "id": 1457, "geometry": {"type": "LineString", "coordinates": [[-123.32940273205737, 48.44592519521362], [-123.32868426035611, 48.445919633001466], [-123.32868284056548, 48.44591880757876]]}, "properties": {"OBJECTID": 1457, "Label": "9184 (22)", "Direction": "one", "SHAPE_Length": 53.27467940841652, "Year": "2022", "PDF": "Lansdowne Rd - Carmen St to Service St Eastbound.pdf"}}, {"type": "Feature", "id": 1458, "geometry": {"type": "LineString", "coordinates": [[-123.32868743052478, 48.44641092391279], [-123.32931999212283, 48.446409115538124], [-123.329319281494, 48.446407336263974]]}, "properties": {"OBJECTID": 1458, "Label": "9774 (22)", "Direction": "one", "SHAPE_Length": 46.98313843615575, "Year": "2022", "PDF": "Lansdowne Rd - Carmen St to Service St Westbound.pdf"}}, {"type": "Feature", "id": 1459, "geometry": {"type": "LineString", "coordinates": [[-123.3607802778596, 48.42676238685756], [-123.36029918661622, 48.42670486158972], [-123.36029862635858, 48.426704580852615]]}, "properties": {"OBJECTID": 1459, "Label": "6713 (22)", "Direction": "", "SHAPE_Length": 36.21231002375309, "Year": "2022", "PDF": "Johnson St - Blanshard St to Quadra St Eastbound.pdf"}}, {"type": "Feature", "id": 1460, "geometry": {"type": "LineString", "coordinates": [[-123.33835055409959, 48.436037875893966], [-123.33808726654006, 48.43603674513794], [-123.33808670630138, 48.436036464293096]]}, "properties": {"OBJECTID": 1460, "Label": "527 (22)", "Direction": "one", "SHAPE_Length": 19.52643180054109, "Year": "2022", "PDF": "Haultain St - Forbes St to Victor St Eastbound.pdf"}}, {"type": "Feature", "id": 1461, "geometry": {"type": "LineString", "coordinates": [[-123.33806016536548, 48.43626533727182], [-123.33834923457493, 48.43627020051853], [-123.33834867432626, 48.43626991877535]]}, "properties": {"OBJECTID": 1461, "Label": "301 (22)", "Direction": "one", "SHAPE_Length": 21.43977028245418, "Year": "2022", "PDF": "Haultain St - Forbes St to Victor St Westbound.pdf"}}, {"type": "Feature", "id": 1462, "geometry": {"type": "LineString", "coordinates": [[-123.32553676907096, 48.43574423210943], [-123.32509034853898, 48.435745494085246], [-123.32508978837478, 48.43574521317694]]}, "properties": {"OBJECTID": 1462, "Label": "452 (22)", "Direction": "one", "SHAPE_Length": 33.071981114575834, "Year": "2022", "PDF": "Haultain St - Dean Ave to Richmond Rd Eastbound.pdf"}}, {"type": "Feature", "id": 1463, "geometry": {"type": "LineString", "coordinates": [[-123.32509777226106, 48.43601207057164], [-123.32556428814291, 48.436020272735796], [-123.32556372662116, 48.43601999183365]]}, "properties": {"OBJECTID": 1463, "Label": "376 (22)", "Direction": "one", "SHAPE_Length": 34.56998795924609, "Year": "2022", "PDF": "Haultain St - Dean Ave to Richmond Rd Westbound.pdf"}}, {"type": "Feature", "id": 1464, "geometry": {"type": "LineString", "coordinates": [[-123.36831285732536, 48.42159563617629], [-123.36825189877139, 48.42187004690615], [-123.36825133852346, 48.4218697662075]]}, "properties": {"OBJECTID": 1464, "Label": "4069 (22)", "Direction": "one", "SHAPE_Length": 30.885650765707712, "Year": "2022", "PDF": "Government St - Belleville St to Humboldt St Northbound.pdf"}}, {"type": "Feature", "id": 1465, "geometry": {"type": "LineString", "coordinates": [[-123.36891030057633, 48.42192316150358], [-123.36897135212611, 48.42166208120968], [-123.36897079051843, 48.42166179961924]]}, "properties": {"OBJECTID": 1465, "Label": "3538 (22)", "Direction": "one", "SHAPE_Length": 29.4218400699594, "Year": "2022", "PDF": "Government St - Belleville St to Humboldt St Southbound.pdf"}}, {"type": "Feature", "id": 1466, "geometry": {"type": "LineString", "coordinates": [[-123.3781070076271, 48.44265221177594], [-123.37858346542725, 48.442833455442006], [-123.37858234299696, 48.44283289325365]]}, "properties": {"OBJECTID": 1466, "Label": "6688 (22)", "Direction": "one", "SHAPE_Length": 40.69332435874662, "Year": "2022", "PDF": "Gorge Rd - Jutland Rd to Washington Ave Westbound.pdf"}}, {"type": "Feature", "id": 1467, "geometry": {"type": "LineString", "coordinates": [[-123.37882209288118, 48.44259273223335], [-123.37828258813315, 48.442400272131735], [-123.37828146571573, 48.44239970994038]]}, "properties": {"OBJECTID": 1467, "Label": "5842 (22)", "Direction": "one", "SHAPE_Length": 45.376883081802, "Year": "2022", "PDF": "Gorge Rd - Jutland Rd to Washington Ave Eastbound.pdf"}}, {"type": "Feature", "id": 1468, "geometry": {"type": "LineString", "coordinates": [[-123.36130016132032, 48.42406986369499], [-123.36091358991148, 48.42402346978535], [-123.36091302832837, 48.42402318905529]]}, "properties": {"OBJECTID": 1468, "Label": "5735 (22)", "Direction": "one", "SHAPE_Length": 29.1128057840521, "Year": "2022", "PDF": "Fort St - Blanshard St to Quadra St Eastbound.pdf"}}, {"type": "Feature", "id": 1469, "geometry": {"type": "LineString", "coordinates": [[-123.32611974100033, 48.41532788197274], [-123.32570524557259, 48.4153728538731], [-123.32570468562945, 48.415372572966305]]}, "properties": {"OBJECTID": 1469, "Label": "1204 (22)", "Direction": "one", "SHAPE_Length": 31.127286080269403, "Year": "2022", "PDF": "Fairfield Rd - Foul Bay Rd to Queen Anne Hts Eastbound.pdf"}}, {"type": "Feature", "id": 1470, "geometry": {"type": "LineString", "coordinates": [[-123.32576605773905, 48.41593634714425], [-123.32615484930822, 48.41589716070039], [-123.32615428799966, 48.41589687890002]]}, "properties": {"OBJECTID": 1470, "Label": "1443 (22)", "Direction": "one", "SHAPE_Length": 29.148325577696706, "Year": "2022", "PDF": "Fairfield Rd - Foul Bay Rd to Queen Anne Hts Westbound.pdf"}}, {"type": "Feature", "id": 1471, "geometry": {"type": "LineString", "coordinates": [[-123.37642887218092, 48.42803452034479], [-123.37589634952509, 48.42799055867813], [-123.37589522745213, 48.427989996461214]]}, "properties": {"OBJECTID": 1471, "Label": "7624 (22)", "Direction": "one", "SHAPE_Length": 39.800291362580786, "Year": "2022", "PDF": "Esquimalt Rd - Tyee Rd to Harbour Rd Eastbound.pdf"}}, {"type": "Feature", "id": 1472, "geometry": {"type": "LineString", "coordinates": [[-123.37578058562268, 48.428588878108144], [-123.37625589130877, 48.428633027404764], [-123.37625476921771, 48.42863246519146]]}, "properties": {"OBJECTID": 1472, "Label": "6302 (22)", "Direction": "one", "SHAPE_Length": 35.606030663676215, "Year": "2022", "PDF": "Esquimalt Rd - Tyee Rd to Harbour Rd Westbound.pdf"}}, {"type": "Feature", "id": 1473, "geometry": {"type": "LineString", "coordinates": [[-123.36585464498621, 48.421323068245066], [-123.36584757925851, 48.42153446457154], [-123.36584701902746, 48.42153418386111]]}, "properties": {"OBJECTID": 1473, "Label": "3798 (22)", "Direction": "one", "SHAPE_Length": 23.555460629916706, "Year": "2022", "PDF": "Douglas St - Belleville St to Humboldt St Northbound.pdf"}}, {"type": "Feature", "id": 1474, "geometry": {"type": "LineString", "coordinates": [[-123.3664255825152, 48.4215478593196], [-123.3664669211755, 48.42132873643656], [-123.36646636094335, 48.421328455729174]]}, "properties": {"OBJECTID": 1474, "Label": "4841", "Direction": "one", "SHAPE_Length": 24.59977275217985, "Year": "2022", "PDF": "Douglas St - Belleville St to Humboldt St Southbound.pdf"}}, {"type": "Feature", "id": 1475, "geometry": {"type": "LineString", "coordinates": [[-123.36631163415548, 48.40865295470812], [-123.36553274885104, 48.40852594138658], [-123.36553162732127, 48.40852537906534]]}, "properties": {"OBJECTID": 1475, "Label": "2368 (22)", "Direction": "one", "SHAPE_Length": 59.44928960246908, "Year": "2022", "PDF": "Dallas Rd - Camas Cir to Douglas St Eastbound.pdf"}}, {"type": "Feature", "id": 1476, "geometry": {"type": "LineString", "coordinates": [[-123.3654494283707, 48.408872784373465], [-123.36617116959326, 48.40900759751078], [-123.36617004805235, 48.409007036095495]]}, "properties": {"OBJECTID": 1476, "Label": "2536 (22)", "Direction": "one", "SHAPE_Length": 55.57837535918882, "Year": "2022", "PDF": "Dallas Rd - Camas Cir to Douglas St Westbound.pdf"}}, {"type": "Feature", "id": 1477, "geometry": {"type": "LineString", "coordinates": [[-123.32636251421427, 48.411759872667936], [-123.32612413300714, 48.41160820713242], [-123.32612357174605, 48.41160792533159]]}, "properties": {"OBJECTID": 1477, "Label": "719 (22)", "Direction": "one", "SHAPE_Length": 24.45254024520046, "Year": "2022", "PDF": "Crescent Rd - King George Terrace to Foul Bay Rd Eastbound.pdf"}}, {"type": "Feature", "id": 1478, "geometry": {"type": "LineString", "coordinates": [[-123.32601995674788, 48.411867483539716], [-123.32626097901142, 48.411984864914416], [-123.32626041910251, 48.41198458401008]]}, "properties": {"OBJECTID": 1478, "Label": "744 (22)", "Direction": "one", "SHAPE_Length": 22.15051009646444, "Year": "2022", "PDF": "Crescent Rd - King George Terrace to Foul Bay Rd Westbound.pdf"}}, {"type": "Feature", "id": 1479, "geometry": {"type": "LineString", "coordinates": [[-123.39239450138459, 48.43895943451525], [-123.39214201582632, 48.43887650784168], [-123.392141453901, 48.43887622636603]]}, "properties": {"OBJECTID": 1479, "Label": "5950 (22)", "Direction": "one", "SHAPE_Length": 20.877282582215255, "Year": "2022", "PDF": "Craigflower Rd - Burleith Cres to Coventry Ave Eastbound.pdf"}}, {"type": "Feature", "id": 1480, "geometry": {"type": "LineString", "coordinates": [[-123.39183943244228, 48.439349796551596], [-123.39212919761512, 48.439442118779674], [-123.39212863569054, 48.43944183820365]]}, "properties": {"OBJECTID": 1480, "Label": "6098 (22)", "Direction": "one", "SHAPE_Length": 23.813445292750092, "Year": "2022", "PDF": "Craigflower Rd - Burleith Cres to Coventry Ave Westbound.pdf"}}, {"type": "Feature", "id": 1481, "geometry": {"type": "LineString", "coordinates": [[-123.3626615788124, 48.422542453748285], [-123.3623094027937, 48.42250357349059], [-123.36230884121974, 48.42250329276724]]}, "properties": {"OBJECTID": 1481, "Label": "1084 (22)", "Direction": "one", "SHAPE_Length": 26.463686370050766, "Year": "2022", "PDF": "Courtney St - Blanshard St to Quadra St Eastbound.pdf"}}, {"type": "Feature", "id": 1482, "geometry": {"type": "LineString", "coordinates": [[-123.36229106756237, 48.42274166538623], [-123.36261749826318, 48.42278062683165], [-123.36261693668449, 48.422780346109825]]}, "properties": {"OBJECTID": 1482, "Label": "866 (22)", "Direction": "one", "SHAPE_Length": 24.588051539230584, "Year": "2022", "PDF": "Courtney St - Blanshard St to Quadra St Westbound.pdf"}}, {"type": "Feature", "id": 1483, "geometry": {"type": "LineString", "coordinates": [[-123.35001387038902, 48.4490055864458], [-123.35009582431863, 48.44926812497191], [-123.35009470206528, 48.44926756340556]]}, "properties": {"OBJECTID": 1483, "Label": "8663 (22)", "Direction": "one", "SHAPE_Length": 29.909040608009693, "Year": "2022", "PDF": "Cook St - Merritt St to Slater St Northbound.pdf"}}, {"type": "Feature", "id": 1484, "geometry": {"type": "LineString", "coordinates": [[-123.35051347553076, 48.44922876880703], [-123.35044299575426, 48.44897000385527], [-123.35044187349753, 48.44896944139266]]}, "properties": {"OBJECTID": 1484, "Label": "9051 (22)", "Direction": "one", "SHAPE_Length": 29.33540072683947, "Year": "2022", "PDF": "Cook St - Merritt St to Slater St Southbound.pdf"}}, {"type": "Feature", "id": 1485, "geometry": {"type": "LineString", "coordinates": [[-123.37892881016553, 48.446872019712885], [-123.37916994959946, 48.446966439122335], [-123.3791693890082, 48.44696615757932]]}, "properties": {"OBJECTID": 1485, "Label": "8622 (22)", "Direction": "one", "SHAPE_Length": 20.74340746540329, "Year": "2022", "PDF": "Burnside Rd - Alpha Tce to Washington Ave Westbound.pdf"}}, {"type": "Feature", "id": 1486, "geometry": {"type": "LineString", "coordinates": [[-123.37946231155988, 48.44663603774969], [-123.3792181673318, 48.446522585939], [-123.37921760675187, 48.44652230529582]]}, "properties": {"OBJECTID": 1486, "Label": "8601 (22)", "Direction": "one", "SHAPE_Length": 22.0745377937579, "Year": "2022", "PDF": "Burnside Rd - Alpha Tce to Washington Ave Eastbound.pdf"}}, {"type": "Feature", "id": 1487, "geometry": {"type": "LineString", "coordinates": [[-123.3649801721622, 48.42191707572371], [-123.36467383987886, 48.421887578329546], [-123.36467327965033, 48.42188729761342]]}, "properties": {"OBJECTID": 1487, "Label": "1959 (22)", "Direction": "one", "SHAPE_Length": 22.952094202082034, "Year": "2022", "PDF": "Burdett Ave - Penwell St to Douglas St Eastbound.pdf"}}, {"type": "Feature", "id": 1488, "geometry": {"type": "LineString", "coordinates": [[-123.36462184035896, 48.4222171822103], [-123.36488231810158, 48.42223539953999], [-123.36488175651645, 48.422235118829235]]}, "properties": {"OBJECTID": 1488, "Label": "2030 (22)", "Direction": "one", "SHAPE_Length": 19.429615558907276, "Year": "2022", "PDF": "Burdett Ave - Penwell St to Douglas St Westbound.pdf"}}, {"type": "Feature", "id": 1489, "geometry": {"type": "LineString", "coordinates": [[-123.36069679437632, 48.42314229313753], [-123.36021575086983, 48.42308667192582], [-123.36021462907725, 48.42308610955486]]}, "properties": {"OBJECTID": 1489, "Label": "943 (22)", "Direction": "one", "SHAPE_Length": 36.22651594053632, "Year": "2022", "PDF": "Broughton St - Blanshard St to Quadra St Eastbound.pdf"}}, {"type": "Feature", "id": 1490, "geometry": {"type": "LineString", "coordinates": [[-123.36021766153051, 48.42335707234242], [-123.36060135373343, 48.423401573046064], [-123.360600231936, 48.42340101157854]]}, "properties": {"OBJECTID": 1490, "Label": "2021 (22)", "Direction": "one", "SHAPE_Length": 28.918575227394378, "Year": "2022", "PDF": "Broughton St - Blanshard St to Quadra St Westbound.pdf"}}, {"type": "Feature", "id": 1491, "geometry": {"type": "LineString", "coordinates": [[-123.36397445361474, 48.42009762108438], [-123.3637527263827, 48.42029636682128], [-123.36375160461284, 48.42029580448444]]}, "properties": {"OBJECTID": 1491, "Label": "5369 (22)", "Direction": "one", "SHAPE_Length": 27.62062235840706, "Year": "2022", "PDF": "Blanshard St - Belleville St to Humboldt St Northbound.pdf"}}, {"type": "Feature", "id": 1492, "geometry": {"type": "LineString", "coordinates": [[-123.36432646225725, 48.420515447583206], [-123.36453121410271, 48.42034341399603], [-123.36453009368127, 48.42034285256215]]}, "properties": {"OBJECTID": 1492, "Label": "3373 (22)", "Direction": "one", "SHAPE_Length": 24.49974365997859, "Year": "2022", "PDF": "Blanshard St - Belleville St to Humboldt St Southbound.pdf"}}, {"type": "Feature", "id": 1493, "geometry": {"type": "LineString", "coordinates": [[-123.37737682875648, 48.434289105898415], [-123.3766396417228, 48.43444005458523], [-123.37663852085119, 48.43443949237218]]}, "properties": {"OBJECTID": 1493, "Label": "10113 (22)", "Direction": "one", "SHAPE_Length": 57.15508415256442, "Year": "2022", "PDF": "https://cityvictoria.sharepoint.com/:b:/r/sites/TRAN-Transportation-Operations/Our%20Vault/Data%20Collection/2022CP/ScreenLine/Victoria%20Screenline%20Counts%202022/Radar/BAY%20ST%20-%20PLEASANT%20ST%20TO%20POINT%20ELLICE%20BRIDGE/Bay%20St%20-%20Pleasant%20St%20to%20Point%20Ellice%20Bridge%20Eastbound.pdf?csf=1&web=1&e=w8WGN0"}}, {"type": "Feature", "id": 1494, "geometry": {"type": "LineString", "coordinates": [[-123.37674034255004, 48.43490055766572], [-123.37747189784747, 48.43476105331246], [-123.37747077560773, 48.434760491112]]}, "properties": {"OBJECTID": 1494, "Label": "7956 (22)", "Direction": "one", "SHAPE_Length": 56.39303891532731, "Year": "2022", "PDF": "https://cityvictoria.sharepoint.com/:b:/r/sites/TRAN-Transportation-Operations/Our%20Vault/Data%20Collection/2022CP/ScreenLine/Victoria%20Screenline%20Counts%202022/Radar/BAY%20ST%20-%20PLEASANT%20ST%20TO%20POINT%20ELLICE%20BRIDGE/Bay%20St%20-%20Pleasant%20St%20to%20Point%20Ellice%20Bridge%20Westbound.pdf?csf=1&web=1&e=ZQzpLd"}}, {"type": "Feature", "id": 1495, "geometry": {"type": "LineString", "coordinates": [[-123.36062000164688, 48.425664675494076], [-123.36107240465002, 48.425712768407536], [-123.36107128414174, 48.42571220604108]]}, "properties": {"OBJECTID": 1495, "Label": "8468 (22)", "Direction": "one", "SHAPE_Length": 33.99701406139303, "Year": "2022", "PDF": "YATES ST - BLANSHARD ST TO QUADRA ST.pdf"}}, {"type": "Feature", "id": 1496, "geometry": {"type": "LineString", "coordinates": [[-123.39410592013715, 48.43273973148991], [-123.39398567210387, 48.43273157404673], [-123.39398539117362, 48.432731433762996]]}, "properties": {"OBJECTID": 1496, "Label": "3089 (22)", "Direction": "one", "SHAPE_Length": 8.96686155555543, "Year": "2022", "PDF": "WILSON ST - DOMINION RD TO HEREWARD RD.pdf"}}, {"type": "Feature", "id": 1497, "geometry": {"type": "LineString", "coordinates": [[-123.39396120457005, 48.43308299578208], [-123.39409722152878, 48.433094907480914], [-123.39409694059621, 48.43309476719745]]}, "properties": {"OBJECTID": 1497, "Label": "2406 (22)", "Direction": "one", "SHAPE_Length": 10.173874901171564, "Year": "2022", "PDF": "WILSON ST - DOMINION RD TO HEREWARD RD.pdf"}}, {"type": "Feature", "id": 1498, "geometry": {"type": "LineString", "coordinates": [[-123.36984197459675, 48.42805083347088], [-123.36968380484835, 48.42833507807483], [-123.36968324316953, 48.42833479738801]]}, "properties": {"OBJECTID": 1498, "Label": "1898 (22)", "Direction": "one", "SHAPE_Length": 33.74426544535004, "Year": "2022", "PDF": "WHARF ST - JOHNSON ST TO PANDORA AVE.pdf"}}, {"type": "Feature", "id": 1499, "geometry": {"type": "LineString", "coordinates": [[-123.36992739698391, 48.42838761503479], [-123.37005450733297, 48.428160597989624], [-123.37005394700581, 48.428160317300254]]}, "properties": {"OBJECTID": 1499, "Label": "1598 (22)", "Direction": "one", "SHAPE_Length": 26.981068245142424, "Year": "2022", "PDF": "WHARF ST - JOHNSON ST TO PANDORA AVE.pdf"}}, {"type": "Feature", "id": 1500, "geometry": {"type": "LineString", "coordinates": [[-123.3565347698745, 48.42675579429942], [-123.35657619513309, 48.4265423877321], [-123.35657563489765, 48.42654210697678]]}, "properties": {"OBJECTID": 1500, "Label": "1663 (22)", "Direction": "one", "SHAPE_Length": 23.970247487563782, "Year": "2022", "PDF": "VANCOUVER ST - JOHNSON ST TO PANDORA AVE.pdf"}}, {"type": "Feature", "id": 1501, "geometry": {"type": "LineString", "coordinates": [[-123.33288314701446, 48.44697596828964], [-123.33287906557054, 48.447227342379584], [-123.33287794355125, 48.44722678064466]]}, "properties": {"OBJECTID": 1501, "Label": "11859 (22)", "Direction": "one", "SHAPE_Length": 28.04704823188703, "Year": "2022", "PDF": "SHELBOURNE ST - HILLSIDE AVE TO NORTH DAIRY RD.pdf"}}, {"type": "Feature", "id": 1502, "geometry": {"type": "LineString", "coordinates": [[-123.33390922174918, 48.44718246405227], [-123.33390744915071, 48.44691206400783], [-123.33390632847936, 48.44691150227899]]}, "properties": {"OBJECTID": 1502, "Label": "13219 (22)", "Direction": "one", "SHAPE_Length": 30.160462227941, "Year": "2022", "PDF": "SHELBOURNE ST - HILLSIDE AVE TO NORTH DAIRY RD.pdf"}}, {"type": "Feature", "id": 1503, "geometry": {"type": "LineString", "coordinates": [[-123.35869731981535, 48.42685837806199], [-123.35864967330603, 48.42707913965318]]}, "properties": {"OBJECTID": 1503, "Label": "5957 (22)", "Direction": "one", "SHAPE_Length": 24.79064138108215, "Year": "2022", "PDF": "QUADRA ST - JOHNSON ST TO PANDORA AVE.pdf"}}, {"type": "Feature", "id": 1504, "geometry": {"type": "LineString", "coordinates": [[-123.36061208273985, 48.44505684040167], [-123.36067357711818, 48.44525278687991], [-123.36067301530173, 48.4452525061503]]}, "properties": {"OBJECTID": 1504, "Label": "5349 (22)", "Direction": "one", "SHAPE_Length": 22.302177558568726, "Year": "2022", "PDF": "QUADRA ST - FINLAYSON ST TO SUMMIT AVE.pdf"}}, {"type": "Feature", "id": 1505, "geometry": {"type": "LineString", "coordinates": [[-123.36110266186031, 48.44521716461904], [-123.36103548247242, 48.44502694898612], [-123.36103492200868, 48.445026668253966]]}, "properties": {"OBJECTID": 1505, "Label": "5724 (22)", "Direction": "one", "SHAPE_Length": 21.771216596260064, "Year": "2022", "PDF": "QUADRA ST - FINLAYSON ST TO SUMMIT AVE.pdf"}}, {"type": "Feature", "id": 1506, "geometry": {"type": "LineString", "coordinates": [[-123.36699574950046, 48.42781677126903], [-123.36696520761241, 48.42794635851982], [-123.36696464730451, 48.42794607781535]]}, "properties": {"OBJECTID": 1506, "Label": "4308 (22)", "Direction": "one", "SHAPE_Length": 14.632297139417783, "Year": "2022", "PDF": "GOVERNMENT ST - JOHNSON ST TO PANDORA AVE.pdf"}}, {"type": "Feature", "id": 1507, "geometry": {"type": "LineString", "coordinates": [[-123.36732301083107, 48.42796616448761], [-123.36736502318502, 48.42784034875782], [-123.36736446286967, 48.427840067155664]]}, "properties": {"OBJECTID": 1507, "Label": "3367 (22)", "Direction": "one", "SHAPE_Length": 14.37819469624538, "Year": "2022", "PDF": "GOVERNMENT ST - JOHNSON ST TO PANDORA AVE.pdf"}}, {"type": "Feature", "id": 1508, "geometry": {"type": "LineString", "coordinates": [[-123.32329536051174, 48.42630339246631], [-123.32310652580388, 48.42630392283364], [-123.3231059644029, 48.42630364191878]]}, "properties": {"OBJECTID": 1508, "Label": "5914 (22)", "Direction": "one", "SHAPE_Length": 14.021960753993666, "Year": "2022", "PDF": "OAK BAY AVE - AMPHION ST TO FOUL BAY RD.pdf"}}, {"type": "Feature", "id": 1509, "geometry": {"type": "LineString", "coordinates": [[-123.3230513056238, 48.42662018638244], [-123.32324873838282, 48.42662153652067], [-123.32324817697754, 48.42662125560652]]}, "properties": {"OBJECTID": 1509, "Label": "6486 (22)", "Direction": "one", "SHAPE_Length": 14.658594962261146, "Year": "2022", "PDF": "OAK BAY AVE - AMPHION ST TO FOUL BAY RD.pdf"}}, {"type": "Feature", "id": 1510, "geometry": {"type": "LineString", "coordinates": [[-123.3234612475383, 48.431624979295606], [-123.32310681601578, 48.43168691206454], [-123.32310569444108, 48.431686349332146]]}, "properties": {"OBJECTID": 1510, "Label": "7768 (22)", "Direction": "one", "SHAPE_Length": 27.210510563874962, "Year": "2022", "PDF": "FORT ST - FOUL BAY RD TO TRENT ST.pdf"}}, {"type": "Feature", "id": 1511, "geometry": {"type": "LineString", "coordinates": [[-123.32331112621499, 48.43231855465171], [-123.3236826836488, 48.43224895663517], [-123.32368156206107, 48.43224839480816]]}, "properties": {"OBJECTID": 1511, "Label": "7125 (22)", "Direction": "one", "SHAPE_Length": 28.656226728243855, "Year": "2022", "PDF": "FORT ST - FOUL BAY RD TO TRENT ST.pdf"}}, {"type": "Feature", "id": 1512, "geometry": {"type": "LineString", "coordinates": [[-123.39421192041026, 48.431427337378224], [-123.39387327432686, 48.43129900714912], [-123.39387271248282, 48.43129872658096]]}, "properties": {"OBJECTID": 1512, "Label": "8008 (22)", "Direction": "one", "SHAPE_Length": 28.87907694424244, "Year": "2022", "PDF": "ESQUIMALT RD - DOMINION RD TO ROTHWELL ST.pdf"}}, {"type": "Feature", "id": 1513, "geometry": {"type": "LineString", "coordinates": [[-123.3937086439271, 48.43184228733806], [-123.39398674687631, 48.43191179368461], [-123.39398618637671, 48.43191151311244]]}, "properties": {"OBJECTID": 1513, "Label": "7679 (22)", "Direction": "one", "SHAPE_Length": 22.026553574476132, "Year": "2022", "PDF": "ESQUIMALT RD - DOMINION RD TO ROTHWELL ST.pdf"}}, {"type": "Feature", "id": 1514, "geometry": {"type": "LineString", "coordinates": [[-123.3642783917992, 48.427425832309595], [-123.36424187399221, 48.42759895400743]]}, "properties": {"OBJECTID": 1514, "Label": "8903 (22)", "Direction": "one", "SHAPE_Length": 19.432068523071482, "Year": "2022", "PDF": "DOUGLAS ST - JOHNSON ST TO PANDORA AVE.pdf"}}, {"type": "Feature", "id": 1515, "geometry": {"type": "LineString", "coordinates": [[-123.3649581295327, 48.427652191465675], [-123.3649822427917, 48.42750139510629]]}, "properties": {"OBJECTID": 1515, "Label": "8939 (22)", "Direction": "one", "SHAPE_Length": 16.856444976640123, "Year": "2022", "PDF": "DOUGLAS ST - JOHNSON ST TO PANDORA AVE.pdf"}}, {"type": "Feature", "id": 1516, "geometry": {"type": "LineString", "coordinates": [[-123.37089443724061, 48.44609571758549], [-123.37107389391431, 48.44636935266325], [-123.37107277149488, 48.446368791301644]]}, "properties": {"OBJECTID": 1516, "Label": "16413 (22)", "Direction": "one", "SHAPE_Length": 33.2889895447016, "Year": "2022", "PDF": "DOUGLAS ST - FRANCES AVE TO SPEED AVE.pdf"}}, {"type": "Feature", "id": 1517, "geometry": {"type": "LineString", "coordinates": [[-123.37200565132281, 48.44618353549494], [-123.37179745783489, 48.44589476001299], [-123.37179633541805, 48.4458941986584]]}, "properties": {"OBJECTID": 1517, "Label": "17309 (22)", "Direction": "one", "SHAPE_Length": 35.704196731207084, "Year": "2022", "PDF": "DOUGLAS ST - FRANCES AVE TO SPEED AVE.pdf"}}, {"type": "Feature", "id": 1518, "geometry": {"type": "LineString", "coordinates": [[-123.35305015332483, 48.42659496320027], [-123.35310302572475, 48.42679284533877], [-123.35310246549935, 48.42679256366691]]}, "properties": {"OBJECTID": 1518, "Label": "9224 (22)", "Direction": "one", "SHAPE_Length": 22.39261938569243, "Year": "2022", "PDF": "COOK ST - JOHNSON ST TO PANDORA AVE.pdf"}}, {"type": "Feature", "id": 1519, "geometry": {"type": "LineString", "coordinates": [[-123.35348675092627, 48.42683927331767], [-123.35347380183069, 48.42662222666002], [-123.35347324025963, 48.42662194589377]]}, "properties": {"OBJECTID": 1519, "Label": "8081 (22)", "Direction": "one", "SHAPE_Length": 24.19680764940162, "Year": "2022", "PDF": "COOK ST - JOHNSON ST TO PANDORA AVE.pdf"}}, {"type": "Feature", "id": 1520, "geometry": {"type": "LineString", "coordinates": [[-123.36150754809604, 48.42735516868136], [-123.3614796450036, 48.42753397523564]]}, "properties": {"OBJECTID": 1520, "Label": "11939 (22)", "Direction": "one", "SHAPE_Length": 19.982169754004726, "Year": "2022", "PDF": "BLANSHARD ST - JOHNSON ST TO PANDORA AVE.pdf"}}, {"type": "Feature", "id": 1521, "geometry": {"type": "LineString", "coordinates": [[-123.36194411145492, 48.42758802121494], [-123.36199944922144, 48.427400945898]]}, "properties": {"OBJECTID": 1521, "Label": "11031 (22)", "Direction": "one", "SHAPE_Length": 21.19351738127908, "Year": "2022", "PDF": "BLANSHARD ST - JOHNSON ST TO PANDORA AVE.pdf"}}, {"type": "Feature", "id": 1522, "geometry": {"type": "LineString", "coordinates": [[-123.3646856087729, 48.44295651557082], [-123.36483648166936, 48.44324167664136], [-123.36483535938743, 48.443241115218285]]}, "properties": {"OBJECTID": 1522, "Label": "17132 (22)", "Direction": "one", "SHAPE_Length": 33.707561063117204, "Year": "2022", "PDF": "BLANSHARD ST - FINLAYSON ST TO TOPAZ AVE.pdf"}}, {"type": "Feature", "id": 1523, "geometry": {"type": "LineString", "coordinates": [[-123.36550492323143, 48.44306055467702], [-123.36537721619095, 48.44281340586287], [-123.36537609390612, 48.44281284354537]]}, "properties": {"OBJECTID": 1523, "Label": "22679 (22)", "Direction": "one", "SHAPE_Length": 29.154000436984294, "Year": "2022", "PDF": "BLANSHARD ST - FINLAYSON ST TO TOPAZ AVE.pdf"}}, {"type": "Feature", "id": 1524, "geometry": {"type": "LineString", "coordinates": [[-123.36268482678271, 48.422258193125344], [-123.36265467137046, 48.4224430025239], [-123.3626541111469, 48.42244272179797]]}, "properties": {"OBJECTID": 1524, "Label": "6952 (22)", "Direction": "one", "SHAPE_Length": 20.715174312925065, "Year": "2022", "PDF": "BLANSHARD ST - BURDETT AVE TO COURTNEY ST.pdf"}}, {"type": "Feature", "id": 1525, "geometry": {"type": "LineString", "coordinates": [[-123.36332232128186, 48.42258943030504], [-123.36337225814891, 48.42237028053539], [-123.36337169657061, 48.42236999981722]]}, "properties": {"OBJECTID": 1525, "Label": "5582 (22)", "Direction": "one", "SHAPE_Length": 24.690144316940177, "Year": "2022", "PDF": "BLANSHARD ST - BURDETT AVE TO COURTNEY ST.pdf"}}, {"type": "Feature", "id": 1526, "geometry": {"type": "LineString", "coordinates": [[-123.34616331779299, 48.43516596465092], [-123.34616556446868, 48.43528592652324], [-123.34616528365534, 48.435285786122556]]}, "properties": {"OBJECTID": 1526, "Label": "195 (22)", "Direction": "one", "SHAPE_Length": 13.361400872252569, "Year": "2022", "PDF": "https://cityvictoria.sharepoint.com/:f:/s/TRAN-Transportation-Operations/EvR9pYE_1JdOghZR12E-82cBf-AWYrYEx600PqkZi5pCSA?e=BdA56g"}}, {"type": "Feature", "id": 1527, "geometry": {"type": "LineString", "coordinates": [[-123.3464803964027, 48.43529259640684], [-123.34648093337304, 48.43516120057525], [-123.34648065255952, 48.43516106017531]]}, "properties": {"OBJECTID": 1527, "Label": "50 (22)", "Direction": "one", "SHAPE_Length": 14.631363585434407, "Year": "2022", "PDF": "https://cityvictoria.sharepoint.com/:f:/s/TRAN-Transportation-Operations/EvR9pYE_1JdOghZR12E-82cBf-AWYrYEx600PqkZi5pCSA?e=BdA56g"}}, {"type": "Feature", "id": 1528, "geometry": {"type": "LineString", "coordinates": [[-123.34348310004607, 48.43491691917907], [-123.34347846828835, 48.43507879574265], [-123.34347790803065, 48.435078514924044]]}, "properties": {"OBJECTID": 1528, "Label": "127 (22)", "Direction": "one", "SHAPE_Length": 18.048560025793503, "Year": "2022", "PDF": "https://cityvictoria.sharepoint.com/:f:/s/TRAN-Transportation-Operations/Ekhrx8kJEV9Lj9ORW95KXMIB-sfpkQLndhBS3uzPjMp1hQ?e=xua1OM"}}, {"type": "Feature", "id": 1529, "geometry": {"type": "LineString", "coordinates": [[-123.34382203090495, 48.43510252551693], [-123.3438209002573, 48.43493495336405], [-123.34382033864735, 48.434934672551144]]}, "properties": {"OBJECTID": 1529, "Label": "132 (22)", "Direction": "one", "SHAPE_Length": 18.678660753423515, "Year": "2022", "PDF": "https://cityvictoria.sharepoint.com/:f:/s/TRAN-Transportation-Operations/Ekhrx8kJEV9Lj9ORW95KXMIB-sfpkQLndhBS3uzPjMp1hQ?e=xua1OM"}}, {"type": "Feature", "id": 1530, "geometry": {"type": "LineString", "coordinates": [[-123.33819337155923, 48.43341869358765], [-123.33818325187094, 48.43361867108452], [-123.33818269165836, 48.43361839023998]]}, "properties": {"OBJECTID": 1530, "Label": "190 (22)", "Direction": "one", "SHAPE_Length": 22.293003519744303, "Year": "2022", "PDF": "https://cityvictoria.sharepoint.com/:f:/s/TRAN-Transportation-Operations/EiJTsnSo4wRAqJxwt7ZIMMkBKttddDFws38nImX_5qBjXw?e=gCQKBU"}}, {"type": "Feature", "id": 1531, "geometry": {"type": "LineString", "coordinates": [[-123.33852093913323, 48.43362148734216], [-123.33852538413575, 48.43342914296615], [-123.33852482392338, 48.43342886212325]]}, "properties": {"OBJECTID": 1531, "Label": "124 (22)", "Direction": "one", "SHAPE_Length": 21.43447144943583, "Year": "2022", "PDF": "https://cityvictoria.sharepoint.com/:f:/s/TRAN-Transportation-Operations/EiJTsnSo4wRAqJxwt7ZIMMkBKttddDFws38nImX_5qBjXw?e=gCQKBU"}}, {"type": "Feature", "id": 1532, "geometry": {"type": "LineString", "coordinates": [[-123.33687415801343, 48.43298267698906], [-123.33686109708839, 48.433171237405105], [-123.33686053553606, 48.43317095655802]]}, "properties": {"OBJECTID": 1532, "Label": "106 (22)", "Direction": "one", "SHAPE_Length": 21.033667641506906, "Year": "2022", "PDF": "https://cityvictoria.sharepoint.com/:f:/s/TRAN-Transportation-Operations/ErZlDTNbyNNAomlpmWKiVvQBK7cug4VEasS4XVJTq-x4gA?e=cPFRTL"}}, {"type": "Feature", "id": 1533, "geometry": {"type": "LineString", "coordinates": [[-123.33716734157807, 48.43317986246331], [-123.3371775155676, 48.4329875013421], [-123.3371769553675, 48.43298722049259]]}, "properties": {"OBJECTID": 1533, "Label": "132 (22)", "Direction": "one", "SHAPE_Length": 21.447041488546343, "Year": "2022", "PDF": "https://cityvictoria.sharepoint.com/:f:/s/TRAN-Transportation-Operations/ErZlDTNbyNNAomlpmWKiVvQBK7cug4VEasS4XVJTq-x4gA?e=cPFRTL"}}, {"type": "Feature", "id": 1534, "geometry": {"type": "LineString", "coordinates": [[-123.33559686664388, 48.43152202644418], [-123.33558398807692, 48.4317391511017], [-123.33558342789341, 48.4317388693447]]}, "properties": {"OBJECTID": 1534, "Label": "215 (22)", "Direction": "one", "SHAPE_Length": 24.205242437431448, "Year": "2022", "PDF": "https://cityvictoria.sharepoint.com/:f:/s/TRAN-Transportation-Operations/EvMTAJ7tPlJIvzNSkym5D2sBX-lazKazIQcKsUcci7Ab3w?e=T55dbe"}}, {"type": "Feature", "id": 1535, "geometry": {"type": "LineString", "coordinates": [[-123.33588451524201, 48.431749699908295], [-123.33590319022876, 48.43154398388716], [-123.33590262869973, 48.43154370303529]]}, "properties": {"OBJECTID": 1535, "Label": "183 (22)", "Direction": "one", "SHAPE_Length": 22.96002935338598, "Year": "2022", "PDF": "https://cityvictoria.sharepoint.com/:f:/s/TRAN-Transportation-Operations/EvMTAJ7tPlJIvzNSkym5D2sBX-lazKazIQcKsUcci7Ab3w?e=T55dbe"}}, {"type": "Feature", "id": 1536, "geometry": {"type": "LineString", "coordinates": [[-123.33146414002664, 48.417240481994334], [-123.33139165252378, 48.41709120411116]]}, "properties": {"OBJECTID": 1536, "Label": "1755(18)", "Direction": "one", "SHAPE_Length": 17.438278151878293, "Year": "2018-05-23", "PDF": null}}, {"type": "Feature", "id": 1537, "geometry": {"type": "LineString", "coordinates": [[-123.33110562413803, 48.417132959097394], [-123.33116806067251, 48.41727655237775]]}, "properties": {"OBJECTID": 1537, "Label": "2395(18)", "Direction": "one", "SHAPE_Length": 16.616225366138718, "Year": "2018-05-23", "PDF": null}}, {"type": "Feature", "id": 1538, "geometry": {"type": "LineString", "coordinates": [[-123.38526088261551, 48.44509153254495], [-123.38553038131018, 48.44477261772082], [-123.38552796414879, 48.44477234332785]]}, "properties": {"OBJECTID": 1538, "Label": "324 (22)", "Direction": "one", "SHAPE_Length": 40.848932129237824, "Year": "2022", "PDF": "https://cityvictoria.sharepoint.com/:f:/s/TRAN-Transportation-Operations/EgZfodTfTCZNubis19O_f80B2y7XQzrehcABOwBU_Ku09Q?e=WxHclF"}}, {"type": "Feature", "id": 1539, "geometry": {"type": "LineString", "coordinates": [[-123.35931485784202, 48.42719541130486], [-123.35936422790041, 48.42697217540864]]}, "properties": {"OBJECTID": 1539, "Label": "6715 (22)", "Direction": "one", "SHAPE_Length": 25.081159315708916, "Year": "2022", "PDF": "QUADRA ST - JOHNSON ST TO PANDORA AVE.pdf"}}, {"type": "Feature", "id": 1540, "geometry": {"type": "LineString", "coordinates": [[-123.33055464512714, 48.41890339766506], [-123.33025933600139, 48.418803320540704]]}, "properties": {"OBJECTID": 1540, "Label": "373(23)", "Direction": "both", "SHAPE_Length": 24.51869683446583, "Year": "2023", "PDF": "Gonzales_1800_2023.pdf"}}, {"type": "Feature", "id": 1541, "geometry": {"type": "LineString", "coordinates": [[-123.35658073441348, 48.42064765304396], [-123.356051032489, 48.42058454871131]]}, "properties": {"OBJECTID": 1541, "Label": "528 (23)", "Direction": "both", "SHAPE_Length": 39.81421030383118, "Year": "2023", "PDF": null}}, {"type": "Feature", "id": 1542, "geometry": {"type": "LineString", "coordinates": [[-123.35391758922582, 48.42028263771748], [-123.35355110411979, 48.420239965524424]]}, "properties": {"OBJECTID": 1542, "Label": "211 (23)", "Direction": "one", "SHAPE_Length": 27.527325371385064, "Year": "2023", "PDF": "https://cityvictoria.sharepoint.com/:f:/s/TRAN-Transportation-Operations/EnWxB9El0zNFj7mu6GMJeIEB_2TExQ4fMNC9tnMClAMKYQ?e=pkIUn1"}}, {"type": "Feature", "id": 1543, "geometry": {"type": "LineString", "coordinates": [[-123.3533146347718, 48.42038160833778], [-123.35364957317815, 48.420412952626506]]}, "properties": {"OBJECTID": 1543, "Label": "148 (23)", "Direction": "one", "SHAPE_Length": 25.025160550825305, "Year": "2023", "PDF": "https://cityvictoria.sharepoint.com/:f:/s/TRAN-Transportation-Operations/EnWxB9El0zNFj7mu6GMJeIEB_2TExQ4fMNC9tnMClAMKYQ?e=pkIUn1"}}, {"type": "Feature", "id": 1544, "geometry": {"type": "LineString", "coordinates": [[-123.37787983730271, 48.41799575923732], [-123.37766393670204, 48.418200224673136]]}, "properties": {"OBJECTID": 1544, "Label": "1333 (23)", "Direction": "one", "SHAPE_Length": 27.779982177005117, "Year": "2023", "PDF": "https://cityvictoria.sharepoint.com/:f:/s/TRAN-Transportation-Operations/EmrBAZ9fZC1Np26bY9rylg8Bv8fGUEfM9Cc76b9jsRKkFQ?e=3Z05Qt"}}, {"type": "Feature", "id": 1545, "geometry": {"type": "LineString", "coordinates": [[-123.37785627877643, 48.41829099911444], [-123.37799826828562, 48.41814961616378]]}, "properties": {"OBJECTID": 1545, "Label": "1772 (23)", "Direction": "one", "SHAPE_Length": 18.90371537863362, "Year": "2023", "PDF": "https://cityvictoria.sharepoint.com/:f:/s/TRAN-Transportation-Operations/EmrBAZ9fZC1Np26bY9rylg8Bv8fGUEfM9Cc76b9jsRKkFQ?e=3Z05Qt"}}, {"type": "Feature", "id": 1546, "geometry": {"type": "LineString", "coordinates": [[-123.32991169615751, 48.41187822228059], [-123.3294462383983, 48.411999525858704]]}, "properties": {"OBJECTID": 1546, "Label": "2061 (23)", "Direction": "one", "SHAPE_Length": 36.98908210422147, "Year": "2023", "PDF": "https://cityvictoria.sharepoint.com/:f:/s/TRAN-Transportation-Operations/Eu1Me8UcsuFPsLOTw7JE0WgBItKsn_HpBD7ZBb-tZvXOAw?e=XdOhTV"}}, {"type": "Feature", "id": 1547, "geometry": {"type": "LineString", "coordinates": [[-123.3296041462497, 48.41209047866849], [-123.3300010935371, 48.41199031853988]]}, "properties": {"OBJECTID": 1547, "Label": "1821 (23)", "Direction": "one", "SHAPE_Length": 31.413209962695174, "Year": "2023", "PDF": "https://cityvictoria.sharepoint.com/:f:/s/TRAN-Transportation-Operations/Eu1Me8UcsuFPsLOTw7JE0WgBItKsn_HpBD7ZBb-tZvXOAw?e=XdOhTV"}}, {"type": "Feature", "id": 1548, "geometry": {"type": "LineString", "coordinates": [[-123.32418745604443, 48.419429703543194], [-123.32442304334688, 48.41958709448526]]}, "properties": {"OBJECTID": 1548, "Label": "233 (23)", "Direction": "one", "SHAPE_Length": 24.696228729045593, "Year": "2023 - Jul", "PDF": null}}, {"type": "Feature", "id": 1549, "geometry": {"type": "LineString", "coordinates": [[-123.32459112563176, 48.41947617259879], [-123.32429519498467, 48.41927705876204]]}, "properties": {"OBJECTID": 1549, "Label": "236 (23)", "Direction": "one", "SHAPE_Length": 31.13308703364361, "Year": "2023 - Jul", "PDF": null}}, {"type": "Feature", "id": 1550, "geometry": {"type": "LineString", "coordinates": [[-123.32337713724593, 48.41886641486415], [-123.32369321909249, 48.419086421945856]]}, "properties": {"OBJECTID": 1550, "Label": "553 (23)", "Direction": "one", "SHAPE_Length": 33.83764423169508, "Year": "2023", "PDF": "https://cityvictoria.sharepoint.com/:f:/s/TRAN-Transportation-Operations/EmvkKksyCeBJq9kRc9VD4xABpQlpVtCIERyAf4PB0GrV6Q?e=oq0XEU"}}, {"type": "Feature", "id": 1551, "geometry": {"type": "LineString", "coordinates": [[-123.32383843884777, 48.41897937369697], [-123.32348781107375, 48.41872518729079]]}, "properties": {"OBJECTID": 1551, "Label": "483 (23)", "Direction": "one", "SHAPE_Length": 38.35792547874732, "Year": "2023", "PDF": "https://cityvictoria.sharepoint.com/:f:/s/TRAN-Transportation-Operations/EmvkKksyCeBJq9kRc9VD4xABpQlpVtCIERyAf4PB0GrV6Q?e=oq0XEU"}}, {"type": "Feature", "id": 1552, "geometry": {"type": "LineString", "coordinates": [[-123.34815845512654, 48.43161873425221], [-123.34877397470443, 48.43166257274652]]}, "properties": {"OBJECTID": 1552, "Label": "669 (23)", "Direction": "one", "SHAPE_Length": 45.79105666632145, "Year": "2023", "PDF": "https://cityvictoria.sharepoint.com/:f:/s/TRAN-Transportation-Operations/EpERXoGS7llOm0eW2Z8BHggB-vr0KU4wTeyjDPfnmTOetg?e=sb6gcc"}}, {"type": "Feature", "id": 1553, "geometry": {"type": "LineString", "coordinates": [[-123.37054041772078, 48.41146462026445], [-123.37087345796982, 48.41163493183325]]}, "properties": {"OBJECTID": 1553, "Label": "907 (23)", "Direction": "one", "SHAPE_Length": 31.076871651048695, "Year": "2023", "PDF": "https://cityvictoria.sharepoint.com/:f:/s/TRAN-Transportation-Operations/EtzkPhc0C4RAgKvxn8ApcGoBDpvbnKyGGJQ8OgRdOccoNg?e=Jy6za5"}}, {"type": "Feature", "id": 1554, "geometry": {"type": "LineString", "coordinates": [[-123.37101611206332, 48.41158496116988], [-123.37061998029503, 48.41139200107356]]}, "properties": {"OBJECTID": 1554, "Label": "697 (23)", "Direction": "one", "SHAPE_Length": 36.32294754000636, "Year": "2023", "PDF": "https://cityvictoria.sharepoint.com/:f:/s/TRAN-Transportation-Operations/EtzkPhc0C4RAgKvxn8ApcGoBDpvbnKyGGJQ8OgRdOccoNg?e=Jy6za5"}}, {"type": "Feature", "id": 1555, "geometry": {"type": "LineString", "coordinates": [[-123.36029128438639, 48.41476430476344], [-123.36029462106514, 48.415236555028144]]}, "properties": {"OBJECTID": 1555, "Label": "617 (23)", "Direction": "one", "SHAPE_Length": 52.49349999986589, "Year": "2023", "PDF": "https://cityvictoria.sharepoint.com/:f:/s/TRAN-Transportation-Operations/EukhljuNhXJMgsjrM4ZJDiABpZ-LYSCmn956fw8N9iOCLg?e=evcM30"}}, {"type": "Feature", "id": 1556, "geometry": {"type": "LineString", "coordinates": [[-123.36079226853417, 48.41522357012334], [-123.36079470163664, 48.41475891916235]]}, "properties": {"OBJECTID": 1556, "Label": "649 (23)", "Direction": "one", "SHAPE_Length": 51.648534666074525, "Year": "2023", "PDF": "https://cityvictoria.sharepoint.com/:f:/s/TRAN-Transportation-Operations/EukhljuNhXJMgsjrM4ZJDiABpZ-LYSCmn956fw8N9iOCLg?e=evcM30"}}, {"type": "Feature", "id": 1557, "geometry": {"type": "LineString", "coordinates": [[-123.32916822092517, 48.418638407639804], [-123.32870952633105, 48.41848737763242]]}, "properties": {"OBJECTID": 1557, "Label": "138 (23)", "Direction": "one", "SHAPE_Length": 37.864099326117376, "Year": "2023", "PDF": null}}, {"type": "Feature", "id": 1558, "geometry": {"type": "LineString", "coordinates": [[-123.3288736768614, 48.41821269294273], [-123.32942995443022, 48.418412954574734]]}, "properties": {"OBJECTID": 1558, "Label": "403 (23)", "Direction": "one", "SHAPE_Length": 46.79333861919729, "Year": "2023", "PDF": null}}, {"type": "Feature", "id": 1559, "geometry": {"type": "LineString", "coordinates": [[-123.34133069261826, 48.44369598799569], [-123.34079951202739, 48.443872754844655]]}, "properties": {"OBJECTID": 1559, "Label": "330 (23)", "Direction": "both", "SHAPE_Length": 43.92286513405322, "Year": "2023", "PDF": null}}, {"type": "Feature", "id": 1560, "geometry": {"type": "LineString", "coordinates": [[-123.39332273178545, 48.438530835453044], [-123.39315543209635, 48.43910268722789]]}, "properties": {"OBJECTID": 1560, "Label": "1060 (22)", "Direction": "one", "SHAPE_Length": 64.75764588056886, "Year": "2022", "PDF": null}}, {"type": "Feature", "id": 1561, "geometry": {"type": "LineString", "coordinates": [[-123.3930838124733, 48.439093410865446], [-123.39324258768369, 48.43852920478056]]}, "properties": {"OBJECTID": 1561, "Label": "919 (22)", "Direction": "one", "SHAPE_Length": 63.804605635233386, "Year": "2022", "PDF": null}}, {"type": "Feature", "id": 1562, "geometry": {"type": "LineString", "coordinates": [[-123.38005254566946, 48.42023589649299], [-123.37987070422939, 48.4204040729695]]}, "properties": {"OBJECTID": 1562, "Label": "583 (23)", "Direction": "one", "SHAPE_Length": 23.03186995896416, "Year": "2023", "PDF": null}}, {"type": "Feature", "id": 1563, "geometry": {"type": "LineString", "coordinates": [[-123.38002885682593, 48.42051209414153], [-123.38023896418157, 48.420298121545514]]}, "properties": {"OBJECTID": 1563, "Label": "548 (23)", "Direction": "one", "SHAPE_Length": 28.41384507291026, "Year": "2023", "PDF": null}}, {"type": "Feature", "id": 1564, "geometry": {"type": "LineString", "coordinates": [[-123.3763115644209, 48.41649677101662], [-123.37599863900556, 48.41634545168221]]}, "properties": {"OBJECTID": 1564, "Label": "1020 (23)", "Direction": "one", "SHAPE_Length": 28.618933880264795, "Year": "2023", "PDF": "https://cityvictoria.sharepoint.com/:f:/s/TRAN-Transportation-Operations/EguAJzWs4z9OjU-PREhNAJcBLEptNYFkFhFqj5883q5e6w?e=pKe58X"}}, {"type": "Feature", "id": 1565, "geometry": {"type": "LineString", "coordinates": [[-123.35163347613148, 48.431789074073706], [-123.35088918833165, 48.431745643582694]]}, "properties": {"OBJECTID": 1565, "Label": "811 (23)", "Direction": "one", "SHAPE_Length": 55.26736392817006, "Year": "2023", "PDF": "https://cityvictoria.sharepoint.com/:f:/s/TRAN-Transportation-Operations/Ejx_HKiZdIVIljd0vXXyf6oBdKzB9SeAPC8jtYo675zX6Q?e=woiyWr"}}, {"type": "Feature", "id": 1566, "geometry": {"type": "LineString", "coordinates": [[-123.3509414546041, 48.43185593188449], [-123.35161722721062, 48.431922422589096]]}, "properties": {"OBJECTID": 1566, "Label": "706 (23)", "Direction": "one", "SHAPE_Length": 50.531243518711875, "Year": "2023", "PDF": "https://cityvictoria.sharepoint.com/:f:/s/TRAN-Transportation-Operations/Ejx_HKiZdIVIljd0vXXyf6oBdKzB9SeAPC8jtYo675zX6Q?e=woiyWr"}}, {"type": "Feature", "id": 1567, "geometry": {"type": "LineString", "coordinates": [[-123.32305251103529, 48.424230871387316], [-123.32315308812449, 48.424230588986475], [-123.3231540870019, 48.424230586181395]]}, "properties": {"OBJECTID": 1567, "Label": "97 (23)", "Direction": "one", "SHAPE_Length": 7.514899999834597, "Year": "2023", "PDF": null}}, {"type": "Feature", "id": 1568, "geometry": {"type": "LineString", "coordinates": [[-123.32411789996421, 48.42261286095109], [-123.32413145077346, 48.42294416624385], [-123.32412762705482, 48.42294290670289]]}, "properties": {"OBJECTID": 1568, "Label": "97 (23)", "Direction": "one", "SHAPE_Length": 37.15547461409094, "Year": "2023", "PDF": "https://cityvictoria.sharepoint.com/:f:/s/TRAN-Transportation-Operations/ElKtgzQtsABDo_dRGVQ5beEBJAaGuGHxFJWTUd3Lp2_5jg?e=AdRvx1"}}, {"type": "Feature", "id": 1569, "geometry": {"type": "LineString", "coordinates": [[-123.32431501191843, 48.42301601091618], [-123.32428366445747, 48.42258573448443], [-123.3242817492454, 48.42258446957016]]}, "properties": {"OBJECTID": 1569, "Label": "126 (23)", "Direction": "one", "SHAPE_Length": 48.08312370747078, "Year": "2023", "PDF": "https://cityvictoria.sharepoint.com/:f:/s/TRAN-Transportation-Operations/ElKtgzQtsABDo_dRGVQ5beEBJAaGuGHxFJWTUd3Lp2_5jg?e=AdRvx1"}}, {"type": "Feature", "id": 1570, "geometry": {"type": "LineString", "coordinates": [[-123.32936982637356, 48.41860295743906], [-123.32841810981479, 48.418300994276734], [-123.32841426316263, 48.41829592670434]]}, "properties": {"OBJECTID": 1570, "Label": "148 (23)", "Direction": "one", "SHAPE_Length": 78.63955718422848, "Year": "2023", "PDF": null}}, {"type": "Feature", "id": 1571, "geometry": {"type": "LineString", "coordinates": [[-123.32856617851677, 48.41819393190823], [-123.3294492373424, 48.418496091340046], [-123.3294454220352, 48.41849610226331]]}, "properties": {"OBJECTID": 1571, "Label": "313 (23)", "Direction": "one", "SHAPE_Length": 73.74761552078682, "Year": "2023", "PDF": null}}, {"type": "Feature", "id": 1572, "geometry": {"type": "LineString", "coordinates": [[-123.39174207039476, 48.43532379898905], [-123.39172982682457, 48.435592342939486]]}, "properties": {"OBJECTID": 1572, "Label": "212(23)", "Direction": "one", "SHAPE_Length": 29.86385763643433, "Year": "2023", "PDF": "https://cityvictoria.sharepoint.com/:f:/s/TRAN-Transportation-Operations/EiOxHAy1y35KlOIYK8rfib0BGMXQhiYr5z6LsrFAUXpgjg?e=vFOyV9"}}, {"type": "Feature", "id": 1573, "geometry": {"type": "LineString", "coordinates": [[-123.33886701707722, 48.44478646632488], [-123.33910070455096, 48.4450638006321]]}, "properties": {"OBJECTID": 1573, "Label": "3415 (23)", "Direction": "one", "SHAPE_Length": 35.34083453283294, "Year": "2023", "PDF": "https://cityvictoria.sharepoint.com/:f:/s/TRAN-Transportation-Operations/EmqxWTEiE3NImiCKH43HhPYB-l0xFjbB0G7Ypj93jO2UwQ?e=BipMFh"}}, {"type": "Feature", "id": 1574, "geometry": {"type": "LineString", "coordinates": [[-123.3393580344152, 48.445023051733145], [-123.33914447006966, 48.444758988770026]]}, "properties": {"OBJECTID": 1574, "Label": "3126 (23)", "Direction": "one", "SHAPE_Length": 33.33134456474386, "Year": "2023", "PDF": "https://cityvictoria.sharepoint.com/:f:/s/TRAN-Transportation-Operations/EmqxWTEiE3NImiCKH43HhPYB-l0xFjbB0G7Ypj93jO2UwQ?e=BipMFh"}}, {"type": "Feature", "id": 1575, "geometry": {"type": "LineString", "coordinates": [[-123.34071006386492, 48.444752460730165], [-123.34130126982407, 48.44456218620052]]}, "properties": {"OBJECTID": 1575, "Label": "153 (23)", "Direction": "one", "SHAPE_Length": 48.568294226141255, "Year": "2023", "PDF": "https://cityvictoria.sharepoint.com/:f:/s/TRAN-Transportation-Operations/EqleRVFYYMJDgK38id1DoXwBtxnYbO88nDkzEyJuN2Yslw?e=NG7dYm"}}, {"type": "Feature", "id": 1576, "geometry": {"type": "LineString", "coordinates": [[-123.33052530831799, 48.41468885832088], [-123.33053344280074, 48.41417849015937]]}, "properties": {"OBJECTID": 1576, "Label": "304 (23)", "Direction": "one", "SHAPE_Length": 56.73301855033051, "Year": "2023", "PDF": "https://cityvictoria.sharepoint.com/:f:/s/TRAN-Transportation-Operations/EgP5OKlFEBRCmJ5ex603BqwBIbnzHjukcfYY693jBWSrog?e=a08q0M"}}, {"type": "Feature", "id": 1577, "geometry": {"type": "LineString", "coordinates": [[-123.33035602001296, 48.41416757404676], [-123.33034228661026, 48.4146970012734]]}, "properties": {"OBJECTID": 1577, "Label": "274 (23)", "Direction": "one", "SHAPE_Length": 58.85710342447402, "Year": "2023", "PDF": "https://cityvictoria.sharepoint.com/:f:/s/TRAN-Transportation-Operations/EgP5OKlFEBRCmJ5ex603BqwBIbnzHjukcfYY693jBWSrog?e=a08q0M"}}, {"type": "Feature", "id": 1578, "geometry": {"type": "LineString", "coordinates": [[-123.33974525721804, 48.415183776629995], [-123.33972544375996, 48.415644670062605]]}, "properties": {"OBJECTID": 1578, "Label": "151 (23)", "Direction": "one", "SHAPE_Length": 51.25148014614048, "Year": "2023", "PDF": "https://cityvictoria.sharepoint.com/:f:/s/TRAN-Transportation-Operations/EviRGFPEYI9EiVAdTF37v6QBlLqinBPSiq5D_88D_IwT6g?e=rCRGBb"}}, {"type": "Feature", "id": 1579, "geometry": {"type": "LineString", "coordinates": [[-123.33991418789763, 48.4156364952839], [-123.33994594989336, 48.415251737636595]]}, "properties": {"OBJECTID": 1579, "Label": "119 (23)", "Direction": "one", "SHAPE_Length": 42.83217886551371, "Year": "2023", "PDF": "https://cityvictoria.sharepoint.com/:f:/s/TRAN-Transportation-Operations/EviRGFPEYI9EiVAdTF37v6QBlLqinBPSiq5D_88D_IwT6g?e=rCRGBb"}}, {"type": "Feature", "id": 1580, "geometry": {"type": "LineString", "coordinates": [[-123.35296756464322, 48.44173901516232], [-123.35219543152607, 48.44182897713832]]}, "properties": {"OBJECTID": 1580, "Label": "455(23)", "Direction": "one", "SHAPE_Length": 57.97359103012219, "Year": "2023", "PDF": "https://cityvictoria.sharepoint.com/:f:/s/TRAN-Transportation-Operations/En5TYLx-kupOv_sQSnSU4pMBS7vnKg97M4cr13izvyJGNQ?e=dRbgeh"}}, {"type": "Feature", "id": 1581, "geometry": {"type": "LineString", "coordinates": [[-123.35233370282391, 48.44195804429992], [-123.35295717165808, 48.44189138859451]]}, "properties": {"OBJECTID": 1581, "Label": "364(23)", "Direction": "one", "SHAPE_Length": 46.701240394855404, "Year": "2023", "PDF": "https://cityvictoria.sharepoint.com/:f:/s/TRAN-Transportation-Operations/En5TYLx-kupOv_sQSnSU4pMBS7vnKg97M4cr13izvyJGNQ?e=dRbgeh"}}, {"type": "Feature", "id": 1582, "geometry": {"type": "LineString", "coordinates": [[-123.35949467929083, 48.4357648408023], [-123.35955359280636, 48.436002690356815]]}, "properties": {"OBJECTID": 1582, "Label": "661 (23)", "Direction": "one", "SHAPE_Length": 26.794936202728998, "Year": "2023", "PDF": null}}, {"type": "Feature", "id": 1583, "geometry": {"type": "LineString", "coordinates": [[-123.35978819605245, 48.43599433976294], [-123.35971199056013, 48.43573940600278]]}, "properties": {"OBJECTID": 1583, "Label": "364 (23)", "Direction": "one", "SHAPE_Length": 28.892384311079844, "Year": "2023", "PDF": null}}, {"type": "Feature", "id": 1584, "geometry": {"type": "LineString", "coordinates": [[-123.3320175315751, 48.43010968561713], [-123.33172133790083, 48.42988393163591]]}, "properties": {"OBJECTID": 1584, "Label": "194 (23)", "Direction": "both", "SHAPE_Length": 33.31320485114874, "Year": "2023", "PDF": null}}, {"type": "Feature", "id": 1585, "geometry": {"type": "LineString", "coordinates": [[-123.32878604509304, 48.428990483138485], [-123.32877754891942, 48.42944753204813]]}, "properties": {"OBJECTID": 1585, "Label": "348 (23)", "Direction": "one", "SHAPE_Length": 50.807153941429604, "Year": "2023", "PDF": null}}, {"type": "Feature", "id": 1586, "geometry": {"type": "LineString", "coordinates": [[-123.3289950824363, 48.429458335929965], [-123.3290037979152, 48.42903556315841]]}, "properties": {"OBJECTID": 1586, "Label": "489 (23)", "Direction": "one", "SHAPE_Length": 46.99772579153491, "Year": "2023", "PDF": null}}, {"type": "Feature", "id": 1587, "geometry": {"type": "LineString", "coordinates": [[-123.32775740290529, 48.429214312918326], [-123.32776099430967, 48.42888295957545]]}, "properties": {"OBJECTID": 1587, "Label": "228 (23)", "Direction": "both", "SHAPE_Length": 36.832532480046574, "Year": "2023", "PDF": null}}, {"type": "Feature", "id": 1588, "geometry": {"type": "LineString", "coordinates": [[-123.34410636906976, 48.41282936589632], [-123.34387356066365, 48.412664390260495]]}, "properties": {"OBJECTID": 1588, "Label": "3346 (23)", "Direction": "one", "SHAPE_Length": 25.160816341840995, "Year": "2023", "PDF": null}}, {"type": "Feature", "id": 1589, "geometry": {"type": "LineString", "coordinates": [[-123.34403040564442, 48.412593463086495], [-123.34424036897157, 48.41276422046758]]}, "properties": {"OBJECTID": 1589, "Label": "3762 (23)", "Direction": "one", "SHAPE_Length": 24.52878600593127, "Year": "2023", "PDF": null}}, {"type": "Feature", "id": 1590, "geometry": {"type": "LineString", "coordinates": [[-123.34376228131116, 48.42478018002272], [-123.34374185750532, 48.42514586125882]]}, "properties": {"OBJECTID": 1590, "Label": "214 (23)", "Direction": "one", "SHAPE_Length": 40.67536516864031, "Year": "2023", "PDF": null}}, {"type": "Feature", "id": 1591, "geometry": {"type": "LineString", "coordinates": [[-123.34389643187554, 48.425156825021034], [-123.34391690596716, 48.42479876097662]]}, "properties": {"OBJECTID": 1591, "Label": "291 (23)", "Direction": "one", "SHAPE_Length": 39.8294148467518, "Year": "2023", "PDF": null}}, {"type": "Feature", "id": 1592, "geometry": {"type": "LineString", "coordinates": [[-123.33989855976799, 48.425882804244345], [-123.33988508334167, 48.42622180475171]]}, "properties": {"OBJECTID": 1592, "Label": "326 (23)", "Direction": "one", "SHAPE_Length": 37.694782397373785, "Year": "2023", "PDF": null}}, {"type": "Feature", "id": 1593, "geometry": {"type": "LineString", "coordinates": [[-123.34009967387719, 48.426222122565385], [-123.34009030496996, 48.42588985508568], [-123.3400888735169, 48.42588985931619]]}, "properties": {"OBJECTID": 1593, "Label": "260 (23)", "Direction": "one", "SHAPE_Length": 37.04558943752497, "Year": "2023", "PDF": null}}, {"type": "Feature", "id": 1594, "geometry": {"type": "LineString", "coordinates": [[-123.3507431680904, 48.422055144010976], [-123.35064885756341, 48.42248579638748]]}, "properties": {"OBJECTID": 1594, "Label": "178 (23)", "Direction": "one", "SHAPE_Length": 48.37501790976818, "Year": "2023", "PDF": null}}, {"type": "Feature", "id": 1595, "geometry": {"type": "LineString", "coordinates": [[-123.35083759896563, 48.42247379548737], [-123.35092642249695, 48.422077436519864]]}, "properties": {"OBJECTID": 1595, "Label": "211 (23)", "Direction": "one", "SHAPE_Length": 44.544688352221605, "Year": "2023", "PDF": null}}, {"type": "Feature", "id": 1596, "geometry": {"type": "LineString", "coordinates": [[-123.34880205506416, 48.43158441306247], [-123.34816658408056, 48.431552060674974]]}, "properties": {"OBJECTID": 1596, "Label": "591 (23)", "Direction": "one", "SHAPE_Length": 47.14430610390841, "Year": "2023", "PDF": "https://cityvictoria.sharepoint.com/:f:/s/TRAN-Transportation-Operations/EpERXoGS7llOm0eW2Z8BHggB-vr0KU4wTeyjDPfnmTOetg?e=sb6gcc"}}, {"type": "Feature", "id": 1597, "geometry": {"type": "LineString", "coordinates": [[-123.32361157314355, 48.427474656577274], [-123.3236242878678, 48.42767456874985]]}, "properties": {"OBJECTID": 1597, "Label": "197 (23)", "Direction": "one", "SHAPE_Length": 22.241122405904285, "Year": "2023", "PDF": "https://cityvictoria.sharepoint.com/:f:/s/TRAN-Transportation-Operations/EkrLNnRLvt9Brdp4bLBCWpoB-kO8OvDiCB_hq1ti3J6slA?e=q0d5qK"}}, {"type": "Feature", "id": 1598, "geometry": {"type": "LineString", "coordinates": [[-123.32395608005275, 48.427656496780266], [-123.32396043438425, 48.427441301862956]]}, "properties": {"OBJECTID": 1598, "Label": "182 (23)", "Direction": "one", "SHAPE_Length": 23.92214541982541, "Year": "2023", "PDF": "https://cityvictoria.sharepoint.com/:f:/s/TRAN-Transportation-Operations/EkrLNnRLvt9Brdp4bLBCWpoB-kO8OvDiCB_hq1ti3J6slA?e=q0d5qK"}}, {"type": "Feature", "id": 1599, "geometry": {"type": "LineString", "coordinates": [[-123.3919474870708, 48.43561445299031], [-123.39195115929319, 48.435347842775926]]}, "properties": {"OBJECTID": 1599, "Label": "150 (23)", "Direction": "one", "SHAPE_Length": 29.636423172970233, "Year": "2023", "PDF": "https://cityvictoria.sharepoint.com/:f:/s/TRAN-Transportation-Operations/EiOxHAy1y35KlOIYK8rfib0BGMXQhiYr5z6LsrFAUXpgjg?e=vFOyV9"}}, {"type": "Feature", "id": 1600, "geometry": {"type": "LineString", "coordinates": [[-123.32315782600054, 48.42414512117003], [-123.32304195656721, 48.424145684014555]]}, "properties": {"OBJECTID": 1600, "Label": "93 (23)", "Direction": "one", "SHAPE_Length": 8.572540651529614, "Year": "2023", "PDF": null}}, {"type": "Feature", "id": 1601, "geometry": {"type": "LineString", "coordinates": [[-123.32671612541948, 48.43038285528085], [-123.32670837683041, 48.43006676895923], [-123.32670646127629, 48.43006550408776]]}, "properties": {"OBJECTID": 1601, "Label": "302 (2023)", "Direction": "both", "SHAPE_Length": 35.338865962463785, "Year": "2023", "PDF": null}}, {"type": "Feature", "id": 1602, "geometry": {"type": "LineString", "coordinates": [[-123.33017979805626, 48.429004728524255], [-123.33017253264119, 48.428766715557174]]}, "properties": {"OBJECTID": 1602, "Label": "4326 (23)", "Direction": "one", "SHAPE_Length": 26.461787507910064, "Year": "2023", "PDF": null}}, {"type": "Feature", "id": 1603, "geometry": {"type": "LineString", "coordinates": [[-123.33035285559684, 48.42877571906439], [-123.33034280470798, 48.42899093054276]]}, "properties": {"OBJECTID": 1603, "Label": "3355 (23)", "Direction": "one", "SHAPE_Length": 23.933381695816585, "Year": "2023", "PDF": null}}, {"type": "Feature", "id": 1604, "geometry": {"type": "LineString", "coordinates": [[-123.34951914090905, 48.44706497892752], [-123.34963648112138, 48.447479751791334]]}, "properties": {"OBJECTID": 1604, "Label": "6352 (23)", "Direction": "one", "SHAPE_Length": 46.91371525637725, "Year": "2023", "PDF": null}}, {"type": "Feature", "id": 1605, "geometry": {"type": "LineString", "coordinates": [[-123.34992297590266, 48.447516965938554], [-123.34979405152785, 48.44708318567697]]}, "properties": {"OBJECTID": 1605, "Label": "6207 (23)", "Direction": "one", "SHAPE_Length": 49.15055108254668, "Year": "2023", "PDF": null}}, {"type": "Feature", "id": 1606, "geometry": {"type": "LineString", "coordinates": [[-123.36129573273635, 48.43720588617917], [-123.36082682568606, 48.4372663898503]]}, "properties": {"OBJECTID": 1606, "Label": "348 (23)", "Direction": "one", "SHAPE_Length": 35.32811976921173, "Year": "2023", "PDF": null}}, {"type": "Feature", "id": 1607, "geometry": {"type": "LineString", "coordinates": [[-123.36080040935256, 48.43717316345502], [-123.3612750534373, 48.43711454644312]]}, "properties": {"OBJECTID": 1607, "Label": "654 (23)", "Direction": "one", "SHAPE_Length": 35.70598289084095, "Year": "2023", "PDF": null}}, {"type": "Feature", "id": 1608, "geometry": {"type": "LineString", "coordinates": [[-123.32884720722215, 48.421982453894095], [-123.32873538701521, 48.42194468743522]]}, "properties": {"OBJECTID": 1608, "Label": "931 (23)", "Direction": "one", "SHAPE_Length": 9.277214050811779, "Year": "2023", "PDF": null}}, {"type": "Feature", "id": 1609, "geometry": {"type": "LineString", "coordinates": [[-123.32883734715746, 48.421784437599726], [-123.32898356042273, 48.42183162667809]]}, "properties": {"OBJECTID": 1609, "Label": "1251 (23)", "Direction": "one", "SHAPE_Length": 12.022323939830933, "Year": "2023", "PDF": null}}, {"type": "Feature", "id": 1610, "geometry": {"type": "LineString", "coordinates": [[-123.32887279551834, 48.42195762498271], [-123.3287552417533, 48.42191797126098]]}, "properties": {"OBJECTID": 1610, "Label": "687 (23)", "Direction": "one", "SHAPE_Length": 9.750431574505107, "Year": "2023", "PDF": null}}, {"type": "Feature", "id": 1611, "geometry": {"type": "LineString", "coordinates": [[-123.32880613587442, 48.42182451641556], [-123.32896381642412, 48.42187548098767]]}, "properties": {"OBJECTID": 1611, "Label": "753 (23)", "Direction": "one", "SHAPE_Length": 12.968824305938632, "Year": "2023", "PDF": null}}, {"type": "Feature", "id": 1612, "geometry": {"type": "LineString", "coordinates": [[-123.32507656793527, 48.42087440718648], [-123.32534977733069, 48.420873635046014]]}, "properties": {"OBJECTID": 1612, "Label": "929 (23)", "Direction": "one", "SHAPE_Length": 20.21419999934733, "Year": "2023", "PDF": null}}, {"type": "Feature", "id": 1613, "geometry": {"type": "LineString", "coordinates": [[-123.32541608346862, 48.42072872286555], [-123.32518291371893, 48.42072747835335]]}, "properties": {"OBJECTID": 1613, "Label": "729 (23)", "Direction": "one", "SHAPE_Length": 17.252197696218307, "Year": "2023", "PDF": null}}, {"type": "Feature", "id": 1614, "geometry": {"type": "LineString", "coordinates": [[-123.3251064244728, 48.420845758814124], [-123.32531824840284, 48.42084605981615]]}, "properties": {"OBJECTID": 1614, "Label": "615 (23)", "Direction": "one", "SHAPE_Length": 15.672319037330293, "Year": "2023", "PDF": null}}, {"type": "Feature", "id": 1615, "geometry": {"type": "LineString", "coordinates": [[-123.32539766347793, 48.42075638714512], [-123.32516880440122, 48.420757986816945]]}, "properties": {"OBJECTID": 1615, "Label": "539 (23)", "Direction": "one", "SHAPE_Length": 16.93363114399884, "Year": "2023", "PDF": null}}, {"type": "Feature", "id": 1616, "geometry": {"type": "LineString", "coordinates": [[-123.32989263030665, 48.430050711382954], [-123.32982852053885, 48.43031368465788]]}, "properties": {"OBJECTID": 1616, "Label": "7677 (23)", "Direction": "one", "SHAPE_Length": 29.613008745217194, "Year": "2023", "PDF": null}}, {"type": "Feature", "id": 1617, "geometry": {"type": "LineString", "coordinates": [[-123.33005207618717, 48.430370171646935], [-123.33008189943305, 48.43011491396245]]}, "properties": {"OBJECTID": 1617, "Label": "8012 (23)", "Direction": "one", "SHAPE_Length": 28.458810695129067, "Year": "2023", "PDF": null}}, {"type": "Feature", "id": 1618, "geometry": {"type": "LineString", "coordinates": [[-123.35125149734147, 48.424853275882164], [-123.3515979991172, 48.42489792011237]]}, "properties": {"OBJECTID": 1618, "Label": "8314 (23)", "Direction": "one", "SHAPE_Length": 26.110641066490924, "Year": "2023", "PDF": null}}, {"type": "Feature", "id": 1619, "geometry": {"type": "LineString", "coordinates": [[-123.3641494374457, 48.448718049641236], [-123.3634516144797, 48.4488040436003]]}, "properties": {"OBJECTID": 1619, "Label": "2518 (23)", "Direction": "one", "SHAPE_Length": 52.479720278375574, "Year": "2023", "PDF": "https://cityvictoria.sharepoint.com/:f:/s/TRAN-Transportation-Operations/Egdblc7oa-BHrjalzBsetyoBsARKLJ_enwWbdHu_LTJu7g?e=lhlFx0"}}, {"type": "Feature", "id": 1620, "geometry": {"type": "LineString", "coordinates": [[-123.36341090162185, 48.448714671353365], [-123.36411443547416, 48.44862675591043]]}, "properties": {"OBJECTID": 1620, "Label": "2499 (23)", "Direction": "one", "SHAPE_Length": 52.93411885571009, "Year": "2023", "PDF": "https://cityvictoria.sharepoint.com/:f:/s/TRAN-Transportation-Operations/Egdblc7oa-BHrjalzBsetyoBsARKLJ_enwWbdHu_LTJu7g?e=lhlFx0"}}, {"type": "Feature", "id": 1621, "geometry": {"type": "LineString", "coordinates": [[-123.35634529948331, 48.449583211750806], [-123.35567032366176, 48.44966527863311]]}, "properties": {"OBJECTID": 1621, "Label": "653 (23)", "Direction": "one", "SHAPE_Length": 50.73829196544212, "Year": "2023", "PDF": "https://cityvictoria.sharepoint.com/:f:/s/TRAN-Transportation-Operations/EjdYNwLMGnRNmM7MBp160DMBUBZ0U5yDx_EK89kYopr3Gg?e=UNxkDN"}}, {"type": "Feature", "id": 1622, "geometry": {"type": "LineString", "coordinates": [[-123.35564412295496, 48.4496025190419], [-123.35632200082544, 48.4495261552055]]}, "properties": {"OBJECTID": 1622, "Label": "570 (23)", "Direction": "one", "SHAPE_Length": 50.83978691947303, "Year": "2023", "PDF": "https://cityvictoria.sharepoint.com/:f:/s/TRAN-Transportation-Operations/EjdYNwLMGnRNmM7MBp160DMBUBZ0U5yDx_EK89kYopr3Gg?e=MctNj2"}}, {"type": "Feature", "id": 1623, "geometry": {"type": "LineString", "coordinates": [[-123.36026012305695, 48.43243262674823], [-123.35957875666224, 48.43238715178985]]}, "properties": {"OBJECTID": 1623, "Label": "417 (23)", "Direction": "one", "SHAPE_Length": 50.65395353548057, "Year": "2023", "PDF": "https://cityvictoria.sharepoint.com/:f:/s/TRAN-Transportation-Operations/Ehyvh6NgyqVKsGjqu2AnpeMBPAGPCJDPMJKot1bpunqZzg?e=pwpKOS"}}, {"type": "Feature", "id": 1624, "geometry": {"type": "LineString", "coordinates": [[-123.35961200580536, 48.432232801505556], [-123.36029628592993, 48.43228588540505]]}, "properties": {"OBJECTID": 1624, "Label": "981 (23)", "Direction": "one", "SHAPE_Length": 50.9595554028803, "Year": "2023", "PDF": "https://cityvictoria.sharepoint.com/:f:/s/TRAN-Transportation-Operations/Ehyvh6NgyqVKsGjqu2AnpeMBPAGPCJDPMJKot1bpunqZzg?e=pwpKOS"}}, {"type": "Feature", "id": 1625, "geometry": {"type": "LineString", "coordinates": [[-123.35141294316473, 48.43045669323709], [-123.35180221956266, 48.43047454588326]]}, "properties": {"OBJECTID": 1625, "Label": "845 (23)", "Direction": "one", "SHAPE_Length": 28.86440874950299, "Year": "2023", "PDF": "https://cityvictoria.sharepoint.com/:f:/s/TRAN-Transportation-Operations/EpSVsZPuHR9Pk6632CVqxzsBJ2awJvZtmQb5NeNCyt1GSw?e=G2wYuh"}}, {"type": "Feature", "id": 1626, "geometry": {"type": "LineString", "coordinates": [[-123.35187577299307, 48.430352447692016], [-123.35144643905555, 48.430334717639255]]}, "properties": {"OBJECTID": 1626, "Label": "1353 (23)", "Direction": "one", "SHAPE_Length": 31.820472899649456, "Year": "2023", "PDF": "https://cityvictoria.sharepoint.com/:f:/s/TRAN-Transportation-Operations/EpSVsZPuHR9Pk6632CVqxzsBJ2awJvZtmQb5NeNCyt1GSw?e=G2wYuh"}}, {"type": "Feature", "id": 1627, "geometry": {"type": "LineString", "coordinates": [[-123.35773756126979, 48.44556479412944], [-123.3576200647001, 48.445136699706694]]}, "properties": {"OBJECTID": 1627, "Label": "388 (23)", "Direction": "one", "SHAPE_Length": 48.371842624399854, "Year": "2023", "PDF": "https://cityvictoria.sharepoint.com/:f:/s/TRAN-Transportation-Operations/Ep_Wh5igxatJtkczwf1uQ5MBlLaYUisKEKJsdV4GyW9NxQ?e=tOQrtV"}}, {"type": "Feature", "id": 1628, "geometry": {"type": "LineString", "coordinates": [[-123.35778880042945, 48.44511713232824], [-123.35788912515692, 48.44554527998378]]}, "properties": {"OBJECTID": 1628, "Label": "313 (23)", "Direction": "one", "SHAPE_Length": 48.165782884603445, "Year": "2023", "PDF": "https://cityvictoria.sharepoint.com/:f:/s/TRAN-Transportation-Operations/Ep_Wh5igxatJtkczwf1uQ5MBlLaYUisKEKJsdV4GyW9NxQ?e=tOQrtV"}}, {"type": "Feature", "id": 1629, "geometry": {"type": "LineString", "coordinates": [[-123.34120859255843, 48.42687357890902], [-123.34119322285645, 48.42714212696879]]}, "properties": {"OBJECTID": 1629, "Label": "119 (23)", "Direction": "one", "SHAPE_Length": 29.872108965406436, "Year": "2023", "PDF": "https://cityvictoria.sharepoint.com/:f:/s/TRAN-Transportation-Operations/Er4RO5g5xjxNsAgoaO1mheoB2rGw_E_pC05B9mN_iFH3Tw?e=HHNAx6"}}, {"type": "Feature", "id": 1630, "geometry": {"type": "LineString", "coordinates": [[-123.34135355150548, 48.42715688531821], [-123.34136023486914, 48.42687312917183]]}, "properties": {"OBJECTID": 1630, "Label": "74 (23)", "Direction": "one", "SHAPE_Length": 31.544791956157713, "Year": "2023", "PDF": "https://cityvictoria.sharepoint.com/:f:/s/TRAN-Transportation-Operations/Er4RO5g5xjxNsAgoaO1mheoB2rGw_E_pC05B9mN_iFH3Tw?e=HHNAx6"}}, {"type": "Feature", "id": 1631, "geometry": {"type": "LineString", "coordinates": [[-123.35780496455412, 48.42991000622137], [-123.35751015421665, 48.429897593236525]]}, "properties": {"OBJECTID": 1631, "Label": "895 (23)", "Direction": "one", "SHAPE_Length": 21.851985298301475, "Year": "2023", "PDF": "https://cityvictoria.sharepoint.com/:f:/s/TRAN-Transportation-Operations/EuFcQjCRNqBFtifckPLOQ5YB-0Tz_qXb_WOazGpubxDQiQ?e=dRuuep"}}, {"type": "Feature", "id": 1632, "geometry": {"type": "LineString", "coordinates": [[-123.35751205289768, 48.42976047928337], [-123.35781261271771, 48.429776683517886]]}, "properties": {"OBJECTID": 1632, "Label": "548 (23)", "Direction": "one", "SHAPE_Length": 22.306593084214647, "Year": "2023", "PDF": "https://cityvictoria.sharepoint.com/:f:/s/TRAN-Transportation-Operations/EuFcQjCRNqBFtifckPLOQ5YB-0Tz_qXb_WOazGpubxDQiQ?e=dRuuep"}}, {"type": "Feature", "id": 1633, "geometry": {"type": "LineString", "coordinates": [[-123.33101944200592, 48.43172592450568], [-123.33148602960388, 48.43175124172248]]}, "properties": {"OBJECTID": 1633, "Label": "145 (23)", "Direction": "one", "SHAPE_Length": 34.62873145866982, "Year": "2023", "PDF": "https://cityvictoria.sharepoint.com/:f:/s/TRAN-Transportation-Operations/EnKshyhmJkRKieya-BHNF4oBEOpquLTO6eyYaOjcWCqmUg?e=73sleG"}}, {"type": "Feature", "id": 1634, "geometry": {"type": "LineString", "coordinates": [[-123.3315510011117, 48.43162156394265], [-123.33101861332274, 48.43159834084752]]}, "properties": {"OBJECTID": 1634, "Label": "180 (23)", "Direction": "one", "SHAPE_Length": 39.46614532595984, "Year": "2023", "PDF": "https://cityvictoria.sharepoint.com/:f:/s/TRAN-Transportation-Operations/EnKshyhmJkRKieya-BHNF4oBEOpquLTO6eyYaOjcWCqmUg?e=73sleG"}}, {"type": "Feature", "id": 1635, "geometry": {"type": "LineString", "coordinates": [[-123.32924761209323, 48.428355859841275], [-123.32943787965944, 48.42835436346596]]}, "properties": {"OBJECTID": 1635, "Label": "515 (23)", "Direction": "one", "SHAPE_Length": 14.076297611183954, "Year": "2023", "PDF": "https://cityvictoria.sharepoint.com/:f:/s/TRAN-Transportation-Operations/EhiGhRIj8PZGp-8VBA9kl8MB9axQrAES2dUnUfyoGVKuug?e=JYbbQf"}}, {"type": "Feature", "id": 1636, "geometry": {"type": "LineString", "coordinates": [[-123.32942830671698, 48.4284270108741], [-123.32927665480102, 48.428426493078724]]}, "properties": {"OBJECTID": 1636, "Label": "485 (23)", "Direction": "one", "SHAPE_Length": 11.218798889651987, "Year": "2023", "PDF": "https://cityvictoria.sharepoint.com/:f:/s/TRAN-Transportation-Operations/EhiGhRIj8PZGp-8VBA9kl8MB9axQrAES2dUnUfyoGVKuug?e=JYbbQf"}}, {"type": "Feature", "id": 1637, "geometry": {"type": "LineString", "coordinates": [[-123.32880858582723, 48.42772325186316], [-123.32881783220067, 48.42738236030809]]}, "properties": {"OBJECTID": 1637, "Label": "307 (23)", "Direction": "one", "SHAPE_Length": 37.89795948458653, "Year": "2023", "PDF": "https://cityvictoria.sharepoint.com/:f:/s/TRAN-Transportation-Operations/EixpomGbcIlCkDPiuHh-lHYBNAT3MPRoJDZv_on_5YIW0Q?e=3wcmIW"}}, {"type": "Feature", "id": 1638, "geometry": {"type": "LineString", "coordinates": [[-123.32900096115856, 48.42738374144992], [-123.32899182662234, 48.42774177019553]]}, "properties": {"OBJECTID": 1638, "Label": "291 (23)", "Direction": "one", "SHAPE_Length": 39.802406767846584, "Year": "2023", "PDF": "https://cityvictoria.sharepoint.com/:f:/s/TRAN-Transportation-Operations/EixpomGbcIlCkDPiuHh-lHYBNAT3MPRoJDZv_on_5YIW0Q?e=3wcmIW"}}, {"type": "Feature", "id": 1639, "geometry": {"type": "LineString", "coordinates": [[-123.39334655128964, 48.44095538670678], [-123.39356108720742, 48.44056999172562], [-123.393555362484, 48.44057001130333], [-123.39355345469356, 48.44057001782762]]}, "properties": {"OBJECTID": 1639, "Label": "308 (23)", "Direction": "one", "SHAPE_Length": 46.247290105444655, "Year": "2023", "PDF": "https://cityvictoria.sharepoint.com/:f:/s/TRAN-Transportation-Operations/EogS17E-IGhMlxwxbc3sj08BtBY1hzyMrQ_lsSFzTm5YLA?e=rTBO0F"}}, {"type": "Feature", "id": 1640, "geometry": {"type": "LineString", "coordinates": [[-123.39348661778888, 48.440562629024235], [-123.39327771791413, 48.440936579926124], [-123.39327390095356, 48.44093659297018]]}, "properties": {"OBJECTID": 1640, "Label": "291 (23)", "Direction": "one", "SHAPE_Length": 44.627463671638964, "Year": "2023", "PDF": "https://cityvictoria.sharepoint.com/:f:/s/TRAN-Transportation-Operations/EogS17E-IGhMlxwxbc3sj08BtBY1hzyMrQ_lsSFzTm5YLA?e=rTBO0F"}}, {"type": "Feature", "id": 1641, "geometry": {"type": "LineString", "coordinates": [[-123.39408368563173, 48.44153176202859], [-123.39344139733278, 48.44137780981549], [-123.39343756208542, 48.441375284109874]]}, "properties": {"OBJECTID": 1641, "Label": "598 (23)", "Direction": "one", "SHAPE_Length": 50.88963490606266, "Year": "2023", "PDF": "https://cityvictoria.sharepoint.com/:f:/s/TRAN-Transportation-Operations/ErL043ec_QdFryUoPAAD8-4B_U1e2cwUzCQ8XamTDBPPXg?e=vE35kK"}}, {"type": "Feature", "id": 1642, "geometry": {"type": "LineString", "coordinates": [[-123.3935431921615, 48.44121750364557], [-123.39415685873168, 48.44137155332774], [-123.39415494109053, 48.441370290486915]]}, "properties": {"OBJECTID": 1642, "Label": "507 (23)", "Direction": "one", "SHAPE_Length": 48.707845080930156, "Year": "2023", "PDF": "https://cityvictoria.sharepoint.com/:f:/s/TRAN-Transportation-Operations/ErL043ec_QdFryUoPAAD8-4B_U1e2cwUzCQ8XamTDBPPXg?e=vE35kK"}}, {"type": "Feature", "id": 1643, "geometry": {"type": "LineString", "coordinates": [[-123.3916638183585, 48.440972551575754], [-123.39219138353158, 48.44109643713179], [-123.39218755677989, 48.44109517986469]]}, "properties": {"OBJECTID": 1643, "Label": "292 (23)", "Direction": "one", "SHAPE_Length": 41.692169604644064, "Year": "2023", "PDF": "https://cityvictoria.sharepoint.com/:f:/s/TRAN-Transportation-Operations/EtA0d7fBdFhKlcFi0YW9ZjMBb6M7LfIloj7YhYurj7PtoQ?e=NXwNcJ"}}, {"type": "Feature", "id": 1644, "geometry": {"type": "LineString", "coordinates": [[-123.3789241636497, 48.41545925393375], [-123.37920266694171, 48.41559734858049], [-123.37920075063612, 48.41559608458167]]}, "properties": {"OBJECTID": 1644, "Label": "598 (23)", "Direction": "one", "SHAPE_Length": 25.896031139603085, "Year": "2023", "PDF": "https://cityvictoria.sharepoint.com/:f:/s/TRAN-Transportation-Operations/EoCjIpHaHX9ApJvWt_jr9mIB3ptBLqqfwugCKNUC9rCe3w?e=ik26zC"}}, {"type": "Feature", "id": 1645, "geometry": {"type": "LineString", "coordinates": [[-123.37927944757982, 48.4155361582457], [-123.37897238139271, 48.4154038706718], [-123.37897046510685, 48.41540260756871]]}, "properties": {"OBJECTID": 1645, "Label": "321 (23)", "Direction": "one", "SHAPE_Length": 27.263998631437946, "Year": "2023", "PDF": "https://cityvictoria.sharepoint.com/:f:/s/TRAN-Transportation-Operations/EoCjIpHaHX9ApJvWt_jr9mIB3ptBLqqfwugCKNUC9rCe3w?e=ik26zC"}}, {"type": "Feature", "id": 1646, "geometry": {"type": "LineString", "coordinates": [[-123.39233929571701, 48.44097786803737], [-123.39175440546944, 48.44084275363626], [-123.39175058851521, 48.44084276662978]]}, "properties": {"OBJECTID": 1646, "Label": "284 (23)", "Direction": "one", "SHAPE_Length": 46.07289549709717, "Year": "2023", "PDF": "https://cityvictoria.sharepoint.com/:f:/s/TRAN-Transportation-Operations/EtA0d7fBdFhKlcFi0YW9ZjMBb6M7LfIloj7YhYurj7PtoQ?e=NXwNcJ"}}, {"type": "Feature", "id": 1647, "geometry": {"type": "LineString", "coordinates": [[-123.3611453073103, 48.421976810030245], [-123.36138292843664, 48.42199986708447]]}, "properties": {"OBJECTID": 1647, "Label": "381 (23)", "Direction": "one", "SHAPE_Length": 17.766412764296177, "Year": "2023", "PDF": "https://cityvictoria.sharepoint.com/:f:/s/TRAN-Transportation-Operations/El2nP-lJA8dEuXsZK1hbG2EBoIaG26x2TH845OYXjPkLSA?e=MmcqtV"}}, {"type": "Feature", "id": 1648, "geometry": {"type": "LineString", "coordinates": [[-123.36147767115271, 48.42174392097301], [-123.36122356388375, 48.4217156789782], [-123.36122356163362, 48.42171536140721]]}, "properties": {"OBJECTID": 1648, "Label": "539 (23)", "Direction": "one", "SHAPE_Length": 19.096008054481835, "Year": "2023", "PDF": "https://cityvictoria.sharepoint.com/:f:/s/TRAN-Transportation-Operations/El2nP-lJA8dEuXsZK1hbG2EBoIaG26x2TH845OYXjPkLSA?e=MmcqtV"}}, {"type": "Feature", "id": 1649, "geometry": {"type": "LineString", "coordinates": [[-123.3609861565935, 48.42110682252253], [-123.36133739208438, 48.421014315222756], [-123.36133547602206, 48.421013051826684]]}, "properties": {"OBJECTID": 1649, "Label": "504 (23)", "Direction": "one", "SHAPE_Length": 28.146853668513636, "Year": "2023", "PDF": "https://cityvictoria.sharepoint.com/:f:/s/TRAN-Transportation-Operations/ErS85T1HE-xNvlXaO5blahYBqkHSshb5iOxhEso5xYEl_g?e=nSY9Tq"}}, {"type": "Feature", "id": 1650, "geometry": {"type": "LineString", "coordinates": [[-123.35848269035343, 48.42140372045277], [-123.35810190305652, 48.421363012777604], [-123.3581009399248, 48.42136174636226]]}, "properties": {"OBJECTID": 1650, "Label": "924 (23)", "Direction": "one", "SHAPE_Length": 28.692004417051873, "Year": "2023", "PDF": "https://cityvictoria.sharepoint.com/:f:/s/TRAN-Transportation-Operations/EnCu6n7MBPJPn86c1N3_2eABOMEeh7G4xlMRLxweILwz0w?e=KmuN87"}}, {"type": "Feature", "id": 1651, "geometry": {"type": "LineString", "coordinates": [[-123.35805508663498, 48.4216221393193], [-123.35843881747903, 48.421674264492175], [-123.3584369014634, 48.421673001047836]]}, "properties": {"OBJECTID": 1651, "Label": "856 (23)", "Direction": "one", "SHAPE_Length": 29.175539606389904, "Year": "2023", "PDF": "https://cityvictoria.sharepoint.com/:f:/s/TRAN-Transportation-Operations/EnCu6n7MBPJPn86c1N3_2eABOMEeh7G4xlMRLxweILwz0w?e=KmuN87"}}, {"type": "Feature", "id": 1652, "geometry": {"type": "LineString", "coordinates": [[-123.35313447348547, 48.41841277556046], [-123.35307637717005, 48.418698595185305], [-123.35307447018931, 48.41869860103658]]}, "properties": {"OBJECTID": 1652, "Label": "128 (23)", "Direction": "one", "SHAPE_Length": 32.200839160377136, "Year": "2023", "PDF": "https://cityvictoria.sharepoint.com/:f:/s/TRAN-Transportation-Operations/ElMNOt863uBHj5cdPdwbJZgBdPZd8ld3uk-5x4N_Llqhbg?e=l2lkzr"}}, {"type": "Feature", "id": 1653, "geometry": {"type": "LineString", "coordinates": [[-123.35331124501467, 48.41873976851791], [-123.35334953917085, 48.41848638186968], [-123.35334762780273, 48.41848575348221]]}, "properties": {"OBJECTID": 1653, "Label": "126 (23)", "Direction": "one", "SHAPE_Length": 28.465063272484095, "Year": "2023", "PDF": "https://cityvictoria.sharepoint.com/:f:/s/TRAN-Transportation-Operations/ElMNOt863uBHj5cdPdwbJZgBdPZd8ld3uk-5x4N_Llqhbg?e=l2lkzr"}}, {"type": "Feature", "id": 1654, "geometry": {"type": "LineString", "coordinates": [[-123.36318687629988, 48.42251074585882], [-123.36323136098656, 48.42232969932874]]}, "properties": {"OBJECTID": 1654, "Label": "4765 (23)", "Direction": "one", "SHAPE_Length": 20.391586748691928, "Year": "2023", "PDF": "https://cityvictoria.sharepoint.com/:b:/r/sites/TRAN-Transportation-Operations/Our%20Vault/Data%20Co"}}, {"type": "Feature", "id": 1655, "geometry": {"type": "LineString", "coordinates": [[-123.36278578960282, 48.42233300950932], [-123.36274468525531, 48.422486908932754]]}, "properties": {"OBJECTID": 1655, "Label": "5594 (23)", "Direction": "one", "SHAPE_Length": 17.374906929712584, "Year": "2023", "PDF": "https://cityvictoria.sharepoint.com/:b:/r/sites/TRAN-Transportation-Operations/Our%20Vault/Data%20Co"}}, {"type": "Feature", "id": 1656, "geometry": {"type": "LineString", "coordinates": [[-123.36583975763216, 48.44335233892052], [-123.36566771553382, 48.44306809210511]]}, "properties": {"OBJECTID": 1656, "Label": "20608 (23)", "Direction": "one", "SHAPE_Length": 34.061195857762335, "Year": "2023", "PDF": "https://cityvictoria.sharepoint.com/:b:/r/sites/TRAN-Transportation-Operations/Our%20Vault/Data%20Co"}}, {"type": "Feature", "id": 1657, "geometry": {"type": "LineString", "coordinates": [[-123.36463791158897, 48.44298424371999], [-123.36478021853833, 48.44327228839632]]}, "properties": {"OBJECTID": 1657, "Label": "18569 (23)", "Direction": "one", "SHAPE_Length": 33.70306687934308, "Year": "2023", "PDF": "https://cityvictoria.sharepoint.com/:b:/r/sites/TRAN-Transportation-Operations/Our%20Vault/Data%20Co"}}, {"type": "Feature", "id": 1658, "geometry": {"type": "LineString", "coordinates": [[-123.36149401071084, 48.42717170074753], [-123.36146777533304, 48.42730508214984]]}, "properties": {"OBJECTID": 1658, "Label": "8127 (23)", "Direction": "one", "SHAPE_Length": 14.95252204602095, "Year": "2023", "PDF": "https://cityvictoria.sharepoint.com/:b:/r/sites/TRAN-Transportation-Operations/Our%20Vault/Data%20Co"}}, {"type": "Feature", "id": 1659, "geometry": {"type": "LineString", "coordinates": [[-123.36205483435141, 48.4273760752615], [-123.36209383663484, 48.42722741881836]]}, "properties": {"OBJECTID": 1659, "Label": "9862 (23)", "Direction": "one", "SHAPE_Length": 16.77394233791438, "Year": "2023", "PDF": "https://cityvictoria.sharepoint.com/:b:/r/sites/TRAN-Transportation-Operations/Our%20Vault/Data%20Co"}}, {"type": "Feature", "id": 1660, "geometry": {"type": "LineString", "coordinates": [[-123.35305314401356, 48.426314801855256], [-123.35302288541018, 48.42649008785613]]}, "properties": {"OBJECTID": 1660, "Label": "9301 (23)", "Direction": "one", "SHAPE_Length": 19.61209546350383, "Year": "2023", "PDF": null}}, {"type": "Feature", "id": 1661, "geometry": {"type": "LineString", "coordinates": [[-123.35352865371046, 48.42649758027099], [-123.3535704347759, 48.42633368433602]]}, "properties": {"OBJECTID": 1661, "Label": "8668 (23)", "Direction": "one", "SHAPE_Length": 18.478214107230965, "Year": "2023", "PDF": null}}, {"type": "Feature", "id": 1662, "geometry": {"type": "LineString", "coordinates": [[-123.36579924576415, 48.42132050221922], [-123.36579061320886, 48.42151286143272]]}, "properties": {"OBJECTID": 1662, "Label": "4681 (23)", "Direction": "one", "SHAPE_Length": 21.3912311752192, "Year": "2023", "PDF": "https://cityvictoria.sharepoint.com/:b:/r/sites/TRAN-Transportation-Operations/Our%20Vault/Data%20Co"}}, {"type": "Feature", "id": 1663, "geometry": {"type": "LineString", "coordinates": [[-123.36652962737983, 48.42153812206954], [-123.36656972045449, 48.42134471074895]]}, "properties": {"OBJECTID": 1663, "Label": "6416 (23)", "Direction": "one", "SHAPE_Length": 21.70232333717948, "Year": "2023", "PDF": "https://cityvictoria.sharepoint.com/:b:/r/sites/TRAN-Transportation-Operations/Our%20Vault/Data%20Co"}}, {"type": "Feature", "id": 1664, "geometry": {"type": "LineString", "coordinates": [[-123.37081281115178, 48.44614170087991], [-123.37097494151833, 48.44639444536585]]}, "properties": {"OBJECTID": 1664, "Label": "16089 (23)", "Direction": "one", "SHAPE_Length": 30.54539743569959, "Year": "2023", "PDF": null}}, {"type": "Feature", "id": 1665, "geometry": {"type": "LineString", "coordinates": [[-123.37212671713698, 48.44615650272693], [-123.3719328058915, 48.44586387218307]]}, "properties": {"OBJECTID": 1665, "Label": "17047 (23)", "Direction": "one", "SHAPE_Length": 35.54816430015908, "Year": "2023", "PDF": null}}, {"type": "Feature", "id": 1666, "geometry": {"type": "LineString", "coordinates": [[-123.36423450800443, 48.42742376256967], [-123.36420143919183, 48.427600964063046]]}, "properties": {"OBJECTID": 1666, "Label": "8765 (23)", "Direction": "one", "SHAPE_Length": 19.848194500946175, "Year": "2023", "PDF": null}}, {"type": "Feature", "id": 1667, "geometry": {"type": "LineString", "coordinates": [[-123.36491566202862, 48.427648212926854], [-123.36494584083064, 48.42746721125966]]}, "properties": {"OBJECTID": 1667, "Label": "8980 (23)", "Direction": "one", "SHAPE_Length": 20.242756656530524, "Year": "2023", "PDF": null}}, {"type": "Feature", "id": 1668, "geometry": {"type": "LineString", "coordinates": [[-123.3941794154189, 48.43136785118232], [-123.39393550467932, 48.431279186187595]]}, "properties": {"OBJECTID": 1668, "Label": "7953 (23)", "Direction": "one", "SHAPE_Length": 20.558938245693497, "Year": "2023", "PDF": null}}, {"type": "Feature", "id": 1669, "geometry": {"type": "LineString", "coordinates": [[-123.39373420707544, 48.4318911455178], [-123.39397214774637, 48.431947459144084]]}, "properties": {"OBJECTID": 1669, "Label": "7746 (23)", "Direction": "one", "SHAPE_Length": 18.68077028802619, "Year": "2023", "PDF": null}}, {"type": "Feature", "id": 1670, "geometry": {"type": "LineString", "coordinates": [[-123.32341300449964, 48.43156621283385], [-123.32305285090924, 48.43162816061898]]}, "properties": {"OBJECTID": 1670, "Label": "8074 (23)", "Direction": "one", "SHAPE_Length": 27.516658461370774, "Year": "2023", "PDF": null}}, {"type": "Feature", "id": 1671, "geometry": {"type": "LineString", "coordinates": [[-123.3234123091282, 48.43235839033431], [-123.32368381119291, 48.43230430728207]]}, "properties": {"OBJECTID": 1671, "Label": "7133 (23)", "Direction": "one", "SHAPE_Length": 20.96362381500648, "Year": "2023", "PDF": null}}, {"type": "Feature", "id": 1672, "geometry": {"type": "LineString", "coordinates": [[-123.37990070839459, 48.44275636156442], [-123.3793906411045, 48.44267425699447]]}, "properties": {"OBJECTID": 1672, "Label": "6321 (23)", "Direction": "one", "SHAPE_Length": 38.810710889756606, "Year": "2023", "PDF": null}}, {"type": "Feature", "id": 1673, "geometry": {"type": "LineString", "coordinates": [[-123.37926185073485, 48.443059342785], [-123.37965154486596, 48.44311899484631]]}, "properties": {"OBJECTID": 1673, "Label": "7732 (23)", "Direction": "one", "SHAPE_Length": 29.57284302268848, "Year": "2023", "PDF": null}}, {"type": "Feature", "id": 1674, "geometry": {"type": "LineString", "coordinates": [[-123.36694923055063, 48.42788848166928], [-123.36692166118877, 48.42803329416268]]}, "properties": {"OBJECTID": 1674, "Label": "2913 (23)", "Direction": "one", "SHAPE_Length": 16.225347837353333, "Year": "2023", "PDF": null}}, {"type": "Feature", "id": 1675, "geometry": {"type": "LineString", "coordinates": [[-123.36738946310206, 48.42803084976537], [-123.36740439725315, 48.42791940157211]]}, "properties": {"OBJECTID": 1675, "Label": "2834 (23)", "Direction": "one", "SHAPE_Length": 12.437208062989365, "Year": "2023", "PDF": null}}, {"type": "Feature", "id": 1676, "geometry": {"type": "LineString", "coordinates": [[-123.33930642442043, 48.43601239567431], [-123.3390202427023, 48.43601133455344]]}, "properties": {"OBJECTID": 1676, "Label": "836 (23)", "Direction": "one", "SHAPE_Length": 21.16785863332321, "Year": "2023", "PDF": null}}, {"type": "Feature", "id": 1677, "geometry": {"type": "LineString", "coordinates": [[-123.33908254404436, 48.43634249374554], [-123.33935441691482, 48.43634359690861]]}, "properties": {"OBJECTID": 1677, "Label": "856 (23)", "Direction": "one", "SHAPE_Length": 20.10941435647835, "Year": "2023", "PDF": null}}, {"type": "Feature", "id": 1678, "geometry": {"type": "LineString", "coordinates": [[-123.35993801538497, 48.42647923502249], [-123.35957007080837, 48.42643944387844]]}, "properties": {"OBJECTID": 1678, "Label": "9014 (23)", "Direction": "one", "SHAPE_Length": 27.577277988538796, "Year": "2023", "PDF": null}}, {"type": "Feature", "id": 1679, "geometry": {"type": "LineString", "coordinates": [[-123.32250791231468, 48.41999643357937], [-123.3219757580978, 48.41999030643632]]}, "properties": {"OBJECTID": 1679, "Label": "2133 (23)", "Direction": "one", "SHAPE_Length": 39.3792035838058, "Year": "2023", "PDF": null}}, {"type": "Feature", "id": 1680, "geometry": {"type": "LineString", "coordinates": [[-123.32216919141136, 48.42072100498396], [-123.32262701927858, 48.42073495702273]]}, "properties": {"OBJECTID": 1680, "Label": "2442 (23)", "Direction": "one", "SHAPE_Length": 33.90901019576329, "Year": "2023", "PDF": null}}, {"type": "Feature", "id": 1681, "geometry": {"type": "LineString", "coordinates": [[-123.32322292707356, 48.42628328266725], [-123.32296686144895, 48.42628495435857]]}, "properties": {"OBJECTID": 1681, "Label": "5826 (23)", "Direction": "one", "SHAPE_Length": 18.944495993358444, "Year": "2023", "PDF": null}}, {"type": "Feature", "id": 1682, "geometry": {"type": "LineString", "coordinates": [[-123.32306315079278, 48.42657984505884], [-123.32321909193685, 48.426580835808615]]}, "properties": {"OBJECTID": 1682, "Label": "6632 (23)", "Direction": "one", "SHAPE_Length": 11.536892955803753, "Year": "2023", "PDF": null}}, {"type": "Feature", "id": 1683, "geometry": {"type": "LineString", "coordinates": [[-123.36040514973269, 48.44514934389438], [-123.36049889522265, 48.44545373233164]]}, "properties": {"OBJECTID": 1683, "Label": "5410 (23)", "Direction": "one", "SHAPE_Length": 34.537384986880774, "Year": "2023", "PDF": null}}, {"type": "Feature", "id": 1684, "geometry": {"type": "LineString", "coordinates": [[-123.3612818151917, 48.445264658991384], [-123.36122319459149, 48.44507060837777]]}, "properties": {"OBJECTID": 1684, "Label": "5792 (23)", "Direction": "one", "SHAPE_Length": 22.001111991881547, "Year": "2023", "PDF": null}}, {"type": "Feature", "id": 1685, "geometry": {"type": "LineString", "coordinates": [[-123.35866198045272, 48.426845254306585], [-123.35862046991352, 48.42704533261575]]}, "properties": {"OBJECTID": 1685, "Label": "5239 (23)", "Direction": "one", "SHAPE_Length": 22.450739298907337, "Year": "2023", "PDF": null}}, {"type": "Feature", "id": 1686, "geometry": {"type": "LineString", "coordinates": [[-123.3592530978463, 48.42708715717711], [-123.35929342277807, 48.42692231188163]]}, "properties": {"OBJECTID": 1686, "Label": "7464 (23)", "Direction": "one", "SHAPE_Length": 18.564648648720375, "Year": "2023", "PDF": null}}, {"type": "Feature", "id": 1687, "geometry": {"type": "LineString", "coordinates": [[-123.3327814848977, 48.44701222672365], [-123.33277172720052, 48.44727123455995]]}, "properties": {"OBJECTID": 1687, "Label": "9263 (23)", "Direction": "one", "SHAPE_Length": 28.799149253562234, "Year": "2023", "PDF": null}}, {"type": "Feature", "id": 1688, "geometry": {"type": "LineString", "coordinates": [[-123.33356075385485, 48.44712041809238], [-123.333556382243, 48.446890015029986]]}, "properties": {"OBJECTID": 1688, "Label": "10813 (23)", "Direction": "one", "SHAPE_Length": 25.61257491530888, "Year": "2023", "PDF": null}}, {"type": "Feature", "id": 1689, "geometry": {"type": "LineString", "coordinates": [[-123.36977524633234, 48.42808903128959], [-123.36963963408053, 48.42832750093933]]}, "properties": {"OBJECTID": 1689, "Label": "2192 (23)", "Direction": "one", "SHAPE_Length": 28.342062919925837, "Year": "2023", "PDF": null}}, {"type": "Feature", "id": 1690, "geometry": {"type": "LineString", "coordinates": [[-123.3699949525009, 48.42839872088654], [-123.3700937139603, 48.428207976314816]]}, "properties": {"OBJECTID": 1690, "Label": "1585 (23)", "Direction": "one", "SHAPE_Length": 22.42573475827904, "Year": "2023", "PDF": null}}, {"type": "Feature", "id": 1691, "geometry": {"type": "LineString", "coordinates": [[-123.39410966862907, 48.432715735696235], [-123.39398513580645, 48.43270854475994]]}, "properties": {"OBJECTID": 1691, "Label": "2416 (23)", "Direction": "one", "SHAPE_Length": 9.246348313316306, "Year": "2023", "PDF": null}}, {"type": "Feature", "id": 1692, "geometry": {"type": "LineString", "coordinates": [[-123.3939667661946, 48.43310850440088], [-123.39410710491877, 48.43312421042387]]}, "properties": {"OBJECTID": 1692, "Label": "3144 (23)", "Direction": "one", "SHAPE_Length": 10.526598763348826, "Year": "2023", "PDF": null}}, {"type": "Feature", "id": 1693, "geometry": {"type": "LineString", "coordinates": [[-123.3606795771764, 48.42560502435288], [-123.36108614794409, 48.42564564258776]]}, "properties": {"OBJECTID": 1693, "Label": "7411 (23)", "Direction": "one", "SHAPE_Length": 30.415278042943775, "Year": "2023", "PDF": null}}, {"type": "Feature", "id": 1694, "geometry": {"type": "LineString", "coordinates": [[-123.37011007383465, 48.44772948137327], [-123.3694923083894, 48.447800019817414]]}, "properties": {"OBJECTID": 1694, "Label": "2846 (23)", "Direction": "one", "SHAPE_Length": 46.35074911970821, "Year": "2023", "PDF": "MioVision - McElhanney"}}, {"type": "Feature", "id": 1695, "geometry": {"type": "LineString", "coordinates": [[-123.36977587235494, 48.44821995208208], [-123.3703250015941, 48.44815724944714]]}, "properties": {"OBJECTID": 1695, "Label": "2948 (23)", "Direction": "one", "SHAPE_Length": 41.2006878039717, "Year": "2023", "PDF": "MioVision - McElhanney"}}, {"type": "Feature", "id": 1696, "geometry": {"type": "LineString", "coordinates": [[-123.35071371046033, 48.44121889105086], [-123.35051094793076, 48.44138708415907]]}, "properties": {"OBJECTID": 1696, "Label": "7662(23)", "Direction": "one", "SHAPE_Length": 23.966634361190927, "Year": "2023", "PDF": null}}, {"type": "Feature", "id": 1697, "geometry": {"type": "LineString", "coordinates": [[-123.35068879465818, 48.44144557386524], [-123.35085661601565, 48.441294625336866]]}, "properties": {"OBJECTID": 1697, "Label": "7294(23)", "Direction": "one", "SHAPE_Length": 20.870442866451683, "Year": "2023", "PDF": null}}, {"type": "Feature", "id": 1698, "geometry": {"type": "LineString", "coordinates": [[-123.37608238677763, 48.41628820730758], [-123.37636522699401, 48.4164329601735]]}, "properties": {"OBJECTID": 1698, "Label": "88 (23)", "Direction": "one", "SHAPE_Length": 26.398663515855105, "Year": "2023", "PDF": "https://cityvictoria.sharepoint.com/:f:/s/TRAN-Transportation-Operations/EguAJzWs4z9OjU-PREhNAJcBLEptNYFkFhFqj5883q5e6w?e=pKe58X"}}, {"type": "Feature", "id": 1699, "geometry": {"type": "LineString", "coordinates": [[-123.35144145388915, 48.4343723781465], [-123.35095467018859, 48.43432816048295]]}, "properties": {"OBJECTID": 1699, "Label": "82 (24)", "Direction": "one", "SHAPE_Length": 36.34023240965433, "Year": "2024", "PDF": "https://cityvictoria.sharepoint.com/:f:/s/TRAN-Transportation-Operations/Eh8RovD5SLZLu4UPI9rftDMBnInGdl9tg8pr2BaI7JPk8Q?e=UkCkSG"}}, {"type": "Feature", "id": 1700, "geometry": {"type": "LineString", "coordinates": [[-123.35101824177647, 48.43441746851517], [-123.3513903788322, 48.43443537573957]]}, "properties": {"OBJECTID": 1700, "Label": "187 (24)", "Direction": "one", "SHAPE_Length": 27.597992639918367, "Year": "2024", "PDF": "https://cityvictoria.sharepoint.com/:f:/s/TRAN-Transportation-Operations/Eh8RovD5SLZLu4UPI9rftDMBnInGdl9tg8pr2BaI7JPk8Q?e=UkCkSG"}}, {"type": "Feature", "id": 1701, "geometry": {"type": "LineString", "coordinates": [[-123.32998723015174, 48.41665297338951], [-123.32968114147046, 48.41665289802641]]}, "properties": {"OBJECTID": 1701, "Label": "258 (24)", "Direction": "one", "SHAPE_Length": 22.648547584317768, "Year": "2024", "PDF": "https://cityvictoria.sharepoint.com/:f:/s/TRAN-Transportation-Operations/EpokPK9vLnNEnPpeOFyrPUwBTX-3SmotGlhO2QpxTjInjg?e=n3s5gx"}}, {"type": "Feature", "id": 1702, "geometry": {"type": "LineString", "coordinates": [[-123.32970967719783, 48.41686323836971], [-123.33002007171409, 48.416865204978514]]}, "properties": {"OBJECTID": 1702, "Label": "221 (24)", "Direction": "one", "SHAPE_Length": 22.968094589430084, "Year": "2024", "PDF": "https://cityvictoria.sharepoint.com/:f:/s/TRAN-Transportation-Operations/EpokPK9vLnNEnPpeOFyrPUwBTX-3SmotGlhO2QpxTjInjg?e=n3s5gx"}}, {"type": "Feature", "id": 1703, "geometry": {"type": "LineString", "coordinates": [[-123.32995206325144, 48.41328569875529], [-123.33018087145813, 48.413281234186975]]}, "properties": {"OBJECTID": 1703, "Label": "96 (24)", "Direction": "one", "SHAPE_Length": 16.938689985753623, "Year": "2024", "PDF": "https://cityvictoria.sharepoint.com/:f:/s/TRAN-Transportation-Operations/EhDFbIZJCaRMoMaQ6Hn-_fMBE4dllnUIgL2bRQVFe26RlA?e=QEWGX6"}}, {"type": "Feature", "id": 1704, "geometry": {"type": "LineString", "coordinates": [[-123.33020402012197, 48.413101214159646], [-123.33001234894579, 48.4130979548884]]}, "properties": {"OBJECTID": 1704, "Label": "172 (24)", "Direction": "one", "SHAPE_Length": 14.18801897513047, "Year": "2024", "PDF": "https://cityvictoria.sharepoint.com/:f:/s/TRAN-Transportation-Operations/EhDFbIZJCaRMoMaQ6Hn-_fMBE4dllnUIgL2bRQVFe26RlA?e=QEWGX6"}}, {"type": "Feature", "id": 1705, "geometry": {"type": "LineString", "coordinates": [[-123.34058029390744, 48.42255942817133], [-123.3405819222823, 48.422803170255904]]}, "properties": {"OBJECTID": 1705, "Label": "210 (24)", "Direction": "one", "SHAPE_Length": 27.09340000152588, "Year": "2024", "PDF": "https://cityvictoria.sharepoint.com/:f:/s/TRAN-Transportation-Operations/Eo8MiCSMPzFKiBVM35tuQhcBZo66asy1j3amIwD11V99-A?e=3XawPt"}}, {"type": "Feature", "id": 1706, "geometry": {"type": "LineString", "coordinates": [[-123.34087093946007, 48.42281183552198], [-123.34087213287316, 48.42256237227808]]}, "properties": {"OBJECTID": 1706, "Label": "409 (24)", "Direction": "one", "SHAPE_Length": 27.72920813010288, "Year": "2024", "PDF": "https://cityvictoria.sharepoint.com/:f:/s/TRAN-Transportation-Operations/Eo8MiCSMPzFKiBVM35tuQhcBZo66asy1j3amIwD11V99-A?e=3XawPt"}}, {"type": "Feature", "id": 1707, "geometry": {"type": "LineString", "coordinates": [[-123.32475138149911, 48.419816980074174], [-123.32496687497597, 48.419963000989725], [-123.32496116465694, 48.41996492078463]]}, "properties": {"OBJECTID": 1707, "Label": "385 (23)", "Direction": "one", "SHAPE_Length": 23.22539985079652, "Year": "2023 - Sep", "PDF": null}}, {"type": "Feature", "id": 1708, "geometry": {"type": "LineString", "coordinates": [[-123.34115102605074, 48.42584020143459], [-123.34115540420557, 48.42606679681949]]}, "properties": {"OBJECTID": 1708, "Label": "345 (24)", "Direction": "one", "SHAPE_Length": 25.189289618144446, "Year": "2024", "PDF": "https://cityvictoria.sharepoint.com/:f:/s/TRAN-Transportation-Operations/EheWh2nrJJhBrDykwSy1lJkBsZBsifojCEHHhmUbhKByKA?e=M5e6Y3"}}, {"type": "Feature", "id": 1709, "geometry": {"type": "LineString", "coordinates": [[-123.34142791955493, 48.42606503674639], [-123.34142504044077, 48.42584891069161]]}, "properties": {"OBJECTID": 1709, "Label": "250 (24)", "Direction": "one", "SHAPE_Length": 24.02443340526192, "Year": "2024", "PDF": "https://cityvictoria.sharepoint.com/:f:/s/TRAN-Transportation-Operations/EheWh2nrJJhBrDykwSy1lJkBsZBsifojCEHHhmUbhKByKA?e=M5e6Y3"}}, {"type": "Feature", "id": 1710, "geometry": {"type": "LineString", "coordinates": [[-123.34370104864546, 48.4261601484246], [-123.34369666217746, 48.42635820498259]]}, "properties": {"OBJECTID": 1710, "Label": "247 (24)", "Direction": "one", "SHAPE_Length": 22.017369501584284, "Year": "2024", "PDF": "https://cityvictoria.sharepoint.com/:f:/s/TRAN-Transportation-Operations/EnNQ1fJsRJtBnaVUvgBGbvMBTMANI7LFEjcgnXsTEFFb6A?e=lz5k0i"}}, {"type": "Feature", "id": 1711, "geometry": {"type": "LineString", "coordinates": [[-123.34395175345958, 48.42515203995693], [-123.34396382256898, 48.42482066046906]]}, "properties": {"OBJECTID": 1711, "Label": "222 (24)", "Direction": "one", "SHAPE_Length": 36.84530180218745, "Year": "2024", "PDF": "https://cityvictoria.sharepoint.com/:f:/s/TRAN-Transportation-Operations/Et_Zx2MQcPxNr59JclLaG8kBVvvWqtPMzAJgQ2pQ0DNrbw?e=pnZF8J"}}, {"type": "Feature", "id": 1712, "geometry": {"type": "LineString", "coordinates": [[-123.33983759150188, 48.42590654444307], [-123.33984542074452, 48.426222630820305]]}, "properties": {"OBJECTID": 1712, "Label": "413 (24)", "Direction": "one", "SHAPE_Length": 35.13934969560809, "Year": "2024", "PDF": "https://cityvictoria.sharepoint.com/:f:/s/TRAN-Transportation-Operations/Er0HfFXvq3NOmbHIUqPkAV8B8diDsEneTV1RqBE43ZTO6g?e=FZ2ZOM"}}, {"type": "Feature", "id": 1713, "geometry": {"type": "LineString", "coordinates": [[-123.34014578912925, 48.42621412598937], [-123.3401438958025, 48.42593039522268]]}, "properties": {"OBJECTID": 1713, "Label": "306 (24)", "Direction": "one", "SHAPE_Length": 31.538399999961257, "Year": "2024", "PDF": "https://cityvictoria.sharepoint.com/:f:/s/TRAN-Transportation-Operations/Er0HfFXvq3NOmbHIUqPkAV8B8diDsEneTV1RqBE43ZTO6g?e=FZ2ZOM"}}, {"type": "Feature", "id": 1714, "geometry": {"type": "LineString", "coordinates": [[-123.34232793330997, 48.425345404515056], [-123.34232256409842, 48.425611066649935]]}, "properties": {"OBJECTID": 1714, "Label": "682 (24)", "Direction": "one", "SHAPE_Length": 29.532341837075787, "Year": "2024", "PDF": "https://cityvictoria.sharepoint.com/:f:/s/TRAN-Transportation-Operations/EhiXH53j8z5OlR6SubjGVMEBnMmi351YsLfHlNOxEYRFsg?e=c35IW0"}}, {"type": "Feature", "id": 1715, "geometry": {"type": "LineString", "coordinates": [[-123.34270244453751, 48.42562040881826], [-123.34270196070614, 48.42533572202408]]}, "properties": {"OBJECTID": 1715, "Label": "313 (24)", "Direction": "one", "SHAPE_Length": 31.644376867584548, "Year": "2024", "PDF": "https://cityvictoria.sharepoint.com/:f:/s/TRAN-Transportation-Operations/EhiXH53j8z5OlR6SubjGVMEBnMmi351YsLfHlNOxEYRFsg?e=c35IW0"}}, {"type": "Feature", "id": 1716, "geometry": {"type": "LineString", "coordinates": [[-123.32515215700559, 48.41985774252246], [-123.32493952465826, 48.41971171387187], [-123.32493953679628, 48.4197136184061]]}, "properties": {"OBJECTID": 1716, "Label": "297 (23)", "Direction": "one", "SHAPE_Length": 22.816565452028446, "Year": "2023 - Sep", "PDF": null}}, {"type": "Feature", "id": 1717, "geometry": {"type": "LineString", "coordinates": [[-123.34381110778833, 48.426357863105665], [-123.34381825262292, 48.42614456356641]]}, "properties": {"OBJECTID": 1717, "Label": "77 (24)", "Direction": "one", "SHAPE_Length": 23.715202926490857, "Year": "2024", "PDF": "https://cityvictoria.sharepoint.com/:f:/s/TRAN-Transportation-Operations/EnNQ1fJsRJtBnaVUvgBGbvMBTMANI7LFEjcgnXsTEFFb6A?e=lz5k0i"}}, {"type": "Feature", "id": 1718, "geometry": {"type": "LineString", "coordinates": [[-123.34371198616381, 48.42481189191762], [-123.34369994109532, 48.425147079541375]]}, "properties": {"OBJECTID": 1718, "Label": "133 (24)", "Direction": "one", "SHAPE_Length": 37.26842913831107, "Year": "2024", "PDF": "https://cityvictoria.sharepoint.com/:f:/s/TRAN-Transportation-Operations/Et_Zx2MQcPxNr59JclLaG8kBVvvWqtPMzAJgQ2pQ0DNrbw?e=pnZF8J"}}, {"type": "Feature", "id": 1719, "geometry": {"type": "LineString", "coordinates": [[-123.34423803599147, 48.42958106865386], [-123.34438893624515, 48.42958204490002]]}, "properties": {"OBJECTID": 1719, "Label": "244 (24)", "Direction": "one", "SHAPE_Length": 11.163328111867783, "Year": "2024", "PDF": "https://cityvictoria.sharepoint.com/:f:/s/TRAN-Transportation-Operations/Ep8T1ZO-NmtLohaW5XLovloBE9IvH-uK-mEh8GN8i58k8Q?e=nnGcgQ"}}, {"type": "Feature", "id": 1720, "geometry": {"type": "LineString", "coordinates": [[-123.34440777198961, 48.429501533447485], [-123.34424017836506, 48.42950036875631]]}, "properties": {"OBJECTID": 1720, "Label": "295 (24)", "Direction": "one", "SHAPE_Length": 12.39838328319913, "Year": "2024", "PDF": "https://cityvictoria.sharepoint.com/:f:/s/TRAN-Transportation-Operations/Ep8T1ZO-NmtLohaW5XLovloBE9IvH-uK-mEh8GN8i58k8Q?e=nnGcgQ"}}, {"type": "Feature", "id": 1721, "geometry": {"type": "LineString", "coordinates": [[-123.3375316526131, 48.42943716732011], [-123.3376690078072, 48.429438668922884]]}, "properties": {"OBJECTID": 1721, "Label": "141 (24)", "Direction": "one", "SHAPE_Length": 10.162205316414957, "Year": "2024", "PDF": "https://cityvictoria.sharepoint.com/:f:/s/TRAN-Transportation-Operations/EupRPQwztr5IhXiFs6P4GVwBcLUjSIRMHdjRE6I-IwMJ2w?e=Q6lLDC"}}, {"type": "Feature", "id": 1722, "geometry": {"type": "LineString", "coordinates": [[-123.33766408506402, 48.429343469482404], [-123.33751956517563, 48.429340085222385]]}, "properties": {"OBJECTID": 1722, "Label": "126 (24)", "Direction": "one", "SHAPE_Length": 10.69747828610259, "Year": "2024", "PDF": "https://cityvictoria.sharepoint.com/:f:/s/TRAN-Transportation-Operations/EupRPQwztr5IhXiFs6P4GVwBcLUjSIRMHdjRE6I-IwMJ2w?e=Q6lLDC"}}, {"type": "Feature", "id": 1723, "geometry": {"type": "LineString", "coordinates": [[-123.34212427740313, 48.43848032581052], [-123.34212228460977, 48.43860982130413]]}, "properties": {"OBJECTID": 1723, "Label": "191 (24)", "Direction": "one", "SHAPE_Length": 14.394856780912017, "Year": "2024", "PDF": "https://cityvictoria.sharepoint.com/:f:/s/TRAN-Transportation-Operations/EmDlX7LVu0lKrfQHdbTQenMBN1GzqzUgAPfTGKA9UPEF1w?e=FQp906"}}, {"type": "Feature", "id": 1724, "geometry": {"type": "LineString", "coordinates": [[-123.34230256766756, 48.438607381535135], [-123.34230168494695, 48.43847599002853]]}, "properties": {"OBJECTID": 1724, "Label": "160 (24)", "Direction": "one", "SHAPE_Length": 14.60499999858439, "Year": "2024", "PDF": "https://cityvictoria.sharepoint.com/:f:/s/TRAN-Transportation-Operations/EmDlX7LVu0lKrfQHdbTQenMBN1GzqzUgAPfTGKA9UPEF1w?e=FQp906"}}, {"type": "Feature", "id": 1725, "geometry": {"type": "LineString", "coordinates": [[-123.33896048998767, 48.44042019806383], [-123.33895964723365, 48.44050874873239]]}, "properties": {"OBJECTID": 1725, "Label": "575 (24)", "Direction": "one", "SHAPE_Length": 9.84306969819042, "Year": "2024", "PDF": "https://cityvictoria.sharepoint.com/:f:/s/TRAN-Transportation-Operations/EqXJcnfOFiBEoj1WbJ_VkogBq6cLLWdELyizxZn1BaEQaA?e=qdceAE"}}, {"type": "Feature", "id": 1726, "geometry": {"type": "LineString", "coordinates": [[-123.3390770377555, 48.440516020258606], [-123.33907640408326, 48.440420808422296]]}, "properties": {"OBJECTID": 1726, "Label": "581 (24)", "Direction": "one", "SHAPE_Length": 10.583399999886751, "Year": "2024", "PDF": "https://cityvictoria.sharepoint.com/:f:/s/TRAN-Transportation-Operations/EqXJcnfOFiBEoj1WbJ_VkogBq6cLLWdELyizxZn1BaEQaA?e=qdceAE"}}, {"type": "Feature", "id": 1727, "geometry": {"type": "LineString", "coordinates": [[-123.34228465194104, 48.44388173135612], [-123.34237125123781, 48.443990969362844]]}, "properties": {"OBJECTID": 1727, "Label": "502 (24)", "Direction": "one", "SHAPE_Length": 13.727829647231495, "Year": "2024", "PDF": "https://cityvictoria.sharepoint.com/:f:/s/TRAN-Transportation-Operations/EvBtX1TYqglKiAeWGf8D1MwB32rev6XrJRfpBGtuk0ymJQ?e=BiccYz"}}, {"type": "Feature", "id": 1728, "geometry": {"type": "LineString", "coordinates": [[-123.34247273396079, 48.44397257632773], [-123.34238758564, 48.44386619137125]]}, "properties": {"OBJECTID": 1728, "Label": "449 (24)", "Direction": "one", "SHAPE_Length": 13.397369357003337, "Year": "2024", "PDF": "https://cityvictoria.sharepoint.com/:f:/s/TRAN-Transportation-Operations/EvBtX1TYqglKiAeWGf8D1MwB32rev6XrJRfpBGtuk0ymJQ?e=BiccYz"}}, {"type": "Feature", "id": 1729, "geometry": {"type": "LineString", "coordinates": [[-123.39004069306007, 48.43687697622494], [-123.3902778508207, 48.436828565258764]]}, "properties": {"OBJECTID": 1729, "Label": "442 (24)", "Direction": "one", "SHAPE_Length": 18.348045329802257, "Year": "2024", "PDF": "https://cityvictoria.sharepoint.com/:f:/s/TRAN-Transportation-Operations/Em39Sf8VmzFHsk9g3IQFg-AB9iXiTUFRHnqACQSQLY430A?e=EWAdC6"}}, {"type": "Feature", "id": 1730, "geometry": {"type": "LineString", "coordinates": [[-123.39024016697975, 48.436765852322814], [-123.39000014867445, 48.43681427290641]]}, "properties": {"OBJECTID": 1730, "Label": "419 (24)", "Direction": "one", "SHAPE_Length": 18.55075440152114, "Year": "2024", "PDF": "https://cityvictoria.sharepoint.com/:f:/s/TRAN-Transportation-Operations/Em39Sf8VmzFHsk9g3IQFg-AB9iXiTUFRHnqACQSQLY430A?e=EWAdC6"}}, {"type": "Feature", "id": 1731, "geometry": {"type": "LineString", "coordinates": [[-123.3434540581866, 48.43879997130594], [-123.34345069606084, 48.43893804008631]]}, "properties": {"OBJECTID": 1731, "Label": "175 (24)", "Direction": "one", "SHAPE_Length": 15.349084139666408, "Year": "2024", "PDF": "https://cityvictoria.sharepoint.com/:f:/s/TRAN-Transportation-Operations/EhP_JUPcNp1NggdcA-aGyZkBc5C8-lHU04UX9k9UMP5Kkw?e=3Vvjdb"}}, {"type": "Feature", "id": 1732, "geometry": {"type": "LineString", "coordinates": [[-123.3436238687615, 48.43894228408793], [-123.34362579352953, 48.4388032668631]]}, "properties": {"OBJECTID": 1732, "Label": "168 (24)", "Direction": "one", "SHAPE_Length": 15.453150157259184, "Year": "2024", "PDF": "https://cityvictoria.sharepoint.com/:f:/s/TRAN-Transportation-Operations/EhP_JUPcNp1NggdcA-aGyZkBc5C8-lHU04UX9k9UMP5Kkw?e=3Vvjdb"}}, {"type": "Feature", "id": 1733, "geometry": {"type": "LineString", "coordinates": [[-123.34143415774122, 48.43819389039241], [-123.34162019441797, 48.438196194678085]]}, "properties": {"OBJECTID": 1733, "Label": "134 (24)", "Direction": "one", "SHAPE_Length": 13.762062955904495, "Year": "2024", "PDF": "https://cityvictoria.sharepoint.com/:f:/s/TRAN-Transportation-Operations/EtP27HWpZtdMt94ryDtHtXYBW9B0bTbSM4Apu1eoNZUEFQ?e=Gx0Ac9"}}, {"type": "Feature", "id": 1734, "geometry": {"type": "LineString", "coordinates": [[-123.34161525059844, 48.43809909194602], [-123.34142492159316, 48.438096800387335]]}, "properties": {"OBJECTID": 1734, "Label": "142 (24)", "Direction": "one", "SHAPE_Length": 14.079480355295816, "Year": "2024", "PDF": "https://cityvictoria.sharepoint.com/:f:/s/TRAN-Transportation-Operations/EtP27HWpZtdMt94ryDtHtXYBW9B0bTbSM4Apu1eoNZUEFQ?e=Gx0Ac9"}}, {"type": "Feature", "id": 1735, "geometry": {"type": "LineString", "coordinates": [[-123.34424854680206, 48.4166884238474], [-123.34439026157071, 48.41670513822744]]}, "properties": {"OBJECTID": 1735, "Label": "292 (24)", "Direction": "one", "SHAPE_Length": 10.649273742759448, "Year": "2024", "PDF": "https://cityvictoria.sharepoint.com/:f:/s/TRAN-Transportation-Operations/ErDtGdN_asNAvCczTm-53FkBOnkYArpHLXlSqB5bDLDUmg?e=s5wgyb"}}, {"type": "Feature", "id": 1736, "geometry": {"type": "LineString", "coordinates": [[-123.34441399178797, 48.41661842321378], [-123.3442637019349, 48.41660268635327]]}, "properties": {"OBJECTID": 1736, "Label": "262 (24)", "Direction": "one", "SHAPE_Length": 11.257209995675169, "Year": "2024", "PDF": "https://cityvictoria.sharepoint.com/:f:/s/TRAN-Transportation-Operations/ErDtGdN_asNAvCczTm-53FkBOnkYArpHLXlSqB5bDLDUmg?e=s5wgyb"}}, {"type": "Feature", "id": 1737, "geometry": {"type": "LineString", "coordinates": [[-123.38399988480514, 48.41665840209883], [-123.38413342747445, 48.416537987292344]]}, "properties": {"OBJECTID": 1737, "Label": "306 (24)", "Direction": "one", "SHAPE_Length": 16.63703392588991, "Year": "2024", "PDF": "https://cityvictoria.sharepoint.com/:f:/s/TRAN-Transportation-Operations/EmnZbQUPbDFJvTCwTDcBXHIBaCAwLI3PKSjTzxZrloJ1Yw?e=ERVgZp"}}, {"type": "Feature", "id": 1738, "geometry": {"type": "LineString", "coordinates": [[-123.38400430050525, 48.41648509839288], [-123.38388789241176, 48.41660164764577]]}, "properties": {"OBJECTID": 1738, "Label": "358 (24)", "Direction": "one", "SHAPE_Length": 15.557149088243339, "Year": "2024", "PDF": "https://cityvictoria.sharepoint.com/:f:/s/TRAN-Transportation-Operations/EmnZbQUPbDFJvTCwTDcBXHIBaCAwLI3PKSjTzxZrloJ1Yw?e=ERVgZp"}}, {"type": "Feature", "id": 1739, "geometry": {"type": "LineString", "coordinates": [[-123.3831345297451, 48.41608619526684], [-123.38324534658574, 48.41598680382987]]}, "properties": {"OBJECTID": 1739, "Label": "141 (24)", "Direction": "one", "SHAPE_Length": 13.758360000341764, "Year": "2024", "PDF": "https://cityvictoria.sharepoint.com/:f:/s/TRAN-Transportation-Operations/EtfXurugqABNrvb1XdpBhMABLluFlsknG6YZWHBNhsYnAw?e=zoraRz"}}, {"type": "Feature", "id": 1740, "geometry": {"type": "LineString", "coordinates": [[-123.38310196129841, 48.415939675115546], [-123.38299399096253, 48.41603715236973]]}, "properties": {"OBJECTID": 1740, "Label": "184 (24)", "Direction": "one", "SHAPE_Length": 13.46204664561459, "Year": "2024", "PDF": "https://cityvictoria.sharepoint.com/:f:/s/TRAN-Transportation-Operations/EtfXurugqABNrvb1XdpBhMABLluFlsknG6YZWHBNhsYnAw?e=zoraRz"}}, {"type": "Feature", "id": 1741, "geometry": {"type": "LineString", "coordinates": [[-123.38201869578796, 48.41567858166727], [-123.38215791970646, 48.4155524374588]]}, "properties": {"OBJECTID": 1741, "Label": "60 (24)", "Direction": "one", "SHAPE_Length": 17.399225869476602, "Year": "2024", "PDF": "https://cityvictoria.sharepoint.com/:b:/r/sites/TRAN-Transportation-Operations/Our%20Vault/Data%20Collection/2024CP/Metrocount/PILOT%200%20BLK/PILOT_0_20240503_MetroCountSpeedVolClsStudy_000237.pdf?csf=1&web=1&e=qZKrtt"}}, {"type": "Feature", "id": 1742, "geometry": {"type": "LineString", "coordinates": [[-123.38200302417839, 48.41549582364285], [-123.38187239583556, 48.415623843710776]]}, "properties": {"OBJECTID": 1742, "Label": "114 (24)", "Direction": "one", "SHAPE_Length": 17.20243999553554, "Year": "2024", "PDF": "https://cityvictoria.sharepoint.com/:b:/r/sites/TRAN-Transportation-Operations/Our%20Vault/Data%20Collection/2024CP/Metrocount/PILOT%200%20BLK/PILOT_0_20240503_MetroCountSpeedVolClsStudy_000237.pdf?csf=1&web=1&e=qZKrtt"}}, {"type": "Feature", "id": 1743, "geometry": {"type": "LineString", "coordinates": [[-123.38111156813027, 48.41525312773026], [-123.3812564140047, 48.41511363578314]]}, "properties": {"OBJECTID": 1743, "Label": "726 (24)", "Direction": "one", "SHAPE_Length": 18.849059867570226, "Year": "2024", "PDF": "https://cityvictoria.sharepoint.com/:f:/s/TRAN-Transportation-Operations/EoVXE8EbRJtAo-Nke_38PwYB-B6rWZvoH1JrxcJtOYWT3Q?e=gEIPJM"}}, {"type": "Feature", "id": 1744, "geometry": {"type": "LineString", "coordinates": [[-123.38111583700517, 48.41505887789896], [-123.38097378071016, 48.415188839376896]]}, "properties": {"OBJECTID": 1744, "Label": "987 (24)", "Direction": "one", "SHAPE_Length": 17.865503140492628, "Year": "2024", "PDF": "https://cityvictoria.sharepoint.com/:f:/s/TRAN-Transportation-Operations/EoVXE8EbRJtAo-Nke_38PwYB-B6rWZvoH1JrxcJtOYWT3Q?e=gEIPJM"}}, {"type": "Feature", "id": 1745, "geometry": {"type": "LineString", "coordinates": [[-123.33957683220407, 48.439270923257915], [-123.33957484560896, 48.43940232322955]]}, "properties": {"OBJECTID": 1745, "Label": "267 (24)", "Direction": "one", "SHAPE_Length": 14.606534217568138, "Year": "2024", "PDF": "https://cityvictoria.sharepoint.com/:f:/r/sites/TRAN-Transportation-Operations/Our%20Vault/Data%20Collection/2024CP/Metrocount/BELMONT%202700%20BLK?csf=1&web=1&e=15afNA"}}, {"type": "Feature", "id": 1746, "geometry": {"type": "LineString", "coordinates": [[-123.33978657354622, 48.43939408092678], [-123.33978863443963, 48.439274106306506]]}, "properties": {"OBJECTID": 1746, "Label": "295 (24)", "Direction": "one", "SHAPE_Length": 13.336678729510751, "Year": "2024", "PDF": "https://cityvictoria.sharepoint.com/:f:/r/sites/TRAN-Transportation-Operations/Our%20Vault/Data%20Collection/2024CP/Metrocount/BELMONT%202700%20BLK?csf=1&web=1&e=15afNA"}}, {"type": "Feature", "id": 1747, "geometry": {"type": "LineString", "coordinates": [[-123.37349451525552, 48.42129441767764], [-123.37298722787301, 48.42117038132607], [-123.37298481189765, 48.42117010666551]]}, "properties": {"OBJECTID": 1747, "Label": "3700 (22)", "Direction": "one", "SHAPE_Length": 40.16617542843858, "Year": "2022", "PDF": "https://cityvictoria.sharepoint.com/:x:/r/sites/TRAN-Transportation-Operations/Our%20Vault/Data%20Collection/2023CP/Armadillo%20Data/McElhanney/500%20BLK%20BAY%20ST%20-%20BRIDGE%20ST%20TO%20ROCK%20BAY%20AVE/Raw%20Data/Eastbound/Monthly%20Counts%20Eastbound.csv?d=wd3e54e29a2ce48f994a7910e91b2fdbc&csf=1&web=1&e=Wb3WVr"}}, {"type": "Feature", "id": 1748, "geometry": {"type": "LineString", "coordinates": [[-123.33431002446846, 48.433036362546986], [-123.33430490151618, 48.43312778302081]]}, "properties": {"OBJECTID": 1748, "Label": "98 (24)", "Direction": "one", "SHAPE_Length": 10.168914145585374, "Year": "2024", "PDF": "https://cityvictoria.sharepoint.com/:f:/r/sites/TRAN-Transportation-Operations/Our%20Vault/Data%20Collection/2024CP/Metrocount/HOWARD%202300%20BLK?csf=1&web=1&e=GArF3v"}}, {"type": "Feature", "id": 1749, "geometry": {"type": "LineString", "coordinates": [[-123.33450234583141, 48.43312720926703], [-123.33451024289464, 48.43302245146907]]}, "properties": {"OBJECTID": 1749, "Label": "95 (24)", "Direction": "one", "SHAPE_Length": 11.659005269735665, "Year": "2024", "PDF": "https://cityvictoria.sharepoint.com/:f:/r/sites/TRAN-Transportation-Operations/Our%20Vault/Data%20Collection/2024CP/Metrocount/HOWARD%202300%20BLK?csf=1&web=1&e=GArF3v"}}, {"type": "Feature", "id": 1750, "geometry": {"type": "LineString", "coordinates": [[-123.33967409108067, 48.43197725890679], [-123.3396702336063, 48.4320424915153]]}, "properties": {"OBJECTID": 1750, "Label": "187 (24)", "Direction": "one", "SHAPE_Length": 7.256549206942255, "Year": "2024", "PDF": "https://cityvictoria.sharepoint.com/:f:/r/sites/TRAN-Transportation-Operations/Our%20Vault/Data%20Collection/2024CP/Metrocount/BELMONT%202200%20BLK?csf=1&web=1&e=0DLwWo"}}, {"type": "Feature", "id": 1751, "geometry": {"type": "LineString", "coordinates": [[-123.33986122014832, 48.43203954714408], [-123.3398644289088, 48.43198431338579]]}, "properties": {"OBJECTID": 1751, "Label": "221 (24)", "Direction": "one", "SHAPE_Length": 6.144100236416481, "Year": "2024", "PDF": "https://cityvictoria.sharepoint.com/:f:/r/sites/TRAN-Transportation-Operations/Our%20Vault/Data%20Collection/2024CP/Metrocount/BELMONT%202200%20BLK?csf=1&web=1&e=0DLwWo"}}, {"type": "Feature", "id": 1752, "geometry": {"type": "LineString", "coordinates": [[-123.3260824450591, 48.42761275148293], [-123.32608008287437, 48.427690833683265]]}, "properties": {"OBJECTID": 1752, "Label": "407 (24)", "Direction": "one", "SHAPE_Length": 8.680981710591118, "Year": "2024", "PDF": "https://cityvictoria.sharepoint.com/:f:/s/TRAN-Transportation-Operations/EhRGARrZ1NlPjyyKkiiW0uwBU7CnIIjIgn7RQviOtKoaOQ?e=b2DDa1"}}, {"type": "Feature", "id": 1753, "geometry": {"type": "LineString", "coordinates": [[-123.32628698871372, 48.4276919178574], [-123.32628640969448, 48.42760146656286]]}, "properties": {"OBJECTID": 1753, "Label": "318 (24)", "Direction": "one", "SHAPE_Length": 10.054199999198318, "Year": "2024", "PDF": "https://cityvictoria.sharepoint.com/:f:/s/TRAN-Transportation-Operations/EhRGARrZ1NlPjyyKkiiW0uwBU7CnIIjIgn7RQviOtKoaOQ?e=b2DDa1"}}, {"type": "Feature", "id": 1754, "geometry": {"type": "LineString", "coordinates": [[-123.36178961848354, 48.420597366269256], [-123.36189937458256, 48.42064367633247]]}, "properties": {"OBJECTID": 1754, "Label": "2703 (24)", "Direction": "one", "SHAPE_Length": 9.614676971530658, "Year": "2024", "PDF": "https://cityvictoria.sharepoint.com/:b:/r/sites/TRAN-Transportation-Operations/Our%20Vault/Data%20Collection/2024CP/Miovision%20Scout+%20Speed%20Volume/Fairfield%20Rd%20800%20Blk/FAIRFIELD_800_BLK_20240607_MiovisionATR_000244.pdf?csf=1&web=1&e=qpGLVj"}}, {"type": "Feature", "id": 1755, "geometry": {"type": "LineString", "coordinates": [[-123.38473505964906, 48.43589651456522], [-123.3847398627587, 48.43615357513849]]}, "properties": {"OBJECTID": 1755, "Label": "206(24)", "Direction": "one", "SHAPE_Length": 28.57588418312994, "Year": "2024", "PDF": "https://cityvictoria.sharepoint.com/:f:/s/TRAN-Transportation-Operations/Egi4mCGbe89DoQNwcIbfrLIBVmEcNry6US5_pgESAsjMsQ?e=1rhvjR"}}, {"type": "Feature", "id": 1756, "geometry": {"type": "LineString", "coordinates": [[-123.37251232564917, 48.441883848934694], [-123.37256518533357, 48.44206743883949]]}, "properties": {"OBJECTID": 1756, "Label": "587(24)", "Direction": "one", "SHAPE_Length": 20.778099183705173, "Year": "2024", "PDF": "https://cityvictoria.sharepoint.com/:f:/r/sites/TRAN-Transportation-Operations/Our%20Vault/Data%20Collection/2024CP/Metrocount/SUMAS%20600%20BLK/NORTH?csf=1&web=1&e=nBNc2Y"}}, {"type": "Feature", "id": 1757, "geometry": {"type": "LineString", "coordinates": [[-123.35504606640028, 48.439160424036324], [-123.35496107013124, 48.43887314223329]]}, "properties": {"OBJECTID": 1757, "Label": "220(24)", "Direction": "one", "SHAPE_Length": 32.545798404228066, "Year": "2024", "PDF": "https://cityvictoria.sharepoint.com/:f:/r/sites/TRAN-Transportation-Operations/Our%20Vault/Data%20Collection/2024CP/Metrocount/PRIOR%202600%20BLK?csf=1&web=1&e=PZ4LvO"}}, {"type": "Feature", "id": 1758, "geometry": {"type": "LineString", "coordinates": [[-123.3824448760012, 48.41946578427776], [-123.38267887322318, 48.41957783478376]]}, "properties": {"OBJECTID": 1758, "Label": "148(24)", "Direction": "one", "SHAPE_Length": 21.32786338216482, "Year": "2024", "PDF": "https://cityvictoria.sharepoint.com/:f:/r/sites/TRAN-Transportation-Operations/Our%20Vault/Data%20Collection/2024CP/Metrocount/SIMCOE%20100%20BLK?csf=1&web=1&e=F41uLg"}}, {"type": "Feature", "id": 1759, "geometry": {"type": "LineString", "coordinates": [[-123.33629501761749, 48.43553720000767], [-123.3363039246623, 48.4351525124097]]}, "properties": {"OBJECTID": 1759, "Label": "128(25)", "Direction": "one", "SHAPE_Length": 42.76508069197793, "Year": "2025", "PDF": "https://cityvictoria.sharepoint.com/:f:/s/TRAN-Transportation-Operations/EmhuvZ8YiPpEtoafMcwlhs4BdV2eIh8ZcswHo8hCyo85-g?e=PIaxIp"}}, {"type": "Feature", "id": 1760, "geometry": {"type": "LineString", "coordinates": [[-123.33731472193723, 48.434944597960815], [-123.33730564473339, 48.435302626761974]]}, "properties": {"OBJECTID": 1760, "Label": "173(25)", "Direction": "one", "SHAPE_Length": 39.80240676596455, "Year": "2025", "PDF": "https://cityvictoria.sharepoint.com/:f:/s/TRAN-Transportation-Operations/Ei3ppGELh1FNvLoZEJVxIFYBEsfc1r0c_hEPT_WTlp_xQw?e=iYuc3q"}}, {"type": "Feature", "id": 1761, "geometry": {"type": "LineString", "coordinates": [[-123.34087702616105, 48.43501291331672], [-123.3408735452926, 48.43534807466775], [-123.34087931906693, 48.435355674920245]]}, "properties": {"OBJECTID": 1761, "Label": "119(25)", "Direction": "one", "SHAPE_Length": 38.20242186043679, "Year": "2025", "PDF": "https://cityvictoria.sharepoint.com/:f:/s/TRAN-Transportation-Operations/EhgQX15hNG9JtKFg8wBTPKIBKdi11FUOfwuZuUsP4WLjxA?e=FklxKl"}}, {"type": "Feature", "id": 1762, "geometry": {"type": "LineString", "coordinates": [[-123.3386571977781, 48.43529795197], [-123.33866641735148, 48.434962773803754]]}, "properties": {"OBJECTID": 1762, "Label": "171(25)", "Direction": "one", "SHAPE_Length": 37.26302071002042, "Year": "2025", "PDF": "https://cityvictoria.sharepoint.com/:f:/s/TRAN-Transportation-Operations/EqLExZ_vAiRNnDImdCiPuiUB3zbkBgJA9BsWIzF6AnIEng?e=xgVlmd"}}, {"type": "Feature", "id": 1763, "geometry": {"type": "LineString", "coordinates": [[-123.38111133453745, 48.44457934825054], [-123.38096443956393, 48.44483881451068]]}, "properties": {"OBJECTID": 1763, "Label": "336(25)", "Direction": "one", "SHAPE_Length": 30.819174905118192, "Year": "2025", "PDF": "https://cityvictoria.sharepoint.com/:f:/s/TRAN-Transportation-Operations/Ehx1YgBBv7NKh5sSHpeUB7IBBH3JtgTm7_LyQqi8cClbtA?e=MXeitV"}}, {"type": "Feature", "id": 1764, "geometry": {"type": "LineString", "coordinates": [[-123.34725682569577, 48.44180922274582], [-123.34726437327998, 48.4416568584234]]}, "properties": {"OBJECTID": 1764, "Label": "176(25)", "Direction": "one", "SHAPE_Length": 16.945302019830287, "Year": "2025", "PDF": "https://cityvictoria.sharepoint.com/:f:/r/sites/TRAN-Transportation-Operations/Our%20Vault/Data%20Collection/2025CP/Metrocount/GROSVENOR%20Rd%202700%20Blk?csf=1&web=1&e=Oyi2hf"}}, {"type": "Feature", "id": 1765, "geometry": {"type": "LineString", "coordinates": [[-123.34884412758952, 48.40716609109289], [-123.34879412976429, 48.407383330717956]]}, "properties": {"OBJECTID": 1765, "Label": "183(25)", "Direction": "one", "SHAPE_Length": 24.429052131569435, "Year": "2025", "PDF": "https://cityvictoria.sharepoint.com/:f:/s/TRAN-Transportation-Operations/EhXjGr-rZE9Enm2PpkzBxeEBuOodadJDy7E1VqEBbaFPxA?e=CXwuMD"}}, {"type": "Feature", "id": 1766, "geometry": {"type": "LineString", "coordinates": [[-123.34064870253171, 48.43030720341573], [-123.34087188930629, 48.43030654252003]]}, "properties": {"OBJECTID": 1766, "Label": "148(25)", "Direction": "one", "SHAPE_Length": 16.510100000537932, "Year": "2025", "PDF": "https://cityvictoria.sharepoint.com/sites/TRAN-Transportation-Operations/Our%20Vault/Forms/AllItems.aspx?id=%2Fsites%2FTRAN%2DTransportation%2DOperations%2FOur%20Vault%2FData%20Collection%2F2025CP%2FMetrocount%2FGLADSTONE%20AVE%201400%20BLK&viewid=d34b2990%2D7aeb%2D4130%2D843b%2Df714a25b75d5"}}, {"type": "Feature", "id": 1767, "geometry": {"type": "LineString", "coordinates": [[-123.34015954473126, 48.42861384967305], [-123.34043998694044, 48.4286187331482]]}, "properties": {"OBJECTID": 1767, "Label": "98(25)", "Direction": "one", "SHAPE_Length": 20.75311708060261, "Year": "2025", "PDF": "https://cityvictoria.sharepoint.com/sites/TRAN-Transportation-Operations/Our%20Vault/Forms/AllItems.aspx?id=%2Fsites%2FTRAN%2DTransportation%2DOperations%2FOur%20Vault%2FData%20Collection%2F2025CP%2FMetrocount%2FGRANT%20ST%201400%20BLK&viewid=d34b2990%2D7aeb%2D4130%2D843b%2Df714a25b75d5"}}, {"type": "Feature", "id": 1768, "geometry": {"type": "LineString", "coordinates": [[-123.34017509932447, 48.42939192542383], [-123.33976299453944, 48.42938171731594]]}, "properties": {"OBJECTID": 1768, "Label": "125(25)", "Direction": "one", "SHAPE_Length": 30.50654677320526, "Year": "2025", "PDF": "https://cityvictoria.sharepoint.com/sites/TRAN-Transportation-Operations/Our%20Vault/Forms/AllItems.aspx?id=%2Fsites%2FTRAN%2DTransportation%2DOperations%2FOur%20Vault%2FData%20Collection%2F2025CP%2FMetrocount%2FVINING%20ST%201400%20BLK&viewid=d34b2990%2D7aeb%2D4130%2D843b%2Df714a25b75d5"}}, {"type": "Feature", "id": 1769, "geometry": {"type": "LineString", "coordinates": [[-123.3516605308685, 48.44912631610118], [-123.35216384110329, 48.44905622371568]]}, "properties": {"OBJECTID": 1769, "Label": "70(25)", "Direction": "one", "SHAPE_Length": 38.02473157868833, "Year": "2025", "PDF": "https://cityvictoria.sharepoint.com/:f:/r/sites/TRAN-Transportation-Operations/Our%20Vault/Data%20Collection/2025CP/Metrocount/SLATER%20ST%201300%20BLK?csf=1&web=1&e=LCLuCU"}}, {"type": "Feature", "id": 1770, "geometry": {"type": "LineString", "coordinates": [[-123.36016360774593, 48.4473195330917], [-123.36011657187845, 48.44714448773314]]}, "properties": {"OBJECTID": 1770, "Label": "139(25)", "Direction": "one", "SHAPE_Length": 19.765703743427952, "Year": "2025", "PDF": "https://cityvictoria.sharepoint.com/:f:/r/sites/TRAN-Transportation-Operations/Our%20Vault/Data%20Collection/2025CP/Metrocount/FIFTH%20ST%203100%20BLK?csf=1&web=1&e=9vgkF1"}}, {"type": "Feature", "id": 1771, "geometry": {"type": "LineString", "coordinates": [[-123.33152910220504, 48.427362286435255], [-123.33152484040843, 48.42758700242549]]}, "properties": {"OBJECTID": 1771, "Label": "157(25)", "Direction": "one", "SHAPE_Length": 24.980288436684567, "Year": "2025", "PDF": "https://cityvictoria.sharepoint.com/:f:/r/sites/TRAN-Transportation-Operations/Our%20Vault/Data%20Collection/2025CP/Metrocount/JUBILEE%20AVE%201500%20BLK?csf=1&web=1&e=GD9R2a"}}, {"type": "Feature", "id": 1772, "geometry": {"type": "LineString", "coordinates": [[-123.33718420565499, 48.431988464307864], [-123.33719155527683, 48.43180182421563]]}, "properties": {"OBJECTID": 1772, "Label": "78(25)", "Direction": "one", "SHAPE_Length": 20.75311708060261, "Year": "2025", "PDF": "https://cityvictoria.sharepoint.com/:f:/r/sites/TRAN-Transportation-Operations/Our%20Vault/Data%20Collection/2025CP/Metrocount/VICTOR%20ST%202200%20BLK?csf=1&web=1&e=oyIRef"}}, {"type": "Feature", "id": 1773, "geometry": {"type": "LineString", "coordinates": [[-123.33692460228498, 48.43299149704515], [-123.33691699345148, 48.43313910011888]]}, "properties": {"OBJECTID": 1773, "Label": "123(25)", "Direction": "one", "SHAPE_Length": 16.416485697721217, "Year": "2025", "PDF": "https://cityvictoria.sharepoint.com/:f:/r/sites/TRAN-Transportation-Operations/Our%20Vault/Data%20Collection/2025CP/Metrocount/VICTOR%20ST%202300%20BLK?csf=1&web=1&e=ZAaExI"}}, {"type": "Feature", "id": 1774, "geometry": {"type": "LineString", "coordinates": [[-123.33078138208647, 48.412351503023444], [-123.33078259250662, 48.4125381187184]]}, "properties": {"OBJECTID": 1774, "Label": "91(25)", "Direction": "one", "SHAPE_Length": 20.743400000035763, "Year": "2025", "PDF": "https://cityvictoria.sharepoint.com/:f:/r/sites/TRAN-Transportation-Operations/Our%20Vault/Data%20Collection/2025CP/Metrocount/RICHMOND%20AVE%20200%20BLK?csf=1&web=1&e=G3Xw2G"}}, {"type": "Feature", "id": 1775, "geometry": {"type": "LineString", "coordinates": [[-123.33290858101506, 48.41248817968666], [-123.33291528501925, 48.412200615031644]]}, "properties": {"OBJECTID": 1775, "Label": "101(25)", "Direction": "one", "SHAPE_Length": 31.968007317981467, "Year": "2025", "PDF": "https://cityvictoria.sharepoint.com/:f:/s/TRAN-Transportation-Operations/EnsCNq-zoY9NhsdT1PfIOFYB9Y3mJ_TGjAqXplw9h6kmjA?e=6CLY2n"}}, {"type": "Feature", "id": 1776, "geometry": {"type": "LineString", "coordinates": [[-123.32579630454981, 48.41572159840797], [-123.32617371276841, 48.41569196517727], [-123.3261737249451, 48.41569386881298]]}, "properties": {"OBJECTID": 1776, "Label": "1404(25)", "Direction": "one", "SHAPE_Length": 28.33141907797001, "Year": "2025", "PDF": "https://cityvictoria.sharepoint.com/:f:/r/sites/TRAN-Transportation-Operations/Our%20Vault/Data%20Collection/2025CP/Miovision%20ATR/FAIRFIELD%20RD%201900%20BLK?csf=1&web=1&e=F7ZzhB"}}, {"type": "Feature", "id": 1777, "geometry": {"type": "LineString", "coordinates": [[-123.33852323524866, 48.43211513203543], [-123.3385410395419, 48.43177992843961]]}, "properties": {"OBJECTID": 1777, "Label": "63(25)", "Direction": "one", "SHAPE_Length": 37.28285459074047, "Year": "2025", "PDF": "https://cityvictoria.sharepoint.com/:f:/r/sites/TRAN-Transportation-Operations/Our%20Vault/Data%20Collection/2025CP/Metrocount/FORBES%20ST%202200%20BLK?csf=1&web=1&e=KMif0e"}}, {"type": "Feature", "id": 1778, "geometry": {"type": "LineString", "coordinates": [[-123.34128503333997, 48.43358468713939], [-123.341588382068, 48.43358759532842], [-123.34159124270224, 48.433587586837085]]}, "properties": {"OBJECTID": 1778, "Label": "103(25)", "Direction": "one", "SHAPE_Length": 22.652292720124745, "Year": "2025", "PDF": "https://cityvictoria.sharepoint.com/:f:/r/sites/TRAN-Transportation-Operations/Our%20Vault/Data%20Collection/2025CP/Metrocount/WALNUT%20ST%201400%20BLK?csf=1&web=1&e=Immk6u"}}, {"type": "Feature", "id": 1779, "geometry": {"type": "LineString", "coordinates": [[-123.34157618241953, 48.433475280238895], [-123.34128999078058, 48.43347041657155]]}, "properties": {"OBJECTID": 1779, "Label": "89(25)", "Direction": "one", "SHAPE_Length": 21.176222842785705, "Year": "2025", "PDF": "https://cityvictoria.sharepoint.com/:f:/r/sites/TRAN-Transportation-Operations/Our%20Vault/Data%20Collection/2025CP/Metrocount/WALNUT%20ST%201400%20BLK?csf=1&web=1&e=Immk6u"}}, {"type": "Feature", "id": 1780, "geometry": {"type": "LineString", "coordinates": [[-123.34300148160847, 48.432195717548545], [-123.34298898182132, 48.43246425705016]]}, "properties": {"OBJECTID": 1780, "Label": "178(25)", "Direction": "one", "SHAPE_Length": 29.86385763646733, "Year": "2025", "PDF": "https://cityvictoria.sharepoint.com/:f:/r/sites/TRAN-Transportation-Operations/Our%20Vault/Data%20Collection/2025CP/Metrocount/OREGON%20AVE%202200%20BLK?csf=1&web=1&e=mukmw0"}}, {"type": "Feature", "id": 1781, "geometry": {"type": "LineString", "coordinates": [[-123.34888881583504, 48.433872676680615], [-123.34849386857621, 48.43386625693374]]}, "properties": {"OBJECTID": 1781, "Label": "314(25)", "Direction": "one", "SHAPE_Length": 29.222365981514685, "Year": "2025", "PDF": "https://cityvictoria.sharepoint.com/:f:/r/sites/TRAN-Transportation-Operations/Our%20Vault/Data%20Collection/2025CP/Metrocount/WALNUT%20ST%201200%20BLK?csf=1&web=1&e=qOIJok"}}, {"type": "Feature", "id": 1782, "geometry": {"type": "LineString", "coordinates": [[-123.36196396415738, 48.42057396675371], [-123.36185207539485, 48.42052956802713]]}, "properties": {"OBJECTID": 1782, "Label": "3094 (24)", "Direction": "one", "SHAPE_Length": 9.637826033290315, "Year": "2024", "PDF": "https://cityvictoria.sharepoint.com/:b:/r/sites/TRAN-Transportation-Operations/Our%20Vault/Data%20Collection/2024CP/Miovision%20Scout+%20Speed%20Volume/Fairfield%20Rd%20800%20Blk/FAIRFIELD_800_BLK_20240607_MiovisionATR_000244.pdf?csf=1&web=1&e=qpGLVj"}}, {"type": "Feature", "id": 1783, "geometry": {"type": "LineString", "coordinates": [[-123.3849287183208, 48.43615103902096], [-123.38492687705622, 48.43590729870068]]}, "properties": {"OBJECTID": 1783, "Label": "206(24)", "Direction": "one", "SHAPE_Length": 27.093399999663234, "Year": "2024", "PDF": "https://cityvictoria.sharepoint.com/:f:/s/TRAN-Transportation-Operations/Egi4mCGbe89DoQNwcIbfrLIBVmEcNry6US5_pgESAsjMsQ?e=1rhvjR"}}, {"type": "Feature", "id": 1784, "geometry": {"type": "LineString", "coordinates": [[-123.38405087608963, 48.43654881149926], [-123.3842340389547, 48.43655010464984]]}, "properties": {"OBJECTID": 1784, "Label": "66(24)", "Direction": "one", "SHAPE_Length": 13.548354061485934, "Year": "2024", "PDF": "https://cityvictoria.sharepoint.com/:f:/s/TRAN-Transportation-Operations/ErxzGrje3FdFqW7mHrIcAucBKJJs96K9ijMGtErZ5LlHXQ?e=AQF1XO"}}, {"type": "Feature", "id": 1785, "geometry": {"type": "LineString", "coordinates": [[-123.35366631869911, 48.43631108089961], [-123.35375578095883, 48.43662501034253]]}, "properties": {"OBJECTID": 1785, "Label": "315(24)", "Direction": "one", "SHAPE_Length": 35.5167560974481, "Year": "2024", "PDF": "https://cityvictoria.sharepoint.com/:f:/r/sites/TRAN-Transportation-Operations/Our%20Vault/Data%20Collection/2024CP/Metrocount/PRIOR%202500%20BLK?csf=1&web=1&e=WE11nI"}}, {"type": "Feature", "id": 1786, "geometry": {"type": "LineString", "coordinates": [[-123.37248049403456, 48.44105321547745], [-123.37241739533108, 48.44083918923394]]}, "properties": {"OBJECTID": 1786, "Label": "294(24)", "Direction": "one", "SHAPE_Length": 24.24356841645331, "Year": "2024", "PDF": "https://cityvictoria.sharepoint.com/:f:/r/sites/TRAN-Transportation-Operations/Our%20Vault/Data%20Collection/2024CP/Metrocount/SUMAS%20600%20BLK/SOUTH?csf=1&web=1&e=v7AHKC"}}, {"type": "Feature", "id": 1787, "geometry": {"type": "LineString", "coordinates": [[-123.37221865836815, 48.44086268335548], [-123.37228033134745, 48.44107766615013]]}, "properties": {"OBJECTID": 1787, "Label": "401(24)", "Direction": "one", "SHAPE_Length": 24.327923945764432, "Year": "2024", "PDF": "https://cityvictoria.sharepoint.com/:f:/r/sites/TRAN-Transportation-Operations/Our%20Vault/Data%20Collection/2024CP/Metrocount/SUMAS%20600%20BLK/SOUTH?csf=1&web=1&e=v7AHKC"}}, {"type": "Feature", "id": 1788, "geometry": {"type": "LineString", "coordinates": [[-123.35341358375663, 48.438988352554546], [-123.35348700609532, 48.43925853267562]]}, "properties": {"OBJECTID": 1788, "Label": "256(24)", "Direction": "one", "SHAPE_Length": 30.518966296580675, "Year": "2024", "PDF": "https://cityvictoria.sharepoint.com/:f:/s/TRAN-Transportation-Operations/Eu2o2GG1EuVLlW0-zD9DEL4BQ3Nb65-pqohwKOj2TE4RDQ?e=sOsRev"}}, {"type": "Feature", "id": 1789, "geometry": {"type": "LineString", "coordinates": [[-123.33748296599474, 48.435286873070126], [-123.33749196492839, 48.434917418899516]]}, "properties": {"OBJECTID": 1789, "Label": "149(25)", "Direction": "one", "SHAPE_Length": 41.07212620679747, "Year": "2025", "PDF": "https://cityvictoria.sharepoint.com/:f:/s/TRAN-Transportation-Operations/Ei3ppGELh1FNvLoZEJVxIFYBEsfc1r0c_hEPT_WTlp_xQw?e=iYuc3q"}}, {"type": "Feature", "id": 1790, "geometry": {"type": "LineString", "coordinates": [[-123.34107386016218, 48.43534748114124], [-123.34107708479536, 48.4349742346643]]}, "properties": {"OBJECTID": 1790, "Label": "119(25)", "Direction": "one", "SHAPE_Length": 41.488959460751204, "Year": "2025", "PDF": "https://cityvictoria.sharepoint.com/:f:/s/TRAN-Transportation-Operations/EhgQX15hNG9JtKFg8wBTPKIBKdi11FUOfwuZuUsP4WLjxA?e=FklxKl"}}, {"type": "Feature", "id": 1791, "geometry": {"type": "LineString", "coordinates": [[-123.3398981041729, 48.43531955302734], [-123.33990740449637, 48.434997703766925]]}, "properties": {"OBJECTID": 1791, "Label": "180(25)", "Direction": "one", "SHAPE_Length": 35.78181907261253, "Year": "2025", "PDF": "https://cityvictoria.sharepoint.com/:f:/s/TRAN-Transportation-Operations/EgMQ1a1uN1FOoJM0CCwQwS8B__bZ5rqw4pJ1YiUc4NhOug?e=3go3ly"}}, {"type": "Feature", "id": 1792, "geometry": {"type": "LineString", "coordinates": [[-123.33846612924434, 48.434967172189346], [-123.33845113494517, 48.43529474996738]]}, "properties": {"OBJECTID": 1792, "Label": "203(25)", "Direction": "one", "SHAPE_Length": 36.42884440798276, "Year": "2025", "PDF": "https://cityvictoria.sharepoint.com/:f:/s/TRAN-Transportation-Operations/EqLExZ_vAiRNnDImdCiPuiUB3zbkBgJA9BsWIzF6AnIEng?e=xgVlmd"}}, {"type": "Feature", "id": 1793, "geometry": {"type": "LineString", "coordinates": [[-123.35619874845669, 48.43618879128826], [-123.35610493817917, 48.43586916527385]]}, "properties": {"OBJECTID": 1793, "Label": "154(25)", "Direction": "one", "SHAPE_Length": 36.19934457419235, "Year": "2025", "PDF": "https://cityvictoria.sharepoint.com/sites/TRAN-Transportation-Operations/Our%20Vault/Forms/AllItems.aspx?newTargetListUrl=%2Fsites%2FTRAN%2DTransportation%2DOperations%2FOur%20Vault&viewpath=%2Fsites%2FTRAN%2DTransportation%2DOperations%2FOur%20Vault%2FForms%2FAllItems%2Easpx&id=%2Fsites%2FTRAN%2DTransportation%2DOperations%2FOur%20Vault%2FData%20Collection%2F2025CP%2FMetrocount%2FVANCOUVER%202500%20Blk&viewid=d34b2990%2D7aeb%2D4130%2D843b%2Df714a25b75d5"}}, {"type": "Feature", "id": 1794, "geometry": {"type": "LineString", "coordinates": [[-123.33313022310189, 48.437950094012685], [-123.3327006309964, 48.437901825351815]]}, "properties": {"OBJECTID": 1794, "Label": "133(25)", "Direction": "one", "SHAPE_Length": 32.22353583355318, "Year": "2025", "PDF": "https://cityvictoria.sharepoint.com/sites/TRAN-Transportation-Operations/Our%20Vault/Forms/AllItems.aspx?newTargetListUrl=%2Fsites%2FTRAN%2DTransportation%2DOperations%2FOur%20Vault&viewpath=%2Fsites%2FTRAN%2DTransportation%2DOperations%2FOur%20Vault%2FForms%2FAllItems%2Easpx&id=%2Fsites%2FTRAN%2DTransportation%2DOperations%2FOur%20Vault%2FData%20Collection%2F2025CP%2FMetrocount%2FKINGS%20RD%201700%20BLK&viewid=d34b2990%2D7aeb%2D4130%2D843b%2Df714a25b75d5"}}, {"type": "Feature", "id": 1795, "geometry": {"type": "LineString", "coordinates": [[-123.33744407027471, 48.4303299744289], [-123.33716932856065, 48.43032316328044]]}, "properties": {"OBJECTID": 1795, "Label": "132(25)", "Direction": "one", "SHAPE_Length": 20.337728377940717, "Year": "2025", "PDF": "https://cityvictoria.sharepoint.com/:f:/s/TRAN-Transportation-Operations/EhTrAp9M001IrgENJMubtuIBgYRdB77AcC0sprVN5R36Sw?e=PbgBZy"}}, {"type": "Feature", "id": 1796, "geometry": {"type": "LineString", "coordinates": [[-123.34086694257837, 48.430422716766294], [-123.34064373119388, 48.43041956949393]]}, "properties": {"OBJECTID": 1796, "Label": "205(25)", "Direction": "one", "SHAPE_Length": 16.51542560403883, "Year": "2025", "PDF": "https://cityvictoria.sharepoint.com/sites/TRAN-Transportation-Operations/Our%20Vault/Forms/AllItems.aspx?id=%2Fsites%2FTRAN%2DTransportation%2DOperations%2FOur%20Vault%2FData%20Collection%2F2025CP%2FMetrocount%2FGLADSTONE%20AVE%201400%20BLK&viewid=d34b2990%2D7aeb%2D4130%2D843b%2Df714a25b75d5"}}, {"type": "Feature", "id": 1797, "geometry": {"type": "LineString", "coordinates": [[-123.34353039287913, 48.42864573029966], [-123.34321274200292, 48.42863906167085]]}, "properties": {"OBJECTID": 1797, "Label": "224(25)", "Direction": "one", "SHAPE_Length": 23.510247905220794, "Year": "2025", "PDF": "https://cityvictoria.sharepoint.com/sites/TRAN-Transportation-Operations/Our%20Vault/Forms/AllItems.aspx?id=%2Fsites%2FTRAN%2DTransportation%2DOperations%2FOur%20Vault%2FData%20Collection%2F2025CP%2FMetrocount%2FGRANT%20ST%201300%20BLK&viewid=d34b2990%2D7aeb%2D4130%2D843b%2Df714a25b75d5"}}, {"type": "Feature", "id": 1798, "geometry": {"type": "LineString", "coordinates": [[-123.33978077169284, 48.42947307048266], [-123.34018712963548, 48.42947948638497]]}, "properties": {"OBJECTID": 1798, "Label": "121(25)", "Direction": "one", "SHAPE_Length": 30.0687205874463, "Year": "2025", "PDF": "https://cityvictoria.sharepoint.com/sites/TRAN-Transportation-Operations/Our%20Vault/Forms/AllItems.aspx?id=%2Fsites%2FTRAN%2DTransportation%2DOperations%2FOur%20Vault%2FData%20Collection%2F2025CP%2FMetrocount%2FVINING%20ST%201400%20BLK&viewid=d34b2990%2D7aeb%2D4130%2D843b%2Df714a25b75d5"}}, {"type": "Feature", "id": 1799, "geometry": {"type": "LineString", "coordinates": [[-123.33911749786202, 48.42923212336221], [-123.3391559842516, 48.42899588067595]]}, "properties": {"OBJECTID": 1799, "Label": "369(25)", "Direction": "one", "SHAPE_Length": 26.413451265985895, "Year": "2025", "PDF": "https://cityvictoria.sharepoint.com/:f:/s/TRAN-Transportation-Operations/EsqHjhypGoxFoXaHqa8-MGQBEVsRxlH7HuWDFPB-JHXl0A?e=xKLZSk"}}, {"type": "Feature", "id": 1800, "geometry": {"type": "LineString", "coordinates": [[-123.35988762802435, 48.44715091668836], [-123.35993470348018, 48.44733167479684]]}, "properties": {"OBJECTID": 1800, "Label": "134(25)", "Direction": "one", "SHAPE_Length": 20.39160335673185, "Year": "2025", "PDF": "https://cityvictoria.sharepoint.com/:f:/r/sites/TRAN-Transportation-Operations/Our%20Vault/Data%20Collection/2025CP/Metrocount/FIFTH%20ST%203100%20BLK?csf=1&web=1&e=9vgkF1"}}, {"type": "Feature", "id": 1801, "geometry": {"type": "LineString", "coordinates": [[-123.33436985540551, 48.42729122638969], [-123.33436855627576, 48.42709318586295]]}, "properties": {"OBJECTID": 1801, "Label": "383(25)", "Direction": "one", "SHAPE_Length": 22.013399999588728, "Year": "2025", "PDF": "https://cityvictoria.sharepoint.com/:f:/r/sites/TRAN-Transportation-Operations/Our%20Vault/Data%20Collection/2025CP/Metrocount/MORRISON%20ST%201500%20BLK?csf=1&web=1&e=lmeUex"}}, {"type": "Feature", "id": 1802, "geometry": {"type": "LineString", "coordinates": [[-123.33696258908229, 48.43179487753272], [-123.33695240190379, 48.43198533414839]]}, "properties": {"OBJECTID": 1802, "Label": "74(25)", "Direction": "one", "SHAPE_Length": 21.183627870999867, "Year": "2025", "PDF": "https://cityvictoria.sharepoint.com/:f:/r/sites/TRAN-Transportation-Operations/Our%20Vault/Data%20Collection/2025CP/Metrocount/VICTOR%20ST%202200%20BLK?csf=1&web=1&e=oyIRef"}}, {"type": "Feature", "id": 1803, "geometry": {"type": "LineString", "coordinates": [[-123.38886889908045, 48.429097072803046], [-123.38886786028804, 48.428960920915486]]}, "properties": {"OBJECTID": 1803, "Label": "122(25)", "Direction": "one", "SHAPE_Length": 15.134200001135468, "Year": "2025", "PDF": "https://cityvictoria.sharepoint.com/:f:/r/sites/TRAN-Transportation-Operations/Our%20Vault/Data%20Collection/2025CP/Metrocount/ROBERT%20ST%20200%20BLK?csf=1&web=1&e=OzaSO1"}}, {"type": "Feature", "id": 1804, "geometry": {"type": "LineString", "coordinates": [[-123.33710300520482, 48.433140459038626], [-123.33710922593849, 48.43299952554416]]}, "properties": {"OBJECTID": 1804, "Label": "154(25)", "Direction": "one", "SHAPE_Length": 15.672233845372222, "Year": "2025", "PDF": "https://cityvictoria.sharepoint.com/:f:/r/sites/TRAN-Transportation-Operations/Our%20Vault/Data%20Collection/2025CP/Metrocount/VICTOR%20ST%202300%20BLK?csf=1&web=1&e=ZAaExI"}}, {"type": "Feature", "id": 1805, "geometry": {"type": "LineString", "coordinates": [[-123.33153403607932, 48.4122503055206], [-123.3315350202284, 48.4124016922476], [-123.33152929997976, 48.41240170872882]]}, "properties": {"OBJECTID": 1805, "Label": "186(25)", "Direction": "one", "SHAPE_Length": 17.250799998641014, "Year": "2025", "PDF": "https://cityvictoria.sharepoint.com/:f:/r/sites/TRAN-Transportation-Operations/Our%20Vault/Data%20Collection/2025CP/Metrocount/ROBERTSON%20ST%20200%20BLK?csf=1&web=1&e=wPJHhH"}}, {"type": "Feature", "id": 1806, "geometry": {"type": "LineString", "coordinates": [[-123.3261527886175, 48.415551107906076], [-123.32576402266659, 48.41559410341421]]}, "properties": {"OBJECTID": 1806, "Label": "1364(25)", "Direction": "one", "SHAPE_Length": 29.161013513335718, "Year": "2025", "PDF": "https://cityvictoria.sharepoint.com/:f:/r/sites/TRAN-Transportation-Operations/Our%20Vault/Data%20Collection/2025CP/Miovision%20ATR/FAIRFIELD%20RD%201900%20BLK?csf=1&web=1&e=F7ZzhB"}}, {"type": "Feature", "id": 1807, "geometry": {"type": "LineString", "coordinates": [[-123.3398054946668, 48.43312743310292], [-123.33981294910772, 48.43295793094612]]}, "properties": {"OBJECTID": 1807, "Label": "235(25)", "Direction": "one", "SHAPE_Length": 18.84909917174632, "Year": "2025", "PDF": "https://cityvictoria.sharepoint.com/:f:/s/TRAN-Transportation-Operations/Ehm9fqFaFblGqn7UC4ItEVMB6s393o_Z3HEKakHQq7Sc4g?e=isbjId"}}, {"type": "Feature", "id": 1808, "geometry": {"type": "LineString", "coordinates": [[-123.34191812184373, 48.432818158967656], [-123.34218284228076, 48.43282213218585]]}, "properties": {"OBJECTID": 1808, "Label": "335(25)", "Direction": "one", "SHAPE_Length": 19.586347781914405, "Year": "2025", "PDF": "https://cityvictoria.sharepoint.com/:f:/s/TRAN-Transportation-Operations/Eqv5nWHv_VFDuKzH3kKnP4UBClsTwRepuRh384vwWjaD-w?e=Av4VQh"}}, {"type": "Feature", "id": 1809, "geometry": {"type": "LineString", "coordinates": [[-123.3355465783382, 48.43299115917345], [-123.3355404585062, 48.43314827883418]]}, "properties": {"OBJECTID": 1809, "Label": "154(25)", "Direction": "one", "SHAPE_Length": 17.4705168451795, "Year": "2025", "PDF": "https://cityvictoria.sharepoint.com/:f:/r/sites/TRAN-Transportation-Operations/Our%20Vault/Data%20Collection/2025CP/Metrocount/SHAKESPEARE%20ST%202300%20BLK?csf=1&web=1&e=JuU9PS"}}, {"type": "Feature", "id": 1810, "geometry": {"type": "LineString", "coordinates": [[-123.33574655014593, 48.43315719965349], [-123.33575698041285, 48.43300292290234]]}, "properties": {"OBJECTID": 1810, "Label": "244(25)", "Direction": "one", "SHAPE_Length": 17.165994143762635, "Year": "2025", "PDF": "https://cityvictoria.sharepoint.com/:f:/r/sites/TRAN-Transportation-Operations/Our%20Vault/Data%20Collection/2025CP/Metrocount/SHAKESPEARE%20ST%202300%20BLK?csf=1&web=1&e=JuU9PS"}}, {"type": "Feature", "id": 1811, "geometry": {"type": "LineString", "coordinates": [[-123.34596272820784, 48.43364918983796], [-123.34557920376594, 48.43363891661851]]}, "properties": {"OBJECTID": 1811, "Label": "242(25)", "Direction": "one", "SHAPE_Length": 28.391818531302324, "Year": "2025", "PDF": "https://cityvictoria.sharepoint.com/:f:/r/sites/TRAN-Transportation-Operations/Our%20Vault/Data%20Collection/2025CP/Metrocount/WALNUT%20ST%201200%20BLK?csf=1&web=1&e=qOIJok"}}, {"type": "Feature", "id": 1812, "geometry": {"type": "LineString", "coordinates": [[-123.34855143909354, 48.433915593152875], [-123.34892924215781, 48.43392587381564]]}, "properties": {"OBJECTID": 1812, "Label": "384(25)", "Direction": "one", "SHAPE_Length": 27.96884874238573, "Year": "2025", "PDF": "https://cityvictoria.sharepoint.com/:f:/r/sites/TRAN-Transportation-Operations/Our%20Vault/Data%20Collection/2025CP/Metrocount/WALNUT%20ST%201200%20BLK?csf=1&web=1&e=qOIJok"}}, {"type": "Feature", "id": 1813, "geometry": {"type": "LineString", "coordinates": [[-123.3462489700159, 48.42616583938715], [-123.34606151466058, 48.42615878680618], [-123.34606294476856, 48.426158782505425]]}, "properties": {"OBJECTID": 1813, "Label": "124(25)", "Direction": "one", "SHAPE_Length": 13.995824232968687, "Year": "2025", "PDF": "https://cityvictoria.sharepoint.com/:f:/s/TRAN-Transportation-Operations/Egqr9QuNKBhMoPlKFnfAt8sBilU-GCN4SBezYCFe7dLtlg?e=mpgs7S"}}, {"type": "Feature", "id": 1814, "geometry": {"type": "LineString", "coordinates": [[-123.35414824242363, 48.434537724552264], [-123.3539020526323, 48.43452515267845]]}, "properties": {"OBJECTID": 1814, "Label": "95(25)", "Direction": "one", "SHAPE_Length": 18.263595213545862, "Year": "2025", "PDF": "https://cityvictoria.sharepoint.com/:f:/s/TRAN-Transportation-Operations/ElbDP7PkOvpEp4UFQMHDdP0BllIKVF8hZiX-4PUCWdnkeg?e=OpbbgZ"}}, {"type": "Feature", "id": 1815, "geometry": {"type": "LineString", "coordinates": [[-123.33408293864433, 48.41689602649477], [-123.33426707289614, 48.41683836275396]]}, "properties": {"OBJECTID": 1815, "Label": "745(25)", "Direction": "one", "SHAPE_Length": 15.057042415365919, "Year": "2025", "PDF": "https://cityvictoria.sharepoint.com/:f:/s/TRAN-Transportation-Operations/Et3MoUbZ6hRPr-Cowyt8ne8Bgfzz1KjBhv30T2LP1hvfjg?e=7BwrrM"}}, {"type": "Feature", "id": 1816, "geometry": {"type": "LineString", "coordinates": [[-123.33875906638681, 48.41437402546544], [-123.3383615254274, 48.414384716188415]]}, "properties": {"OBJECTID": 1816, "Label": "227(23)", "Direction": "one", "SHAPE_Length": 29.44072739971323, "Year": "2023", "PDF": "https://cityvictoria.sharepoint.com/:f:/s/TRAN-Transportation-Operations/EnJxFWjBJe5HkMHXT0U97ycBxrTeS4jKmMoRVkGIgh2pvQ?e=nwlnnU"}}, {"type": "Feature", "id": 1817, "geometry": {"type": "LineString", "coordinates": [[-123.39374774977054, 48.43513730940339], [-123.39375445116485, 48.4348935399215]]}, "properties": {"OBJECTID": 1817, "Label": "1075(25)", "Direction": "one", "SHAPE_Length": 27.10084036782621, "Year": "2025", "PDF": "https://cityvictoria.sharepoint.com/:f:/s/TRAN-Transportation-Operations/Epa2Gtiv2vBMqiGk20ZkcQwBS0uKqguP6YBh9l7EPBT0Mg?e=xdQO4b"}}, {"type": "Feature", "id": 1818, "geometry": {"type": "LineString", "coordinates": [[-123.3717440580648, 48.44251026760253], [-123.37139802995348, 48.44254947068731], [-123.37139804383152, 48.44255137430492]]}, "properties": {"OBJECTID": 1818, "Label": "206(23)", "Direction": "one", "SHAPE_Length": 26.170815174318577, "Year": "2023", "PDF": "https://cityvictoria.sharepoint.com/:f:/s/TRAN-Transportation-Operations/EhSuoHbwdj1Pk9fPIOrdCuABzsx00fYh7ITv0s3q9Y-y2g?e=or3UVF"}}, {"type": "Feature", "id": 1819, "geometry": {"type": "LineString", "coordinates": [[-123.3768499623669, 48.42703722981634], [-123.37713416085157, 48.427163884975876]]}, "properties": {"OBJECTID": 1819, "Label": "845(25)", "Direction": "one", "SHAPE_Length": 25.302818813492348, "Year": "2025", "PDF": "https://cityvictoria.sharepoint.com/:f:/s/TRAN-Transportation-Operations/ErIuBMc7ZdpDngFnqB6A1RQBJVP3iXaAidHMSr_BGTYkpg?e=68tLE0"}}, {"type": "Feature", "id": 1820, "geometry": {"type": "LineString", "coordinates": [[-123.35523319266285, 48.448213087268], [-123.35514509144527, 48.447893442607274]]}, "properties": {"OBJECTID": 1820, "Label": "59(25)", "Direction": "one", "SHAPE_Length": 36.122613582495376, "Year": "2025", "PDF": "https://cityvictoria.sharepoint.com/:f:/s/TRAN-Transportation-Operations/EtJ4J3zxJv1Mm7hRpYf-YcoB4kHsQxUb2T-QTnbb579DZQ?e=ACpuOL"}}, {"type": "Feature", "id": 1821, "geometry": {"type": "LineString", "coordinates": [[-123.33738988196625, 48.439340750528956], [-123.33739690389079, 48.43910460019922]]}, "properties": {"OBJECTID": 1821, "Label": "196(23)", "Direction": "one", "SHAPE_Length": 26.25448028876063, "Year": "2023", "PDF": "https://cityvictoria.sharepoint.com/:f:/s/TRAN-Transportation-Operations/ElYx4OzpYQBIttJODV01EJgBXyU8qKNwvsYy49u6dC986A?e=nTQRZE"}}, {"type": "Feature", "id": 1822, "geometry": {"type": "LineString", "coordinates": [[-123.35662340106205, 48.43376852572557], [-123.35621688871666, 48.433745029042065]]}, "properties": {"OBJECTID": 1822, "Label": "663(23)", "Direction": "one", "SHAPE_Length": 30.18239665369618, "Year": "2023", "PDF": "https://cityvictoria.sharepoint.com/:f:/s/TRAN-Transportation-Operations/EmJhf8vHjpBMuJgoPYoYEnYBNCPoqDcy9qH63cphdDA6eg?e=1AQaTx"}}, {"type": "Feature", "id": 1823, "geometry": {"type": "LineString", "coordinates": [[-123.3571623221244, 48.43214345165444], [-123.35686461043885, 48.43212723688675]]}, "properties": {"OBJECTID": 1823, "Label": "679(23)", "Direction": "one", "SHAPE_Length": 22.095673888511254, "Year": "2023", "PDF": "https://cityvictoria.sharepoint.com/:f:/s/TRAN-Transportation-Operations/ErAEM611TvNEjR9o1sCOCoEBwnrqg7fGwmu1mdNAQcy15Q?e=TdNK9c"}}, {"type": "Feature", "id": 1824, "geometry": {"type": "LineString", "coordinates": [[-123.35227819517324, 48.41592673087139], [-123.35224492102175, 48.416079174973156]]}, "properties": {"OBJECTID": 1824, "Label": "497(23)", "Direction": "one", "SHAPE_Length": 17.12283958763083, "Year": "2023", "PDF": "https://cityvictoria.sharepoint.com/:f:/s/TRAN-Transportation-Operations/Eg8BRiOEtnxLvfn0kOU2Pc8B6tLGRg-HfOHDxG53fwkKNA?e=u4j1yV"}}, {"type": "Feature", "id": 1825, "geometry": {"type": "LineString", "coordinates": [[-123.35703975125547, 48.431478503582376], [-123.35718859185808, 48.43148470631756]]}, "properties": {"OBJECTID": 1825, "Label": "134(23)", "Direction": "one", "SHAPE_Length": 11.03160140341333, "Year": "2023", "PDF": "https://cityvictoria.sharepoint.com/:f:/s/TRAN-Transportation-Operations/Ei37hRUOvh9FgwQT4wMUliIBAyuZRxM0Mrxr7RzrBw7KPw?e=vBO7sJ"}}, {"type": "Feature", "id": 1826, "geometry": {"type": "LineString", "coordinates": [[-123.35691821722983, 48.4347570423896], [-123.35714723926725, 48.43476966109314]]}, "properties": {"OBJECTID": 1826, "Label": "222(23)", "Direction": "one", "SHAPE_Length": 16.998093249018797, "Year": "2023", "PDF": "https://cityvictoria.sharepoint.com/:f:/s/TRAN-Transportation-Operations/EuVuPu5se0BFn6bXYtM2aZ4BNASskHJZ_yJDIv3b97ezjg?e=osMfqc"}}, {"type": "Feature", "id": 1827, "geometry": {"type": "LineString", "coordinates": [[-123.38082684207853, 48.42078187689326], [-123.38098045763795, 48.42085658764954]]}, "properties": {"OBJECTID": 1827, "Label": "123(25)", "Direction": "one", "SHAPE_Length": 14.076297611176955, "Year": "2025", "PDF": "https://cityvictoria.sharepoint.com/:f:/s/TRAN-Transportation-Operations/EjzPWYXBTydFvNCLnUhMqaYBo5yuuDRXq10fiyQjSj2O7Q?e=bpcsVj"}}, {"type": "Feature", "id": 1828, "geometry": {"type": "LineString", "coordinates": [[-123.35576926066712, 48.444568685638444], [-123.35597015712989, 48.444543785528694]]}, "properties": {"OBJECTID": 1828, "Label": "168(25)", "Direction": "one", "SHAPE_Length": 15.112510904999619, "Year": "2025", "PDF": "https://cityvictoria.sharepoint.com/:f:/s/TRAN-Transportation-Operations/ElGPVZFZ4nFGibOqGpwrIpkBwTk-oz3K6WPfMvq6EzTq9w?e=5E578g"}}, {"type": "Feature", "id": 1829, "geometry": {"type": "LineString", "coordinates": [[-123.34811727782244, 48.43736539758459], [-123.34814158934245, 48.437153950807435]]}, "properties": {"OBJECTID": 1829, "Label": "132(25)", "Direction": "one", "SHAPE_Length": 23.572103214657837, "Year": "2025", "PDF": "https://cityvictoria.sharepoint.com/:f:/s/TRAN-Transportation-Operations/Eq7k3FMJyBhHhxAFu4MGTiEBFRjM3wtA3V68Ap3peRkdrw?e=IPADUC"}}, {"type": "Feature", "id": 1830, "geometry": {"type": "LineString", "coordinates": [[-123.36014261810784, 48.41279538135263], [-123.35994522617362, 48.412792189847146]]}, "properties": {"OBJECTID": 1830, "Label": "523(25)", "Direction": "one", "SHAPE_Length": 14.611135908861062, "Year": "2025", "PDF": "https://cityvictoria.sharepoint.com/:f:/s/TRAN-Transportation-Operations/Ek1kouqv0bVIhdtlp5hbpuUBshNurVDcpXMgVMLC-gA1kA?e=VgXGbf"}}, {"type": "Feature", "id": 1831, "geometry": {"type": "LineString", "coordinates": [[-123.34994605010915, 48.430008191675554], [-123.34992419140066, 48.430158695441705]]}, "properties": {"OBJECTID": 1831, "Label": "998(25)", "Direction": "one", "SHAPE_Length": 16.807226256456985, "Year": "2025", "PDF": "https://cityvictoria.sharepoint.com/:f:/s/TRAN-Transportation-Operations/Es8Q2chpCpZMl-TyKs8zC7cBcgtu7xHtUdMDlrmf_dPWzw?e=kwMHM0"}}, {"type": "Feature", "id": 1832, "geometry": {"type": "LineString", "coordinates": [[-123.35026589830674, 48.42825148133263], [-123.35028222816503, 48.42812955827662]]}, "properties": {"OBJECTID": 1832, "Label": "1733(25)", "Direction": "one", "SHAPE_Length": 13.606100869061267, "Year": "2025", "PDF": "https://cityvictoria.sharepoint.com/:f:/s/TRAN-Transportation-Operations/EqYBEfa95qNCto2eCoS4moIBKBGarslHP2IWU2dn38V6vg?e=beetKU"}}, {"type": "Feature", "id": 1833, "geometry": {"type": "LineString", "coordinates": [[-123.34853303392971, 48.42787101189299], [-123.34836414990613, 48.42786104951211]]}, "properties": {"OBJECTID": 1833, "Label": "342(25)", "Direction": "one", "SHAPE_Length": 12.542547436815502, "Year": "2025", "PDF": "https://cityvictoria.sharepoint.com/:f:/s/TRAN-Transportation-Operations/El9OpN1TgapLqHQ7ZC1zxfgBCX2l3W6pBDtMlvNjB0qInw?e=M8mAJS"}}, {"type": "Feature", "id": 1834, "geometry": {"type": "LineString", "coordinates": [[-123.33119488374673, 48.42438343696005], [-123.3310352220925, 48.42446959019919]]}, "properties": {"OBJECTID": 1834, "Label": "155 (26)", "Direction": "one", "SHAPE_Length": 15.206331792623162, "Year": "2026", "PDF": "https://cityvictoria.sharepoint.com/:b:/r/sites/TRAN-Transportation-Operations/Our%20Vault/Data%20Collection/2026CP/Metrocount/GREEN%20OAKS%20TERRACE%201700%20BLK/GREEN%20OAKS%20TERRACE_1700_20260206_MetrocountSpeedVolClsStudy_000672.pdf?csf=1&web=1&e=tjIf7a"}}, {"type": "Feature", "id": 1835, "geometry": {"type": "LineString", "coordinates": [[-123.35970498302507, 48.43461301987478], [-123.3596748621547, 48.43480544533293]]}, "properties": {"OBJECTID": 1835, "Label": "108", "Direction": "one", "SHAPE_Length": 21.50482348478976, "Year": "2026", "PDF": "https://cityvictoria.sharepoint.com/:b:/r/sites/TRAN-Transportation-Operations/Our%20Vault/Data%20Collection/2026CP/Metrocount/WARK%20ST%202300%20BLK/WARK_2300_20260211_MetrocountSpeedVolClsStudy_000673.pdf?csf=1&web=1&e=XqZBFm"}}, {"type": "Feature", "id": 1836, "geometry": {"type": "LineString", "coordinates": [[-123.35923916993173, 48.434034379875584], [-123.35955892785776, 48.43404910626698]]}, "properties": {"OBJECTID": 1836, "Label": "210", "Direction": "one", "SHAPE_Length": 23.708519363819363, "Year": "2026", "PDF": "https://cityvictoria.sharepoint.com/:b:/r/sites/TRAN-Transportation-Operations/Our%20Vault/Data%20Collection/2026CP/Metrocount/QUEENS%20AVE%20800%20BLK/QUEENS_800_20260211_MetrocountSpeedandVolume_000674.pdf?csf=1&web=1&e=WBOjpU"}}, {"type": "Feature", "id": 1837, "geometry": {"type": "LineString", "coordinates": [[-123.35956871396647, 48.43395647354643], [-123.35925953222957, 48.43393839624625]]}, "properties": {"OBJECTID": 1837, "Label": "369", "Direction": "one", "SHAPE_Length": 22.957787760741237, "Year": "2026", "PDF": "https://cityvictoria.sharepoint.com/:b:/r/sites/TRAN-Transportation-Operations/Our%20Vault/Data%20Collection/2026CP/Metrocount/QUEENS%20AVE%20800%20BLK/QUEENS_800_20260211_MetrocountSpeedandVolume_000674.pdf?csf=1&web=1&e=WBOjpU"}}, {"type": "Feature", "id": 1838, "geometry": {"type": "LineString", "coordinates": [[-123.36117968031213, 48.43478505575715], [-123.36120689160451, 48.43458692623962]]}, "properties": {"OBJECTID": 1838, "Label": "717", "Direction": "one", "SHAPE_Length": 22.11492200269237, "Year": "2026", "PDF": "https://cityvictoria.sharepoint.com/:b:/r/sites/TRAN-Transportation-Operations/Our%20Vault/Data%20Collection/2026CP/Metrocount/DOWLER%20PLACE%202300%20BLK/DOWLER%20PLACE%202300_20260211_SPEEDandVOLUME_000671.pdf?csf=1&web=1&e=FnOnIb"}}, {"type": "Feature", "id": 1839, "geometry": {"type": "LineString", "coordinates": [[-123.3539782931341, 48.415746141004355], [-123.35434752785775, 48.415777377758566]]}, "properties": {"OBJECTID": 1839, "Label": "418 (26)", "Direction": "one", "SHAPE_Length": 27.541186767238674, "Year": "2026", "PDF": "https://cityvictoria.sharepoint.com/:b:/r/sites/TRAN-Transportation-Operations/Our%20Vault/Data%20Collection/2026CP/Metrocount/OSCAR%20ST%201100%20BLK/OSCAR_1100_20260312_SPEEDandVOLUME_000687.pdf?csf=1&web=1&e=Lcrw1n"}}, {"type": "Feature", "id": 1840, "geometry": {"type": "LineString", "coordinates": [[-123.34077332933136, 48.43504071740486], [-123.3407734034446, 48.43535828362194]]}, "properties": {"OBJECTID": 1840, "Label": "158 (26)", "Direction": "one", "SHAPE_Length": 35.29912554249562, "Year": "2026", "PDF": "https://cityvictoria.sharepoint.com/:b:/r/sites/TRAN-Transportation-Operations/Our%20Vault/Data%20Collection/2026CP/Metrocount/AVEBURY%20AVE%202500%20BLK/AVEBURY_2500_20260325_MetroCountStudy_000698.pdf?csf=1&web=1&e=1Hu8dx"}}, {"type": "Feature", "id": 1841, "geometry": {"type": "LineString", "coordinates": [[-123.35203050192575, 48.42776275245991], [-123.35245418459753, 48.42779382780266]]}, "properties": {"OBJECTID": 1841, "Label": "53 (26)", "Direction": "one", "SHAPE_Length": 31.532679805540315, "Year": "2026", "PDF": "https://cityvictoria.sharepoint.com/:b:/r/sites/TRAN-Transportation-Operations/Our%20Vault/Data%20Collection/2026CP/Metrocount/MASON%20ST%201100%20BLK/MASON_1100_20260319_MetroCountStudy_000701.pdf?csf=1&web=1&e=UarXkT"}}, {"type": "Feature", "id": 1842, "geometry": {"type": "LineString", "coordinates": [[-123.3600775685549, 48.44388683200608], [-123.35954000197489, 48.443960875257346]]}, "properties": {"OBJECTID": 1842, "Label": "328 (26)", "Direction": "one", "SHAPE_Length": 40.59816457785523, "Year": "2026", "PDF": "https://cityvictoria.sharepoint.com/:b:/r/sites/TRAN-Transportation-Operations/Our%20Vault/Data%20Collection/2026CP/Metrocount/SUMMIT%20AVE%201000%20BLK/SUMMIT_1000_20260319_MetroCountStudy_000702.pdf?csf=1&web=1&e=5gmbMU"}}, {"type": "Feature", "id": 1843, "geometry": {"type": "LineString", "coordinates": [[-123.34567240932537, 48.43846718216061], [-123.34554500977593, 48.438671321492734]]}, "properties": {"OBJECTID": 1843, "Label": "455 (26)", "Direction": "one", "SHAPE_Length": 24.56981171149553, "Year": "2026", "PDF": "https://cityvictoria.sharepoint.com/:f:/r/sites/TRAN-Transportation-Operations/Our%20Vault/Data%20Collection/2026CP/Metrocount/CEDAR%20HILL%202700%20BLK?csf=1&web=1&e=wahatH"}}, {"type": "Feature", "id": 1844, "geometry": {"type": "LineString", "coordinates": [[-123.33464795634772, 48.4179408821934], [-123.33491504604602, 48.41788202431096]]}, "properties": {"OBJECTID": 1844, "Label": "174 (26)", "Direction": "one", "SHAPE_Length": 20.81716622020919, "Year": "2026", "PDF": "https://cityvictoria.sharepoint.com/:b:/r/sites/TRAN-Transportation-Operations/Our%20Vault/Data%20Collection/2026CP/Metrocount/WARREN%20GARDENS%201600%20BLK/WARREN%20GARDENS_1600_20260331_MetroCountSurvey_000711.pdf?csf=1&web=1&e=N4yeI2"}}, {"type": "Feature", "id": 1845, "geometry": {"type": "LineString", "coordinates": [[-123.35860114853621, 48.448072620105634], [-123.35856306761994, 48.44794896125623], [-123.35856020483209, 48.447948970175645]]}, "properties": {"OBJECTID": 1845, "Label": "181 (26)", "Direction": "one", "SHAPE_Length": 14.242554326594794, "Year": "2026", "PDF": "https://cityvictoria.sharepoint.com/:f:/r/sites/TRAN-Transportation-Operations/Our%20Vault/Data%20Collection/2026CP/Metrocount/JACKSON%20ST%203100%20BLK?csf=1&web=1&e=ogkPv8"}}, {"type": "Feature", "id": 1846, "geometry": {"type": "LineString", "coordinates": [[-123.37713480332417, 48.41237237703416], [-123.37693595881167, 48.412559647864725]]}, "properties": {"OBJECTID": 1846, "Label": "42 (26)", "Direction": "one", "SHAPE_Length": 25.49163083172289, "Year": "2026", "PDF": "https://cityvictoria.sharepoint.com/:f:/r/sites/TRAN-Transportation-Operations/Our%20Vault/Data%20Collection/2026CP/Metrocount/MENZIES%20AVE%200%20BLK?csf=1&web=1&e=7SmgBT"}}, {"type": "Feature", "id": 1847, "geometry": {"type": "LineString", "coordinates": [[-123.3342781102538, 48.42311250878383], [-123.33450226391014, 48.423264199428665]]}, "properties": {"OBJECTID": 1847, "Label": "66 (26)", "Direction": "one", "SHAPE_Length": 23.64995001128264, "Year": "2026", "PDF": "https://cityvictoria.sharepoint.com/:f:/r/sites/TRAN-Transportation-Operations/Our%20Vault/Data%20Collection/2026CP/Metrocount/TERRACE%20AVE%20900%20BLK?csf=1&web=1&e=hF2U9Z"}}, {"type": "Feature", "id": 1848, "geometry": {"type": "LineString", "coordinates": [[-123.3855691337469, 48.43644786494013], [-123.38529152132112, 48.43644498651298]]}, "properties": {"OBJECTID": 1848, "Label": "127(24)", "Direction": "one", "SHAPE_Length": 20.536063103398735, "Year": "2024", "PDF": "https://cityvictoria.sharepoint.com/:f:/s/TRAN-Transportation-Operations/EkLi-dd-GvpJtiOYq8ZKiEUBLe6NfMeTe80MrsFwhvMWGw?e=a6QyPR"}}, {"type": "Feature", "id": 1849, "geometry": {"type": "LineString", "coordinates": [[-123.38423332099298, 48.43645489322187], [-123.3840472963365, 48.43645360962094]]}, "properties": {"OBJECTID": 1849, "Label": "108(24)", "Direction": "one", "SHAPE_Length": 13.76002861433543, "Year": "2024", "PDF": "https://cityvictoria.sharepoint.com/:f:/s/TRAN-Transportation-Operations/ErxzGrje3FdFqW7mHrIcAucBKJJs96K9ijMGtErZ5LlHXQ?e=AQF1XO"}}, {"type": "Feature", "id": 1850, "geometry": {"type": "LineString", "coordinates": [[-123.35396313622955, 48.436607234366676], [-123.35388075330113, 48.43628281046243]]}, "properties": {"OBJECTID": 1850, "Label": "163(24)", "Direction": "one", "SHAPE_Length": 36.572614474215136, "Year": "2024", "PDF": "https://cityvictoria.sharepoint.com/:f:/r/sites/TRAN-Transportation-Operations/Our%20Vault/Data%20Collection/2024CP/Metrocount/PRIOR%202500%20BLK?csf=1&web=1&e=WE11nI"}}, {"type": "Feature", "id": 1851, "geometry": {"type": "LineString", "coordinates": [[-123.37276818635405, 48.44203917025946], [-123.37271823580855, 48.441862234743624]]}, "properties": {"OBJECTID": 1851, "Label": "409(24)", "Direction": "one", "SHAPE_Length": 20.011287929081856, "Year": "2024", "PDF": "https://cityvictoria.sharepoint.com/:f:/r/sites/TRAN-Transportation-Operations/Our%20Vault/Data%20Collection/2024CP/Metrocount/SUMAS%20600%20BLK/NORTH?csf=1&web=1&e=nBNc2Y"}}, {"type": "Feature", "id": 1852, "geometry": {"type": "LineString", "coordinates": [[-123.35476378959808, 48.438900409951955], [-123.35484307482469, 48.439189614071196], [-123.35484881133058, 48.43919150094562]]}, "properties": {"OBJECTID": 1852, "Label": "176(24)", "Direction": "one", "SHAPE_Length": 33.150325375536504, "Year": "2024", "PDF": "https://cityvictoria.sharepoint.com/:f:/r/sites/TRAN-Transportation-Operations/Our%20Vault/Data%20Collection/2024CP/Metrocount/PRIOR%202600%20BLK?csf=1&web=1&e=PZ4LvO"}}, {"type": "Feature", "id": 1853, "geometry": {"type": "LineString", "coordinates": [[-123.38273210752875, 48.41952386195501], [-123.3824959691397, 48.41941229459119]]}, "properties": {"OBJECTID": 1853, "Label": "332(24)", "Direction": "one", "SHAPE_Length": 21.42555265899496, "Year": "2024", "PDF": "https://cityvictoria.sharepoint.com/:f:/r/sites/TRAN-Transportation-Operations/Our%20Vault/Data%20Collection/2024CP/Metrocount/SIMCOE%20100%20BLK?csf=1&web=1&e=F41uLg"}}, {"type": "Feature", "id": 1854, "geometry": {"type": "LineString", "coordinates": [[-123.33612652948173, 48.43515683891852], [-123.33611756950665, 48.43553391020143]]}, "properties": {"OBJECTID": 1854, "Label": "195(25)", "Direction": "one", "SHAPE_Length": 41.91865196899408, "Year": "2025", "PDF": "https://cityvictoria.sharepoint.com/:f:/s/TRAN-Transportation-Operations/EmhuvZ8YiPpEtoafMcwlhs4BdV2eIh8ZcswHo8hCyo85-g?e=PIaxIp"}}, {"type": "Feature", "id": 1855, "geometry": {"type": "LineString", "coordinates": [[-123.33970704020354, 48.43499067895391], [-123.33969780207887, 48.43532204813356]]}, "properties": {"OBJECTID": 1855, "Label": "165(25)", "Direction": "one", "SHAPE_Length": 36.83973128154526, "Year": "2025", "PDF": "https://cityvictoria.sharepoint.com/:f:/s/TRAN-Transportation-Operations/EgMQ1a1uN1FOoJM0CCwQwS8B__bZ5rqw4pJ1YiUc4NhOug?e=3go3ly"}}, {"type": "Feature", "id": 1856, "geometry": {"type": "LineString", "coordinates": [[-123.38083819063384, 48.444797338313336], [-123.38099072585902, 48.4445264279699]]}, "properties": {"OBJECTID": 1856, "Label": "363(25)", "Direction": "one", "SHAPE_Length": 32.15668516687829, "Year": "2025", "PDF": "https://cityvictoria.sharepoint.com/:f:/s/TRAN-Transportation-Operations/Ehx1YgBBv7NKh5sSHpeUB7IBBH3JtgTm7_LyQqi8cClbtA?e=MXeitV"}}, {"type": "Feature", "id": 1857, "geometry": {"type": "LineString", "coordinates": [[-123.35595083423749, 48.435930578185555], [-123.35603873313492, 48.43622356411604]]}, "properties": {"OBJECTID": 1857, "Label": "213(25)", "Direction": "one", "SHAPE_Length": 33.20954486774105, "Year": "2025", "PDF": "https://cityvictoria.sharepoint.com/sites/TRAN-Transportation-Operations/Our%20Vault/Forms/AllItems.aspx?newTargetListUrl=%2Fsites%2FTRAN%2DTransportation%2DOperations%2FOur%20Vault&viewpath=%2Fsites%2FTRAN%2DTransportation%2DOperations%2FOur%20Vault%2FForms%2FAllItems%2Easpx&id=%2Fsites%2FTRAN%2DTransportation%2DOperations%2FOur%20Vault%2FData%20Collection%2F2025CP%2FMetrocount%2FVANCOUVER%202500%20Blk&viewid=d34b2990%2D7aeb%2D4130%2D843b%2Df714a25b75d5"}}, {"type": "Feature", "id": 1858, "geometry": {"type": "LineString", "coordinates": [[-123.34711548463201, 48.44164778659675], [-123.3471079365975, 48.44180015001106]]}, "properties": {"OBJECTID": 1858, "Label": "184(25)", "Direction": "one", "SHAPE_Length": 16.94520209213457, "Year": "2025", "PDF": "https://cityvictoria.sharepoint.com/:f:/r/sites/TRAN-Transportation-Operations/Our%20Vault/Data%20Collection/2025CP/Metrocount/GROSVENOR%20Rd%202700%20Blk?csf=1&web=1&e=Oyi2hf"}}, {"type": "Feature", "id": 1859, "geometry": {"type": "LineString", "coordinates": [[-123.33266686153632, 48.437989519362674], [-123.33313082070379, 48.43804149689497]]}, "properties": {"OBJECTID": 1859, "Label": "198(25)", "Direction": "one", "SHAPE_Length": 34.79851621798742, "Year": "2025", "PDF": "https://cityvictoria.sharepoint.com/sites/TRAN-Transportation-Operations/Our%20Vault/Forms/AllItems.aspx?newTargetListUrl=%2Fsites%2FTRAN%2DTransportation%2DOperations%2FOur%20Vault&viewpath=%2Fsites%2FTRAN%2DTransportation%2DOperations%2FOur%20Vault%2FForms%2FAllItems%2Easpx&id=%2Fsites%2FTRAN%2DTransportation%2DOperations%2FOur%20Vault%2FData%20Collection%2F2025CP%2FMetrocount%2FKINGS%20RD%201700%20BLK&viewid=d34b2990%2D7aeb%2D4130%2D843b%2Df714a25b75d5"}}, {"type": "Feature", "id": 1860, "geometry": {"type": "LineString", "coordinates": [[-123.34863953017296, 48.40736094797144], [-123.34868960538891, 48.40715513381861]]}, "properties": {"OBJECTID": 1860, "Label": "177(25)", "Direction": "one", "SHAPE_Length": 23.175423881001972, "Year": "2025", "PDF": "https://cityvictoria.sharepoint.com/:f:/s/TRAN-Transportation-Operations/EhXjGr-rZE9Enm2PpkzBxeEBuOodadJDy7E1VqEBbaFPxA?e=CXwuMD"}}, {"type": "Feature", "id": 1861, "geometry": {"type": "LineString", "coordinates": [[-123.33717719453674, 48.43021459620514], [-123.33744619946583, 48.4302195204915]]}, "properties": {"OBJECTID": 1861, "Label": "105(25)", "Direction": "one", "SHAPE_Length": 19.906830383193903, "Year": "2025", "PDF": "https://cityvictoria.sharepoint.com/:f:/s/TRAN-Transportation-Operations/EhTrAp9M001IrgENJMubtuIBgYRdB77AcC0sprVN5R36Sw?e=PbgBZy"}}, {"type": "Feature", "id": 1862, "geometry": {"type": "LineString", "coordinates": [[-123.34322665031898, 48.42857998763932], [-123.34354430218038, 48.428586656226656]]}, "properties": {"OBJECTID": 1862, "Label": "144(25)", "Direction": "one", "SHAPE_Length": 23.510347840194886, "Year": "2025", "PDF": "https://cityvictoria.sharepoint.com/sites/TRAN-Transportation-Operations/Our%20Vault/Forms/AllItems.aspx?id=%2Fsites%2FTRAN%2DTransportation%2DOperations%2FOur%20Vault%2FData%20Collection%2F2025CP%2FMetrocount%2FGRANT%20ST%201300%20BLK&viewid=d34b2990%2D7aeb%2D4130%2D843b%2Df714a25b75d5"}}, {"type": "Feature", "id": 1863, "geometry": {"type": "LineString", "coordinates": [[-123.34040209068606, 48.42851411122197], [-123.34011306530314, 48.42850925302327]]}, "properties": {"OBJECTID": 1863, "Label": "174(25)", "Direction": "one", "SHAPE_Length": 21.38782858523765, "Year": "2025", "PDF": "https://cityvictoria.sharepoint.com/sites/TRAN-Transportation-Operations/Our%20Vault/Forms/AllItems.aspx?id=%2Fsites%2FTRAN%2DTransportation%2DOperations%2FOur%20Vault%2FData%20Collection%2F2025CP%2FMetrocount%2FGRANT%20ST%201400%20BLK&viewid=d34b2990%2D7aeb%2D4130%2D843b%2Df714a25b75d5"}}, {"type": "Feature", "id": 1864, "geometry": {"type": "LineString", "coordinates": [[-123.3522217471148, 48.44915126008301], [-123.35167271588944, 48.44923291799824]]}, "properties": {"OBJECTID": 1864, "Label": "46(25)", "Direction": "one", "SHAPE_Length": 41.60107964920549, "Year": "2025", "PDF": "https://cityvictoria.sharepoint.com/:f:/r/sites/TRAN-Transportation-Operations/Our%20Vault/Data%20Collection/2025CP/Metrocount/SLATER%20ST%201300%20BLK?csf=1&web=1&e=LCLuCU"}}, {"type": "Feature", "id": 1865, "geometry": {"type": "LineString", "coordinates": [[-123.33417678232176, 48.427082317337124], [-123.33416954709375, 48.427288000014734]]}, "properties": {"OBJECTID": 1865, "Label": "317(25)", "Direction": "one", "SHAPE_Length": 22.86891770448917, "Year": "2025", "PDF": "https://cityvictoria.sharepoint.com/:f:/r/sites/TRAN-Transportation-Operations/Our%20Vault/Data%20Collection/2025CP/Metrocount/MORRISON%20ST%201500%20BLK?csf=1&web=1&e=lmeUex"}}, {"type": "Feature", "id": 1866, "geometry": {"type": "LineString", "coordinates": [[-123.33171652896839, 48.42758454545385], [-123.3317150914299, 48.42736365501729]]}, "properties": {"OBJECTID": 1866, "Label": "229(25)", "Direction": "one", "SHAPE_Length": 24.55329999886453, "Year": "2025", "PDF": "https://cityvictoria.sharepoint.com/:f:/r/sites/TRAN-Transportation-Operations/Our%20Vault/Data%20Collection/2025CP/Metrocount/JUBILEE%20AVE%201500%20BLK?csf=1&web=1&e=GD9R2a"}}, {"type": "Feature", "id": 1867, "geometry": {"type": "LineString", "coordinates": [[-123.38876912365419, 48.42895839812948], [-123.38877019123714, 48.42909835905446]]}, "properties": {"OBJECTID": 1867, "Label": "132(25)", "Direction": "one", "SHAPE_Length": 15.557599999010563, "Year": "2025", "PDF": "https://cityvictoria.sharepoint.com/:f:/r/sites/TRAN-Transportation-Operations/Our%20Vault/Data%20Collection/2025CP/Metrocount/ROBERT%20ST%20200%20BLK?csf=1&web=1&e=OzaSO1"}}, {"type": "Feature", "id": 1868, "geometry": {"type": "LineString", "coordinates": [[-123.33088838911465, 48.41253210172391], [-123.33089011188437, 48.41235690322214]]}, "properties": {"OBJECTID": 1868, "Label": "142(25)", "Direction": "one", "SHAPE_Length": 19.474549600409755, "Year": "2025", "PDF": "https://cityvictoria.sharepoint.com/:f:/r/sites/TRAN-Transportation-Operations/Our%20Vault/Data%20Collection/2025CP/Metrocount/RICHMOND%20AVE%20200%20BLK?csf=1&web=1&e=G3Xw2G"}}, {"type": "Feature", "id": 1869, "geometry": {"type": "LineString", "coordinates": [[-123.33165799713198, 48.41239848145027], [-123.33165984109621, 48.412242325594484]]}, "properties": {"OBJECTID": 1869, "Label": "133(25)", "Direction": "one", "SHAPE_Length": 17.3579897865492, "Year": "2025", "PDF": "https://cityvictoria.sharepoint.com/:f:/r/sites/TRAN-Transportation-Operations/Our%20Vault/Data%20Collection/2025CP/Metrocount/ROBERTSON%20ST%20200%20BLK?csf=1&web=1&e=wPJHhH"}}, {"type": "Feature", "id": 1870, "geometry": {"type": "LineString", "coordinates": [[-123.33270074725142, 48.41219933096729], [-123.33269692633995, 48.4124906964154]]}, "properties": {"OBJECTID": 1870, "Label": "95(25)", "Direction": "one", "SHAPE_Length": 32.38786762886817, "Year": "2025", "PDF": "https://cityvictoria.sharepoint.com/:f:/s/TRAN-Transportation-Operations/EnsCNq-zoY9NhsdT1PfIOFYB9Y3mJ_TGjAqXplw9h6kmjA?e=6CLY2n"}}, {"type": "Feature", "id": 1871, "geometry": {"type": "LineString", "coordinates": [[-123.33957532944574, 48.432941493989404], [-123.33956650735244, 48.433120521189146]]}, "properties": {"OBJECTID": 1871, "Label": "219(25)", "Direction": "one", "SHAPE_Length": 19.910486070039408, "Year": "2025", "PDF": "https://cityvictoria.sharepoint.com/:f:/s/TRAN-Transportation-Operations/Ehm9fqFaFblGqn7UC4ItEVMB6s393o_Z3HEKakHQq7Sc4g?e=isbjId"}}, {"type": "Feature", "id": 1872, "geometry": {"type": "LineString", "coordinates": [[-123.33834928502064, 48.43177477960254], [-123.338328554357, 48.43210047074762]]}, "properties": {"OBJECTID": 1872, "Label": "95(25)", "Direction": "one", "SHAPE_Length": 36.23469149282258, "Year": "2025", "PDF": "https://cityvictoria.sharepoint.com/:f:/r/sites/TRAN-Transportation-Operations/Our%20Vault/Data%20Collection/2025CP/Metrocount/FORBES%20ST%202200%20BLK?csf=1&web=1&e=KMif0e"}}, {"type": "Feature", "id": 1873, "geometry": {"type": "LineString", "coordinates": [[-123.34219336807959, 48.43268499382825], [-123.34192578002695, 48.432680076423054]]}, "properties": {"OBJECTID": 1873, "Label": "219(25)", "Direction": "one", "SHAPE_Length": 19.801084510388293, "Year": "2025", "PDF": "https://cityvictoria.sharepoint.com/:f:/s/TRAN-Transportation-Operations/Eqv5nWHv_VFDuKzH3kKnP4UBClsTwRepuRh384vwWjaD-w?e=Av4VQh"}}, {"type": "Feature", "id": 1874, "geometry": {"type": "LineString", "coordinates": [[-123.34314910840494, 48.43244664129522], [-123.34316180103103, 48.43220666517347]]}, "properties": {"OBJECTID": 1874, "Label": "173(25)", "Direction": "one", "SHAPE_Length": 26.691092981665935, "Year": "2025", "PDF": "https://cityvictoria.sharepoint.com/:f:/r/sites/TRAN-Transportation-Operations/Our%20Vault/Data%20Collection/2025CP/Metrocount/OREGON%20AVE%202200%20BLK?csf=1&web=1&e=mukmw0"}}, {"type": "Feature", "id": 1875, "geometry": {"type": "LineString", "coordinates": [[-123.34589438735969, 48.43369890675016], [-123.3462607171898, 48.433705422429036]]}, "properties": {"OBJECTID": 1875, "Label": "199(25)", "Direction": "one", "SHAPE_Length": 27.106626947697062, "Year": "2025", "PDF": "https://cityvictoria.sharepoint.com/:f:/r/sites/TRAN-Transportation-Operations/Our%20Vault/Data%20Collection/2025CP/Metrocount/WALNUT%20ST%201200%20BLK?csf=1&web=1&e=qOIJok"}}, {"type": "Feature", "id": 1876, "geometry": {"type": "LineString", "coordinates": [[-123.35390823957374, 48.43459178260496], [-123.35415444157913, 48.43460625989189]]}, "properties": {"OBJECTID": 1876, "Label": "269(25)", "Direction": "one", "SHAPE_Length": 18.28189635824818, "Year": "2025", "PDF": "https://cityvictoria.sharepoint.com/:f:/s/TRAN-Transportation-Operations/ElbDP7PkOvpEp4UFQMHDdP0BllIKVF8hZiX-4PUCWdnkeg?e=OpbbgZ"}}, {"type": "Feature", "id": 1877, "geometry": {"type": "LineString", "coordinates": [[-123.34316324576066, 48.41338548507427], [-123.34336741080939, 48.41354483479067]]}, "properties": {"OBJECTID": 1877, "Label": "158(25)", "Direction": "one", "SHAPE_Length": 23.28042527410207, "Year": "2025", "PDF": "https://cityvictoria.sharepoint.com/:f:/s/TRAN-Transportation-Operations/EnTe5X4NuJZOtbDImsz1b1oBbxK3qKkGROHKd5aDPXLWWA?e=IdhEEY"}}, {"type": "Feature", "id": 1878, "geometry": {"type": "LineString", "coordinates": [[-123.3383680306394, 48.414502762441465], [-123.33879129139315, 48.41448818683261]]}, "properties": {"OBJECTID": 1878, "Label": "222(23)", "Direction": "one", "SHAPE_Length": 31.361721377972778, "Year": "2023", "PDF": "https://cityvictoria.sharepoint.com/:f:/s/TRAN-Transportation-Operations/EnJxFWjBJe5HkMHXT0U97ycBxrTeS4jKmMoRVkGIgh2pvQ?e=nwlnnU"}}, {"type": "Feature", "id": 1879, "geometry": {"type": "LineString", "coordinates": [[-123.35682341194001, 48.436313760139925], [-123.356908467707, 48.436608657869876]]}, "properties": {"OBJECTID": 1879, "Label": "174(23)", "Direction": "one", "SHAPE_Length": 33.37768472403953, "Year": "2023", "PDF": "https://cityvictoria.sharepoint.com/:f:/s/TRAN-Transportation-Operations/EslYWU4HPRJOv1QVVIjcH2wBT5t84mi6v3JvoOMTR_UnQg?e=UNTGjZ"}}, {"type": "Feature", "id": 1880, "geometry": {"type": "LineString", "coordinates": [[-123.3384030271578, 48.431187507278], [-123.33809394388105, 48.43118079841798]]}, "properties": {"OBJECTID": 1880, "Label": "327(25)", "Direction": "one", "SHAPE_Length": 22.875774804516716, "Year": "2025", "PDF": "https://cityvictoria.sharepoint.com/:f:/s/TRAN-Transportation-Operations/Eneik0Uy9wdPkF3MeiOUMIIBh86D10_ULCmmtuOkDgXgNQ?e=e4sqgm"}}, {"type": "Feature", "id": 1881, "geometry": {"type": "LineString", "coordinates": [[-123.37723675539448, 48.427108324339976], [-123.37695536088737, 48.4269740428777]]}, "properties": {"OBJECTID": 1881, "Label": "840(25)", "Direction": "one", "SHAPE_Length": 25.615258150700676, "Year": "2025", "PDF": "https://cityvictoria.sharepoint.com/:f:/s/TRAN-Transportation-Operations/ErIuBMc7ZdpDngFnqB6A1RQBJVP3iXaAidHMSr_BGTYkpg?e=68tLE0"}}, {"type": "Feature", "id": 1882, "geometry": {"type": "LineString", "coordinates": [[-123.33752396006906, 48.43269184952494], [-123.33798761061321, 48.4327038188453]]}, "properties": {"OBJECTID": 1882, "Label": "273(25)", "Direction": "one", "SHAPE_Length": 34.322097734392514, "Year": "2025", "PDF": "https://cityvictoria.sharepoint.com/:f:/s/TRAN-Transportation-Operations/EmysJNec_jlGm2hj24ZCBHcBH2I6FydgMk73FGcbEH3yeQ?e=uIt0re"}}, {"type": "Feature", "id": 1883, "geometry": {"type": "LineString", "coordinates": [[-123.38413393216797, 48.415551729924914], [-123.38428773765133, 48.41565309519215]]}, "properties": {"OBJECTID": 1883, "Label": "2172(23)", "Direction": "one", "SHAPE_Length": 16.01483722389363, "Year": "2023", "PDF": "https://cityvictoria.sharepoint.com/:f:/s/TRAN-Transportation-Operations/Ensc8CpQouFOmxlELAORUqsBj4q2ajdZQT_4WCaVpm931w?e=v3KuOy"}}, {"type": "Feature", "id": 1884, "geometry": {"type": "LineString", "coordinates": [[-123.33719078792194, 48.439095683300714], [-123.33718667775804, 48.43933944153605]]}, "properties": {"OBJECTID": 1884, "Label": "191(23)", "Direction": "one", "SHAPE_Length": 27.096706560607572, "Year": "2023", "PDF": "https://cityvictoria.sharepoint.com/:f:/s/TRAN-Transportation-Operations/ElYx4OzpYQBIttJODV01EJgBXyU8qKNwvsYy49u6dC986A?e=nTQRZE"}}, {"type": "Feature", "id": 1885, "geometry": {"type": "LineString", "coordinates": [[-123.35620327225622, 48.433844093254265], [-123.35661554935187, 48.43387328401602]]}, "properties": {"OBJECTID": 1885, "Label": "387(23)", "Direction": "one", "SHAPE_Length": 30.667663027889894, "Year": "2023", "PDF": "https://cityvictoria.sharepoint.com/:f:/s/TRAN-Transportation-Operations/EmJhf8vHjpBMuJgoPYoYEnYBNCPoqDcy9qH63cphdDA6eg?e=1AQaTx"}}, {"type": "Feature", "id": 1886, "geometry": {"type": "LineString", "coordinates": [[-123.3542014857704, 48.433625568508454], [-123.35383220245174, 48.433605757036446], [-123.35382934046827, 48.43360576583624]]}, "properties": {"OBJECTID": 1886, "Label": "209(23)", "Direction": "one", "SHAPE_Length": 27.61579589079545, "Year": "2023", "PDF": "https://cityvictoria.sharepoint.com/:f:/s/TRAN-Transportation-Operations/EmNhQrFjLiRBn_bGyk2FdKUBvy3VQzmunbBqJXAkwwvVtA?e=Rwguqb"}}, {"type": "Feature", "id": 1887, "geometry": {"type": "LineString", "coordinates": [[-123.35719106668401, 48.43142947523649], [-123.3570508171387, 48.43142419768201]]}, "properties": {"OBJECTID": 1887, "Label": "65(23)", "Direction": "one", "SHAPE_Length": 10.39112053101527, "Year": "2023", "PDF": "https://cityvictoria.sharepoint.com/:f:/s/TRAN-Transportation-Operations/Ei37hRUOvh9FgwQT4wMUliIBAyuZRxM0Mrxr7RzrBw7KPw?e=vBO7sJ"}}, {"type": "Feature", "id": 1888, "geometry": {"type": "LineString", "coordinates": [[-123.38499235087788, 48.41706975688591], [-123.3850350005167, 48.41722481286397]]}, "properties": {"OBJECTID": 1888, "Label": "1436(23)", "Direction": "one", "SHAPE_Length": 17.52178431642442, "Year": "2023", "PDF": "https://cityvictoria.sharepoint.com/:f:/s/TRAN-Transportation-Operations/EmtElRAugIRIkiFmWZZ8GjcBoG1xLiFW-NOwW0DySXDHsA?e=e9IrFd"}}, {"type": "Feature", "id": 1889, "geometry": {"type": "LineString", "coordinates": [[-123.35703195358097, 48.43075620354743], [-123.357283848196, 48.43076875190962]]}, "properties": {"OBJECTID": 1889, "Label": "3552(23)", "Direction": "one", "SHAPE_Length": 18.685539537553748, "Year": "2023", "PDF": "https://cityvictoria.sharepoint.com/:f:/s/TRAN-Transportation-Operations/EtLBRVH0YgBIgtp0Cm5nANoBJtWqQ1VjyfKn5Qp-ShpEjA?e=eqhTMc"}}, {"type": "Feature", "id": 1890, "geometry": {"type": "LineString", "coordinates": [[-123.38109110396172, 48.42073244313918], [-123.38096477246503, 48.42067192512515]]}, "properties": {"OBJECTID": 1890, "Label": "197(25)", "Direction": "one", "SHAPE_Length": 11.515946007598306, "Year": "2025", "PDF": "https://cityvictoria.sharepoint.com/:f:/s/TRAN-Transportation-Operations/EjzPWYXBTydFvNCLnUhMqaYBo5yuuDRXq10fiyQjSj2O7Q?e=bpcsVj"}}, {"type": "Feature", "id": 1891, "geometry": {"type": "LineString", "coordinates": [[-123.3349423082424, 48.43490065843451], [-123.33493497502421, 48.43509110645695]]}, "properties": {"OBJECTID": 1891, "Label": "294(25)", "Direction": "one", "SHAPE_Length": 21.17622284281363, "Year": "2025", "PDF": "https://cityvictoria.sharepoint.com/:f:/s/TRAN-Transportation-Operations/EpkFYsHbtpBDhDy1j0eIXDEBGaZcO3bLDXOFbqzQuDdygA?e=8CSgvT"}}, {"type": "Feature", "id": 1892, "geometry": {"type": "LineString", "coordinates": [[-123.34076621773643, 48.43915210005321], [-123.3407630393523, 48.439318733035016]]}, "properties": {"OBJECTID": 1892, "Label": "165(25)", "Direction": "one", "SHAPE_Length": 18.52362121875024, "Year": "2025", "PDF": "https://cityvictoria.sharepoint.com/:f:/s/TRAN-Transportation-Operations/Eg7lcAi8pDNGpch9rJ5emK4B2bMaotLVgC7d2oEvynilGw?e=VhxzBZ"}}, {"type": "Feature", "id": 1893, "geometry": {"type": "LineString", "coordinates": [[-123.35001004468799, 48.43016033801164], [-123.35002905444081, 48.43001174746054]]}, "properties": {"OBJECTID": 1893, "Label": "1382(25)", "Direction": "one", "SHAPE_Length": 16.576354692261685, "Year": "2025", "PDF": "https://cityvictoria.sharepoint.com/:f:/s/TRAN-Transportation-Operations/Es8Q2chpCpZMl-TyKs8zC7cBcgtu7xHtUdMDlrmf_dPWzw?e=kwMHM0"}}, {"type": "Feature", "id": 1894, "geometry": {"type": "LineString", "coordinates": [[-123.34836770786646, 48.42796291729617], [-123.3485179803862, 48.42797103147428]]}, "properties": {"OBJECTID": 1894, "Label": "174(25)", "Direction": "one", "SHAPE_Length": 11.153246724315185, "Year": "2025", "PDF": "https://cityvictoria.sharepoint.com/:f:/s/TRAN-Transportation-Operations/El9OpN1TgapLqHQ7ZC1zxfgBCX2l3W6pBDtMlvNjB0qInw?e=M8mAJS"}}, {"type": "Feature", "id": 1895, "geometry": {"type": "LineString", "coordinates": [[-123.35951454591661, 48.4347964243658], [-123.35954453168377, 48.43458495732649]]}, "properties": {"OBJECTID": 1895, "Label": "162", "Direction": "one", "SHAPE_Length": 23.610082715821562, "Year": "2026", "PDF": "https://cityvictoria.sharepoint.com/:b:/r/sites/TRAN-Transportation-Operations/Our%20Vault/Data%20Collection/2026CP/Metrocount/WARK%20ST%202300%20BLK/WARK_2300_20260211_MetrocountSpeedVolClsStudy_000673.pdf?csf=1&web=1&e=XqZBFm"}}, {"type": "Feature", "id": 1896, "geometry": {"type": "LineString", "coordinates": [[-123.36116538615863, 48.43357589014424], [-123.36114377639741, 48.433756863724675]]}, "properties": {"OBJECTID": 1896, "Label": "361", "Direction": "one", "SHAPE_Length": 20.17956925850006, "Year": "2026", "PDF": "https://cityvictoria.sharepoint.com/:b:/r/sites/TRAN-Transportation-Operations/Our%20Vault/Data%20Collection/2026CP/Metrocount/DOWLER%20PLACE%202200%20BLK/DOWLER%20PLACE%202200_20260211_SPEEDandVOLUME_000670.pdf?csf=1&web=1&e=wWl0MC"}}, {"type": "Feature", "id": 1897, "geometry": {"type": "LineString", "coordinates": [[-123.35032320834179, 48.41535482463378], [-123.35073543605111, 48.4153992713734]]}, "properties": {"OBJECTID": 1897, "Label": "161 (26)", "Direction": "one", "SHAPE_Length": 30.900433653449507, "Year": "2026", "PDF": "https://cityvictoria.sharepoint.com/:f:/r/sites/TRAN-Transportation-Operations/Our%20Vault/Data%20Collection/2026CP/Metrocount/OSCAR%20ST%201200%20BLK?csf=1&web=1&e=lIh451"}}, {"type": "Feature", "id": 1898, "geometry": {"type": "LineString", "coordinates": [[-123.34384265220956, 48.42149045170179], [-123.34318414170366, 48.42141624645929]]}, "properties": {"OBJECTID": 1898, "Label": "109 (26)", "Direction": "one", "SHAPE_Length": 49.414152268179386, "Year": "2026", "PDF": "https://cityvictoria.sharepoint.com/:x:/r/sites/TRAN-Transportation-Operations/Our%20Vault/Data%20Collection/2026CP/Metrocount/CRAIGDARROCH%20RD%201300%20BLK/CRAIGARROCH_1300_20260312_SPEEDandVOLUME_000688.xlsx?d=w78014aa47b74448797b5dd71b48fd3ee&csf=1&web=1&e=P11hgu"}}, {"type": "Feature", "id": 1899, "geometry": {"type": "LineString", "coordinates": [[-123.3348910341053, 48.44306189242383], [-123.3349000292281, 48.44268862985721]]}, "properties": {"OBJECTID": 1899, "Label": "389 (26)", "Direction": "one", "SHAPE_Length": 41.495439208868625, "Year": "2026", "PDF": "https://cityvictoria.sharepoint.com/:b:/r/sites/TRAN-Transportation-Operations/Our%20Vault/Data%20Collection/2026CP/Metrocount/SCOTT%20ST%202900%20BLK/SCOTT_2900_20260312_SPEEDandVOLUME_000690.pdf?csf=1&web=1&e=orrApg"}}, {"type": "Feature", "id": 1900, "geometry": {"type": "LineString", "coordinates": [[-123.36661699710767, 48.44740523904057], [-123.36657536164148, 48.44718828597432]]}, "properties": {"OBJECTID": 1900, "Label": "131(26)", "Direction": "one", "SHAPE_Length": 24.311286259641193, "Year": "2026", "PDF": "https://cityvictoria.sharepoint.com/:b:/r/sites/TRAN-Transportation-Operations/Our%20Vault/Data%20Collection/2026CP/Metrocount/ALDER%20ST%203100%20BLK/ALDER_3100_20260325_MetroCountStudy_000700.pdf?csf=1&web=1&e=DqdZlA"}}, {"type": "Feature", "id": 1901, "geometry": {"type": "LineString", "coordinates": [[-123.35199759469423, 48.42395513137108], [-123.35157381287956, 48.42390501167167]]}, "properties": {"OBJECTID": 1901, "Label": "429(26)", "Direction": "one", "SHAPE_Length": 31.84373341638956, "Year": "2026", "PDF": "https://cityvictoria.sharepoint.com/:b:/r/sites/TRAN-Transportation-Operations/Our%20Vault/Data%20Collection/2026CP/Metrocount/VIEW%20ST%201100%20BLK/VIEW_1100_20260319_MetroCountStudy_000699.pdf?csf=1&web=1&e=epm7J1"}}, {"type": "Feature", "id": 1902, "geometry": {"type": "LineString", "coordinates": [[-123.35717606605444, 48.44832117553433], [-123.35713204917688, 48.448167067082174]]}, "properties": {"OBJECTID": 1902, "Label": "167 (26)", "Direction": "one", "SHAPE_Length": 17.436503376063918, "Year": "2026", "PDF": "https://cityvictoria.sharepoint.com/:f:/r/sites/TRAN-Transportation-Operations/Our%20Vault/Data%20Collection/2026CP/Metrocount/SOMERSET%20ST%203100%20%20BLK?csf=1&web=1&e=SjROSC"}}, {"type": "Feature", "id": 1903, "geometry": {"type": "LineString", "coordinates": [[-123.33481271840894, 48.41776425768601], [-123.33457424107394, 48.417823983078556]]}, "properties": {"OBJECTID": 1903, "Label": "127 (26)", "Direction": "one", "SHAPE_Length": 18.85290269969462, "Year": "2026", "PDF": "https://cityvictoria.sharepoint.com/:b:/r/sites/TRAN-Transportation-Operations/Our%20Vault/Data%20Collection/2026CP/Metrocount/WARREN%20GARDENS%201600%20BLK/WARREN%20GARDENS_1600_20260331_MetroCountSurvey_000711.pdf?csf=1&web=1&e=N4yeI2"}}, {"type": "Feature", "id": 1904, "geometry": {"type": "LineString", "coordinates": [[-123.3409667800516, 48.41992015505201], [-123.34067495485561, 48.41991721115264]]}, "properties": {"OBJECTID": 1904, "Label": "1285 (26)", "Direction": "one", "SHAPE_Length": 21.59424925590994, "Year": "2026", "PDF": "ROCKLAND_1400_20260414_MetroCountStudy_000718"}}, {"type": "Feature", "id": 1905, "geometry": {"type": "LineString", "coordinates": [[-123.37556421588252, 48.412385342775174], [-123.37528585209142, 48.41226247358679]]}, "properties": {"OBJECTID": 1905, "Label": "259 (26)", "Direction": "one", "SHAPE_Length": 24.715208350505822, "Year": "2026", "PDF": "https://cityvictoria.sharepoint.com/:f:/r/sites/TRAN-Transportation-Operations/Our%20Vault/Data%20Collection/2026CP/Metrocount/RITHET%20ST%20500%20BLk?csf=1&web=1&e=GrKHE0"}}, {"type": "Feature", "id": 1906, "geometry": {"type": "LineString", "coordinates": [[-123.37704467960116, 48.4125630999102], [-123.37720381753643, 48.41242166249688]]}, "properties": {"OBJECTID": 1906, "Label": "1026 (26)", "Direction": "one", "SHAPE_Length": 19.642862786285132, "Year": "2026", "PDF": "https://cityvictoria.sharepoint.com/:f:/r/sites/TRAN-Transportation-Operations/Our%20Vault/Data%20Collection/2026CP/Metrocount/MENZIES%20AVE%200%20BLK?csf=1&web=1&e=7SmgBT"}}, {"type": "Feature", "id": 1907, "geometry": {"type": "LineString", "coordinates": [[-123.38528095243834, 48.436561182334486], [-123.38556713615851, 48.4365621284052]]}, "properties": {"OBJECTID": 1907, "Label": "97(24)", "Direction": "one", "SHAPE_Length": 21.167758638494238, "Year": "2024", "PDF": "https://cityvictoria.sharepoint.com/:f:/s/TRAN-Transportation-Operations/EkLi-dd-GvpJtiOYq8ZKiEUBLe6NfMeTe80MrsFwhvMWGw?e=a6QyPR"}}, {"type": "Feature", "id": 1908, "geometry": {"type": "LineString", "coordinates": [[-123.35368726997875, 48.43924839634529], [-123.35360241201593, 48.43898015515236]]}, "properties": {"OBJECTID": 1908, "Label": "204(24)", "Direction": "one", "SHAPE_Length": 30.469820291663524, "Year": "2024", "PDF": "https://cityvictoria.sharepoint.com/:f:/s/TRAN-Transportation-Operations/Eu2o2GG1EuVLlW0-zD9DEL4BQ3Nb65-pqohwKOj2TE4RDQ?e=sOsRev"}}, {"type": "Feature", "id": 1909, "geometry": {"type": "LineString", "coordinates": [[-123.35743120997233, 48.43851130281096], [-123.35751354433799, 48.4388252513686]]}, "properties": {"OBJECTID": 1909, "Label": "421(24)", "Direction": "one", "SHAPE_Length": 35.42438704649537, "Year": "2024", "PDF": "https://cityvictoria.sharepoint.com/:f:/r/sites/TRAN-Transportation-Operations/Our%20Vault/Data%20Collection/2024CP/Metrocount/FIFTH%202600%20BLK?csf=1&web=1&e=Hf2b5o"}}, {"type": "Feature", "id": 1910, "geometry": {"type": "LineString", "coordinates": [[-123.35770512662235, 48.43880180487278], [-123.35762002241984, 48.438501195199784]]}, "properties": {"OBJECTID": 1910, "Label": "487(24)", "Direction": "one", "SHAPE_Length": 34.00205479672653, "Year": "2024", "PDF": "https://cityvictoria.sharepoint.com/:f:/r/sites/TRAN-Transportation-Operations/Our%20Vault/Data%20Collection/2024CP/Metrocount/FIFTH%202600%20BLK?csf=1&web=1&e=Hf2b5o"}}, {"type": "Feature", "id": 1911, "geometry": {"type": "LineString", "coordinates": [[-123.33899860081688, 48.42899443985132], [-123.33895727728812, 48.42923449997279]]}, "properties": {"OBJECTID": 1911, "Label": "336(25)", "Direction": "one", "SHAPE_Length": 26.85842249641222, "Year": "2025", "PDF": "https://cityvictoria.sharepoint.com/:f:/s/TRAN-Transportation-Operations/EsqHjhypGoxFoXaHqa8-MGQBEVsRxlH7HuWDFPB-JHXl0A?e=xKLZSk"}}, {"type": "Feature", "id": 1912, "geometry": {"type": "LineString", "coordinates": [[-123.34605747507669, 48.42619593216033], [-123.34625352686395, 48.42620486344871]]}, "properties": {"OBJECTID": 1912, "Label": "117(25)", "Direction": "one", "SHAPE_Length": 14.537771476905462, "Year": "2025", "PDF": "https://cityvictoria.sharepoint.com/:f:/s/TRAN-Transportation-Operations/Egqr9QuNKBhMoPlKFnfAt8sBilU-GCN4SBezYCFe7dLtlg?e=mpgs7S"}}, {"type": "Feature", "id": 1913, "geometry": {"type": "LineString", "coordinates": [[-123.35683061962375, 48.434681780121174], [-123.35654149130507, 48.43466744246396]]}, "properties": {"OBJECTID": 1913, "Label": "109(25)", "Direction": "one", "SHAPE_Length": 21.445355008489493, "Year": "2025", "PDF": "https://cityvictoria.sharepoint.com/:f:/s/TRAN-Transportation-Operations/EnV2hnjhBxVFhNW-mUPmUpIBbxGFIE85wEG_BG1nxOBDbw?e=YUba9a"}}, {"type": "Feature", "id": 1914, "geometry": {"type": "LineString", "coordinates": [[-123.34526448799137, 48.4140533131646], [-123.34506224639951, 48.41417960170126]]}, "properties": {"OBJECTID": 1914, "Label": "323(25)", "Direction": "one", "SHAPE_Length": 20.518618533718264, "Year": "2025", "PDF": "https://cityvictoria.sharepoint.com/:f:/s/TRAN-Transportation-Operations/EnCqs65sEDFAgWWAzJXOyw4BGV4K-SAMuTqZZZzQMt1Ivw?e=J9QBRa"}}, {"type": "Feature", "id": 1915, "geometry": {"type": "LineString", "coordinates": [[-123.34120667152756, 48.41548174833899], [-123.34121864184463, 48.415133230449364]]}, "properties": {"OBJECTID": 1915, "Label": "139(23)", "Direction": "one", "SHAPE_Length": 38.74955445991562, "Year": "2023", "PDF": "https://cityvictoria.sharepoint.com/:f:/s/TRAN-Transportation-Operations/EhFuBFZE1bRLjC4bOTjdchcBvyAtV_dS07lRGppxgX_PVQ?e=VcM1F1"}}, {"type": "Feature", "id": 1916, "geometry": {"type": "LineString", "coordinates": [[-123.33307332801073, 48.42756185685182], [-123.33307554175933, 48.42724383737837]]}, "properties": {"OBJECTID": 1916, "Label": "161(23)", "Direction": "one", "SHAPE_Length": 35.349825867238174, "Year": "2023", "PDF": "https://cityvictoria.sharepoint.com/:f:/s/TRAN-Transportation-Operations/Ej6Vd99moZBDvHUWRvrf9-IBDrnjVuM2eazI16xdUJ6jXQ?e=D1eAnX"}}, {"type": "Feature", "id": 1917, "geometry": {"type": "LineString", "coordinates": [[-123.3530129490687, 48.437225864148346], [-123.35291336788127, 48.43689673138646]]}, "properties": {"OBJECTID": 1917, "Label": "285(23)", "Direction": "one", "SHAPE_Length": 37.31889212524345, "Year": "2023", "PDF": "https://cityvictoria.sharepoint.com/:f:/s/TRAN-Transportation-Operations/Et-tWPal8B1MlCTchrJzUmIBXwd6tZ4eiophVuLMJ_MW4w?e=WGp7U8"}}, {"type": "Feature", "id": 1918, "geometry": {"type": "LineString", "coordinates": [[-123.37459256132922, 48.44273314820537], [-123.37439438091349, 48.44263857940446]]}, "properties": {"OBJECTID": 1918, "Label": "193(23)", "Direction": "one", "SHAPE_Length": 18.03647361794042, "Year": "2023", "PDF": "https://cityvictoria.sharepoint.com/:f:/s/TRAN-Transportation-Operations/Ett6PTFpXSlKoKMedSy-YaABfTLxMGv2p_clCgicJ8dgCg?e=Nb3n4p"}}, {"type": "Feature", "id": 1919, "geometry": {"type": "LineString", "coordinates": [[-123.34137811400997, 48.44470241625109], [-123.34081701046581, 48.444900218468995]]}, "properties": {"OBJECTID": 1919, "Label": "180(23)", "Direction": "one", "SHAPE_Length": 46.9601799149593, "Year": "2023", "PDF": "https://cityvictoria.sharepoint.com/:f:/s/TRAN-Transportation-Operations/EqleRVFYYMJDgK38id1DoXwBtxnYbO88nDkzEyJuN2Yslw?e=NG7dYm"}}, {"type": "Feature", "id": 1920, "geometry": {"type": "LineString", "coordinates": [[-123.34728857613824, 48.42878849916539], [-123.34751613104825, 48.42880019052541]]}, "properties": {"OBJECTID": 1920, "Label": "548(25)", "Direction": "one", "SHAPE_Length": 16.88365650709688, "Year": "2025", "PDF": "https://cityvictoria.sharepoint.com/:f:/s/TRAN-Transportation-Operations/ElgHq6_msDpLhQCAQ7yFJIUBglLNJ-IJuIsA-C_WMMomjg?e=TbcwDF"}}, {"type": "Feature", "id": 1921, "geometry": {"type": "LineString", "coordinates": [[-123.38804210717699, 48.43332718486254], [-123.38803719660197, 48.43343384089674]]}, "properties": {"OBJECTID": 1921, "Label": "168(25)", "Direction": "one", "SHAPE_Length": 11.860955882079624, "Year": "2025", "PDF": "https://cityvictoria.sharepoint.com/:f:/s/TRAN-Transportation-Operations/Eucd2g1QmEZCtdvW-QEbx2oB19OQ0E3c8I_CC7NXzC21CA?e=S7b88z"}}, {"type": "Feature", "id": 1922, "geometry": {"type": "LineString", "coordinates": [[-123.349068855412, 48.4179869433544], [-123.34903553123691, 48.41813367290941]]}, "properties": {"OBJECTID": 1922, "Label": "130(25)", "Direction": "one", "SHAPE_Length": 16.49503509808869, "Year": "2025", "PDF": "https://cityvictoria.sharepoint.com/:f:/s/TRAN-Transportation-Operations/EgnSWypU8Q5Ap3_phQgsMQ8BCtqQE2vBii_N-46EeubWvA?e=SQuMYD"}}, {"type": "Feature", "id": 1923, "geometry": {"type": "LineString", "coordinates": [[-123.34719506281856, 48.438523238530905], [-123.34675374731839, 48.43843697273526]]}, "properties": {"OBJECTID": 1923, "Label": "236(23)", "Direction": "one", "SHAPE_Length": 34.01982036728437, "Year": "2023", "PDF": "https://cityvictoria.sharepoint.com/:f:/s/TRAN-Transportation-Operations/EgTCmU3VIdhDi2HztEgQg2YBSODe-EZvJkfkL3czN8erXg?e=K3CZwz"}}, {"type": "Feature", "id": 1924, "geometry": {"type": "LineString", "coordinates": [[-123.37137741226023, 48.4424695573126], [-123.37173779120036, 48.44243602161994]]}, "properties": {"OBJECTID": 1924, "Label": "216(23)", "Direction": "one", "SHAPE_Length": 26.911645488102696, "Year": "2023", "PDF": "https://cityvictoria.sharepoint.com/:f:/s/TRAN-Transportation-Operations/EhSuoHbwdj1Pk9fPIOrdCuABzsx00fYh7ITv0s3q9Y-y2g?e=or3UVF"}}, {"type": "Feature", "id": 1925, "geometry": {"type": "LineString", "coordinates": [[-123.36032082640449, 48.4402347429001], [-123.36006061481434, 48.440266977669445]]}, "properties": {"OBJECTID": 1925, "Label": "394(23)", "Direction": "one", "SHAPE_Length": 19.5757667314895, "Year": "2023", "PDF": "https://cityvictoria.sharepoint.com/:f:/s/TRAN-Transportation-Operations/Eouspf_csa9JvLZf9Q-Q5EcBy_OOVdvVNlYns2snvw8DXw?e=HoqQUg"}}, {"type": "Feature", "id": 1926, "geometry": {"type": "LineString", "coordinates": [[-123.34893542352306, 48.41006940694527], [-123.34899793454487, 48.409799762216636]]}, "properties": {"OBJECTID": 1926, "Label": "112(23)", "Direction": "one", "SHAPE_Length": 30.32717951008861, "Year": "2023", "PDF": "https://cityvictoria.sharepoint.com/:f:/s/TRAN-Transportation-Operations/EllJg2-KuQ1DliXBKL-12h8BOda-W4aZ9pmR1qLabP7o6w?e=zqHRdk"}}, {"type": "Feature", "id": 1927, "geometry": {"type": "LineString", "coordinates": [[-123.38204064437329, 48.42028714019382], [-123.38166452755044, 48.4201074820736]]}, "properties": {"OBJECTID": 1927, "Label": "146(23)", "Direction": "one", "SHAPE_Length": 34.25218120282275, "Year": "2023", "PDF": "https://cityvictoria.sharepoint.com/:f:/s/TRAN-Transportation-Operations/El3_vwxRPABLv7hE_vZ7ZgEBw5BZd9Z3HxI6gEaiq15M_g?e=dQpqnP"}}, {"type": "Feature", "id": 1928, "geometry": {"type": "LineString", "coordinates": [[-123.34336191330003, 48.41459493995326], [-123.34317728489606, 48.414576448626406]]}, "properties": {"OBJECTID": 1928, "Label": "130(22)", "Direction": "one", "SHAPE_Length": 13.815598134396557, "Year": "2022", "PDF": "https://cityvictoria.sharepoint.com/:f:/s/TRAN-Transportation-Operations/Epafzn6-2KdAj8G74Ha9S-QBT9eGiEBGNSHwrIHWGmr1-Q?e=0EcbVU"}}, {"type": "Feature", "id": 1929, "geometry": {"type": "LineString", "coordinates": [[-123.34472534857365, 48.44428278876512], [-123.34433982135369, 48.44441152872918]]}, "properties": {"OBJECTID": 1929, "Label": "114(23)", "Direction": "one", "SHAPE_Length": 31.90073596198427, "Year": "2023", "PDF": "https://cityvictoria.sharepoint.com/:f:/s/TRAN-Transportation-Operations/EnQXVBxwBKVMgKz4SEEqjNQBGyoDhMHHEsYswGr9U7Jyeg?e=qSZXxT"}}, {"type": "Feature", "id": 1930, "geometry": {"type": "LineString", "coordinates": [[-123.38902556594131, 48.43211715331301], [-123.38901754687929, 48.43181630577253]]}, "properties": {"OBJECTID": 1930, "Label": "288(23)", "Direction": "one", "SHAPE_Length": 33.4460787896351, "Year": "2023", "PDF": "https://cityvictoria.sharepoint.com/:f:/s/TRAN-Transportation-Operations/Eh3c0zoe4cVBjUclzYUBbUQB12FPqY17OVeB3HYBRaJHwg?e=LJoBbd"}}, {"type": "Feature", "id": 1931, "geometry": {"type": "LineString", "coordinates": [[-123.34468716102853, 48.42057038463576], [-123.34473723915025, 48.420360765347546]]}, "properties": {"OBJECTID": 1931, "Label": "347(25)", "Direction": "one", "SHAPE_Length": 23.592968419739375, "Year": "2025", "PDF": "https://cityvictoria.sharepoint.com/:f:/s/TRAN-Transportation-Operations/EjHqAXmr9MZIuBtTjjNqMsABnF-1QLr_ejxkJqKByAL3Dg?e=TWX4aC"}}, {"type": "Feature", "id": 1932, "geometry": {"type": "LineString", "coordinates": [[-123.3326718941718, 48.44374593676999], [-123.3330983990608, 48.443752319516975]]}, "properties": {"OBJECTID": 1932, "Label": "749(25)", "Direction": "one", "SHAPE_Length": 31.549760793344273, "Year": "2025", "PDF": "https://cityvictoria.sharepoint.com/:f:/s/TRAN-Transportation-Operations/Elz5xnbKL8NMtfYRM-0jSnUByV-rGpUZwq05gTnWkH0BZQ?e=VxUSKr"}}, {"type": "Feature", "id": 1933, "geometry": {"type": "LineString", "coordinates": [[-123.33797538122838, 48.43258578975559], [-123.33752892586769, 48.43257757908208]]}, "properties": {"OBJECTID": 1933, "Label": "164(25)", "Direction": "one", "SHAPE_Length": 33.03705499675464, "Year": "2025", "PDF": "https://cityvictoria.sharepoint.com/:f:/s/TRAN-Transportation-Operations/EmysJNec_jlGm2hj24ZCBHcBH2I6FydgMk73FGcbEH3yeQ?e=uIt0re"}}, {"type": "Feature", "id": 1934, "geometry": {"type": "LineString", "coordinates": [[-123.38558141551796, 48.4191488242408], [-123.38548498070008, 48.41888064432209]]}, "properties": {"OBJECTID": 1934, "Label": "1866(23)", "Direction": "one", "SHAPE_Length": 30.65161685869436, "Year": "2023", "PDF": "https://cityvictoria.sharepoint.com/:f:/s/TRAN-Transportation-Operations/EmieiAtFE3FFhZk9BmSYK04B9c62BsPyPNqePRDbNDzTww?e=QCuYGi"}}, {"type": "Feature", "id": 1935, "geometry": {"type": "LineString", "coordinates": [[-123.3844214793477, 48.415559338863716], [-123.38427774977457, 48.415466509346516]]}, "properties": {"OBJECTID": 1935, "Label": "2068(23)", "Direction": "one", "SHAPE_Length": 14.818249440054887, "Year": "2023", "PDF": "https://cityvictoria.sharepoint.com/:f:/s/TRAN-Transportation-Operations/Ensc8CpQouFOmxlELAORUqsBj4q2ajdZQT_4WCaVpm931w?e=v3KuOy"}}, {"type": "Feature", "id": 1936, "geometry": {"type": "LineString", "coordinates": [[-123.33588135989167, 48.417520043931894], [-123.33568144717073, 48.41757108983582]]}, "properties": {"OBJECTID": 1936, "Label": "191(23)", "Direction": "one", "SHAPE_Length": 15.842872267090081, "Year": "2023", "PDF": "https://cityvictoria.sharepoint.com/:f:/s/TRAN-Transportation-Operations/El2cCzGCWV1Nt4BHH4HTcr4BwQ1PbYuL8GkFILAg9t631g?e=Y82732"}}, {"type": "Feature", "id": 1937, "geometry": {"type": "LineString", "coordinates": [[-123.35559976155655, 48.43263701814853], [-123.35562557116077, 48.43243984605433]]}, "properties": {"OBJECTID": 1937, "Label": "712(23)", "Direction": "one", "SHAPE_Length": 21.99969673864576, "Year": "2023", "PDF": "https://cityvictoria.sharepoint.com/:f:/s/TRAN-Transportation-Operations/EvjZgTFDjfJJj5oKEpiH9vMBB_ejpKUFaO_MV8Gg4aYZZQ?e=ScZ3tK"}}, {"type": "Feature", "id": 1938, "geometry": {"type": "LineString", "coordinates": [[-123.35534704454471, 48.43435449708219], [-123.35537155707415, 48.43417637205568]]}, "properties": {"OBJECTID": 1938, "Label": "479(23)", "Direction": "one", "SHAPE_Length": 19.882372790711287, "Year": "2023", "PDF": "https://cityvictoria.sharepoint.com/:f:/s/TRAN-Transportation-Operations/Evq_o8LUHGtMtmLqvZEdCO8B6YUX5Y38qf97pG-tExFOCQ?e=57Qkyf"}}, {"type": "Feature", "id": 1939, "geometry": {"type": "LineString", "coordinates": [[-123.3707174105625, 48.418079913495276], [-123.3702370415609, 48.41811192871195]]}, "properties": {"OBJECTID": 1939, "Label": "4357(23)", "Direction": "one", "SHAPE_Length": 35.720908959109856, "Year": "2023", "PDF": "https://cityvictoria.sharepoint.com/:f:/s/TRAN-Transportation-Operations/Ej1TBj1efk5Lq3YY8fAABA4BYRyw0JLticucJ1-cuzIgvQ?e=fchx3A"}}, {"type": "Feature", "id": 1940, "geometry": {"type": "LineString", "coordinates": [[-123.37026949016119, 48.4182470271892], [-123.37073841866697, 48.41821504959858]]}, "properties": {"OBJECTID": 1940, "Label": "3810(23)", "Direction": "one", "SHAPE_Length": 34.878205216290695, "Year": "2023", "PDF": "https://cityvictoria.sharepoint.com/:f:/s/TRAN-Transportation-Operations/Ej1TBj1efk5Lq3YY8fAABA4BYRyw0JLticucJ1-cuzIgvQ?e=fchx3A"}}, {"type": "Feature", "id": 1941, "geometry": {"type": "LineString", "coordinates": [[-123.33036321079983, 48.42705160645474], [-123.33036338341103, 48.42685736989169]]}, "properties": {"OBJECTID": 1941, "Label": "5022(23)", "Direction": "one", "SHAPE_Length": 21.590359719240407, "Year": "2023", "PDF": "https://cityvictoria.sharepoint.com/:f:/s/TRAN-Transportation-Operations/EoOXfjV5q7FClfJRvpvpbxQBIyOMQgkN2lrtnubiZPi2Wg?e=bM2fAW"}}, {"type": "Feature", "id": 1942, "geometry": {"type": "LineString", "coordinates": [[-123.33016305234989, 48.42685032747625], [-123.33016575909905, 48.427047412176975]]}, "properties": {"OBJECTID": 1942, "Label": "4421(23)", "Direction": "one", "SHAPE_Length": 21.907855472910658, "Year": "2023", "PDF": "https://cityvictoria.sharepoint.com/:f:/s/TRAN-Transportation-Operations/EoOXfjV5q7FClfJRvpvpbxQBIyOMQgkN2lrtnubiZPi2Wg?e=bM2fAW"}}, {"type": "Feature", "id": 1943, "geometry": {"type": "LineString", "coordinates": [[-123.35381862105335, 48.43371053365204], [-123.35418793294636, 48.43373415330927]]}, "properties": {"OBJECTID": 1943, "Label": "192(23)", "Direction": "one", "SHAPE_Length": 27.443402466347294, "Year": "2023", "PDF": "https://cityvictoria.sharepoint.com/:f:/s/TRAN-Transportation-Operations/EmNhQrFjLiRBn_bGyk2FdKUBvy3VQzmunbBqJXAkwwvVtA?e=Rwguqb"}}, {"type": "Feature", "id": 1944, "geometry": {"type": "LineString", "coordinates": [[-123.35579937293176, 48.442380522338134], [-123.35585512190323, 48.44257648923104]]}, "properties": {"OBJECTID": 1944, "Label": "179(23)", "Direction": "one", "SHAPE_Length": 22.169533007337662, "Year": "2023", "PDF": "https://cityvictoria.sharepoint.com/:f:/s/TRAN-Transportation-Operations/Er4ZEG-PIg5HphopG_jtdSUBQSCblBkqoyBEMV9xG-Simw?e=PB53Z3"}}, {"type": "Feature", "id": 1945, "geometry": {"type": "LineString", "coordinates": [[-123.35240521798039, 48.41609391802932], [-123.35244135266038, 48.41594146601952]]}, "properties": {"OBJECTID": 1945, "Label": "475(23)", "Direction": "one", "SHAPE_Length": 17.155421935026396, "Year": "2023", "PDF": "https://cityvictoria.sharepoint.com/:f:/s/TRAN-Transportation-Operations/Eg8BRiOEtnxLvfn0kOU2Pc8B6tLGRg-HfOHDxG53fwkKNA?e=u4j1yV"}}, {"type": "Feature", "id": 1946, "geometry": {"type": "LineString", "coordinates": [[-123.33153542928878, 48.42716892550288], [-123.33153640776652, 48.42731936002]]}, "properties": {"OBJECTID": 1946, "Label": "162(23)", "Direction": "one", "SHAPE_Length": 16.721699999645352, "Year": "2023", "PDF": "https://cityvictoria.sharepoint.com/:f:/s/TRAN-Transportation-Operations/Ek7zLnU2L2RLrwX4J8eN5icBprLiyp1msM6nqxpzGLSiOw?e=LOU1A0"}}, {"type": "Feature", "id": 1947, "geometry": {"type": "LineString", "coordinates": [[-123.35820787296562, 48.44059530803918], [-123.35816099740124, 48.44044120777423]]}, "properties": {"OBJECTID": 1947, "Label": "314(23)", "Direction": "one", "SHAPE_Length": 17.476389526349436, "Year": "2023", "PDF": "https://cityvictoria.sharepoint.com/:f:/s/TRAN-Transportation-Operations/EtRu2OrW5HVKvctWzByf7GsB8srSs5ZYHtwFQkxI6JxnVA?e=LdNnuB"}}, {"type": "Feature", "id": 1948, "geometry": {"type": "LineString", "coordinates": [[-123.3818330580584, 48.44702804616285], [-123.3819293621976, 48.44689252436801]]}, "properties": {"OBJECTID": 1948, "Label": "330(23)", "Direction": "one", "SHAPE_Length": 16.66260159139616, "Year": "2023", "PDF": "https://cityvictoria.sharepoint.com/:f:/s/TRAN-Transportation-Operations/Evq3e4EnMrNPsB8fvlQkIuIBA0eZCx9FCJWM3nW2TdTRxA?e=14Wrna"}}, {"type": "Feature", "id": 1949, "geometry": {"type": "LineString", "coordinates": [[-123.35408432490323, 48.40849246979283], [-123.35401757196937, 48.40876498682487]]}, "properties": {"OBJECTID": 1949, "Label": "168(25)", "Direction": "one", "SHAPE_Length": 30.691732412373128, "Year": "2025", "PDF": "https://cityvictoria.sharepoint.com/:f:/s/TRAN-Transportation-Operations/EisXDLAeJCdKsqMeW4B93gEBYFHZ7A3DjAh3oCZcYaxRgQ?e=mSAP6e"}}, {"type": "Feature", "id": 1950, "geometry": {"type": "LineString", "coordinates": [[-123.34368771743893, 48.4372789539335], [-123.34368956492844, 48.437128511318306]]}, "properties": {"OBJECTID": 1950, "Label": "122(25)", "Direction": "one", "SHAPE_Length": 16.72304002770082, "Year": "2025", "PDF": "https://cityvictoria.sharepoint.com/:f:/s/TRAN-Transportation-Operations/EjsT3sXmtCxOhkcLRiQlJXwBw6C0OVHL87Ck_hr-U6QxSQ?e=i7Gc79"}}, {"type": "Feature", "id": 1951, "geometry": {"type": "LineString", "coordinates": [[-123.37574900261683, 48.41814353666966], [-123.37559682574499, 48.41806786237374]]}, "properties": {"OBJECTID": 1951, "Label": "278(25)", "Direction": "one", "SHAPE_Length": 14.054803713412744, "Year": "2025", "PDF": "https://cityvictoria.sharepoint.com/:f:/s/TRAN-Transportation-Operations/EseK3jJyGMRIl-8tZljB1PYB3QFzvLkXdjw7enPiYA62ow?e=mQjd7W"}}, {"type": "Feature", "id": 1952, "geometry": {"type": "LineString", "coordinates": [[-123.37846352375867, 48.41964282532035], [-123.37860566778895, 48.41971472058116], [-123.37860567485696, 48.41971567239297]]}, "properties": {"OBJECTID": 1952, "Label": "231(25)", "Direction": "one", "SHAPE_Length": 13.31467163232537, "Year": "2025", "PDF": "https://cityvictoria.sharepoint.com/:f:/s/TRAN-Transportation-Operations/Egb9zreCc_tNpSV8AZo-pMsB2jFzp9Vy8YDr3c67EG6LgQ?e=pKkz0H"}}, {"type": "Feature", "id": 1953, "geometry": {"type": "LineString", "coordinates": [[-123.33514673594432, 48.43509048993308], [-123.33515413099049, 48.434909562735825]]}, "properties": {"OBJECTID": 1953, "Label": "251(25)", "Direction": "one", "SHAPE_Length": 20.118423784464984, "Year": "2025", "PDF": "https://cityvictoria.sharepoint.com/:f:/s/TRAN-Transportation-Operations/EpkFYsHbtpBDhDy1j0eIXDEBGaZcO3bLDXOFbqzQuDdygA?e=8CSgvT"}}, {"type": "Feature", "id": 1954, "geometry": {"type": "LineString", "coordinates": [[-123.35082744597219, 48.435410372301305], [-123.35081396281511, 48.43553038293728]]}, "properties": {"OBJECTID": 1954, "Label": "237(25)", "Direction": "one", "SHAPE_Length": 13.377036390332732, "Year": "2025", "PDF": "https://cityvictoria.sharepoint.com/:f:/s/TRAN-Transportation-Operations/Emzd0YjD2VFAlKhiDLZjy9IBXUTUN0vSd019O2WoNsjy-A?e=nTtAzc"}}, {"type": "Feature", "id": 1955, "geometry": {"type": "LineString", "coordinates": [[-123.36053024220885, 48.41326872159289], [-123.36052856605392, 48.41343630304279]]}, "properties": {"OBJECTID": 1955, "Label": "457(25)", "Direction": "one", "SHAPE_Length": 18.627902990168867, "Year": "2025", "PDF": "https://cityvictoria.sharepoint.com/:f:/s/TRAN-Transportation-Operations/EqidCm8FgqVAkkdgTTHVDnEBg8Znz7K2pelFvyvdzuhK5A?e=jUHzR4"}}, {"type": "Feature", "id": 1956, "geometry": {"type": "LineString", "coordinates": [[-123.35169309904485, 48.413479562868446], [-123.3513066676642, 48.413440753613685]]}, "properties": {"OBJECTID": 1956, "Label": "365(25)", "Direction": "one", "SHAPE_Length": 28.918754555021664, "Year": "2025", "PDF": "https://cityvictoria.sharepoint.com/:f:/s/TRAN-Transportation-Operations/ErDbpb2igaJAu5J1EDbX4M4BVadgJLzJ5Hf2Rq3Vk76QMA?e=dM6TyV"}}, {"type": "Feature", "id": 1957, "geometry": {"type": "LineString", "coordinates": [[-123.34544281066667, 48.43924939811877], [-123.34549795177385, 48.43915116245962]]}, "properties": {"OBJECTID": 1957, "Label": "593(23)", "Direction": "one", "SHAPE_Length": 11.656151896666955, "Year": "2025", "PDF": "https://cityvictoria.sharepoint.com/:f:/s/TRAN-Transportation-Operations/Etl7hhP4zfVHluaokb-SIK0BNR6eYr0XUiDFjqkG1726AA?e=u1OTjC"}}, {"type": "Feature", "id": 1958, "geometry": {"type": "LineString", "coordinates": [[-123.34642096624974, 48.43527988780635], [-123.34642292078604, 48.435146583143656]]}, "properties": {"OBJECTID": 1958, "Label": "67(25)", "Direction": "one", "SHAPE_Length": 14.818210872415662, "Year": "2025", "PDF": "https://cityvictoria.sharepoint.com/:f:/s/TRAN-Transportation-Operations/EiAk8JeoxLxMrIN_-nngIq8Bk6IAiA-PYTKp4enEMUte7A?e=xN2gRo"}}, {"type": "Feature", "id": 1959, "geometry": {"type": "LineString", "coordinates": [[-123.35120131657142, 48.432629158089554], [-123.35092079895132, 48.432616683699656]]}, "properties": {"OBJECTID": 1959, "Label": "415(25)", "Direction": "one", "SHAPE_Length": 20.79625154804996, "Year": "2025", "PDF": "https://cityvictoria.sharepoint.com/:f:/s/TRAN-Transportation-Operations/EjtLoMLqzRZDogv5fV4D8w0BdRKyaD3VrVSQkH4jgDd1zA?e=t7OgZ0"}}, {"type": "Feature", "id": 1960, "geometry": {"type": "LineString", "coordinates": [[-123.34976629634195, 48.431334108804805], [-123.34974183740259, 48.43152270630976]]}, "properties": {"OBJECTID": 1960, "Label": "1151(25)", "Direction": "one", "SHAPE_Length": 21.041512326992958, "Year": "2025", "PDF": "https://cityvictoria.sharepoint.com/:f:/s/TRAN-Transportation-Operations/EgT1CcPizwlDoUmh_Q8K2XoBwvku9uapCT51lVD8ttqp0Q?e=oreebq"}}, {"type": "Feature", "id": 1961, "geometry": {"type": "LineString", "coordinates": [[-123.35150578893135, 48.429426761128674], [-123.35133690575492, 48.42941775494029]]}, "properties": {"OBJECTID": 1961, "Label": "239(25)", "Direction": "one", "SHAPE_Length": 12.533169795492931, "Year": "2025", "PDF": "https://cityvictoria.sharepoint.com/:f:/s/TRAN-Transportation-Operations/Eqlz7w3SDV5DkF27a62qD9MBVU0_OwtEehOX13TZXN6XcA?e=V6Drs7"}}, {"type": "Feature", "id": 1962, "geometry": {"type": "LineString", "coordinates": [[-123.37152319363474, 48.415562097582544], [-123.37168761165933, 48.41555299738551]]}, "properties": {"OBJECTID": 1962, "Label": "1048(25)", "Direction": "one", "SHAPE_Length": 12.208114639092656, "Year": "2025", "PDF": "https://cityvictoria.sharepoint.com/:f:/s/TRAN-Transportation-Operations/Ev_1UIqKw3VIgUKqdoQ1IoIBKbEw49rBmrg7IYC9ncec-g?e=bb1NEF"}}, {"type": "Feature", "id": 1963, "geometry": {"type": "LineString", "coordinates": [[-123.33111581660619, 48.42456426100009], [-123.3312954632832, 48.42447188388843]]}, "properties": {"OBJECTID": 1963, "Label": "255 (26)", "Direction": "one", "SHAPE_Length": 16.795115670068512, "Year": "2026", "PDF": "https://cityvictoria.sharepoint.com/:b:/r/sites/TRAN-Transportation-Operations/Our%20Vault/Data%20Collection/2026CP/Metrocount/GREEN%20OAKS%20TERRACE%201700%20BLK/GREEN%20OAKS%20TERRACE_1700_20260206_MetrocountSpeedVolClsStudy_000672.pdf?csf=1&web=1&e=tjIf7a"}}, {"type": "Feature", "id": 1964, "geometry": {"type": "LineString", "coordinates": [[-123.36100937474316, 48.43457802501408], [-123.36098785844564, 48.43477232749149]]}, "properties": {"OBJECTID": 1964, "Label": "284", "Direction": "one", "SHAPE_Length": 21.65630081257861, "Year": "2026", "PDF": "https://cityvictoria.sharepoint.com/:b:/r/sites/TRAN-Transportation-Operations/Our%20Vault/Data%20Collection/2026CP/Metrocount/DOWLER%20PLACE%202300%20BLK/DOWLER%20PLACE%202300_20260211_SPEEDandVOLUME_000671.pdf?csf=1&web=1&e=FnOnIb"}}, {"type": "Feature", "id": 1965, "geometry": {"type": "LineString", "coordinates": [[-123.36981823090936, 48.4483102506411], [-123.37037025021459, 48.448251347625025]]}, "properties": {"OBJECTID": 1965, "Label": "3135 (25)", "Direction": "one", "SHAPE_Length": 41.34227730693187, "Year": "2025", "PDF": "https://cityvictoria.sharepoint.com/:f:/r/sites/TRAN-Transportation-Operations/Our%20Vault/Data%20Collection/2025CP/Consultant%20Traffic%20Counts/McElhanny%20Tolmie%20Ave?csf=1&web=1&e=IxQUSK"}}, {"type": "Feature", "id": 1966, "geometry": {"type": "LineString", "coordinates": [[-123.3350718440145, 48.43732672288191], [-123.33506938966133, 48.43695349326442]]}, "properties": {"OBJECTID": 1966, "Label": "422 (26)", "Direction": "one", "SHAPE_Length": 41.486800000071526, "Year": "2026", "PDF": "https://cityvictoria.sharepoint.com/:f:/r/sites/TRAN-Transportation-Operations/Our%20Vault/Data%20Collection/2026CP/Metrocount/SCOTT%20ST%202600%20BLK?csf=1&web=1&e=LyQ0kM"}}, {"type": "Feature", "id": 1967, "geometry": {"type": "LineString", "coordinates": [[-123.34315037543, 48.42150013467007], [-123.34382035655288, 48.42157811496975]]}, "properties": {"OBJECTID": 1967, "Label": "82 (26)", "Direction": "one", "SHAPE_Length": 50.321612493483606, "Year": "2026", "PDF": "https://cityvictoria.sharepoint.com/:x:/r/sites/TRAN-Transportation-Operations/Our%20Vault/Data%20Collection/2026CP/Metrocount/CRAIGDARROCH%20RD%201300%20BLK/CRAIGARROCH_1300_20260312_SPEEDandVOLUME_000688.xlsx?d=w78014aa47b74448797b5dd71b48fd3ee&csf=1&web=1&e=P11hgu"}}, {"type": "Feature", "id": 1968, "geometry": {"type": "LineString", "coordinates": [[-123.33493630765703, 48.44124128255406], [-123.33495125099205, 48.44090228016547]]}, "properties": {"OBJECTID": 1968, "Label": "456 (26)", "Direction": "one", "SHAPE_Length": 37.698098398594595, "Year": "2026", "PDF": "https://cityvictoria.sharepoint.com/:f:/r/sites/TRAN-Transportation-Operations/Our%20Vault/Data%20Collection/2026CP/Metrocount/SCOTT%20ST%202800%20BLK?csf=1&web=1&e=Bi18aQ"}}, {"type": "Feature", "id": 1969, "geometry": {"type": "LineString", "coordinates": [[-123.33475707739802, 48.442711896906665], [-123.33473065855311, 48.44304712431826], [-123.33473068358118, 48.443050933367445]]}, "properties": {"OBJECTID": 1969, "Label": "468 (26)", "Direction": "one", "SHAPE_Length": 37.73688590546035, "Year": "2026", "PDF": "https://cityvictoria.sharepoint.com/:b:/r/sites/TRAN-Transportation-Operations/Our%20Vault/Data%20Collection/2026CP/Metrocount/SCOTT%20ST%202900%20BLK/SCOTT_2900_20260312_SPEEDandVOLUME_000690.pdf?csf=1&web=1&e=orrApg"}}, {"type": "Feature", "id": 1970, "geometry": {"type": "LineString", "coordinates": [[-123.34968133238294, 48.423333091270486], [-123.34965658945731, 48.42347979479078]]}, "properties": {"OBJECTID": 1970, "Label": "539 (26)", "Direction": "one", "SHAPE_Length": 16.409253727332697, "Year": "2026", "PDF": "https://cityvictoria.sharepoint.com/:b:/r/sites/TRAN-Transportation-Operations/Our%20Vault/Data%20Collection/2026CP/Metrocount/ORMOND%20ST%201100%20BLK/S%20of%20View/ORMOND_SofVIEW_20260321_MetroCountStudy_000704.pdf?csf=1&web=1&e=eRYxgv"}}, {"type": "Feature", "id": 1971, "geometry": {"type": "LineString", "coordinates": [[-123.35960369478514, 48.44406350636625], [-123.36008415377347, 48.444008684432674]]}, "properties": {"OBJECTID": 1971, "Label": "329 (26)", "Direction": "one", "SHAPE_Length": 36.05051141001707, "Year": "2026", "PDF": "https://cityvictoria.sharepoint.com/:b:/r/sites/TRAN-Transportation-Operations/Our%20Vault/Data%20Collection/2026CP/Metrocount/SUMMIT%20AVE%201000%20BLK/SUMMIT_1000_20260319_MetroCountStudy_000702.pdf?csf=1&web=1&e=5gmbMU"}}, {"type": "Feature", "id": 1972, "geometry": {"type": "LineString", "coordinates": [[-123.39045184405668, 48.43032052176819], [-123.39045626789795, 48.43015102641761]]}, "properties": {"OBJECTID": 1972, "Label": "230 (26)", "Direction": "one", "SHAPE_Length": 18.843155188994583, "Year": "2026", "PDF": "https://cityvictoria.sharepoint.com/:f:/r/sites/TRAN-Transportation-Operations/Our%20Vault/Data%20Collection/2026CP/Metrocount/MAITLAND%20ST%20300%20BLK?csf=1&web=1&e=RdLG6b"}}, {"type": "Feature", "id": 1973, "geometry": {"type": "LineString", "coordinates": [[-123.3406555779092, 48.42001438623188], [-123.34094454243605, 48.42001733865666]]}, "properties": {"OBJECTID": 1973, "Label": "1665 (26)", "Direction": "one", "SHAPE_Length": 21.382590335174406, "Year": "2026", "PDF": "ROCKLAND_1400_20260414_MetroCountStudy_000718"}}, {"type": "Feature", "id": 1974, "geometry": {"type": "LineString", "coordinates": [[-123.37339309823157, 48.41111738962007], [-123.37352947045184, 48.410991265011646]]}, "properties": {"OBJECTID": 1974, "Label": "497 (26)", "Direction": "one", "SHAPE_Length": 17.273867546723956, "Year": "2026", "PDF": "https://cityvictoria.sharepoint.com/:f:/r/sites/TRAN-Transportation-Operations/Our%20Vault/Data%20Collection/2026CP/Metrocount/GOVERNMENT%20%20ST%20%200%20BLK?csf=1&web=1&e=3kST3V"}}, {"type": "Feature", "id": 1975, "geometry": {"type": "LineString", "coordinates": [[-123.37520943580344, 48.41237316998311], [-123.37544490892569, 48.412498084779585]]}, "properties": {"OBJECTID": 1975, "Label": "238 (26)", "Direction": "one", "SHAPE_Length": 22.280456208843788, "Year": "2026", "PDF": "https://cityvictoria.sharepoint.com/:f:/r/sites/TRAN-Transportation-Operations/Our%20Vault/Data%20Collection/2026CP/Metrocount/RITHET%20ST%20500%20BLk?csf=1&web=1&e=GrKHE0"}}, {"type": "Feature", "id": 1976, "geometry": {"type": "LineString", "coordinates": [[-123.33518428021976, 48.42536453050414], [-123.33518815010355, 48.42508268651122]]}, "properties": {"OBJECTID": 1976, "Label": "89 (26)", "Direction": "one", "SHAPE_Length": 31.32966111841817, "Year": "2026", "PDF": "https://cityvictoria.sharepoint.com/:f:/r/sites/TRAN-Transportation-Operations/Our%20Vault/Data%20Collection/2026CP/Metrocount/TERRACE%20AVE%201000%20BLK?csf=1&web=1&e=89V5X6"}}, {"type": "Feature", "id": 1977, "geometry": {"type": "LineString", "coordinates": [[-123.34846315498321, 48.42632101875451], [-123.34877226076837, 48.42633531705042]]}, "properties": {"OBJECTID": 1977, "Label": "89(25)", "Direction": "one", "SHAPE_Length": 22.922635178581594, "Year": "2025", "PDF": "https://cityvictoria.sharepoint.com/:f:/s/TRAN-Transportation-Operations/ElQXSM-sq4BHmgICrgM_W0oBUOVS6ySsHgwhv3PPIqzTEA?e=7pCGu7"}}, {"type": "Feature", "id": 1978, "geometry": {"type": "LineString", "coordinates": [[-123.3565333994876, 48.43473792561688], [-123.35683684907158, 48.43475412345194]]}, "properties": {"OBJECTID": 1978, "Label": "199(25)", "Direction": "one", "SHAPE_Length": 22.517427293246357, "Year": "2025", "PDF": "https://cityvictoria.sharepoint.com/:f:/s/TRAN-Transportation-Operations/EnV2hnjhBxVFhNW-mUPmUpIBbxGFIE85wEG_BG1nxOBDbw?e=YUba9a"}}, {"type": "Feature", "id": 1979, "geometry": {"type": "LineString", "coordinates": [[-123.34490998504359, 48.414082940379586], [-123.34511792126851, 48.413952825887144]]}, "properties": {"OBJECTID": 1979, "Label": "410(25)", "Direction": "one", "SHAPE_Length": 21.116936245842787, "Year": "2025", "PDF": "https://cityvictoria.sharepoint.com/:f:/s/TRAN-Transportation-Operations/EnCqs65sEDFAgWWAzJXOyw4BGV4K-SAMuTqZZZzQMt1Ivw?e=J9QBRa"}}, {"type": "Feature", "id": 1980, "geometry": {"type": "LineString", "coordinates": [[-123.34348967780454, 48.41343592642131], [-123.34329995534476, 48.413297480513904]]}, "properties": {"OBJECTID": 1980, "Label": "147(25)", "Direction": "one", "SHAPE_Length": 20.830648882969754, "Year": "2025", "PDF": "https://cityvictoria.sharepoint.com/:f:/s/TRAN-Transportation-Operations/EnTe5X4NuJZOtbDImsz1b1oBbxK3qKkGROHKd5aDPXLWWA?e=IdhEEY"}}, {"type": "Feature", "id": 1981, "geometry": {"type": "LineString", "coordinates": [[-123.33421342213875, 48.41672711880864], [-123.33401785163267, 48.4167857674971]]}, "properties": {"OBJECTID": 1981, "Label": "698(25)", "Direction": "one", "SHAPE_Length": 15.871529397528656, "Year": "2025", "PDF": "https://cityvictoria.sharepoint.com/:f:/s/TRAN-Transportation-Operations/Et3MoUbZ6hRPr-Cowyt8ne8Bgfzz1KjBhv30T2LP1hvfjg?e=7BwrrM"}}, {"type": "Feature", "id": 1982, "geometry": {"type": "LineString", "coordinates": [[-123.3410583906195, 48.41512418448679], [-123.34105502488467, 48.41547648509746]]}, "properties": {"OBJECTID": 1982, "Label": "168(23)", "Direction": "one", "SHAPE_Length": 39.160688937409645, "Year": "2023", "PDF": "https://cityvictoria.sharepoint.com/:f:/s/TRAN-Transportation-Operations/EhFuBFZE1bRLjC4bOTjdchcBvyAtV_dS07lRGppxgX_PVQ?e=VcM1F1"}}, {"type": "Feature", "id": 1983, "geometry": {"type": "LineString", "coordinates": [[-123.33289812405346, 48.42724054163307], [-123.33290016990905, 48.42755378871429]]}, "properties": {"OBJECTID": 1983, "Label": "247(23)", "Direction": "one", "SHAPE_Length": 34.81929999962449, "Year": "2023", "PDF": "https://cityvictoria.sharepoint.com/:f:/s/TRAN-Transportation-Operations/Ej6Vd99moZBDvHUWRvrf9-IBDrnjVuM2eazI16xdUJ6jXQ?e=D1eAnX"}}, {"type": "Feature", "id": 1984, "geometry": {"type": "LineString", "coordinates": [[-123.35277044063605, 48.43692002077603], [-123.35286150166739, 48.43725870080236]]}, "properties": {"OBJECTID": 1984, "Label": "239(23)", "Direction": "one", "SHAPE_Length": 38.243818190192556, "Year": "2023", "PDF": "https://cityvictoria.sharepoint.com/:f:/s/TRAN-Transportation-Operations/Et-tWPal8B1MlCTchrJzUmIBXwd6tZ4eiophVuLMJ_MW4w?e=WGp7U8"}}, {"type": "Feature", "id": 1985, "geometry": {"type": "LineString", "coordinates": [[-123.37434044259214, 48.44269874002813], [-123.37452432737723, 48.44279525910828]]}, "properties": {"OBJECTID": 1985, "Label": "130(23)", "Direction": "one", "SHAPE_Length": 17.321810121457553, "Year": "2023", "PDF": "https://cityvictoria.sharepoint.com/:f:/s/TRAN-Transportation-Operations/Ett6PTFpXSlKoKMedSy-YaABfTLxMGv2p_clCgicJ8dgCg?e=Nb3n4p"}}, {"type": "Feature", "id": 1986, "geometry": {"type": "LineString", "coordinates": [[-123.35705710311379, 48.436583441063355], [-123.35697489397512, 48.436286630947116]]}, "properties": {"OBJECTID": 1986, "Label": "229(23)", "Direction": "one", "SHAPE_Length": 33.54767015542446, "Year": "2023", "PDF": "https://cityvictoria.sharepoint.com/:f:/s/TRAN-Transportation-Operations/EslYWU4HPRJOv1QVVIjcH2wBT5t84mi6v3JvoOMTR_UnQg?e=UNTGjZ"}}, {"type": "Feature", "id": 1987, "geometry": {"type": "LineString", "coordinates": [[-123.39365419156346, 48.43488055277327], [-123.3936504547213, 48.43513764226498]]}, "properties": {"OBJECTID": 1987, "Label": "1091(25)", "Direction": "one", "SHAPE_Length": 28.578235126649858, "Year": "2025", "PDF": "https://cityvictoria.sharepoint.com/:f:/s/TRAN-Transportation-Operations/Epa2Gtiv2vBMqiGk20ZkcQwBS0uKqguP6YBh9l7EPBT0Mg?e=xdQO4b"}}, {"type": "Feature", "id": 1988, "geometry": {"type": "LineString", "coordinates": [[-123.34751147561641, 48.4287468848323], [-123.34729393490974, 48.428735163240916]]}, "properties": {"OBJECTID": 1988, "Label": "352(25)", "Direction": "one", "SHAPE_Length": 16.145433338771046, "Year": "2025", "PDF": "https://cityvictoria.sharepoint.com/:f:/s/TRAN-Transportation-Operations/ElgHq6_msDpLhQCAQ7yFJIUBglLNJ-IJuIsA-C_WMMomjg?e=TbcwDF"}}, {"type": "Feature", "id": 1989, "geometry": {"type": "LineString", "coordinates": [[-123.38812306371892, 48.43343640772104], [-123.388126551068, 48.43333070921589]]}, "properties": {"OBJECTID": 1989, "Label": "397(25)", "Direction": "one", "SHAPE_Length": 11.751789757827641, "Year": "2025", "PDF": "https://cityvictoria.sharepoint.com/:f:/s/TRAN-Transportation-Operations/Eucd2g1QmEZCtdvW-QEbx2oB19OQ0E3c8I_CC7NXzC21CA?e=S7b88z"}}, {"type": "Feature", "id": 1990, "geometry": {"type": "LineString", "coordinates": [[-123.33810005920232, 48.431239812969565], [-123.33842058755658, 48.431246488155786]]}, "properties": {"OBJECTID": 1990, "Label": "248(25)", "Direction": "one", "SHAPE_Length": 23.721815398035645, "Year": "2025", "PDF": "https://cityvictoria.sharepoint.com/:f:/s/TRAN-Transportation-Operations/Eneik0Uy9wdPkF3MeiOUMIIBh86D10_ULCmmtuOkDgXgNQ?e=e4sqgm"}}, {"type": "Feature", "id": 1991, "geometry": {"type": "LineString", "coordinates": [[-123.34920727552573, 48.4181483865953], [-123.34924345896694, 48.41800164741295]]}, "properties": {"OBJECTID": 1991, "Label": "60(25)", "Direction": "one", "SHAPE_Length": 16.529039449159452, "Year": "2025", "PDF": "https://cityvictoria.sharepoint.com/:f:/s/TRAN-Transportation-Operations/EgnSWypU8Q5Ap3_phQgsMQ8BCtqQE2vBii_N-46EeubWvA?e=SQuMYD"}}, {"type": "Feature", "id": 1992, "geometry": {"type": "LineString", "coordinates": [[-123.34680738193877, 48.43832826812539], [-123.34722296764566, 48.43841841957811]]}, "properties": {"OBJECTID": 1992, "Label": "236(23)", "Direction": "one", "SHAPE_Length": 32.32974152776344, "Year": "2023", "PDF": "https://cityvictoria.sharepoint.com/:f:/s/TRAN-Transportation-Operations/EgTCmU3VIdhDi2HztEgQg2YBSODe-EZvJkfkL3czN8erXg?e=K3CZwz"}}, {"type": "Feature", "id": 1993, "geometry": {"type": "LineString", "coordinates": [[-123.32556775777057, 48.4293393808748], [-123.32556639350763, 48.42957361028011]]}, "properties": {"OBJECTID": 1993, "Label": "262(23)", "Direction": "one", "SHAPE_Length": 26.03595987416116, "Year": "2023", "PDF": "https://cityvictoria.sharepoint.com/:f:/s/TRAN-Transportation-Operations/EjGe7VeXQh9OgBzfp_vLyJkBXhga9qibyWdmnYDAdW008A?e=J1EmOz"}}, {"type": "Feature", "id": 1994, "geometry": {"type": "LineString", "coordinates": [[-123.32570083834611, 48.42956751704093], [-123.32570217900744, 48.42932947946917], [-123.32569931725575, 48.42932948756885]]}, "properties": {"OBJECTID": 1994, "Label": "271(23)", "Direction": "one", "SHAPE_Length": 26.670946917420242, "Year": "2023", "PDF": "https://cityvictoria.sharepoint.com/:f:/s/TRAN-Transportation-Operations/EjGe7VeXQh9OgBzfp_vLyJkBXhga9qibyWdmnYDAdW008A?e=J1EmOz"}}, {"type": "Feature", "id": 1995, "geometry": {"type": "LineString", "coordinates": [[-123.36002984489855, 48.44016519648473], [-123.36028863895285, 48.44013486988496]]}, "properties": {"OBJECTID": 1995, "Label": "194(23)", "Direction": "one", "SHAPE_Length": 19.434834952748343, "Year": "2023", "PDF": "https://cityvictoria.sharepoint.com/:f:/s/TRAN-Transportation-Operations/Eouspf_csa9JvLZf9Q-Q5EcBy_OOVdvVNlYns2snvw8DXw?e=HoqQUg"}}, {"type": "Feature", "id": 1996, "geometry": {"type": "LineString", "coordinates": [[-123.34883055432685, 48.40979170053836], [-123.34877220904364, 48.41004324226158]]}, "properties": {"OBJECTID": 1996, "Label": "95(23)", "Direction": "one", "SHAPE_Length": 28.29146890802973, "Year": "2023", "PDF": "https://cityvictoria.sharepoint.com/:f:/s/TRAN-Transportation-Operations/EllJg2-KuQ1DliXBKL-12h8BOda-W4aZ9pmR1qLabP7o6w?e=zqHRdk"}}, {"type": "Feature", "id": 1997, "geometry": {"type": "LineString", "coordinates": [[-123.381763912466, 48.420008130057695], [-123.38212573977418, 48.420189739879106]]}, "properties": {"OBJECTID": 1997, "Label": "143(23)", "Direction": "one", "SHAPE_Length": 33.52910225479013, "Year": "2023", "PDF": "https://cityvictoria.sharepoint.com/:f:/s/TRAN-Transportation-Operations/El3_vwxRPABLv7hE_vZ7ZgEBw5BZd9Z3HxI6gEaiq15M_g?e=dQpqnP"}}, {"type": "Feature", "id": 1998, "geometry": {"type": "LineString", "coordinates": [[-123.3431538994881, 48.41471457769605], [-123.34333566746295, 48.4147330784948]]}, "properties": {"OBJECTID": 1998, "Label": "130(22)", "Direction": "one", "SHAPE_Length": 13.60645154057903, "Year": "2022", "PDF": "https://cityvictoria.sharepoint.com/:f:/s/TRAN-Transportation-Operations/Epafzn6-2KdAj8G74Ha9S-QBT9eGiEBGNSHwrIHWGmr1-Q?e=0EcbVU"}}, {"type": "Feature", "id": 1999, "geometry": {"type": "LineString", "coordinates": [[-123.34431630685638, 48.44432019456116], [-123.34468179808398, 48.444191514684526]]}, "properties": {"OBJECTID": 1999, "Label": "118(23)", "Direction": "one", "SHAPE_Length": 30.580597418086054, "Year": "2023", "PDF": "https://cityvictoria.sharepoint.com/:f:/s/TRAN-Transportation-Operations/EnQXVBxwBKVMgKz4SEEqjNQBGyoDhMHHEsYswGr9U7Jyeg?e=qSZXxT"}}, {"type": "Feature", "id": 2000, "geometry": {"type": "LineString", "coordinates": [[-123.38887164347351, 48.431820608041825], [-123.38887398284041, 48.43212718758322]]}, "properties": {"OBJECTID": 2000, "Label": "269(23)", "Direction": "one", "SHAPE_Length": 34.07839999906719, "Year": "2023", "PDF": "https://cityvictoria.sharepoint.com/:f:/s/TRAN-Transportation-Operations/Eh3c0zoe4cVBjUclzYUBbUQB12FPqY17OVeB3HYBRaJHwg?e=LJoBbd"}}, {"type": "Feature", "id": 2001, "geometry": {"type": "LineString", "coordinates": [[-123.34460554707948, 48.42034687778755], [-123.34455403712667, 48.4205565013059]]}, "properties": {"OBJECTID": 2001, "Label": "166(25)", "Direction": "one", "SHAPE_Length": 23.610301388818563, "Year": "2025", "PDF": "https://cityvictoria.sharepoint.com/:f:/s/TRAN-Transportation-Operations/EjHqAXmr9MZIuBtTjjNqMsABnF-1QLr_ejxkJqKByAL3Dg?e=TWX4aC"}}, {"type": "Feature", "id": 2002, "geometry": {"type": "LineString", "coordinates": [[-123.33308915283294, 48.4436514207533], [-123.33266839875994, 48.443648828671]]}, "properties": {"OBJECTID": 2002, "Label": "722(25)", "Direction": "one", "SHAPE_Length": 31.1178805925739, "Year": "2025", "PDF": "https://cityvictoria.sharepoint.com/:f:/s/TRAN-Transportation-Operations/Elz5xnbKL8NMtfYRM-0jSnUByV-rGpUZwq05gTnWkH0BZQ?e=VxUSKr"}}, {"type": "Feature", "id": 2003, "geometry": {"type": "LineString", "coordinates": [[-123.38531352601079, 48.418905974383904], [-123.38539848788307, 48.4191703837306]]}, "properties": {"OBJECTID": 2003, "Label": "1715(23)", "Direction": "one", "SHAPE_Length": 30.055222264695374, "Year": "2023", "PDF": "https://cityvictoria.sharepoint.com/:f:/s/TRAN-Transportation-Operations/EmieiAtFE3FFhZk9BmSYK04B9c62BsPyPNqePRDbNDzTww?e=QCuYGi"}}, {"type": "Feature", "id": 2004, "geometry": {"type": "LineString", "coordinates": [[-123.33574077271292, 48.41767470004712], [-123.33593641990187, 48.41762747383381], [-123.33593643244976, 48.41762937836665]]}, "properties": {"OBJECTID": 2004, "Label": "188(23)", "Direction": "one", "SHAPE_Length": 15.61041291593016, "Year": "2023", "PDF": "https://cityvictoria.sharepoint.com/:f:/s/TRAN-Transportation-Operations/El2cCzGCWV1Nt4BHH4HTcr4BwQ1PbYuL8GkFILAg9t631g?e=Y82732"}}, {"type": "Feature", "id": 2005, "geometry": {"type": "LineString", "coordinates": [[-123.35540227050882, 48.432425302089584], [-123.35537653972096, 48.43263389948059]]}, "properties": {"OBJECTID": 2005, "Label": "581(23)", "Direction": "one", "SHAPE_Length": 23.264669792825014, "Year": "2023", "PDF": "https://cityvictoria.sharepoint.com/:f:/s/TRAN-Transportation-Operations/EvjZgTFDjfJJj5oKEpiH9vMBB_ejpKUFaO_MV8Gg4aYZZQ?e=ScZ3tK"}}, {"type": "Feature", "id": 2006, "geometry": {"type": "LineString", "coordinates": [[-123.35516398129052, 48.43416082633489], [-123.3551409249184, 48.43434275505245]]}, "properties": {"OBJECTID": 2006, "Label": "636(23)", "Direction": "one", "SHAPE_Length": 20.29411250217981, "Year": "2023", "PDF": "https://cityvictoria.sharepoint.com/:f:/s/TRAN-Transportation-Operations/Evq_o8LUHGtMtmLqvZEdCO8B6YUX5Y38qf97pG-tExFOCQ?e=57Qkyf"}}, {"type": "Feature", "id": 2007, "geometry": {"type": "LineString", "coordinates": [[-123.35602089286294, 48.4425436043658], [-123.35596517125191, 48.44235144569087], [-123.3559623087778, 48.442351454544905]]}, "properties": {"OBJECTID": 2007, "Label": "152(23)", "Direction": "one", "SHAPE_Length": 21.965073373129364, "Year": "2023", "PDF": "https://cityvictoria.sharepoint.com/:f:/s/TRAN-Transportation-Operations/Er4ZEG-PIg5HphopG_jtdSUBQSCblBkqoyBEMV9xG-Simw?e=PB53Z3"}}, {"type": "Feature", "id": 2008, "geometry": {"type": "LineString", "coordinates": [[-123.35687103961493, 48.43222814270711], [-123.35716019422105, 48.43224819314716]]}, "properties": {"OBJECTID": 2008, "Label": "458(23)", "Direction": "one", "SHAPE_Length": 21.50482348581645, "Year": "2023", "PDF": "https://cityvictoria.sharepoint.com/:f:/s/TRAN-Transportation-Operations/ErAEM611TvNEjR9o1sCOCoEBwnrqg7fGwmu1mdNAQcy15Q?e=TdNK9c"}}, {"type": "Feature", "id": 2009, "geometry": {"type": "LineString", "coordinates": [[-123.33171094059536, 48.42731885704848], [-123.33170998639092, 48.427172231594945]]}, "properties": {"OBJECTID": 2009, "Label": "252(23)", "Direction": "one", "SHAPE_Length": 16.298299999907613, "Year": "2023", "PDF": "https://cityvictoria.sharepoint.com/:f:/s/TRAN-Transportation-Operations/Ek7zLnU2L2RLrwX4J8eN5icBprLiyp1msM6nqxpzGLSiOw?e=LOU1A0"}}, {"type": "Feature", "id": 2010, "geometry": {"type": "LineString", "coordinates": [[-123.38209643613334, 48.41540647006433], [-123.38202113167456, 48.41547336929644]]}, "properties": {"OBJECTID": 2010, "Label": "122(24)", "Direction": "one", "SHAPE_Length": 9.292256642921071, "Year": "2024", "PDF": "https://cityvictoria.sharepoint.com/:f:/s/TRAN-Transportation-Operations/Eqh2g83fjslMvULZGOtKKUABwIDp-fi84EvC96P9uJ8J7Q?e=ThlhiK"}}, {"type": "Feature", "id": 2011, "geometry": {"type": "LineString", "coordinates": [[-123.35418935220613, 48.408789214033355], [-123.35425323180077, 48.40851480117557]]}, "properties": {"OBJECTID": 2011, "Label": "234(25)", "Direction": "one", "SHAPE_Length": 30.866451279459454, "Year": "2025", "PDF": "https://cityvictoria.sharepoint.com/:f:/s/TRAN-Transportation-Operations/EisXDLAeJCdKsqMeW4B93gEBYFHZ7A3DjAh3oCZcYaxRgQ?e=mSAP6e"}}, {"type": "Feature", "id": 2012, "geometry": {"type": "LineString", "coordinates": [[-123.35352824358995, 48.410794546087615], [-123.35345304909855, 48.41108803530837]]}, "properties": {"OBJECTID": 2012, "Label": "220(25)", "Direction": "one", "SHAPE_Length": 33.093897866322855, "Year": "2025", "PDF": "https://cityvictoria.sharepoint.com/:f:/s/TRAN-Transportation-Operations/Eqiw3EjY9MJHp2LyK9_FmZUB3qPK_qVel6qsfGkfhqggaw?e=l7iZMH"}}, {"type": "Feature", "id": 2013, "geometry": {"type": "LineString", "coordinates": [[-123.34348350726228, 48.437127222870906], [-123.34347882264242, 48.437281482177085]]}, "properties": {"OBJECTID": 2013, "Label": "156(25)", "Direction": "one", "SHAPE_Length": 17.150227186403036, "Year": "2025", "PDF": "https://cityvictoria.sharepoint.com/:f:/s/TRAN-Transportation-Operations/EjsT3sXmtCxOhkcLRiQlJXwBw6C0OVHL87Ck_hr-U6QxSQ?e=i7Gc79"}}, {"type": "Feature", "id": 2014, "geometry": {"type": "LineString", "coordinates": [[-123.3831697322931, 48.42085431697982], [-123.38330755930181, 48.420921459825145]]}, "properties": {"OBJECTID": 2014, "Label": "219(25)", "Direction": "one", "SHAPE_Length": 12.636803457579447, "Year": "2025", "PDF": "https://cityvictoria.sharepoint.com/:f:/s/TRAN-Transportation-Operations/ElM68zMpyY1Jsl154yRk65wBRsP4eNm3SgSDQgagm-D7wQ?e=nahBl9"}}, {"type": "Feature", "id": 2015, "geometry": {"type": "LineString", "coordinates": [[-123.37545617688511, 48.41819781236225], [-123.37562986503828, 48.418281033105345]]}, "properties": {"OBJECTID": 2015, "Label": "439(25)", "Direction": "one", "SHAPE_Length": 15.834412894398623, "Year": "2025", "PDF": "https://cityvictoria.sharepoint.com/:f:/s/TRAN-Transportation-Operations/EseK3jJyGMRIl-8tZljB1PYB3QFzvLkXdjw7enPiYA62ow?e=mQjd7W"}}, {"type": "Feature", "id": 2016, "geometry": {"type": "LineString", "coordinates": [[-123.37871911498462, 48.41958199989893], [-123.37859132387835, 48.41951672309997]]}, "properties": {"OBJECTID": 2016, "Label": "207(25)", "Direction": "one", "SHAPE_Length": 11.918382225483182, "Year": "2025", "PDF": "https://cityvictoria.sharepoint.com/:f:/s/TRAN-Transportation-Operations/Egb9zreCc_tNpSV8AZo-pMsB2jFzp9Vy8YDr3c67EG6LgQ?e=pKkz0H"}}, {"type": "Feature", "id": 2017, "geometry": {"type": "LineString", "coordinates": [[-123.3520861564604, 48.40968038010755], [-123.35186862385875, 48.409658194253105]]}, "properties": {"OBJECTID": 2017, "Label": "256(25)", "Direction": "one", "SHAPE_Length": 16.285991431002948, "Year": "2025", "PDF": "https://cityvictoria.sharepoint.com/:f:/s/TRAN-Transportation-Operations/EhVrslb23ihOkWu4AahctSYBZmyrv-P-tNucAgjE8YplRg?e=Wh59Fz"}}, {"type": "Feature", "id": 2018, "geometry": {"type": "LineString", "coordinates": [[-123.35592629357785, 48.44441062261737], [-123.35572253502677, 48.44443553149823]]}, "properties": {"OBJECTID": 2018, "Label": "202(25)", "Direction": "one", "SHAPE_Length": 15.320854785868326, "Year": "2025", "PDF": "https://cityvictoria.sharepoint.com/:f:/s/TRAN-Transportation-Operations/ElGPVZFZ4nFGibOqGpwrIpkBwTk-oz3K6WPfMvq6EzTq9w?e=5E578g"}}, {"type": "Feature", "id": 2019, "geometry": {"type": "LineString", "coordinates": [[-123.3383526038528, 48.439183793015964], [-123.33835369138843, 48.43934755608962]]}, "properties": {"OBJECTID": 2019, "Label": "202(25)", "Direction": "one", "SHAPE_Length": 18.203300001099706, "Year": "2025", "PDF": "https://cityvictoria.sharepoint.com/:f:/s/TRAN-Transportation-Operations/EpSwIKGwVtVOqS8y4BBYHU8BqUuP9Xa1f6gpTDZcAlCjGA?e=n5Lwzv"}}, {"type": "Feature", "id": 2020, "geometry": {"type": "LineString", "coordinates": [[-123.35103725749225, 48.43554207942794], [-123.35104933464828, 48.435425882182585]]}, "properties": {"OBJECTID": 2020, "Label": "271(25)", "Direction": "one", "SHAPE_Length": 12.94678543564908, "Year": "2025", "PDF": "https://cityvictoria.sharepoint.com/:f:/s/TRAN-Transportation-Operations/Emzd0YjD2VFAlKhiDLZjy9IBXUTUN0vSd019O2WoNsjy-A?e=nTtAzc"}}, {"type": "Feature", "id": 2021, "geometry": {"type": "LineString", "coordinates": [[-123.37291404868313, 48.42045980751248], [-123.37312042962002, 48.42051436201713]]}, "properties": {"OBJECTID": 2021, "Label": "804(25)", "Direction": "one", "SHAPE_Length": 16.429739099993316, "Year": "2025", "PDF": "https://cityvictoria.sharepoint.com/:f:/s/TRAN-Transportation-Operations/ErIqQdTp7ftGhSfpVGUxKb4BA186sMrVco1AESTea6qmmA?e=mDoOFk"}}, {"type": "Feature", "id": 2022, "geometry": {"type": "LineString", "coordinates": [[-123.3608158954461, 48.412808896450734], [-123.36086348363011, 48.41266211769144]]}, "properties": {"OBJECTID": 2022, "Label": "413(25)", "Direction": "one", "SHAPE_Length": 16.69088390248246, "Year": "2025", "PDF": "https://cityvictoria.sharepoint.com/:f:/s/TRAN-Transportation-Operations/EowmMkLlTtdNsB3DOiGSolMBbT14qxBBpXr7yNECd1bqQA?e=2C3ADy"}}, {"type": "Feature", "id": 2023, "geometry": {"type": "LineString", "coordinates": [[-123.35993874009833, 48.41288647158676], [-123.36015473241383, 48.41289055672269]]}, "properties": {"OBJECTID": 2023, "Label": "524(25)", "Direction": "one", "SHAPE_Length": 15.98965970481189, "Year": "2025", "PDF": "https://cityvictoria.sharepoint.com/:f:/s/TRAN-Transportation-Operations/Ek1kouqv0bVIhdtlp5hbpuUBshNurVDcpXMgVMLC-gA1kA?e=VgXGbf"}}, {"type": "Feature", "id": 2024, "geometry": {"type": "LineString", "coordinates": [[-123.36218770114527, 48.41132766089721], [-123.36236300264778, 48.41144326988534]]}, "properties": {"OBJECTID": 2024, "Label": "21(25)", "Direction": "one", "SHAPE_Length": 18.25983054360812, "Year": "2025", "PDF": "https://cityvictoria.sharepoint.com/:f:/s/TRAN-Transportation-Operations/Erc2P-m3bGBDlwGmSg786MIBWJ1w6-WFdXTHRKSqDLJa5w?e=tdOqQi"}}, {"type": "Feature", "id": 2025, "geometry": {"type": "LineString", "coordinates": [[-123.36240975894438, 48.41138123348419], [-123.36223882776498, 48.41127703644186]]}, "properties": {"OBJECTID": 2025, "Label": "463(25)", "Direction": "one", "SHAPE_Length": 17.150599188489352, "Year": "2025", "PDF": "https://cityvictoria.sharepoint.com/:f:/s/TRAN-Transportation-Operations/Erc2P-m3bGBDlwGmSg786MIBWJ1w6-WFdXTHRKSqDLJa5w?e=tdOqQi"}}, {"type": "Feature", "id": 2026, "geometry": {"type": "LineString", "coordinates": [[-123.34620828622705, 48.43514532539882], [-123.34620349492225, 48.435282446819805]]}, "properties": {"OBJECTID": 2026, "Label": "208(25)", "Direction": "one", "SHAPE_Length": 15.245877570567547, "Year": "2025", "PDF": "https://cityvictoria.sharepoint.com/:f:/s/TRAN-Transportation-Operations/EiAk8JeoxLxMrIN_-nngIq8Bk6IAiA-PYTKp4enEMUte7A?e=xN2gRo"}}, {"type": "Feature", "id": 2027, "geometry": {"type": "LineString", "coordinates": [[-123.34097911687196, 48.43931904483932], [-123.34098382060924, 48.43916669020029]]}, "properties": {"OBJECTID": 2027, "Label": "140(25)", "Direction": "one", "SHAPE_Length": 16.938590017153825, "Year": "2025", "PDF": "https://cityvictoria.sharepoint.com/:f:/s/TRAN-Transportation-Operations/Eg7lcAi8pDNGpch9rJ5emK4B2bMaotLVgC7d2oEvynilGw?e=VhxzBZ"}}, {"type": "Feature", "id": 2028, "geometry": {"type": "LineString", "coordinates": [[-123.34821487591445, 48.43063993277094], [-123.34809321620307, 48.43063268438103]]}, "properties": {"OBJECTID": 2028, "Label": "557(25)", "Direction": "one", "SHAPE_Length": 9.035549191609965, "Year": "2025", "PDF": "https://cityvictoria.sharepoint.com/:f:/s/TRAN-Transportation-Operations/ErxGOSm4rARHkVIEJeimi_YBOtEoZykdf8r_aMVYn3GEyQ?e=zNwZx7"}}, {"type": "Feature", "id": 2029, "geometry": {"type": "LineString", "coordinates": [[-123.35132897161367, 48.42951204123086], [-123.35150217331476, 48.42952484157238]]}, "properties": {"OBJECTID": 2029, "Label": "330(25)", "Direction": "one", "SHAPE_Length": 12.891323181493284, "Year": "2025", "PDF": "https://cityvictoria.sharepoint.com/:f:/s/TRAN-Transportation-Operations/Eqlz7w3SDV5DkF27a62qD9MBVU0_OwtEehOX13TZXN6XcA?e=V6Drs7"}}, {"type": "Feature", "id": 2030, "geometry": {"type": "LineString", "coordinates": [[-123.35161673843784, 48.431821993134925], [-123.35142494972705, 48.4318121052273]]}, "properties": {"OBJECTID": 2030, "Label": "809(25)", "Direction": "one", "SHAPE_Length": 14.229405346522036, "Year": "2025", "PDF": "https://cityvictoria.sharepoint.com/:f:/s/TRAN-Transportation-Operations/EjMwgZlWDCZCo5aD-qw7JsABZtreRYxpGqEM0Y3ozGvHdw?e=7MAm2z"}}, {"type": "Feature", "id": 2031, "geometry": {"type": "LineString", "coordinates": [[-123.35157703245521, 48.42836729346364], [-123.35148472069453, 48.428362338575276]]}, "properties": {"OBJECTID": 2031, "Label": "432(25)", "Direction": "one", "SHAPE_Length": 6.851073791610613, "Year": "2025", "PDF": "https://cityvictoria.sharepoint.com/:f:/s/TRAN-Transportation-Operations/Eg0ZnpOBwTxBl42iBJI-GxEB7mkjYRF4wipFxtDURcXWsg?e=4baHnY"}}, {"type": "Feature", "id": 2032, "geometry": {"type": "LineString", "coordinates": [[-123.36131837123122, 48.43376202846143], [-123.36133999387867, 48.43358295937227]]}, "properties": {"OBJECTID": 2032, "Label": "670", "Direction": "one", "SHAPE_Length": 19.968623783168155, "Year": "2026", "PDF": "https://cityvictoria.sharepoint.com/:b:/r/sites/TRAN-Transportation-Operations/Our%20Vault/Data%20Collection/2026CP/Metrocount/DOWLER%20PLACE%202200%20BLK/DOWLER%20PLACE%202200_20260211_SPEEDandVOLUME_000670.pdf?csf=1&web=1&e=wWl0MC"}}, {"type": "Feature", "id": 2033, "geometry": {"type": "LineString", "coordinates": [[-123.37005663383194, 48.44763537523839], [-123.36946173993772, 48.447702031753025]]}, "properties": {"OBJECTID": 2033, "Label": "3419 (25)", "Direction": "one", "SHAPE_Length": 44.61111530918177, "Year": "2025", "PDF": "https://cityvictoria.sharepoint.com/:f:/r/sites/TRAN-Transportation-Operations/Our%20Vault/Data%20Collection/2025CP/Consultant%20Traffic%20Counts/McElhanny%20Tolmie%20Ave?csf=1&web=1&e=IxQUSK"}}, {"type": "Feature", "id": 2034, "geometry": {"type": "LineString", "coordinates": [[-123.33490928226803, 48.43697681048567], [-123.33491730829897, 48.43732717273295]]}, "properties": {"OBJECTID": 2034, "Label": "327 (26)", "Direction": "one", "SHAPE_Length": 38.9491002856298, "Year": "2026", "PDF": "https://cityvictoria.sharepoint.com/:f:/r/sites/TRAN-Transportation-Operations/Our%20Vault/Data%20Collection/2026CP/Metrocount/SCOTT%20ST%202600%20BLK?csf=1&web=1&e=LyQ0kM"}}, {"type": "Feature", "id": 2035, "geometry": {"type": "LineString", "coordinates": [[-123.35261318971415, 48.41516121181678], [-123.35269128219086, 48.414871522719324]]}, "properties": {"OBJECTID": 2035, "Label": "458 (26)", "Direction": "one", "SHAPE_Length": 32.71472818839923, "Year": "2026", "PDF": "https://cityvictoria.sharepoint.com/:f:/r/sites/TRAN-Transportation-Operations/Our%20Vault/Data%20Collection/2026CP/Metrocount/LINDEN%20AVE%20300%20BLK?csf=1&web=1&e=GwQ2c2"}}, {"type": "Feature", "id": 2036, "geometry": {"type": "LineString", "coordinates": [[-123.33481387747169, 48.44090267991774], [-123.3348046567065, 48.441241665639446]]}, "properties": {"OBJECTID": 2036, "Label": "411 (26)", "Direction": "one", "SHAPE_Length": 37.68621264812726, "Year": "2026", "PDF": "https://cityvictoria.sharepoint.com/:f:/r/sites/TRAN-Transportation-Operations/Our%20Vault/Data%20Collection/2026CP/Metrocount/SCOTT%20ST%202800%20BLK?csf=1&web=1&e=Bi18aQ"}}, {"type": "Feature", "id": 2037, "geometry": {"type": "LineString", "coordinates": [[-123.3659635421538, 48.44728925501119], [-123.36600506428442, 48.447490974870426]]}, "properties": {"OBJECTID": 2037, "Label": "186(26)", "Direction": "one", "SHAPE_Length": 22.631541126425137, "Year": "2026", "PDF": "https://cityvictoria.sharepoint.com/:b:/r/sites/TRAN-Transportation-Operations/Our%20Vault/Data%20Collection/2026CP/Metrocount/ALDER%20ST%203100%20BLK/ALDER_3100_20260325_MetroCountStudy_000700.pdf?csf=1&web=1&e=DqdZlA"}}, {"type": "Feature", "id": 2038, "geometry": {"type": "LineString", "coordinates": [[-123.35249739372566, 48.42762897608985], [-123.35203507309826, 48.42759611454709]]}, "properties": {"OBJECTID": 2038, "Label": "425 (26)", "Direction": "one", "SHAPE_Length": 34.395866461614204, "Year": "2026", "PDF": "https://cityvictoria.sharepoint.com/:b:/r/sites/TRAN-Transportation-Operations/Our%20Vault/Data%20Collection/2026CP/Metrocount/MASON%20ST%201100%20BLK/MASON_1100_20260319_MetroCountStudy_000701.pdf?csf=1&web=1&e=UarXkT"}}, {"type": "Feature", "id": 2039, "geometry": {"type": "LineString", "coordinates": [[-123.356897656272, 48.4482134964528], [-123.35694171251608, 48.448373317650486]]}, "properties": {"OBJECTID": 2039, "Label": "184 (26)", "Direction": "one", "SHAPE_Length": 18.061257569197288, "Year": "2026", "PDF": "https://cityvictoria.sharepoint.com/:f:/r/sites/TRAN-Transportation-Operations/Our%20Vault/Data%20Collection/2026CP/Metrocount/SOMERSET%20ST%203100%20%20BLK?csf=1&web=1&e=SjROSC"}}, {"type": "Feature", "id": 2040, "geometry": {"type": "LineString", "coordinates": [[-123.39033317205565, 48.43014382755467], [-123.3903345429446, 48.430322824278626]]}, "properties": {"OBJECTID": 2040, "Label": "291 (26)", "Direction": "one", "SHAPE_Length": 19.89670000039041, "Year": "2026", "PDF": "https://cityvictoria.sharepoint.com/:f:/r/sites/TRAN-Transportation-Operations/Our%20Vault/Data%20Collection/2026CP/Metrocount/MAITLAND%20ST%20300%20BLK?csf=1&web=1&e=RdLG6b"}}, {"type": "Feature", "id": 2041, "geometry": {"type": "LineString", "coordinates": [[-123.35841431943855, 48.44796275472757], [-123.3584640240507, 48.448111132201234]]}, "properties": {"OBJECTID": 2041, "Label": "222 (26)", "Direction": "one", "SHAPE_Length": 16.897569732970897, "Year": "2026", "PDF": "https://cityvictoria.sharepoint.com/:f:/r/sites/TRAN-Transportation-Operations/Our%20Vault/Data%20Collection/2026CP/Metrocount/JACKSON%20ST%203100%20BLK?csf=1&web=1&e=ogkPv8"}}, {"type": "Feature", "id": 2042, "geometry": {"type": "LineString", "coordinates": [[-123.37303615465018, 48.41080815061356], [-123.37292252404436, 48.410915158811655]]}, "properties": {"OBJECTID": 2042, "Label": "462 (26)", "Direction": "one", "SHAPE_Length": 14.566677741770926, "Year": "2026", "PDF": "https://cityvictoria.sharepoint.com/:f:/r/sites/TRAN-Transportation-Operations/Our%20Vault/Data%20Collection/2026CP/Metrocount/GOVERNMENT%20%20ST%20%200%20BLK?csf=1&web=1&e=3kST3V"}}, {"type": "Feature", "id": 2043, "geometry": {"type": "LineString", "coordinates": [[-123.37612700905859, 48.41340969725752], [-123.37628326188289, 48.41326446142872]]}, "properties": {"OBJECTID": 2043, "Label": "1102 (26)", "Direction": "one", "SHAPE_Length": 19.85720945751805, "Year": "2026", "PDF": "https://cityvictoria.sharepoint.com/:f:/r/sites/TRAN-Transportation-Operations/Our%20Vault/Data%20Collection/2026CP/Metrocount/MENZIES%20AVE%200%20BLK?csf=1&web=1&e=7SmgBT"}}, {"type": "Feature", "id": 2044, "geometry": {"type": "LineString", "coordinates": [[-123.3346104391566, 48.425118644636406], [-123.33461793583865, 48.425389029952534]]}, "properties": {"OBJECTID": 2044, "Label": "70 (26)", "Direction": "one", "SHAPE_Length": 30.059780588689705, "Year": "2026", "PDF": "https://cityvictoria.sharepoint.com/:f:/r/sites/TRAN-Transportation-Operations/Our%20Vault/Data%20Collection/2026CP/Metrocount/TERRACE%20AVE%201000%20BLK?csf=1&web=1&e=89V5X6"}}, {"type": "Feature", "id": 2045, "geometry": {"type": "LineString", "coordinates": [[-123.34876337771996, 48.42629154523273], [-123.34847717376287, 48.426279083028426]]}, "properties": {"OBJECTID": 2045, "Label": "181(25)", "Direction": "one", "SHAPE_Length": 21.218490225423512, "Year": "2025", "PDF": "https://cityvictoria.sharepoint.com/:f:/s/TRAN-Transportation-Operations/ElQXSM-sq4BHmgICrgM_W0oBUOVS6ySsHgwhv3PPIqzTEA?e=7pCGu7"}}, {"type": "Feature", "id": 2046, "geometry": {"type": "LineString", "coordinates": [[-123.35501355630859, 48.44791289134265], [-123.3550959590275, 48.44823636190534]]}, "properties": {"OBJECTID": 2046, "Label": "76(25)", "Direction": "one", "SHAPE_Length": 36.46821696321851, "Year": "2025", "PDF": "https://cityvictoria.sharepoint.com/:f:/s/TRAN-Transportation-Operations/EtJ4J3zxJv1Mm7hRpYf-YcoB4kHsQxUb2T-QTnbb579DZQ?e=ACpuOL"}}, {"type": "Feature", "id": 2047, "geometry": {"type": "LineString", "coordinates": [[-123.35799507276215, 48.44045124596715], [-123.35803629133771, 48.44061488401192]]}, "properties": {"OBJECTID": 2047, "Label": "352(23)", "Direction": "one", "SHAPE_Length": 18.442935515432737, "Year": "2023", "PDF": "https://cityvictoria.sharepoint.com/:f:/s/TRAN-Transportation-Operations/EtRu2OrW5HVKvctWzByf7GsB8srSs5ZYHtwFQkxI6JxnVA?e=LdNnuB"}}, {"type": "Feature", "id": 2048, "geometry": {"type": "LineString", "coordinates": [[-123.35934407461195, 48.421527229198276], [-123.35911499755237, 48.42149842846337]]}, "properties": {"OBJECTID": 2048, "Label": "899(22)", "Direction": "one", "SHAPE_Length": 17.248295109443518, "Year": "2022", "PDF": "https://cityvictoria.sharepoint.com/sites/TRAN-Transportation-Operations/Our Vault/Data Collection/2022CP/../../../../../:f:/s/TRAN-Transportation-Operations/Eqm4Bb61GXtAjsp5XZhyY_4B2kWCoDkokpaUoVOLOgUXIw?e=NTbDaU"}}, {"type": "Feature", "id": 2049, "geometry": {"type": "LineString", "coordinates": [[-123.34095113739089, 48.444719636432254], [-123.34071837983066, 48.444796496503834]]}, "properties": {"OBJECTID": 2049, "Label": "899(22)", "Direction": "one", "SHAPE_Length": 19.216621964413353, "Year": "2022", "PDF": "https://cityvictoria.sharepoint.com/sites/TRAN-Transportation-Operations/Our Vault/Data Collection/2022CP/../../../../../:f:/s/TRAN-Transportation-Operations/EhvWikCj9eJAkYGgj6D5vzwBN-0UIw0Co4y3UwnxheKiJQ?e=9JbDLS"}}, {"type": "Feature", "id": 2050, "geometry": {"type": "LineString", "coordinates": [[-123.38424483961468, 48.43370714884026], [-123.38401304143751, 48.433706018919615]]}, "properties": {"OBJECTID": 2050, "Label": "85(22)", "Direction": "one", "SHAPE_Length": 17.14630571128042, "Year": "2022", "PDF": "https://cityvictoria.sharepoint.com/:f:/s/TRAN-Transportation-Operations/EhRpaAzKf01AqGW1YTm7tOwBxBbbgVRfPzGPt1pa4HyhmQ?e=clPgCN"}}, {"type": "Feature", "id": 2051, "geometry": {"type": "LineString", "coordinates": [[-123.35721185314763, 48.42751131893593], [-123.35742082058417, 48.42752495207415]]}, "properties": {"OBJECTID": 2051, "Label": "8189(22)", "Direction": "one", "SHAPE_Length": 15.533035413081302, "Year": "2022", "PDF": "https://cityvictoria.sharepoint.com/:f:/s/TRAN-Transportation-Operations/Ei9eySBEi4hJla3CNYslA7YBNXlwS7I5mcRMHn-dbJMEcA?e=oEeNCT"}}, {"type": "Feature", "id": 2052, "geometry": {"type": "LineString", "coordinates": [[-123.34055795740609, 48.44388076608608], [-123.34032667320035, 48.443963333801484]]}, "properties": {"OBJECTID": 2052, "Label": "145(22)", "Direction": "one", "SHAPE_Length": 19.411130000160583, "Year": "2022", "PDF": "https://cityvictoria.sharepoint.com/:f:/s/TRAN-Transportation-Operations/EpUEe5ZeLRRButa1TMNxXDwBrBhCNhEDBWYFaITCSlFn6Q?e=M7Gs5o"}}, {"type": "Feature", "id": 2053, "geometry": {"type": "LineString", "coordinates": [[-123.35302882869415, 48.42699827049099], [-123.35303279730897, 48.42695160317767]]}, "properties": {"OBJECTID": 2053, "Label": "167(24)", "Direction": "one", "SHAPE_Length": 5.195610171103363, "Year": "2024", "PDF": "https://cityvictoria.sharepoint.com/:f:/s/TRAN-Transportation-Operations/EkFUCHRyb8JLmKPHb5esVv0BJNlCaDKHO41hPM82L9fxYA?e=Nn7kta"}}, {"type": "Feature", "id": 2054, "geometry": {"type": "LineString", "coordinates": [[-123.34706684030434, 48.447031804790065], [-123.34690080763119, 48.447029448995615]]}, "properties": {"OBJECTID": 2054, "Label": "118(25)", "Direction": "one", "SHAPE_Length": 12.280804906330948, "Year": "2025", "PDF": "https://cityvictoria.sharepoint.com/:f:/s/TRAN-Transportation-Operations/EhrQx40ly1ROmuWGFIFiHTcBY2y2D0Z3gVgd2qZve4ZcaA?e=Snmzg3"}}, {"type": "Feature", "id": 2055, "geometry": {"type": "LineString", "coordinates": [[-123.32388083199874, 48.42745544536865], [-123.32388519873113, 48.427242154078264]]}, "properties": {"OBJECTID": 2055, "Label": "212(25)", "Direction": "one", "SHAPE_Length": 23.710578845003056, "Year": "2025", "PDF": "https://cityvictoria.sharepoint.com/:f:/s/TRAN-Transportation-Operations/En3qiQXhHU5FlNXk57vz65YBiYz7PZJVRS6rm_4nzl_Lzg?e=D7dzgH"}}, {"type": "Feature", "id": 2056, "geometry": {"type": "LineString", "coordinates": [[-123.35639041113996, 48.41014409993499], [-123.35608129379202, 48.41011458828087]]}, "properties": {"OBJECTID": 2056, "Label": "217(25)", "Direction": "one", "SHAPE_Length": 23.109606420255286, "Year": "2025", "PDF": "https://cityvictoria.sharepoint.com/:f:/s/TRAN-Transportation-Operations/Egiogd_fWZdNvXGcHOJgusQBivoOdZDONJG-Ugc9gT9HOg?e=j32AaN"}}, {"type": "Feature", "id": 2057, "geometry": {"type": "LineString", "coordinates": [[-123.35180162658918, 48.40845376904261], [-123.35186555669142, 48.40818507106684]]}, "properties": {"OBJECTID": 2057, "Label": "150(25)", "Direction": "one", "SHAPE_Length": 30.23945055605388, "Year": "2025", "PDF": "https://cityvictoria.sharepoint.com/:f:/s/TRAN-Transportation-Operations/EhT_4o_CL_JCg4Dv2QVAH78BxFpUipG_ol0oe1F1jzLYQQ?e=a6iDjP"}}, {"type": "Feature", "id": 2058, "geometry": {"type": "LineString", "coordinates": [[-123.3511519485011, 48.41032742205448], [-123.35111021181334, 48.410497029353024]]}, "properties": {"OBJECTID": 2058, "Label": "236(25)", "Direction": "one", "SHAPE_Length": 19.103983142837752, "Year": "2025", "PDF": "https://cityvictoria.sharepoint.com/:f:/s/TRAN-Transportation-Operations/EgER4SI9pQVLpBZDtfnQyzEB7NDYUE1-CxM_XOYqCd8OEQ?e=sqOGgV"}}, {"type": "Feature", "id": 2059, "geometry": {"type": "LineString", "coordinates": [[-123.35131052066227, 48.41050974816605], [-123.35134944848392, 48.410347765861275]]}, "properties": {"OBJECTID": 2059, "Label": "156(25)", "Direction": "one", "SHAPE_Length": 18.234100354852334, "Year": "2025", "PDF": "https://cityvictoria.sharepoint.com/:f:/s/TRAN-Transportation-Operations/EgER4SI9pQVLpBZDtfnQyzEB7NDYUE1-CxM_XOYqCd8OEQ?e=sqOGgV"}}, {"type": "Feature", "id": 2060, "geometry": {"type": "LineString", "coordinates": [[-123.34214799314003, 48.436962259264014], [-123.34214738107083, 48.437084134233956]]}, "properties": {"OBJECTID": 2060, "Label": "248(25)", "Direction": "one", "SHAPE_Length": 13.54711314452916, "Year": "2025", "PDF": "AVEBURY_2600_20250513_MetrocountSpeedVolClsStudy_000532"}}, {"type": "Feature", "id": 2061, "geometry": {"type": "LineString", "coordinates": [[-123.33841739519464, 48.43689077885082], [-123.33841312525584, 48.4371097819761]]}, "properties": {"OBJECTID": 2061, "Label": "235(25)", "Direction": "one", "SHAPE_Length": 24.345382036092456, "Year": "2025", "PDF": "https://cityvictoria.sharepoint.com/:f:/s/TRAN-Transportation-Operations/Eoum0L7RLVxNneQ4eHC0sogBVgzvv03LtgK6ZJr1DOgMQg?e=yAp6aG"}}, {"type": "Feature", "id": 2062, "geometry": {"type": "LineString", "coordinates": [[-123.33965384227305, 48.43674872379413], [-123.33964691857285, 48.43699820331811]]}, "properties": {"OBJECTID": 2062, "Label": "280(25)", "Direction": "one", "SHAPE_Length": 27.735672310935815, "Year": "2025", "PDF": "https://cityvictoria.sharepoint.com/:f:/s/TRAN-Transportation-Operations/ErxJlgJItLdIofyfjI39Z8ABj8TXs11JwYeWnyAr2ievvw?e=5DFLtY"}}, {"type": "Feature", "id": 2063, "geometry": {"type": "LineString", "coordinates": [[-123.38449264593397, 48.42044238932781], [-123.38461759283315, 48.420508621810626]]}, "properties": {"OBJECTID": 2063, "Label": "144(25)", "Direction": "one", "SHAPE_Length": 11.817886731823114, "Year": "2025", "PDF": "https://cityvictoria.sharepoint.com/:f:/s/TRAN-Transportation-Operations/EkypUNw77PVApKAR7usQ2wEBcHlyjPWO9WNIQD3I4LVwHA?e=eCSmpI"}}, {"type": "Feature", "id": 2064, "geometry": {"type": "LineString", "coordinates": [[-123.33620151676831, 48.41109523177038], [-123.3361976544906, 48.41137707556583]]}, "properties": {"OBJECTID": 2064, "Label": "1423(25)", "Direction": "one", "SHAPE_Length": 31.32955977644292, "Year": "2025", "PDF": "https://cityvictoria.sharepoint.com/:f:/s/TRAN-Transportation-Operations/EkFrUuUkZp9AlAJ7ds9zfEkBGUu5btGEd_2V7LQNeJvH7w?e=QaCRlz"}}, {"type": "Feature", "id": 2065, "geometry": {"type": "LineString", "coordinates": [[-123.38407605484957, 48.41924981944797], [-123.38398511332372, 48.41933010230146]]}, "properties": {"OBJECTID": 2065, "Label": "189(25)", "Direction": "one", "SHAPE_Length": 11.176361104083945, "Year": "2025", "PDF": "https://cityvictoria.sharepoint.com/:f:/s/TRAN-Transportation-Operations/Et-MIe-lmVFHi94pHxPOiYwBRsw52RjlYXsScNsKqHTnTQ?e=AfVLbx"}}, {"type": "Feature", "id": 2066, "geometry": {"type": "LineString", "coordinates": [[-123.3836065324856, 48.418727709813815], [-123.383467272631, 48.41865962024449]]}, "properties": {"OBJECTID": 2066, "Label": "65(25)", "Direction": "one", "SHAPE_Length": 12.78487789529017, "Year": "2025", "PDF": "https://cityvictoria.sharepoint.com/:f:/s/TRAN-Transportation-Operations/El0tnQWgFAlGnYE_Yold9pkB3dzmyFdKssORVVYyO9AWUQ?e=56QNmX"}}, {"type": "Feature", "id": 2067, "geometry": {"type": "LineString", "coordinates": [[-123.34639891593292, 48.41021623332851], [-123.34645459491117, 48.40999136126456]]}, "properties": {"OBJECTID": 2067, "Label": "81(25)", "Direction": "one", "SHAPE_Length": 25.33292755437909, "Year": "2025", "PDF": "https://cityvictoria.sharepoint.com/:f:/s/TRAN-Transportation-Operations/EjL2O85xSwJDrf1WnKNqFTUBMjlLJVBiOqCzgpplYhWmOg?e=ZcrEj4"}}, {"type": "Feature", "id": 2068, "geometry": {"type": "LineString", "coordinates": [[-123.34547822696567, 48.40963057936869], [-123.34559225438362, 48.40957406151354]]}, "properties": {"OBJECTID": 2068, "Label": "216(25)", "Direction": "one", "SHAPE_Length": 10.520161297267041, "Year": "2025", "PDF": "https://cityvictoria.sharepoint.com/:f:/s/TRAN-Transportation-Operations/Em7z9ct12KlFlJ5zIuE5zm4Btng3A3sfYzGkZkXb2-RhIQ?e=glTcae"}}, {"type": "Feature", "id": 2069, "geometry": {"type": "LineString", "coordinates": [[-123.35184933773189, 48.40976489309167], [-123.35207263015864, 48.40979277417657]]}, "properties": {"OBJECTID": 2069, "Label": "166(25)", "Direction": "one", "SHAPE_Length": 16.812516914059085, "Year": "2025", "PDF": "https://cityvictoria.sharepoint.com/:f:/s/TRAN-Transportation-Operations/EhVrslb23ihOkWu4AahctSYBZmyrv-P-tNucAgjE8YplRg?e=Wh59Fz"}}, {"type": "Feature", "id": 2070, "geometry": {"type": "LineString", "coordinates": [[-123.35839570522762, 48.41376610881193], [-123.35787505477495, 48.41376011189498]]}, "properties": {"OBJECTID": 2070, "Label": "156(25)", "Direction": "one", "SHAPE_Length": 38.532703622666375, "Year": "2025", "PDF": "https://cityvictoria.sharepoint.com/:f:/s/TRAN-Transportation-Operations/Eleqc7nR06xJtC8NJAUDrPcBXNDpdhVw2_Tk__Nw1Q4LVw?e=tyl6oy"}}, {"type": "Feature", "id": 2071, "geometry": {"type": "LineString", "coordinates": [[-123.34228515719475, 48.42163791520778], [-123.34228150513711, 48.42173314008929]]}, "properties": {"OBJECTID": 2071, "Label": "321(25)", "Direction": "one", "SHAPE_Length": 10.588161398823306, "Year": "2025", "PDF": "https://cityvictoria.sharepoint.com/:f:/s/TRAN-Transportation-Operations/ErvC0R3IEPRPto_IGJdWSF0Bn6x3mtsr_UEvkKC8LusFTg?e=ZIMysh"}}, {"type": "Feature", "id": 2072, "geometry": {"type": "LineString", "coordinates": [[-123.34468010650906, 48.42052731591235], [-123.34471489401169, 48.420383439708424], [-123.34471633818045, 48.42038533905126]]}, "properties": {"OBJECTID": 2072, "Label": "263(25)", "Direction": "one", "SHAPE_Length": 16.434960959953234, "Year": "2025", "PDF": "https://cityvictoria.sharepoint.com/:f:/s/TRAN-Transportation-Operations/Ev9dzal5vLpCtjbhQVptRUEBvJeXpSnJ2FsTX_GOzLLQWA?e=FkVSFQ"}}, {"type": "Feature", "id": 2073, "geometry": {"type": "LineString", "coordinates": [[-123.33486387573375, 48.43262959821142], [-123.33514720153705, 48.432634486204435]]}, "properties": {"OBJECTID": 2073, "Label": "183(25)", "Direction": "one", "SHAPE_Length": 20.96471895935529, "Year": "2025", "PDF": "https://cityvictoria.sharepoint.com/:f:/s/TRAN-Transportation-Operations/EnGmcOxHOrJAvHrTlpEr3r0BC1i81CJ53kGrJJ0VbPAANg?e=q26x6C"}}, {"type": "Feature", "id": 2074, "geometry": {"type": "LineString", "coordinates": [[-123.34464549478251, 48.43275686887962], [-123.3443936447796, 48.43275191007764]]}, "properties": {"OBJECTID": 2074, "Label": "358(25)", "Direction": "one", "SHAPE_Length": 18.637520701161378, "Year": "2025", "PDF": "https://cityvictoria.sharepoint.com/:f:/s/TRAN-Transportation-Operations/EnTq_jRam7JCrMGW4FQU5K8BgsfSvEWyR_Fl82DNlpd9Ag?e=41gNDJ"}}, {"type": "Feature", "id": 2075, "geometry": {"type": "LineString", "coordinates": [[-123.35126192093392, 48.443210032911], [-123.35129416161504, 48.44331990514733]]}, "properties": {"OBJECTID": 2075, "Label": "136(25)", "Direction": "one", "SHAPE_Length": 12.443465055205818, "Year": "2025", "PDF": "https://cityvictoria.sharepoint.com/:f:/s/TRAN-Transportation-Operations/EvVRTpest4lArT0aPaXl5FIBfL0UrjFg5NTO5FPf6XrnKg?e=XkryDl"}}, {"type": "Feature", "id": 2076, "geometry": {"type": "LineString", "coordinates": [[-123.34909964224194, 48.41784825450345], [-123.34907189570852, 48.41797402048355]]}, "properties": {"OBJECTID": 2076, "Label": "104(25)", "Direction": "one", "SHAPE_Length": 14.129448641376069, "Year": "2025", "PDF": "https://cityvictoria.sharepoint.com/:f:/s/TRAN-Transportation-Operations/EqfYqIBfhitGnn_4CNnsbUEBhXH5WVe-TVyBj31B6bFdtg?e=3qzem3"}}, {"type": "Feature", "id": 2077, "geometry": {"type": "LineString", "coordinates": [[-123.33739877384787, 48.43906091123511], [-123.33740336216914, 48.43888951415521]]}, "properties": {"OBJECTID": 2077, "Label": "239(25)", "Direction": "one", "SHAPE_Length": 19.054702383356936, "Year": "2025", "PDF": "https://cityvictoria.sharepoint.com/:f:/s/TRAN-Transportation-Operations/Esatu7PfXo5AtVRFH2TU3ywBTkvvFNQ_6xdmDTZ1lPKINA?e=CTNAbz"}}, {"type": "Feature", "id": 2078, "geometry": {"type": "LineString", "coordinates": [[-123.33855402203426, 48.43934696691328], [-123.33855863179456, 48.439179377955455]]}, "properties": {"OBJECTID": 2078, "Label": "167(25)", "Direction": "one", "SHAPE_Length": 18.631509219897335, "Year": "2025", "PDF": "https://cityvictoria.sharepoint.com/:f:/s/TRAN-Transportation-Operations/EpSwIKGwVtVOqS8y4BBYHU8BqUuP9Xa1f6gpTDZcAlCjGA?e=n5Lwzv"}}, {"type": "Feature", "id": 2079, "geometry": {"type": "LineString", "coordinates": [[-123.34374035378822, 48.4353997006384], [-123.3437417386506, 48.43518070585369]]}, "properties": {"OBJECTID": 2079, "Label": "175(25)", "Direction": "one", "SHAPE_Length": 24.342620561752586, "Year": "2025", "PDF": "https://cityvictoria.sharepoint.com/:f:/s/TRAN-Transportation-Operations/EmNaAUfNF-RAqYNdfKeb3BkBX-5VxP5FJfFtNZNn3Bd4DQ?e=WVdnju"}}, {"type": "Feature", "id": 2080, "geometry": {"type": "LineString", "coordinates": [[-123.3450529792247, 48.42268022833455], [-123.3451058405275, 48.42245917410886]]}, "properties": {"OBJECTID": 2080, "Label": "492(25)", "Direction": "one", "SHAPE_Length": 24.880569088032995, "Year": "2025", "PDF": "https://cityvictoria.sharepoint.com/:f:/s/TRAN-Transportation-Operations/EmThvDKn1eNDhaxF9E_ddPUBFdB_D4HXfah5iw4rF7eaFA?e=IDJDsW"}}, {"type": "Feature", "id": 2081, "geometry": {"type": "LineString", "coordinates": [[-123.3508495760512, 48.43716984812395], [-123.35087098773865, 48.43695460046971]]}, "properties": {"OBJECTID": 2081, "Label": "200(25)", "Direction": "one", "SHAPE_Length": 23.978263560974888, "Year": "2025", "PDF": "https://cityvictoria.sharepoint.com/:f:/s/TRAN-Transportation-Operations/El0952IgsA9Bv-k8i1puClkBL8fk6UlYQWqsoVIIzp0jJw?e=U702rU"}}, {"type": "Feature", "id": 2082, "geometry": {"type": "LineString", "coordinates": [[-123.33834248614582, 48.43607158888532], [-123.33809923691618, 48.436071351971805]]}, "properties": {"OBJECTID": 2082, "Label": "888(25)", "Direction": "one", "SHAPE_Length": 17.992011075320956, "Year": "2025", "PDF": "https://cityvictoria.sharepoint.com/:f:/s/TRAN-Transportation-Operations/EggJJeEDaEVCtdV-dKQerw8Bmr1ps4DHkHbDN5U0sSugwQ?e=8A97j0"}}, {"type": "Feature", "id": 2083, "geometry": {"type": "LineString", "coordinates": [[-123.33409756596154, 48.436143023518255], [-123.33440240509266, 48.43615261185275]]}, "properties": {"OBJECTID": 2083, "Label": "431(25)", "Direction": "one", "SHAPE_Length": 22.572642211518822, "Year": "2025", "PDF": "https://cityvictoria.sharepoint.com/:f:/s/TRAN-Transportation-Operations/EisiGACvuUlOtqAxb0uRBxcBPTbJYaW4m44HnLlubWYpsA?e=e65Pfv"}}, {"type": "Feature", "id": 2084, "geometry": {"type": "LineString", "coordinates": [[-123.37385805188138, 48.41966837492519], [-123.37357716784713, 48.419596925208204]]}, "properties": {"OBJECTID": 2084, "Label": "237(25)", "Direction": "one", "SHAPE_Length": 22.24822056787494, "Year": "2025", "PDF": "https://cityvictoria.sharepoint.com/:f:/s/TRAN-Transportation-Operations/EmfQb8in_DNGoSYZjxZRkO8BGA6ioIGOZgqqIb4FXsuEfg?e=g0YDVa"}}, {"type": "Feature", "id": 2085, "geometry": {"type": "LineString", "coordinates": [[-123.3731796281417, 48.42039420106812], [-123.37296466528291, 48.42033967448465]]}, "properties": {"OBJECTID": 2085, "Label": "919(25)", "Direction": "one", "SHAPE_Length": 17.020409862486755, "Year": "2025", "PDF": "https://cityvictoria.sharepoint.com/:f:/s/TRAN-Transportation-Operations/ErIqQdTp7ftGhSfpVGUxKb4BA186sMrVco1AESTea6qmmA?e=mDoOFk"}}, {"type": "Feature", "id": 2086, "geometry": {"type": "LineString", "coordinates": [[-123.34936478402285, 48.437121203090605], [-123.34933760234973, 48.43733075517981]]}, "properties": {"OBJECTID": 2086, "Label": "106(25)", "Direction": "one", "SHAPE_Length": 23.37941689620675, "Year": "2025", "PDF": "https://cityvictoria.sharepoint.com/:f:/s/TRAN-Transportation-Operations/EggWrvRzQnhEt-APQ7aiSUUB1MGX4UPGPIW_JjSEqCsw3g?e=zfhm0s"}}, {"type": "Feature", "id": 2087, "geometry": {"type": "LineString", "coordinates": [[-123.34791825707828, 48.43713748785244], [-123.34789690949303, 48.4373641594288]]}, "properties": {"OBJECTID": 2087, "Label": "93(25)", "Direction": "one", "SHAPE_Length": 25.24515914749382, "Year": "2025", "PDF": "https://cityvictoria.sharepoint.com/:f:/s/TRAN-Transportation-Operations/Eq7k3FMJyBhHhxAFu4MGTiEBFRjM3wtA3V68Ap3peRkdrw?e=IPADUC"}}, {"type": "Feature", "id": 2088, "geometry": {"type": "LineString", "coordinates": [[-123.35127306426565, 48.413545591422995], [-123.3516766851434, 48.413588157398365]]}, "properties": {"OBJECTID": 2088, "Label": "337(25)", "Direction": "one", "SHAPE_Length": 30.239565350716166, "Year": "2025", "PDF": "https://cityvictoria.sharepoint.com/:f:/s/TRAN-Transportation-Operations/ErDbpb2igaJAu5J1EDbX4M4BVadgJLzJ5Hf2Rq3Vk76QMA?e=dM6TyV"}}, {"type": "Feature", "id": 2089, "geometry": {"type": "LineString", "coordinates": [[-123.36591273731253, 48.412695325462835], [-123.36606991244088, 48.412674830683535]]}, "properties": {"OBJECTID": 2089, "Label": "582(25)", "Direction": "one", "SHAPE_Length": 11.85185035362097, "Year": "2025", "PDF": "https://cityvictoria.sharepoint.com/:f:/s/TRAN-Transportation-Operations/EjBRcR7h_49NqngX3qzFbPYBmJkh2chX6HVGjWuo4g2R0w?e=qfjkEH"}}, {"type": "Feature", "id": 2090, "geometry": {"type": "LineString", "coordinates": [[-123.36810242475106, 48.444543512211446], [-123.3682822578923, 48.44447628710825]]}, "properties": {"OBJECTID": 2090, "Label": "342(25)", "Direction": "one", "SHAPE_Length": 15.25472436899099, "Year": "2025", "PDF": "https://cityvictoria.sharepoint.com/:f:/s/TRAN-Transportation-Operations/EoKmuHtCxR5OlJ3U45xMeT4BYcf6sZQ2Y5pG--D5APWBaw?e=Nrm6eg"}}, {"type": "Feature", "id": 2091, "geometry": {"type": "LineString", "coordinates": [[-123.35064586293129, 48.41303290761076], [-123.35068624547557, 48.4128737775783]]}, "properties": {"OBJECTID": 2091, "Label": "67(25)", "Direction": "one", "SHAPE_Length": 17.938710496779603, "Year": "2025", "PDF": "https://cityvictoria.sharepoint.com/:f:/s/TRAN-Transportation-Operations/EoOdujLK6NxOpuVoDtPy8lEBQpTQVnRaQojJxwvEepdTVA?e=4rxasC"}}, {"type": "Feature", "id": 2092, "geometry": {"type": "LineString", "coordinates": [[-123.34081576202462, 48.43698585007996], [-123.34080814482353, 48.43713059694495]]}, "properties": {"OBJECTID": 2092, "Label": "170(25)", "Direction": "one", "SHAPE_Length": 16.099227990393825, "Year": "2025", "PDF": "https://cityvictoria.sharepoint.com/:f:/s/TRAN-Transportation-Operations/EsTWNpcuhslFuAK3dJcv630BFU6i8qmBnMnRvlylw6rdNg?e=iGvs9Y"}}, {"type": "Feature", "id": 2093, "geometry": {"type": "LineString", "coordinates": [[-123.35095294490849, 48.432713703179786], [-123.35120483465185, 48.43272436029993]]}, "properties": {"OBJECTID": 2093, "Label": "605(25)", "Direction": "one", "SHAPE_Length": 18.66994517628178, "Year": "2025", "PDF": "https://cityvictoria.sharepoint.com/:f:/s/TRAN-Transportation-Operations/EjtLoMLqzRZDogv5fV4D8w0BdRKyaD3VrVSQkH4jgDd1zA?e=t7OgZ0"}}, {"type": "Feature", "id": 2094, "geometry": {"type": "LineString", "coordinates": [[-123.34956748854903, 48.4322285233993], [-123.34955400321908, 48.43234853305969]]}, "properties": {"OBJECTID": 2094, "Label": "573(25)", "Direction": "one", "SHAPE_Length": 13.376936703999782, "Year": "2025", "PDF": "https://cityvictoria.sharepoint.com/:f:/s/TRAN-Transportation-Operations/EnWz6_Rkk6hAnt6W7StGfC0BX07gFNb2B-EMTW7KcLh-tQ?e=BPbgpG"}}, {"type": "Feature", "id": 2095, "geometry": {"type": "LineString", "coordinates": [[-123.34984204019106, 48.431530019089536], [-123.34986645954551, 48.43133570888762]]}, "properties": {"OBJECTID": 2095, "Label": "1070(25)", "Direction": "one", "SHAPE_Length": 21.67398078335459, "Year": "2025", "PDF": "https://cityvictoria.sharepoint.com/:f:/s/TRAN-Transportation-Operations/EgT1CcPizwlDoUmh_Q8K2XoBwvku9uapCT51lVD8ttqp0Q?e=oreebq"}}, {"type": "Feature", "id": 2096, "geometry": {"type": "LineString", "coordinates": [[-123.34809646684951, 48.430689802514166], [-123.34822097551299, 48.43069513861397]]}, "properties": {"OBJECTID": 2096, "Label": "530(25)", "Direction": "one", "SHAPE_Length": 9.229370576797182, "Year": "2025", "PDF": "https://cityvictoria.sharepoint.com/:f:/s/TRAN-Transportation-Operations/ErxGOSm4rARHkVIEJeimi_YBOtEoZykdf8r_aMVYn3GEyQ?e=zNwZx7"}}, {"type": "Feature", "id": 2097, "geometry": {"type": "LineString", "coordinates": [[-123.35172286925527, 48.42895669474164], [-123.35156256620897, 48.42894671172598]]}, "properties": {"OBJECTID": 2097, "Label": "581(25)", "Direction": "one", "SHAPE_Length": 11.910325339478456, "Year": "2025", "PDF": "https://cityvictoria.sharepoint.com/:f:/s/TRAN-Transportation-Operations/EmTHZPeMBfdBnC8kv9gWccMBtsnuMeLn9NFHEwDg7kL5mQ?e=YtF2nR"}}, {"type": "Feature", "id": 2098, "geometry": {"type": "LineString", "coordinates": [[-123.35143110546969, 48.431874927180864], [-123.35162002596353, 48.43188387200954]]}, "properties": {"OBJECTID": 2098, "Label": "713(25)", "Direction": "one", "SHAPE_Length": 14.010036065324234, "Year": "2025", "PDF": "https://cityvictoria.sharepoint.com/:f:/s/TRAN-Transportation-Operations/EjMwgZlWDCZCo5aD-qw7JsABZtreRYxpGqEM0Y3ozGvHdw?e=7MAm2z"}}, {"type": "Feature", "id": 2099, "geometry": {"type": "LineString", "coordinates": [[-123.3514738858856, 48.428450920054495], [-123.35156763454262, 48.42845682239497]]}, "properties": {"OBJECTID": 2099, "Label": "144(25)", "Direction": "one", "SHAPE_Length": 6.966147918303617, "Year": "2025", "PDF": "https://cityvictoria.sharepoint.com/:f:/s/TRAN-Transportation-Operations/Eg0ZnpOBwTxBl42iBJI-GxEB7mkjYRF4wipFxtDURcXWsg?e=4baHnY"}}, {"type": "Feature", "id": 2100, "geometry": {"type": "LineString", "coordinates": [[-123.36141585631425, 48.43298192403719], [-123.36144314815046, 48.432795219738374]]}, "properties": {"OBJECTID": 2100, "Label": "650", "Direction": "one", "SHAPE_Length": 20.85111657566646, "Year": "2026", "PDF": "https://cityvictoria.sharepoint.com/:b:/r/sites/TRAN-Transportation-Operations/Our%20Vault/Data%20Collection/2026CP/Metrocount/DOWLER%20PLACE%202100%20BLK/DOWLER%20PLACE%202100_20260211_SPEEDandVOLUME_000669.pdf?csf=1&web=1&e=vKXzAs"}}, {"type": "Feature", "id": 2101, "geometry": {"type": "LineString", "coordinates": [[-123.36580076218473, 48.44850209208559], [-123.36618686803234, 48.44845706560574], [-123.36618400521836, 48.44845707471487]]}, "properties": {"OBJECTID": 2101, "Label": "2461 (25)", "Direction": "one", "SHAPE_Length": 29.19855320216189, "Year": "2025", "PDF": "https://cityvictoria.sharepoint.com/:f:/r/sites/TRAN-Transportation-Operations/Our%20Vault/Data%20Collection/2025CP/Consultant%20Traffic%20Counts/McElhanny%20Tolmie%20Ave?csf=1&web=1&e=IxQUSK"}}, {"type": "Feature", "id": 2102, "geometry": {"type": "LineString", "coordinates": [[-123.33485326515721, 48.438904091360094], [-123.33484115896607, 48.43923927737392]]}, "properties": {"OBJECTID": 2102, "Label": "437 (26)", "Direction": "one", "SHAPE_Length": 37.268429138284624, "Year": "2026", "PDF": "https://cityvictoria.sharepoint.com/:f:/r/sites/TRAN-Transportation-Operations/Our%20Vault/Data%20Collection/2026CP/Metrocount/SCOTT%20ST%202700%20BLK?csf=1&web=1&e=FeEF7Z"}}, {"type": "Feature", "id": 2103, "geometry": {"type": "LineString", "coordinates": [[-123.35066314969987, 48.41445497216236], [-123.35102674302703, 48.41449956606106]]}, "properties": {"OBJECTID": 2103, "Label": "211 (26)", "Direction": "one", "SHAPE_Length": 27.3574888262739, "Year": "2026", "PDF": "https://cityvictoria.sharepoint.com/:f:/r/sites/TRAN-Transportation-Operations/Our%20Vault/Data%20Collection/2026CP/Metrocount/MCKENZIE%20ST%201200%20BLK?csf=1&web=1&e=MnqUoS"}}, {"type": "Feature", "id": 2104, "geometry": {"type": "LineString", "coordinates": [[-123.35435840006186, 48.41569546034067], [-123.3540034826771, 48.415666084146025]]}, "properties": {"OBJECTID": 2104, "Label": "415", "Direction": "one", "SHAPE_Length": 26.46429666120905, "Year": "2026", "PDF": "https://cityvictoria.sharepoint.com/:b:/r/sites/TRAN-Transportation-Operations/Our%20Vault/Data%20Collection/2026CP/Metrocount/OSCAR%20ST%201100%20BLK/OSCAR_1100_20260312_SPEEDandVOLUME_000687.pdf?csf=1&web=1&e=Lcrw1n"}}, {"type": "Feature", "id": 2105, "geometry": {"type": "LineString", "coordinates": [[-123.34128470816286, 48.435336975148616], [-123.34128798361947, 48.43497134586908]]}, "properties": {"OBJECTID": 2105, "Label": "177 (26)", "Direction": "one", "SHAPE_Length": 40.64230548889938, "Year": "2026", "PDF": "https://cityvictoria.sharepoint.com/:b:/r/sites/TRAN-Transportation-Operations/Our%20Vault/Data%20Collection/2026CP/Metrocount/AVEBURY%20AVE%202500%20BLK/AVEBURY_2500_20260325_MetroCountStudy_000698.pdf?csf=1&web=1&e=1Hu8dx"}}, {"type": "Feature", "id": 2106, "geometry": {"type": "LineString", "coordinates": [[-123.32661294528161, 48.42532451241202], [-123.32662014335081, 48.425554909460175]]}, "properties": {"OBJECTID": 2106, "Label": "127(26)", "Direction": "one", "SHAPE_Length": 25.61529781465727, "Year": "2026", "PDF": null}}, {"type": "Feature", "id": 2107, "geometry": {"type": "LineString", "coordinates": [[-123.32729243988265, 48.42554347734603], [-123.32728212051046, 48.4252731005112]]}, "properties": {"OBJECTID": 2107, "Label": "50(26)", "Direction": "one", "SHAPE_Length": 30.0634069893978, "Year": "2026", "PDF": "https://cityvictoria.sharepoint.com/:b:/r/sites/TRAN-Transportation-Operations/Our%20Vault/Data%20Collection/2026CP/Metrocount/CHAMBERLAIN%20ST%201000%20BLK/CHAMBERLAIN_1000_20260325_MetroCountStudy_000703.pdf?csf=1&web=1&e=kwUob2"}}, {"type": "Feature", "id": 2108, "geometry": {"type": "LineString", "coordinates": [[-123.34953525541742, 48.42410562992976], [-123.34951035504369, 48.42422948356394]]}, "properties": {"OBJECTID": 2108, "Label": "630(26)", "Direction": "one", "SHAPE_Length": 13.889657863978467, "Year": "2026", "PDF": "https://cityvictoria.sharepoint.com/:b:/r/sites/TRAN-Transportation-Operations/Our%20Vault/Data%20Collection/2026CP/Metrocount/ORMOND%20ST%201100%20BLK/N%20of%20View/ORMOND_NofVIEW_20260319_MetroCountStudy_000705.pdf?csf=1&web=1&e=w77CNp"}}, {"type": "Feature", "id": 2109, "geometry": {"type": "LineString", "coordinates": [[-123.33522364987809, 48.410451691823496], [-123.33522175995101, 48.41016415196054]]}, "properties": {"OBJECTID": 2109, "Label": "98 (26)", "Direction": "one", "SHAPE_Length": 31.96169999986887, "Year": "2026", "PDF": "https://cityvictoria.sharepoint.com/:f:/r/sites/TRAN-Transportation-Operations/Our%20Vault/Data%20Collection/2026CP/Metrocount/PASSMORE%20ST%20100%20BLK?csf=1&web=1&e=T9WZ34"}}, {"type": "Feature", "id": 2110, "geometry": {"type": "LineString", "coordinates": [[-123.35286406394239, 48.41424154897318], [-123.35293098819947, 48.41399188360728]]}, "properties": {"OBJECTID": 2110, "Label": "416 (26)", "Direction": "one", "SHAPE_Length": 28.18990185568197, "Year": "2026", "PDF": "https://cityvictoria.sharepoint.com/:b:/r/sites/TRAN-Transportation-Operations/Our%20Vault/Data%20Collection/2026CP/Metrocount/LINDEN%20AVE%20300%20BLK/LINDEN_300_20260414_MetroCountSurveySofMcKenzie_000717.pdf?csf=1&web=1&e=Ofkoil"}}, {"type": "Feature", "id": 2111, "geometry": {"type": "LineString", "coordinates": [[-123.37614561231271, 48.4132173052767], [-123.37599796713442, 48.41336632103728], [-123.37599799521219, 48.41337012918956]]}, "properties": {"OBJECTID": 2111, "Label": "52 (26)", "Direction": "one", "SHAPE_Length": 20.26586900893698, "Year": "2026", "PDF": "https://cityvictoria.sharepoint.com/:f:/r/sites/TRAN-Transportation-Operations/Our%20Vault/Data%20Collection/2026CP/Metrocount/MENZIES%20AVE%200%20BLK?csf=1&web=1&e=7SmgBT"}}, {"type": "Feature", "id": 2112, "geometry": {"type": "LineString", "coordinates": [[-123.33470725268754, 48.42311126135206], [-123.33450041468578, 48.42298237288233]]}, "properties": {"OBJECTID": 2112, "Label": "80 (26)", "Direction": "one", "SHAPE_Length": 20.962458942439365, "Year": "2026", "PDF": "https://cityvictoria.sharepoint.com/:f:/r/sites/TRAN-Transportation-Operations/Our%20Vault/Data%20Collection/2026CP/Metrocount/TERRACE%20AVE%20900%20BLK?csf=1&web=1&e=hF2U9Z"}}, {"type": "Feature", "id": 2113, "geometry": {"type": "LineString", "coordinates": [[-123.35714675880867, 48.43470110906572], [-123.3569234864876, 48.43469228075712]]}, "properties": {"OBJECTID": 2113, "Label": "114(23)", "Direction": "one", "SHAPE_Length": 16.543983827672342, "Year": "2023", "PDF": "https://cityvictoria.sharepoint.com/:f:/s/TRAN-Transportation-Operations/EuVuPu5se0BFn6bXYtM2aZ4BNASskHJZ_yJDIv3b97ezjg?e=osMfqc"}}, {"type": "Feature", "id": 2114, "geometry": {"type": "LineString", "coordinates": [[-123.38177733405443, 48.446849230201565], [-123.38168964496059, 48.44698853241913]]}, "properties": {"OBJECTID": 2114, "Label": "273(23)", "Direction": "one", "SHAPE_Length": 16.78722549369744, "Year": "2023", "PDF": "https://cityvictoria.sharepoint.com/:f:/s/TRAN-Transportation-Operations/Evq3e4EnMrNPsB8fvlQkIuIBA0eZCx9FCJWM3nW2TdTRxA?e=14Wrna"}}, {"type": "Feature", "id": 2115, "geometry": {"type": "LineString", "coordinates": [[-123.35728322078131, 48.43067925366786], [-123.3570370369016, 48.43066478302066]]}, "properties": {"OBJECTID": 2115, "Label": "4224(23)", "Direction": "one", "SHAPE_Length": 18.28189635824818, "Year": "2023", "PDF": "https://cityvictoria.sharepoint.com/:f:/s/TRAN-Transportation-Operations/EtLBRVH0YgBIgtp0Cm5nANoBJtWqQ1VjyfKn5Qp-ShpEjA?e=eqhTMc"}}, {"type": "Feature", "id": 2116, "geometry": {"type": "LineString", "coordinates": [[-123.35907229775204, 48.4217318349407], [-123.35929561965125, 48.42175589275824]]}, "properties": {"OBJECTID": 2116, "Label": "871(22)", "Direction": "one", "SHAPE_Length": 16.737723936012415, "Year": "2022", "PDF": "https://cityvictoria.sharepoint.com/sites/TRAN-Transportation-Operations/Our Vault/Data Collection/2022CP/../../../../../:f:/s/TRAN-Transportation-Operations/Eqm4Bb61GXtAjsp5XZhyY_4B2kWCoDkokpaUoVOLOgUXIw?e=NTbDaU"}}, {"type": "Feature", "id": 2117, "geometry": {"type": "LineString", "coordinates": [[-123.3408091572829, 48.44488858405202], [-123.34100190763786, 48.44482136425337]]}, "properties": {"OBJECTID": 2117, "Label": "871(22)", "Direction": "one", "SHAPE_Length": 16.093960517714937, "Year": "2022", "PDF": "https://cityvictoria.sharepoint.com/sites/TRAN-Transportation-Operations/Our Vault/Data Collection/2022CP/../../../../../:f:/s/TRAN-Transportation-Operations/EhvWikCj9eJAkYGgj6D5vzwBN-0UIw0Co4y3UwnxheKiJQ?e=9JbDLS"}}, {"type": "Feature", "id": 2118, "geometry": {"type": "LineString", "coordinates": [[-123.38401984027634, 48.43384881613701], [-123.38424162418195, 48.433849980382014]]}, "properties": {"OBJECTID": 2118, "Label": "80(22)", "Direction": "one", "SHAPE_Length": 16.40556596164776, "Year": "2022", "PDF": "https://cityvictoria.sharepoint.com/:f:/s/TRAN-Transportation-Operations/EhRpaAzKf01AqGW1YTm7tOwBxBbbgVRfPzGPt1pa4HyhmQ?e=clPgCN"}}, {"type": "Feature", "id": 2119, "geometry": {"type": "LineString", "coordinates": [[-123.34041342750552, 48.44409637578042], [-123.34064186368812, 48.444015720883804]]}, "properties": {"OBJECTID": 2119, "Label": "185(22)", "Direction": "one", "SHAPE_Length": 19.12517021063308, "Year": "2022", "PDF": "https://cityvictoria.sharepoint.com/:f:/s/TRAN-Transportation-Operations/EpUEe5ZeLRRButa1TMNxXDwBrBhCNhEDBWYFaITCSlFn6Q?e=M7Gs5o"}}, {"type": "Feature", "id": 2120, "geometry": {"type": "LineString", "coordinates": [[-123.38218470144815, 48.41554233174226], [-123.38227278528329, 48.41546301248529]]}, "properties": {"OBJECTID": 2120, "Label": "65(24)", "Direction": "one", "SHAPE_Length": 10.964320302241454, "Year": "2024", "PDF": "https://cityvictoria.sharepoint.com/:f:/s/TRAN-Transportation-Operations/Eqh2g83fjslMvULZGOtKKUABwIDp-fi84EvC96P9uJ8J7Q?e=ThlhiK"}}, {"type": "Feature", "id": 2121, "geometry": {"type": "LineString", "coordinates": [[-123.34691457633151, 48.44715984960558], [-123.3470720160555, 48.447161279465256]]}, "properties": {"OBJECTID": 2121, "Label": "228(25)", "Direction": "one", "SHAPE_Length": 11.643624684420084, "Year": "2025", "PDF": "https://cityvictoria.sharepoint.com/:f:/s/TRAN-Transportation-Operations/EhrQx40ly1ROmuWGFIFiHTcBY2y2D0Z3gVgd2qZve4ZcaA?e=Snmzg3"}}, {"type": "Feature", "id": 2122, "geometry": {"type": "LineString", "coordinates": [[-123.32374213995901, 48.42724255663794], [-123.32374348247359, 48.4274539272947]]}, "properties": {"OBJECTID": 2122, "Label": "235(25)", "Direction": "one", "SHAPE_Length": 23.495099999010563, "Year": "2025", "PDF": "https://cityvictoria.sharepoint.com/:f:/s/TRAN-Transportation-Operations/En3qiQXhHU5FlNXk57vz65YBiYz7PZJVRS6rm_4nzl_Lzg?e=D7dzgH"}}, {"type": "Feature", "id": 2123, "geometry": {"type": "LineString", "coordinates": [[-123.35607919227606, 48.41022313831767], [-123.35638550283593, 48.410260276060484]]}, "properties": {"OBJECTID": 2123, "Label": "284(25)", "Direction": "one", "SHAPE_Length": 23.040653162087814, "Year": "2025", "PDF": "https://cityvictoria.sharepoint.com/:f:/s/TRAN-Transportation-Operations/Egiogd_fWZdNvXGcHOJgusQBivoOdZDONJG-Ugc9gT9HOg?e=j32AaN"}}, {"type": "Feature", "id": 2124, "geometry": {"type": "LineString", "coordinates": [[-123.35166807801171, 48.408166631751754], [-123.35160415866875, 48.40843723415799]]}, "properties": {"OBJECTID": 2124, "Label": "230(25)", "Direction": "one", "SHAPE_Length": 30.44842415250426, "Year": "2025", "PDF": "https://cityvictoria.sharepoint.com/:f:/s/TRAN-Transportation-Operations/EhT_4o_CL_JCg4Dv2QVAH78BxFpUipG_ol0oe1F1jzLYQQ?e=a6iDjP"}}, {"type": "Feature", "id": 2125, "geometry": {"type": "LineString", "coordinates": [[-123.35362492932893, 48.411125593252294], [-123.35369714331861, 48.41081497373241]]}, "properties": {"OBJECTID": 2125, "Label": "249(25)", "Direction": "one", "SHAPE_Length": 34.937952344797466, "Year": "2025", "PDF": "https://cityvictoria.sharepoint.com/:f:/s/TRAN-Transportation-Operations/Eqiw3EjY9MJHp2LyK9_FmZUB3qPK_qVel6qsfGkfhqggaw?e=l7iZMH"}}, {"type": "Feature", "id": 2126, "geometry": {"type": "LineString", "coordinates": [[-123.34236491790807, 48.437090151881414], [-123.34236980285232, 48.436965407803065]]}, "properties": {"OBJECTID": 2126, "Label": "201(25)", "Direction": "one", "SHAPE_Length": 13.87066056731986, "Year": "2025", "PDF": "AVEBURY_2600_20250513_MetrocountSpeedVolClsStudy_000532"}}, {"type": "Feature", "id": 2127, "geometry": {"type": "LineString", "coordinates": [[-123.33860200106682, 48.4371092263951], [-123.33860634476696, 48.436901648624755]]}, "properties": {"OBJECTID": 2127, "Label": "210(25)", "Direction": "one", "SHAPE_Length": 23.075582849243833, "Year": "2025", "PDF": "https://cityvictoria.sharepoint.com/:f:/s/TRAN-Transportation-Operations/Eoum0L7RLVxNneQ4eHC0sogBVgzvv03LtgK6ZJr1DOgMQg?e=yAp6aG"}}, {"type": "Feature", "id": 2128, "geometry": {"type": "LineString", "coordinates": [[-123.33983878177742, 48.437016679822094], [-123.33984853994833, 48.43676338278974]]}, "properties": {"OBJECTID": 2128, "Label": "269(25)", "Direction": "one", "SHAPE_Length": 28.164529894673564, "Year": "2025", "PDF": "https://cityvictoria.sharepoint.com/:f:/s/TRAN-Transportation-Operations/ErxJlgJItLdIofyfjI39Z8ABj8TXs11JwYeWnyAr2ievvw?e=5DFLtY"}}, {"type": "Feature", "id": 2129, "geometry": {"type": "LineString", "coordinates": [[-123.38469851462023, 48.42042741923774], [-123.38456641542362, 48.42036121164485]]}, "properties": {"OBJECTID": 2129, "Label": "205(25)", "Direction": "one", "SHAPE_Length": 12.234632637496748, "Year": "2025", "PDF": "https://cityvictoria.sharepoint.com/:f:/s/TRAN-Transportation-Operations/EkypUNw77PVApKAR7usQ2wEBcHlyjPWO9WNIQD3I4LVwHA?e=eCSmpI"}}, {"type": "Feature", "id": 2130, "geometry": {"type": "LineString", "coordinates": [[-123.3834138730752, 48.42079256653657], [-123.38328464299579, 48.42072729975195]]}, "properties": {"OBJECTID": 2130, "Label": "253(25)", "Direction": "one", "SHAPE_Length": 12.002171938554266, "Year": "2025", "PDF": "https://cityvictoria.sharepoint.com/:f:/s/TRAN-Transportation-Operations/ElM68zMpyY1Jsl154yRk65wBRsP4eNm3SgSDQgagm-D7wQ?e=nahBl9"}}, {"type": "Feature", "id": 2131, "geometry": {"type": "LineString", "coordinates": [[-123.33640929178102, 48.41137264877322], [-123.33640760863726, 48.41111748068692]]}, "properties": {"OBJECTID": 2131, "Label": "1082(25)", "Direction": "one", "SHAPE_Length": 28.3633999992162, "Year": "2025", "PDF": "https://cityvictoria.sharepoint.com/:f:/s/TRAN-Transportation-Operations/EkFrUuUkZp9AlAJ7ds9zfEkBGUu5btGEd_2V7LQNeJvH7w?e=QaCRlz"}}, {"type": "Feature", "id": 2132, "geometry": {"type": "LineString", "coordinates": [[-123.38330929200781, 48.41876488177344], [-123.38347581401611, 48.41884430630554]]}, "properties": {"OBJECTID": 2132, "Label": "109(25)", "Direction": "one", "SHAPE_Length": 15.157488674164977, "Year": "2025", "PDF": "https://cityvictoria.sharepoint.com/:f:/s/TRAN-Transportation-Operations/El0tnQWgFAlGnYE_Yold9pkB3dzmyFdKssORVVYyO9AWUQ?e=56QNmX"}}, {"type": "Feature", "id": 2133, "geometry": {"type": "LineString", "coordinates": [[-123.35296555530638, 48.44762796677873], [-123.35304469900044, 48.44789622557466]]}, "properties": {"OBJECTID": 2133, "Label": "149(25)", "Direction": "one", "SHAPE_Length": 30.387352945737597, "Year": "2025", "PDF": "https://cityvictoria.sharepoint.com/:f:/s/TRAN-Transportation-Operations/EnS7XfmYmVlAok7ZI_ldV5sB9F1r868WeXVhAmhL5diLWQ?e=vxjNe5"}}, {"type": "Feature", "id": 2134, "geometry": {"type": "LineString", "coordinates": [[-123.35325350469209, 48.44787463827281], [-123.35316859478262, 48.44760068453405]]}, "properties": {"OBJECTID": 2134, "Label": "144(25)", "Direction": "one", "SHAPE_Length": 31.092064109380818, "Year": "2025", "PDF": "https://cityvictoria.sharepoint.com/:f:/s/TRAN-Transportation-Operations/EnS7XfmYmVlAok7ZI_ldV5sB9F1r868WeXVhAmhL5diLWQ?e=vxjNe5"}}, {"type": "Feature", "id": 2135, "geometry": {"type": "LineString", "coordinates": [[-123.33726515302784, 48.4365886990992], [-123.33725792911021, 48.436794380704704]]}, "properties": {"OBJECTID": 2135, "Label": "191(25)", "Direction": "one", "SHAPE_Length": 22.8688177432426, "Year": "2025", "PDF": "https://cityvictoria.sharepoint.com/:f:/s/TRAN-Transportation-Operations/Ev2KTnMDAqpKtB2dnquq9vQBr77Ksl9xM63lzzjfs1ybPA?e=QbpvPL"}}, {"type": "Feature", "id": 2136, "geometry": {"type": "LineString", "coordinates": [[-123.33746254861946, 48.436794732684405], [-123.33746696000297, 48.43659667666646]]}, "properties": {"OBJECTID": 2136, "Label": "210(25)", "Direction": "one", "SHAPE_Length": 22.017369501584284, "Year": "2025", "PDF": "https://cityvictoria.sharepoint.com/:f:/s/TRAN-Transportation-Operations/Ev2KTnMDAqpKtB2dnquq9vQBr77Ksl9xM63lzzjfs1ybPA?e=QbpvPL"}}, {"type": "Feature", "id": 2137, "geometry": {"type": "LineString", "coordinates": [[-123.34628290338752, 48.4099804524528], [-123.34623289329794, 48.41019768998709]]}, "properties": {"OBJECTID": 2137, "Label": "113(25)", "Direction": "one", "SHAPE_Length": 24.42893775722838, "Year": "2025", "PDF": "https://cityvictoria.sharepoint.com/:f:/s/TRAN-Transportation-Operations/EjL2O85xSwJDrf1WnKNqFTUBMjlLJVBiOqCzgpplYhWmOg?e=ZcrEj4"}}, {"type": "Feature", "id": 2138, "geometry": {"type": "LineString", "coordinates": [[-123.34548417829694, 48.409453464160066], [-123.34536167363582, 48.40952524213319]]}, "properties": {"OBJECTID": 2138, "Label": "198(25)", "Direction": "one", "SHAPE_Length": 12.076624079123398, "Year": "2025", "PDF": "https://cityvictoria.sharepoint.com/:f:/s/TRAN-Transportation-Operations/Em7z9ct12KlFlJ5zIuE5zm4Btng3A3sfYzGkZkXb2-RhIQ?e=glTcae"}}, {"type": "Feature", "id": 2139, "geometry": {"type": "LineString", "coordinates": [[-123.35788740429534, 48.41388956453727], [-123.35841375105086, 48.41389173451387]]}, "properties": {"OBJECTID": 2139, "Label": "261(25)", "Direction": "one", "SHAPE_Length": 38.94910028656107, "Year": "2025", "PDF": "https://cityvictoria.sharepoint.com/:f:/s/TRAN-Transportation-Operations/Eleqc7nR06xJtC8NJAUDrPcBXNDpdhVw2_Tk__Nw1Q4LVw?e=tyl6oy"}}, {"type": "Feature", "id": 2140, "geometry": {"type": "LineString", "coordinates": [[-123.34250757187378, 48.4217410366377], [-123.3425126854769, 48.421650568369444]]}, "properties": {"OBJECTID": 2140, "Label": "342(25)", "Direction": "one", "SHAPE_Length": 10.063106901638342, "Year": "2025", "PDF": "https://cityvictoria.sharepoint.com/:f:/s/TRAN-Transportation-Operations/ErvC0R3IEPRPto_IGJdWSF0Bn6x3mtsr_UEvkKC8LusFTg?e=ZIMysh"}}, {"type": "Feature", "id": 2141, "geometry": {"type": "LineString", "coordinates": [[-123.3446125496272, 48.42037327247449], [-123.34457918214288, 48.42051571664356]]}, "properties": {"OBJECTID": 2141, "Label": "84(25)", "Direction": "one", "SHAPE_Length": 16.02468247500144, "Year": "2025", "PDF": "https://cityvictoria.sharepoint.com/:f:/s/TRAN-Transportation-Operations/Ev9dzal5vLpCtjbhQVptRUEBvJeXpSnJ2FsTX_GOzLLQWA?e=FkVSFQ"}}, {"type": "Feature", "id": 2142, "geometry": {"type": "LineString", "coordinates": [[-123.33513780310659, 48.432510735777115], [-123.33484875548926, 48.43250586441063]]}, "properties": {"OBJECTID": 2142, "Label": "149(25)", "Direction": "one", "SHAPE_Length": 21.38782858430674, "Year": "2025", "PDF": "https://cityvictoria.sharepoint.com/:f:/s/TRAN-Transportation-Operations/EnGmcOxHOrJAvHrTlpEr3r0BC1i81CJ53kGrJJ0VbPAANg?e=q26x6C"}}, {"type": "Feature", "id": 2143, "geometry": {"type": "LineString", "coordinates": [[-123.34439150482895, 48.43285855500725], [-123.34463477087692, 48.43286353952184]]}, "properties": {"OBJECTID": 2143, "Label": "471(25)", "Direction": "one", "SHAPE_Length": 18.002902374183478, "Year": "2025", "PDF": "https://cityvictoria.sharepoint.com/:f:/s/TRAN-Transportation-Operations/EnTq_jRam7JCrMGW4FQU5K8BgsfSvEWyR_Fl82DNlpd9Ag?e=41gNDJ"}}, {"type": "Feature", "id": 2144, "geometry": {"type": "LineString", "coordinates": [[-123.35150155157932, 48.44330308627044], [-123.35146714351916, 48.44319036341905], [-123.35146642822653, 48.4431903656036]]}, "properties": {"OBJECTID": 2144, "Label": "157(25)", "Direction": "one", "SHAPE_Length": 12.838433705152832, "Year": "2025", "PDF": "https://cityvictoria.sharepoint.com/:f:/s/TRAN-Transportation-Operations/EvVRTpest4lArT0aPaXl5FIBfL0UrjFg5NTO5FPf6XrnKg?e=XkryDl"}}, {"type": "Feature", "id": 2145, "geometry": {"type": "LineString", "coordinates": [[-123.34924934864057, 48.417986812219375], [-123.34927704121226, 48.41785342898118]]}, "properties": {"OBJECTID": 2145, "Label": "58(25)", "Direction": "one", "SHAPE_Length": 14.967117105863414, "Year": "2025", "PDF": "https://cityvictoria.sharepoint.com/:f:/s/TRAN-Transportation-Operations/EqfYqIBfhitGnn_4CNnsbUEBhXH5WVe-TVyBj31B6bFdtg?e=3qzem3"}}, {"type": "Feature", "id": 2146, "geometry": {"type": "LineString", "coordinates": [[-123.33718013907188, 48.438890168405756], [-123.33717557385486, 48.439065374533335]]}, "properties": {"OBJECTID": 2146, "Label": "206(25)", "Direction": "one", "SHAPE_Length": 19.478002339546272, "Year": "2025", "PDF": "https://cityvictoria.sharepoint.com/:f:/s/TRAN-Transportation-Operations/Esatu7PfXo5AtVRFH2TU3ywBTkvvFNQ_6xdmDTZ1lPKINA?e=CTNAbz"}}, {"type": "Feature", "id": 2147, "geometry": {"type": "LineString", "coordinates": [[-123.34352997754398, 48.43518133819437], [-123.34352567968455, 48.43539272431638]]}, "properties": {"OBJECTID": 2147, "Label": "328(25)", "Direction": "one", "SHAPE_Length": 23.498812904888116, "Year": "2025", "PDF": "https://cityvictoria.sharepoint.com/:f:/s/TRAN-Transportation-Operations/EmNaAUfNF-RAqYNdfKeb3BkBX-5VxP5FJfFtNZNn3Bd4DQ?e=WVdnju"}}, {"type": "Feature", "id": 2148, "geometry": {"type": "LineString", "coordinates": [[-123.34490256178461, 48.42243693235278], [-123.34484964674445, 48.42265036927409]]}, "properties": {"OBJECTID": 2148, "Label": "184(25)", "Direction": "one", "SHAPE_Length": 24.045409036613716, "Year": "2025", "PDF": "https://cityvictoria.sharepoint.com/:f:/s/TRAN-Transportation-Operations/EmThvDKn1eNDhaxF9E_ddPUBFdB_D4HXfah5iw4rF7eaFA?e=IDJDsW"}}, {"type": "Feature", "id": 2149, "geometry": {"type": "LineString", "coordinates": [[-123.35067628626295, 48.43693996013259], [-123.35065195915485, 48.43714759928045]]}, "properties": {"OBJECTID": 2149, "Label": "162(25)", "Direction": "one", "SHAPE_Length": 23.150213086349506, "Year": "2025", "PDF": "https://cityvictoria.sharepoint.com/:f:/s/TRAN-Transportation-Operations/El0952IgsA9Bv-k8i1puClkBL8fk6UlYQWqsoVIIzp0jJw?e=U702rU"}}, {"type": "Feature", "id": 2150, "geometry": {"type": "LineString", "coordinates": [[-123.33810442020386, 48.436205587318945], [-123.33833337340103, 48.43620777081666]]}, "properties": {"OBJECTID": 2150, "Label": "792(25)", "Direction": "one", "SHAPE_Length": 16.936276306491397, "Year": "2025", "PDF": "https://cityvictoria.sharepoint.com/:f:/s/TRAN-Transportation-Operations/EggJJeEDaEVCtdV-dKQerw8Bmr1ps4DHkHbDN5U0sSugwQ?e=8A97j0"}}, {"type": "Feature", "id": 2151, "geometry": {"type": "LineString", "coordinates": [[-123.33438869027502, 48.43602506575648], [-123.33411105120229, 48.43601730298185]]}, "properties": {"OBJECTID": 2151, "Label": "627(25)", "Direction": "one", "SHAPE_Length": 20.553782161636057, "Year": "2025", "PDF": "https://cityvictoria.sharepoint.com/:f:/s/TRAN-Transportation-Operations/EisiGACvuUlOtqAxb0uRBxcBPTbJYaW4m44HnLlubWYpsA?e=e65Pfv"}}, {"type": "Feature", "id": 2152, "geometry": {"type": "LineString", "coordinates": [[-123.3735208742277, 48.419722789759675], [-123.37379888371996, 48.41979234528075]]}, "properties": {"OBJECTID": 2152, "Label": "268(25)", "Direction": "one", "SHAPE_Length": 21.974672461748717, "Year": "2025", "PDF": "https://cityvictoria.sharepoint.com/:f:/s/TRAN-Transportation-Operations/EmfQb8in_DNGoSYZjxZRkO8BGA6ioIGOZgqqIb4FXsuEfg?e=g0YDVa"}}, {"type": "Feature", "id": 2153, "geometry": {"type": "LineString", "coordinates": [[-123.34953511489459, 48.4373377727898], [-123.34955658581109, 48.437130142563724]]}, "properties": {"OBJECTID": 2153, "Label": "145(25)", "Direction": "one", "SHAPE_Length": 23.133762004981946, "Year": "2025", "PDF": "https://cityvictoria.sharepoint.com/:f:/s/TRAN-Transportation-Operations/EggWrvRzQnhEt-APQ7aiSUUB1MGX4UPGPIW_JjSEqCsw3g?e=zfhm0s"}}, {"type": "Feature", "id": 2154, "geometry": {"type": "LineString", "coordinates": [[-123.36065445143969, 48.41343971769328], [-123.36065609889128, 48.41326832718836]]}, "properties": {"OBJECTID": 2154, "Label": "463(25)", "Direction": "one", "SHAPE_Length": 19.051275143463, "Year": "2025", "PDF": "https://cityvictoria.sharepoint.com/:f:/s/TRAN-Transportation-Operations/EqidCm8FgqVAkkdgTTHVDnEBg8Znz7K2pelFvyvdzuhK5A?e=jUHzR4"}}, {"type": "Feature", "id": 2155, "geometry": {"type": "LineString", "coordinates": [[-123.36078046507043, 48.41265285695822], [-123.36072998889887, 48.41279583559371]]}, "properties": {"OBJECTID": 2155, "Label": "446(25)", "Direction": "one", "SHAPE_Length": 16.325799367776067, "Year": "2025", "PDF": "https://cityvictoria.sharepoint.com/:f:/s/TRAN-Transportation-Operations/EowmMkLlTtdNsB3DOiGSolMBbT14qxBBpXr7yNECd1bqQA?e=2C3ADy"}}, {"type": "Feature", "id": 2156, "geometry": {"type": "LineString", "coordinates": [[-123.34528587739541, 48.439108001219815], [-123.34522924738229, 48.4391976711629]]}, "properties": {"OBJECTID": 2156, "Label": "531(25)", "Direction": "one", "SHAPE_Length": 10.811544838236918, "Year": "2025", "PDF": "https://cityvictoria.sharepoint.com/:f:/s/TRAN-Transportation-Operations/Etl7hhP4zfVHluaokb-SIK0BNR6eYr0XUiDFjqkG1726AA?e=u1OTjC"}}, {"type": "Feature", "id": 2157, "geometry": {"type": "LineString", "coordinates": [[-123.36604375238184, 48.41261683391092], [-123.3658908542855, 48.41263541048288]]}, "properties": {"OBJECTID": 2157, "Label": "960(25)", "Direction": "one", "SHAPE_Length": 11.501241560818324, "Year": "2025", "PDF": "https://cityvictoria.sharepoint.com/:f:/s/TRAN-Transportation-Operations/EjBRcR7h_49NqngX3qzFbPYBmJkh2chX6HVGjWuo4g2R0w?e=qfjkEH"}}, {"type": "Feature", "id": 2158, "geometry": {"type": "LineString", "coordinates": [[-123.36823613420803, 48.44443073242678], [-123.36806201123474, 48.444496034634845]]}, "properties": {"OBJECTID": 2158, "Label": "13(25)", "Direction": "one", "SHAPE_Length": 14.781897300338919, "Year": "2025", "PDF": "https://cityvictoria.sharepoint.com/:f:/s/TRAN-Transportation-Operations/EoKmuHtCxR5OlJ3U45xMeT4BYcf6sZQ2Y5pG--D5APWBaw?e=Nrm6eg"}}, {"type": "Feature", "id": 2159, "geometry": {"type": "LineString", "coordinates": [[-123.35048872287393, 48.41285152813353], [-123.35045258449857, 48.4130039805207]]}, "properties": {"OBJECTID": 2159, "Label": "208(25)", "Direction": "one", "SHAPE_Length": 17.15552064194245, "Year": "2025", "PDF": "https://cityvictoria.sharepoint.com/:f:/s/TRAN-Transportation-Operations/EoOdujLK6NxOpuVoDtPy8lEBQpTQVnRaQojJxwvEepdTVA?e=4rxasC"}}, {"type": "Feature", "id": 2160, "geometry": {"type": "LineString", "coordinates": [[-123.34104280886959, 48.43712990174662], [-123.3410418784602, 48.43699089298699]]}, "properties": {"OBJECTID": 2160, "Label": "210(25)", "Direction": "one", "SHAPE_Length": 15.451700000092387, "Year": "2025", "PDF": "https://cityvictoria.sharepoint.com/:f:/s/TRAN-Transportation-Operations/EsTWNpcuhslFuAK3dJcv630BFU6i8qmBnMnRvlylw6rdNg?e=iGvs9Y"}}, {"type": "Feature", "id": 2161, "geometry": {"type": "LineString", "coordinates": [[-123.3497228827399, 48.432355637312334], [-123.34973920208944, 48.432231809889124]]}, "properties": {"OBJECTID": 2161, "Label": "224(25)", "Direction": "one", "SHAPE_Length": 13.816890770945896, "Year": "2025", "PDF": "https://cityvictoria.sharepoint.com/:f:/s/TRAN-Transportation-Operations/EnWz6_Rkk6hAnt6W7StGfC0BX07gFNb2B-EMTW7KcLh-tQ?e=BPbgpG"}}, {"type": "Feature", "id": 2162, "geometry": {"type": "LineString", "coordinates": [[-123.35013339296204, 48.42812239386227], [-123.3501199361641, 48.42824621272198]]}, "properties": {"OBJECTID": 2162, "Label": "819(25)", "Direction": "one", "SHAPE_Length": 13.79905000668794, "Year": "2025", "PDF": "https://cityvictoria.sharepoint.com/:f:/s/TRAN-Transportation-Operations/EqYBEfa95qNCto2eCoS4moIBKBGarslHP2IWU2dn38V6vg?e=beetKU"}}, {"type": "Feature", "id": 2163, "geometry": {"type": "LineString", "coordinates": [[-123.35156586002978, 48.429009542446884], [-123.35171900441738, 48.42901859550495]]}, "properties": {"OBJECTID": 2163, "Label": "532(25)", "Direction": "one", "SHAPE_Length": 11.37354406257064, "Year": "2025", "PDF": "https://cityvictoria.sharepoint.com/:f:/s/TRAN-Transportation-Operations/EmTHZPeMBfdBnC8kv9gWccMBtsnuMeLn9NFHEwDg7kL5mQ?e=YtF2nR"}}, {"type": "Feature", "id": 2164, "geometry": {"type": "LineString", "coordinates": [[-123.35123304855921, 48.43042023701938], [-123.35137259935615, 48.43042838019533]]}, "properties": {"OBJECTID": 2164, "Label": "1090(25)", "Direction": "one", "SHAPE_Length": 10.362668078295027, "Year": "2025", "PDF": "https://cityvictoria.sharepoint.com/:f:/s/TRAN-Transportation-Operations/EjmXwvImIgtCveorFlzv3hgBLaKD_7XgwhJjC8gBYJseew?e=6cRVmu"}}, {"type": "Feature", "id": 2165, "geometry": {"type": "LineString", "coordinates": [[-123.35139120386225, 48.430325493038616], [-123.35122660319031, 48.43031552177789]]}, "properties": {"OBJECTID": 2165, "Label": "1592(25)", "Direction": "one", "SHAPE_Length": 12.226453633715455, "Year": "2025", "PDF": "https://cityvictoria.sharepoint.com/:f:/s/TRAN-Transportation-Operations/EjmXwvImIgtCveorFlzv3hgBLaKD_7XgwhJjC8gBYJseew?e=6cRVmu"}}, {"type": "Feature", "id": 2166, "geometry": {"type": "LineString", "coordinates": [[-123.36128000300747, 48.43279001924692], [-123.36125558602271, 48.432978619046956]]}, "properties": {"OBJECTID": 2166, "Label": "411", "Direction": "one", "SHAPE_Length": 21.041512326992958, "Year": "2026", "PDF": "https://cityvictoria.sharepoint.com/:b:/r/sites/TRAN-Transportation-Operations/Our%20Vault/Data%20Collection/2026CP/Metrocount/DOWLER%20PLACE%202100%20BLK/DOWLER%20PLACE%202100_20260211_SPEEDandVOLUME_000669.pdf?csf=1&web=1&e=vKXzAs"}}, {"type": "Feature", "id": 2167, "geometry": {"type": "LineString", "coordinates": [[-123.36617503480595, 48.448403783674706], [-123.36576319543234, 48.44845270012518]]}, "properties": {"OBJECTID": 2167, "Label": "2475 (25)", "Direction": "one", "SHAPE_Length": 30.936040226834084, "Year": "2025", "PDF": "https://cityvictoria.sharepoint.com/:f:/r/sites/TRAN-Transportation-Operations/Our%20Vault/Data%20Collection/2025CP/Consultant%20Traffic%20Counts/McElhanny%20Tolmie%20Ave?csf=1&web=1&e=IxQUSK"}}, {"type": "Feature", "id": 2168, "geometry": {"type": "LineString", "coordinates": [[-123.33501010812438, 48.439254020369674], [-123.33502487515273, 48.438888358092115]]}, "properties": {"OBJECTID": 2168, "Label": "436 (26)", "Direction": "one", "SHAPE_Length": 40.65993885934741, "Year": "2026", "PDF": "https://cityvictoria.sharepoint.com/:f:/r/sites/TRAN-Transportation-Operations/Our%20Vault/Data%20Collection/2026CP/Metrocount/SCOTT%20ST%202700%20BLK?csf=1&web=1&e=FeEF7Z"}}, {"type": "Feature", "id": 2169, "geometry": {"type": "LineString", "coordinates": [[-123.35074623675239, 48.415305929788595], [-123.35034256378071, 48.41525764790044]]}, "properties": {"OBJECTID": 2169, "Label": "183 (26)", "Direction": "one", "SHAPE_Length": 30.348268576606127, "Year": "2026", "PDF": "https://cityvictoria.sharepoint.com/:f:/r/sites/TRAN-Transportation-Operations/Our%20Vault/Data%20Collection/2026CP/Metrocount/OSCAR%20ST%201200%20BLK?csf=1&web=1&e=lIh451"}}, {"type": "Feature", "id": 2170, "geometry": {"type": "LineString", "coordinates": [[-123.35102863393463, 48.41435864364004], [-123.35069367141038, 48.414317770734186]]}, "properties": {"OBJECTID": 2170, "Label": "196 (26)", "Direction": "one", "SHAPE_Length": 25.199107780289815, "Year": "2026", "PDF": "https://cityvictoria.sharepoint.com/:f:/r/sites/TRAN-Transportation-Operations/Our%20Vault/Data%20Collection/2026CP/Metrocount/MCKENZIE%20ST%201200%20BLK?csf=1&web=1&e=MnqUoS"}}, {"type": "Feature", "id": 2171, "geometry": {"type": "LineString", "coordinates": [[-123.35254830985636, 48.414879577333565], [-123.35247021790624, 48.41516926633143]]}, "properties": {"OBJECTID": 2171, "Label": "436 (26)", "Direction": "one", "SHAPE_Length": 32.71471007210391, "Year": "2026", "PDF": "https://cityvictoria.sharepoint.com/:f:/r/sites/TRAN-Transportation-Operations/Our%20Vault/Data%20Collection/2026CP/Metrocount/LINDEN%20AVE%20300%20BLK?csf=1&web=1&e=GwQ2c2"}}, {"type": "Feature", "id": 2172, "geometry": {"type": "LineString", "coordinates": [[-123.35154597731284, 48.424017448215004], [-123.35194974574874, 48.42406953379685]]}, "properties": {"OBJECTID": 2172, "Label": "578(26)", "Direction": "one", "SHAPE_Length": 30.427780036123316, "Year": "2026", "PDF": "https://cityvictoria.sharepoint.com/:b:/r/sites/TRAN-Transportation-Operations/Our%20Vault/Data%20Collection/2026CP/Metrocount/VIEW%20ST%201100%20BLK/VIEW_1100_20260319_MetroCountStudy_000699.pdf?csf=1&web=1&e=epm7J1"}}, {"type": "Feature", "id": 2173, "geometry": {"type": "LineString", "coordinates": [[-123.3497738768888, 48.42347753467586], [-123.34981291073655, 48.42332888221991]]}, "properties": {"OBJECTID": 2173, "Label": "737(26)", "Direction": "one", "SHAPE_Length": 16.77392467171005, "Year": "2026", "PDF": "https://cityvictoria.sharepoint.com/:b:/r/sites/TRAN-Transportation-Operations/Our%20Vault/Data%20Collection/2026CP/Metrocount/ORMOND%20ST%201100%20BLK/S%20of%20View/ORMOND_SofVIEW_20260321_MetroCountStudy_000704.pdf?csf=1&web=1&e=eRYxgv"}}, {"type": "Feature", "id": 2174, "geometry": {"type": "LineString", "coordinates": [[-123.34571780968133, 48.438715182325055], [-123.34583712471229, 48.43850746579263]]}, "properties": {"OBJECTID": 2174, "Label": "512 (26)", "Direction": "one", "SHAPE_Length": 24.717763387406922, "Year": "2026", "PDF": "https://cityvictoria.sharepoint.com/:f:/r/sites/TRAN-Transportation-Operations/Our%20Vault/Data%20Collection/2026CP/Metrocount/CEDAR%20HILL%202700%20BLK?csf=1&web=1&e=wahatH"}}, {"type": "Feature", "id": 2175, "geometry": {"type": "LineString", "coordinates": [[-123.33502730141085, 48.41017043112822], [-123.33501773767439, 48.410456099769775]]}, "properties": {"OBJECTID": 2175, "Label": "87 (26)", "Direction": "one", "SHAPE_Length": 31.761285105607534, "Year": "2026", "PDF": "https://cityvictoria.sharepoint.com/:f:/r/sites/TRAN-Transportation-Operations/Our%20Vault/Data%20Collection/2026CP/Metrocount/PASSMORE%20ST%20100%20BLK?csf=1&web=1&e=T9WZ34"}}, {"type": "Feature", "id": 2176, "geometry": {"type": "LineString", "coordinates": [[-123.34418304534996, 48.419750881373204], [-123.34445810402755, 48.4198129001064]]}, "properties": {"OBJECTID": 2176, "Label": "1661 (26)", "Direction": "one", "SHAPE_Length": 21.487160958128683, "Year": "2026", "PDF": "https://cityvictoria.sharepoint.com/:b:/r/sites/TRAN-Transportation-Operations/Our%20Vault/Data%20Collection/2026CP/Metrocount/ROCKLAND%20AVE%201300%20BLK/ROCKLAND_1300_20260414_MetroCountStudy_000716.pdf?csf=1&web=1&e=A98Q2r"}}, {"type": "Feature", "id": 2177, "geometry": {"type": "LineString", "coordinates": [[-123.3445911436485, 48.419603031583556], [-123.34432470812105, 48.419546701071106]]}, "properties": {"OBJECTID": 2177, "Label": "1164 (26)", "Direction": "one", "SHAPE_Length": 20.6838517926216, "Year": "2026", "PDF": "https://cityvictoria.sharepoint.com/:b:/r/sites/TRAN-Transportation-Operations/Our%20Vault/Data%20Collection/2026CP/Metrocount/ROCKLAND%20AVE%201300%20BLK/ROCKLAND_1300_20260414_MetroCountStudy_000716.pdf?csf=1&web=1&e=A98Q2r"}}, {"type": "Feature", "id": 2178, "geometry": {"type": "LineString", "coordinates": [[-123.35272474730455, 48.41395062262995], [-123.35266934333256, 48.41421167819587]]}, "properties": {"OBJECTID": 2178, "Label": "360 (26)", "Direction": "one", "SHAPE_Length": 29.305767885986658, "Year": "2026", "PDF": "https://cityvictoria.sharepoint.com/:b:/r/sites/TRAN-Transportation-Operations/Our%20Vault/Data%20Collection/2026CP/Metrocount/LINDEN%20AVE%20300%20BLK/LINDEN_300_20260414_MetroCountSurveySofMcKenzie_000717.pdf?csf=1&web=1&e=Ofkoil"}}, {"type": "Feature", "id": 2179, "geometry": {"type": "LineString", "coordinates": [[-123.38527511988552, 48.41720115789339], [-123.38523251853678, 48.41705276649003]]}, "properties": {"OBJECTID": 2179, "Label": "1582(23)", "Direction": "one", "SHAPE_Length": 16.792956579984743, "Year": "2023", "PDF": "https://cityvictoria.sharepoint.com/:f:/s/TRAN-Transportation-Operations/EmtElRAugIRIkiFmWZZ8GjcBoG1xLiFW-NOwW0DySXDHsA?e=e9IrFd"}}, {"type": "Feature", "id": 2180, "geometry": {"type": "LineString", "coordinates": [[-123.34960472912208, 48.42422348408003], [-123.34963242541464, 48.424090100891334]]}, "properties": {"OBJECTID": 2180, "Label": "689(26)", "Direction": "one", "SHAPE_Length": 14.967131247702998, "Year": "2026", "PDF": "https://cityvictoria.sharepoint.com/:b:/r/sites/TRAN-Transportation-Operations/Our%20Vault/Data%20Collection/2026CP/Metrocount/ORMOND%20ST%201100%20BLK/N%20of%20View/ORMOND_NofVIEW_20260319_MetroCountStudy_000705.pdf?csf=1&web=1&e=w77CNp"}}]}